VendName,Year of Po Date,Dept Desc_Num   ,Facility Dept,MnfrName,Unspsc Segment,And Filter,Direct Filter,Dwh Po Status,Exp_Code,Exp_Code_Desc,Facility,Has Contract,MfrCatno,MfrName,Po Date,Pono Release,PoType,SEARCH,Source Code,Unspsc Commodity,VendCatno,Dept Description,Dept Number,Expense Code Descrip,GHX_CONT_ID1,GHX_CONT_ID2,ItemDesc,Mmis Obj Code,MnfrCatNo,PO_QTY_CALC,Qty Invoiced,Qty Received,Po Qty,Qoe Conv Ea,Qty in EA,Qty in EA test,SPEND,SPEND_VALUE,ALIAS,ATTRIBUTE49,Buyer,Buyer Name,Commodity+MFR,Creation Method,Deliverto,Dept Desc_Num,Dwh Facility,Dwh Item Status,Dwh Po Line Status,Dwh Po Submit Type,Exp_Code_Filter_Check,Exp_Desc_Filter_Check,Ext Price,Facility Id,FacilityVend,Full Gl Account,GHX_CONT_ID1_1,GHX_CONT_ID1_CALC,Has Contract (1),Has Contract Old,INVAMT,Item#,Mfr Name,MFR_VEN Name,Mmis Pkg String,Mmis Qoe,NonContract PunchOut,Null,PACKS_CONT_ID,pick Exp_Code,pick Exp_Desc,Po Create Date,Po Line Status,Po Lineno,Po Price,Po Status,Po Uom,PO_DATE,PunchOut Detail,Req Date,Reqno,Requisitioner,Service End,Service Start,Shipto,SPEND % (for Trend),Unspsc Class,Unspsc Code,Unspsc Family,Vend Name,VendCode
MEDLINE INDUSTRIES INC,2024,"RENAL DIALYSIS INSTITUTE, 77047",MOUNT SINAI BROOKLYN,B. BRAUN,IV SOLUTIONS,True,True,CLOSED,903033,"903033, IV SOLUTIONS",MOUNT SINAI BROOKLYN,Yes,E8000,B. BRAUN,11/12/2024 12:00:00 AM,B1004176,GOODS,SOL SOD CHL 0.9 PERC 1000ML INJ BAG - SUB 1 FOR L8000E8000BMGE8000,ORAPOS,IV SOLUTIONS,BMGE8000,RENAL DIALYSIS INSTITUTE,77047,IV SOLUTIONS,MSHS-BRAUN-PP-IV,,SOL SOD CHL 0.9 PERC 1000ML INJ BAG - SUB 1 FOR L8000,903033,E8000,2,2,2,2,12,24,24,39.56,39.56,NF,NF,AMPONSAH EMMANUEL,AMPONSAH EMMANUEL,"IV SOLUTIONS 
 
B. BRAUN",Y,3201 KINGS HGWY 2 E #201 DIALYSIS 2 EAST #201 DIALYSIS,"RENAL DIALYSIS INSTITUTE, 77047",MOUNT SINAI BROOKLYN,ACTIVE,CLOSED,EDI,TRUE,TRUE,39.56,MOUNT SINAI BROOKLYN,MOUNT SINAI BROOKLYN,402-407-11-77047-903033-00000000000-000-0000-000-00000-00000----,False,MSHS-BRAUN-PP-IV,Yes,Yes,39.56,8323969,B. BRAUN,B. BRAUN,NF,12,No, ,NO,903033, IV SOLUTIONS,11/12/2024 12:00:00 AM,CLOSED,4-1-1,19.78,CLOSED,CASE,11/12/2024 12:00:00 AM,NF,11/12/2024 12:00:00 AM,K920,"FORBES HEBBERT, MS. HILZA",,,MOUNT SINAI BROOKLYN - RECVG MAIN,39.56,NF,NF,NF,MEDLINE INDUSTRIES INC,12422
MEDLINE INDUSTRIES INC,2024,"NURSING ACUTE DIALYSIS-BKL, 11101",MOUNT SINAI BROOKLYN,B. BRAUN MEDICAL,PHARMACEUTICAL PRODUCTS INCL. CONTRACEPTIVES AND VACCINES,True,True,PROCESSED,903037,"903037, MED/SURG DISPOSABLE",MOUNT SINAI BROOKLYN,Yes,E8000,B. BRAUN MEDICAL,4/30/2024 12:00:00 AM,1314081-48302,GOODS,SOL SOD CHL 0.9 PERC 1000ML INJ BAG - SUB 1 FOR L8000E8000BMGE8000,ORAPOS,SODIUM CHLORIDE ELECTROLYTES,BMGE8000,NURSING ACUTE DIALYSIS-BKL,11101,MED/SURG DISPOSABLE,MSHS-BRAUN-PP-IV,MSHS-BRAUN-PP-IV,SOL SOD CHL 0.9 PERC 1000ML INJ BAG - SUB 1 FOR L8000,903037,E8000,4,4,4,4,12,48,48,79.12,79.12,402-407-11-11101-00000000000-0-0,NF,BUYER   CONVERSION,"BUYER, CONVERSION","SODIUM CHLORIDE ELECTROLYTES 
 
B. BRAUN MEDICAL",SYSTEM CREATED,KH 1417 4709,"NURSING ACUTE DIALYSIS-BKL, 11101",MOUNT SINAI BROOKLYN,ACTIVE,CLOSED,EDI,TRUE,TRUE,79.12,CHP,MOUNT SINAI BROOKLYN,4709-900110-07-1417-0000000000-0000-000-000,False,MSHS-BRAUN-PP-IV,Yes,Yes,79.12,8323969,B. BRAUN MEDICAL,B. BRAUN MEDICAL,CA12,12,No, ,NO,903037, MED/SURG DISPOSABLE,4/30/2024 12:00:00 AM,CLOSED,1174-4-1,19.78,APPROVED,CASE,4/30/2024 12:00:00 AM,NF,4/30/2024 12:00:00 AM,3345268,"URBINA, HILZA ROSEL",,,KH KINGS HIGHWAY,79.12,ELECTROLYTES,51191602,AGENTS AFFECTING WATER AND ELECTROLYTES,MEDLINE INDUSTRIES INC,12422
MEDLINE INDUSTRIES INC,2023,"CARDIAC CATHERIZATION, 12605",MOUNT SINAI MORNINGSIDE,B BRAUN,DRUGS AND PHARMACEUTICAL PRODUCTS,True,True,PROCESSED,903037,"903037, MED/SURG DISPOSABLE",MOUNT SINAI MORNINGSIDE,Yes,E8000,B BRAUN,8/21/2023 12:00:00 AM,1314081-31384,GOODS,SOL SOD CHL 0.9 PERC 1000ML INJ BAG - SUB 1 FOR L8000E8000BMGE8000,ORAPOS,SODIUM CHLORIDE ELECTROLYTES,BMGE8000,CARDIAC CATHERIZATION,12605,MED/SURG DISPOSABLE,MSHS-BRAUN-PP-IV,MSHS-BRAUN-PP-IV,SOL SOD CHL 0.9 PERC 1000ML INJ BAG - SUB 1 FOR L8000,903037,E8000,1,1,1,1,12,12,12,19.78,19.78,302-302-11-12605-00000000000-0-0,NF,BUYER   CONVERSION,"BUYER, CONVERSION","SODIUM CHLORIDE ELECTROLYTES 
 
B BRAUN",SYSTEM CREATED,SL 4058 1109 1,"CARDIAC CATHERIZATION, 12605",MOUNT SINAI MORNINGSIDE,ACTIVE,CLOSED,EDI,TRUE,TRUE,19.78,CHP,MOUNT SINAI MORNINGSIDE,1109-900110-02-4058-0000000000-0000-000-000,False,MSHS-BRAUN-PP-IV,Yes,Yes,19.78,8323969,B BRAUN,B BRAUN,CA12,12,No, ,NO,903037, MED/SURG DISPOSABLE,8/21/2023 12:00:00 AM,CLOSED,1174-2-1,19.78,APPROVED,CASE,8/21/2023 12:00:00 AM,NF,8/21/2023 12:00:00 AM,3251284,"TORRES, ERIKA E",,,SL ST LUKES,19.78,ELECTROLYTES,51191602,AGENTS AFFECTING WATER AND ELECTROLYTES,MEDLINE INDUSTRIES INC,12422
MEDLINE INDUSTRIES INC,2024,"PHARMACY, 21300",MOUNT SINAI WEST,B. BRAUN MEDICAL,PHARMACEUTICAL PRODUCTS INCL. CONTRACEPTIVES AND VACCINES,True,True,PROCESSED,903037,"903037, MED/SURG DISPOSABLE",MOUNT SINAI WEST,Yes,E8000,B. BRAUN MEDICAL,7/1/2024 12:00:00 AM,1314081-52290,GOODS,SOL SOD CHL 0.9 PERC 1000ML INJ BAG - SUB 1 FOR L8000E8000BMGE8000,ORAPOS,SODIUM CHLORIDE ELECTROLYTES,BMGE8000,PHARMACY,21300,MED/SURG DISPOSABLE,MSHS-BRAUN-PP-IV,MSHS-BRAUN-PP-IV,SOL SOD CHL 0.9 PERC 1000ML INJ BAG - SUB 1 FOR L8000,903037,E8000,2,2,2,2,12,24,24,39.56,39.56,301-301-11-21300-00000000000-0-0,NF,BUYER   CONVERSION,"BUYER, CONVERSION","SODIUM CHLORIDE ELECTROLYTES 
 
B. BRAUN MEDICAL",SYSTEM CREATED,RH 9400 1109,"PHARMACY, 21300",MOUNT SINAI WEST,ACTIVE,CLOSED,EDI,TRUE,TRUE,39.56,CHP,MOUNT SINAI WEST,1109-900110-01-9400-0000000000-0000-000-000,False,MSHS-BRAUN-PP-IV,Yes,Yes,39.56,8323969,B. BRAUN MEDICAL,B. BRAUN MEDICAL,NF,12,No, ,NO,903037, MED/SURG DISPOSABLE,7/1/2024 12:00:00 AM,CLOSED,1174-1-1,19.78,APPROVED,CASE,7/1/2024 12:00:00 AM,NF,7/1/2024 12:00:00 AM,3367219,"KELLY, DAVID FRANKLIN",,,RH ROOSEVELT,39.56,ELECTROLYTES,51191602,AGENTS AFFECTING WATER AND ELECTROLYTES,MEDLINE INDUSTRIES INC,12422
MEDLINE INDUSTRIES INC,2024,"CARDIOVASCULAR RESEARCH INSTITUTE, 32074",ICAHN SCHOOL OF MEDICINE,B. BRAUN,LAB SUPPLIES,True,True,CLOSED,903035,"903035, LAB SUPPLIES",ICAHN SCHOOL OF MEDICINE,Yes,E8000,B. BRAUN,10/11/2024 12:00:00 AM,S3000150,GOODS,SOL SOD CHL 0.9 PERC 1000ML INJ BAG - SUB 1 FOR L8000E8000BMGE8000,ORAPOS,LAB SUPPLIES,BMGE8000,CARDIOVASCULAR RESEARCH INSTITUTE,32074,LAB SUPPLIES,MSHS-BRAUN-PP-IV,,SOL SOD CHL 0.9 PERC 1000ML INJ BAG - SUB 1 FOR L8000,903035,E8000,1,1,1,1,12,12,12,19.78,19.78,NF,NF,BRATHWAITE KEISHA,BRATHWAITE KEISHA,"LAB SUPPLIES 
 
B. BRAUN",Y,"ANNENBERG, 26, 214","CARDIOVASCULAR RESEARCH INSTITUTE, 32074",ICAHN SCHOOL OF MEDICINE,ACTIVE,CLOSED,EDI,TRUE,TRUE,19.78,ICAHN SCHOOL OF MEDICINE,ICAHN SCHOOL OF MEDICINE,201-953-41-32074-903035-IF320741064-111-4104-000-00000-00000----,False,MSHS-BRAUN-PP-IV,Yes,Yes,19.78,8323969,B. BRAUN,B. BRAUN,NF,12,No, ,NO,903035, LAB SUPPLIES,10/11/2024 12:00:00 AM,CLOSED,1-1-1,19.78,CLOSED,CASE,10/11/2024 12:00:00 AM,NF,10/11/2024 12:00:00 AM,S1412,ISHIKAWA KIYOTAKE,,,ICAHN - RECVG MAIN,19.78,NF,NF,NF,MEDLINE INDUSTRIES INC,12422
MEDLINE INDUSTRIES INC,2024,"NURSING ADMINISTRATION, 10101",MOUNT SINAI QUEENS,B. BRAUN,IV SOLUTIONS,True,True,CLOSED,903033,"903033, IV SOLUTIONS",MOUNT SINAI QUEENS,Yes,E8000,B. BRAUN,11/5/2024 12:00:00 AM,M3011559,GOODS,SOL SOD CHL 0.9 PERC 1000ML INJ BAG - SUB 1 FOR L8000E8000BMGE8000,ORAPOS,IV SOLUTIONS,BMGE8000,NURSING ADMINISTRATION,10101,IV SOLUTIONS,MSHS-BRAUN-PP-IV,,SOL SOD CHL 0.9 PERC 1000ML INJ BAG - SUB 1 FOR L8000,903033,E8000,2,2,2,2,12,24,24,39.56,39.56,NF,NF,GADSDEN CHONTE,GADSDEN CHONTE,"IV SOLUTIONS 
 
B. BRAUN",Y,10101 NSG ADMIN 25-10 30TH AVE 2F,"NURSING ADMINISTRATION, 10101",MOUNT SINAI QUEENS,ACTIVE,CLOSED,EDI,TRUE,TRUE,39.56,MOUNT SINAI QUEENS,MOUNT SINAI QUEENS,102-107-11-10101-903033-00000000000-000-0000-000-00000-00000----,False,MSHS-BRAUN-PP-IV,Yes,Yes,39.56,8323969,B. BRAUN,B. BRAUN,NF,12,No, ,NO,903033, IV SOLUTIONS,11/5/2024 12:00:00 AM,CLOSED,1-1-1,19.78,CLOSED,CASE,11/5/2024 12:00:00 AM,NF,11/5/2024 12:00:00 AM,Q946,VILLANUEVA ALFREDO,,,MOUNT SINAI QUEENS - RECVG MAIN,39.56,NF,NF,NF,MEDLINE INDUSTRIES INC,12422
MEDLINE INDUSTRIES INC,2024,"CARDIAC CATHERIZATION, 12605",MOUNT SINAI MORNINGSIDE,B. BRAUN,PHARMACEUTICAL PRODUCTS INCL. CONTRACEPTIVES AND VACCINES,True,True,PROCESSED,903037,"903037, MED/SURG DISPOSABLE",MOUNT SINAI MORNINGSIDE,Yes,E8000,B. BRAUN,9/17/2024 12:00:00 AM,1471305,GOODS,SOL SOD CHL 0.9 PERC 1000ML INJ BAG - SUB 1 FOR L8000E8000BMGE8000,ORAPOS,SODIUM CHLORIDE ELECTROLYTES,BMGE8000,CARDIAC CATHERIZATION,12605,MED/SURG DISPOSABLE,MSHS-BRAUN-PP-IV,MSHS-BRAUN-PP-IV,SOL SOD CHL 0.9 PERC 1000ML INJ BAG - SUB 1 FOR L8000,903037,E8000,1,1,1,1,12,12,12,19.78,19.78,302-302-11-12605-00000000000-0-0,NF,BANNERMAN   TRACEY,"BANNERMAN, TRACEY","SODIUM CHLORIDE ELECTROLYTES 
 
B. BRAUN",BUYER CREATED,SLCCLSR03A,"CARDIAC CATHERIZATION, 12605",MOUNT SINAI MORNINGSIDE,ACTIVE,CLOSED,EDI,TRUE,TRUE,19.78,CHP,MOUNT SINAI MORNINGSIDE,1109-900110-02-4058-0000000000-0000-000-000,False,MSHS-BRAUN-PP-IV,Yes,Yes,19.78,8323969,B. BRAUN,B. BRAUN,CA12,12,No, ,NO,903037, MED/SURG DISPOSABLE,9/17/2024 12:00:00 AM,CLOSED,1-1-1,19.78,APPROVED,CASE,9/17/2024 12:00:00 AM,NF,9/17/2024 12:00:00 AM,3394227,"TORRES, ERIKA E",,,SL ST LUKES,19.78,ELECTROLYTES,51191602,AGENTS AFFECTING WATER AND ELECTROLYTES,MEDLINE INDUSTRIES INC,12422
MEDLINE INDUSTRIES INC,2024,"CARDIAC CATHERIZATION, 12605",MOUNT SINAI MORNINGSIDE,B. BRAUN,PHARMACEUTICAL PRODUCTS INCL. CONTRACEPTIVES AND VACCINES,True,True,PROCESSED,903037,"903037, MED/SURG DISPOSABLE",MOUNT SINAI MORNINGSIDE,Yes,E8000,B. BRAUN,8/23/2024 12:00:00 AM,1467557,GOODS,SOL SOD CHL 0.9 PERC 1000ML INJ BAG - SUB 1 FOR L8000E8000BMGE8000,ORAPOS,SODIUM CHLORIDE ELECTROLYTES,BMGE8000,CARDIAC CATHERIZATION,12605,MED/SURG DISPOSABLE,MSHS-BRAUN-PP-IV,MSHS-BRAUN-PP-IV,SOL SOD CHL 0.9 PERC 1000ML INJ BAG - SUB 1 FOR L8000,903037,E8000,1,1,1,1,12,12,12,19.78,19.78,302-302-11-12605-00000000000-0-0,NF,BANNERMAN   TRACEY,"BANNERMAN, TRACEY","SODIUM CHLORIDE ELECTROLYTES 
 
B. BRAUN",BUYER CREATED,SLCCLSR03A,"CARDIAC CATHERIZATION, 12605",MOUNT SINAI MORNINGSIDE,ACTIVE,CLOSED,EDI,TRUE,TRUE,19.78,CHP,MOUNT SINAI MORNINGSIDE,1109-900110-02-4058-0000000000-0000-000-000,False,MSHS-BRAUN-PP-IV,Yes,Yes,19.78,8323969,B. BRAUN,B. BRAUN,NF,12,No, ,NO,903037, MED/SURG DISPOSABLE,8/23/2024 12:00:00 AM,CLOSED,2-1-1,19.78,APPROVED,CASE,8/23/2024 12:00:00 AM,NF,8/23/2024 12:00:00 AM,3386134,"TORRES, ERIKA E",,,SL ST LUKES,19.78,ELECTROLYTES,51191602,AGENTS AFFECTING WATER AND ELECTROLYTES,MEDLINE INDUSTRIES INC,12422
MEDLINE INDUSTRIES INC,2024,"MATERIALS MANAGEMENT STORE ROOM, 60404",MOUNT SINAI BETH ISRAEL,B. BRAUN MEDICAL,PHARMACEUTICAL PRODUCTS INCL. CONTRACEPTIVES AND VACCINES,True,True,PROCESSED,903037,"903037, MED/SURG DISPOSABLE",MOUNT SINAI BETH ISRAEL,Yes,E8000,B. BRAUN MEDICAL,6/24/2024 12:00:00 AM,1314081-51807,GOODS,SOL SOD CHL 0.9 PERC 1000ML INJ BAG - SUB 1 FOR L8000E8000BMGE8000,ORAPOS,SODIUM CHLORIDE ELECTROLYTES,BMGE8000,MATERIALS MANAGEMENT STORE ROOM,60404,MED/SURG DISPOSABLE,MSHS-BRAUN-PP-IV,MSHS-BRAUN-PP-IV,SOL SOD CHL 0.9 PERC 1000ML INJ BAG - SUB 1 FOR L8000,903037,E8000,4,4,4,4,12,48,48,79.12,79.12,401-954-11-60404-00000000000-0-0,NF,BUYER   CONVERSION,"BUYER, CONVERSION","SODIUM CHLORIDE ELECTROLYTES 
 
B. BRAUN MEDICAL",SYSTEM CREATED,CP 8835 4409,"MATERIALS MANAGEMENT STORE ROOM, 60404",MOUNT SINAI BETH ISRAEL,ACTIVE,CLOSED,EDI,TRUE,TRUE,79.12,CHP,MOUNT SINAI BETH ISRAEL,4409-900110-00-8835-0000000000-0000-000-000,False,MSHS-BRAUN-PP-IV,Yes,Yes,79.12,8323969,B. BRAUN MEDICAL,B. BRAUN MEDICAL,CA12,12,No, ,NO,903037, MED/SURG DISPOSABLE,6/24/2024 12:00:00 AM,CLOSED,1174-1-1,19.78,APPROVED,CASE,6/24/2024 12:00:00 AM,NF,6/24/2024 12:00:00 AM,3364668,"PANEQUE, RUBY",,,MT SINAI BETH ISRAEL,79.12,ELECTROLYTES,51191602,AGENTS AFFECTING WATER AND ELECTROLYTES,MEDLINE INDUSTRIES INC,12422
MEDLINE INDUSTRIES INC,2024,"CARDIAC CATHERIZATION, 12605",MOUNT SINAI MORNINGSIDE,B. BRAUN MEDICAL,PHARMACEUTICAL PRODUCTS INCL. CONTRACEPTIVES AND VACCINES,True,True,PROCESSED,903037,"903037, MED/SURG DISPOSABLE",MOUNT SINAI MORNINGSIDE,Yes,E8000,B. BRAUN MEDICAL,5/6/2024 12:00:00 AM,1314081-48674,GOODS,SOL SOD CHL 0.9 PERC 1000ML INJ BAG - SUB 1 FOR L8000E8000BMGE8000,ORAPOS,SODIUM CHLORIDE ELECTROLYTES,BMGE8000,CARDIAC CATHERIZATION,12605,MED/SURG DISPOSABLE,MSHS-BRAUN-PP-IV,MSHS-BRAUN-PP-IV,SOL SOD CHL 0.9 PERC 1000ML INJ BAG - SUB 1 FOR L8000,903037,E8000,4,4,4,4,12,48,48,79.12,79.12,302-302-11-12605-00000000000-0-0,NF,BUYER   CONVERSION,"BUYER, CONVERSION","SODIUM CHLORIDE ELECTROLYTES 
 
B. BRAUN MEDICAL",SYSTEM CREATED,SLCCLSR03A,"CARDIAC CATHERIZATION, 12605",MOUNT SINAI MORNINGSIDE,ACTIVE,CLOSED,EDI,TRUE,TRUE,79.12,CHP,MOUNT SINAI MORNINGSIDE,1109-900110-02-4058-0000000000-0000-000-000,False,MSHS-BRAUN-PP-IV,Yes,Yes,79.12,8323969,B. BRAUN MEDICAL,B. BRAUN MEDICAL,CA12,12,No, ,NO,903037, MED/SURG DISPOSABLE,5/6/2024 12:00:00 AM,CLOSED,1174-2-1,19.78,APPROVED,CASE,5/6/2024 12:00:00 AM,NF,5/6/2024 12:00:00 AM,3347321,"TORRES, ERIKA E",,,SL ST LUKES,79.12,ELECTROLYTES,51191602,AGENTS AFFECTING WATER AND ELECTROLYTES,MEDLINE INDUSTRIES INC,12422
MEDLINE INDUSTRIES INC,2024,"CARDIAC CATHERIZATION, 12605",MOUNT SINAI MORNINGSIDE,B. BRAUN MEDICAL,PHARMACEUTICAL PRODUCTS INCL. CONTRACEPTIVES AND VACCINES,True,True,PROCESSED,903037,"903037, MED/SURG DISPOSABLE",MOUNT SINAI MORNINGSIDE,Yes,E8000,B. BRAUN MEDICAL,6/3/2024 12:00:00 AM,1314081-50451,GOODS,SOL SOD CHL 0.9 PERC 1000ML INJ BAG - SUB 1 FOR L8000E8000BMGE8000,ORAPOS,SODIUM CHLORIDE ELECTROLYTES,BMGE8000,CARDIAC CATHERIZATION,12605,MED/SURG DISPOSABLE,MSHS-BRAUN-PP-IV,MSHS-BRAUN-PP-IV,SOL SOD CHL 0.9 PERC 1000ML INJ BAG - SUB 1 FOR L8000,903037,E8000,4,4,4,4,12,48,48,79.12,79.12,302-302-11-12605-00000000000-0-0,NF,BUYER   CONVERSION,"BUYER, CONVERSION","SODIUM CHLORIDE ELECTROLYTES 
 
B. BRAUN MEDICAL",SYSTEM CREATED,SLCCLSR03A,"CARDIAC CATHERIZATION, 12605",MOUNT SINAI MORNINGSIDE,ACTIVE,CLOSED,EDI,TRUE,TRUE,79.12,CHP,MOUNT SINAI MORNINGSIDE,1109-900110-02-4058-0000000000-0000-000-000,False,MSHS-BRAUN-PP-IV,Yes,Yes,79.12,8323969,B. BRAUN MEDICAL,B. BRAUN MEDICAL,CA12,12,No, ,NO,903037, MED/SURG DISPOSABLE,6/3/2024 12:00:00 AM,CLOSED,1174-4-1,19.78,APPROVED,CASE,6/3/2024 12:00:00 AM,NF,6/3/2024 12:00:00 AM,3357474,"TORRES, ERIKA E",,,SL ST LUKES,79.12,ELECTROLYTES,51191602,AGENTS AFFECTING WATER AND ELECTROLYTES,MEDLINE INDUSTRIES INC,12422
MEDLINE INDUSTRIES INC,2025,"117TH STREET DIALYSIS, 13850",OFFSITES,B. BRAUN,IV SOLUTIONS,True,True,CLOSED,903033,"903033, IV SOLUTIONS",OFFSITES,Yes,E8000,B. BRAUN,3/26/2025 12:00:00 AM,M3032019,GOODS,SOL SOD CHL 0.9 PERC 1000ML INJ BAG - SUB 1 FOR L8000E8000BMGL8000,ORAPOS,IV SOLUTIONS,BMGL8000,117TH STREET DIALYSIS,13850,IV SOLUTIONS,MSHS-BRAUN-PP-IV,,SOL SOD CHL 0.9 PERC 1000ML INJ BAG - SUB 1 FOR L8000,903033,E8000,10,10,10,10,12,120,120,197.8,197.8,NF,NF,BRATHWAITE KEISHA,BRATHWAITE KEISHA,"IV SOLUTIONS 
 
B. BRAUN",Y,13850 DIALY 520 E 117TH ST 4TH FL,"117TH STREET DIALYSIS, 13850",OFFSITE - MSH,ACTIVE,CLOSED,EDI,TRUE,TRUE,197.8,MT SINAI HOSPITAL - OFFSITE,OFFSITES,101-101-11-13850-903033-00000000000-000-0000-000-00000-00000----,False,MSHS-BRAUN-PP-IV,Yes,Yes,197.8,8323969,B. BRAUN,B. BRAUN,NF,12,No, ,NO,903033, IV SOLUTIONS,12/19/2024 12:00:00 AM,CLOSED,6-1-1,19.78,CLOSED FOR RECEIVING,CASE,3/26/2025 12:00:00 AM,NF,12/19/2024 12:00:00 AM,FH401,CASTILLO KIRK,,,13850 DIALY 520 E 117TH ST 4TH FL,197.8,NF,NF,NF,MEDLINE INDUSTRIES INC,12422
MEDLINE INDUSTRIES INC,2025,"CHEMOTHERAPY SUITE, 12356",MOUNT SINAI QUEENS,B. BRAUN,MISCELLANEOUS EXPENSE,True,True,OPEN,920100,"920100, MISCELLANEOUS EXPENSE",MOUNT SINAI QUEENS,Yes,E8000,B. BRAUN,3/15/2025 12:00:00 AM,M3000098,GOODS,SOL SOD CHL 0.9 PERC 1000ML INJ BAG - SUB 1 FOR L8000E8000BMGE8000,ORAPOS,MISCELLANEOUS EXPENSE,BMGE8000,CHEMOTHERAPY SUITE,12356,MISCELLANEOUS EXPENSE,MSHS-BRAUN-PP-IV,,SOL SOD CHL 0.9 PERC 1000ML INJ BAG - SUB 1 FOR L8000,920100,E8000,1,1,1,1,12,12,12,19.78,19.78,NF,NF,CALLENDER SHANTE,CALLENDER SHANTE,"MISCELLANEOUS EXPENSE 
 
B. BRAUN",Y,12356 CHEMO INFUSION 30-14 CRESCENT ST,"CHEMOTHERAPY SUITE, 12356",MOUNT SINAI QUEENS,ACTIVE,CLOSED,EDI,TRUE,TRUE,19.78,MOUNT SINAI QUEENS,MOUNT SINAI QUEENS,402-407-11-12356-920100-00000000000-000-0000-000-00000-00000----,False,MSHS-BRAUN-PP-IV,Yes,Yes,19.78,8323969,B. BRAUN,B. BRAUN,NF,12,No, ,NO,920100, MISCELLANEOUS EXPENSE,10/10/2024 12:00:00 AM,CLOSED,3-1-1,19.78,OPEN,CASE,3/15/2025 12:00:00 AM,NF,10/10/2024 12:00:00 AM,Q236,FRANCO VIVIAN,,,MOUNT SINAI QUEENS - RECVG MAIN,19.78,NF,NF,NF,MEDLINE INDUSTRIES INC,12422
MEDLINE INDUSTRIES INC,2024,"MATERIALS MANAGEMENT STORE ROOM, 60404",MOUNT SINAI BETH ISRAEL,B. BRAUN MEDICAL,PHARMACEUTICAL PRODUCTS INCL. CONTRACEPTIVES AND VACCINES,True,True,PROCESSED,903037,"903037, MED/SURG DISPOSABLE",MOUNT SINAI BETH ISRAEL,Yes,E8000,B. BRAUN MEDICAL,5/22/2024 12:00:00 AM,1314081-49717,GOODS,SOL SOD CHL 0.9 PERC 1000ML INJ BAG - SUB 1 FOR L8000E8000BMGE8000,ORAPOS,SODIUM CHLORIDE ELECTROLYTES,BMGE8000,MATERIALS MANAGEMENT STORE ROOM,60404,MED/SURG DISPOSABLE,MSHS-BRAUN-PP-IV,MSHS-BRAUN-PP-IV,SOL SOD CHL 0.9 PERC 1000ML INJ BAG - SUB 1 FOR L8000,903037,E8000,5,5,5,5,12,60,60,98.9,98.9,401-954-11-60404-00000000000-0-0,NF,BUYER   CONVERSION,"BUYER, CONVERSION","SODIUM CHLORIDE ELECTROLYTES 
 
B. BRAUN MEDICAL",SYSTEM CREATED,CP 8835 4409,"MATERIALS MANAGEMENT STORE ROOM, 60404",MOUNT SINAI BETH ISRAEL,ACTIVE,CLOSED,EDI,TRUE,TRUE,98.9,CHP,MOUNT SINAI BETH ISRAEL,4409-900110-00-8835-0000000000-0000-000-000,False,MSHS-BRAUN-PP-IV,Yes,Yes,98.9,8323969,B. BRAUN MEDICAL,B. BRAUN MEDICAL,CA12,12,No, ,NO,903037, MED/SURG DISPOSABLE,5/22/2024 12:00:00 AM,CLOSED,1174-1-1,19.78,APPROVED,CASE,5/22/2024 12:00:00 AM,NF,5/22/2024 12:00:00 AM,3353345,"PANEQUE, RUBY",,,MT SINAI BETH ISRAEL,98.9,ELECTROLYTES,51191602,AGENTS AFFECTING WATER AND ELECTROLYTES,MEDLINE INDUSTRIES INC,12422
MEDLINE INDUSTRIES INC,2024,"MATERIALS MANAGEMENT RECEIVING, 60403",MOUNT SINAI BROOKLYN,B. BRAUN,PHARMACEUTICAL PRODUCTS INCL. CONTRACEPTIVES AND VACCINES,True,True,PROCESSED,903037,"903037, MED/SURG DISPOSABLE",MOUNT SINAI BROOKLYN,Yes,E8000,B. BRAUN,9/20/2024 12:00:00 AM,1314081-57484,GOODS,SOL SOD CHL 0.9 PERC 1000ML INJ BAG - SUB 1 FOR L8000E8000BMGE8000,ORAPOS,SODIUM CHLORIDE ELECTROLYTES,BMGE8000,MATERIALS MANAGEMENT RECEIVING,60403,MED/SURG DISPOSABLE,MSHS-BRAUN-PP-IV,MSHS-BRAUN-PP-IV,SOL SOD CHL 0.9 PERC 1000ML INJ BAG - SUB 1 FOR L8000,903037,E8000,8,8,8,8,12,96,96,158.24,158.24,402-954-11-60403-00000000000-0-0,NF,BUYER   CONVERSION,"BUYER, CONVERSION","SODIUM CHLORIDE ELECTROLYTES 
 
B. BRAUN",SYSTEM CREATED,CP 8840 4709,"MATERIALS MANAGEMENT RECEIVING, 60403",MOUNT SINAI BROOKLYN,ACTIVE,CLOSED,EDI,TRUE,TRUE,158.24,CHP,MOUNT SINAI BROOKLYN,4709-900110-00-8840-0000000000-0000-000-000,False,MSHS-BRAUN-PP-IV,Yes,Yes,158.24,8323969,B. BRAUN,B. BRAUN,CA12,12,No, ,NO,903037, MED/SURG DISPOSABLE,9/20/2024 12:00:00 AM,CLOSED,1174-1-1,19.78,APPROVED,CASE,9/20/2024 12:00:00 AM,NF,9/20/2024 12:00:00 AM,3395825,"ZAMOR, KEVIN",,,KH KINGS HIGHWAY,158.24,ELECTROLYTES,51191602,AGENTS AFFECTING WATER AND ELECTROLYTES,MEDLINE INDUSTRIES INC,12422
MEDLINE INDUSTRIES INC,2024,"MATERIALS MANAGEMENT RECEIVING, 60403",MOUNT SINAI BROOKLYN,B. BRAUN,PHARMACEUTICAL PRODUCTS INCL. CONTRACEPTIVES AND VACCINES,True,True,PROCESSED,903037,"903037, MED/SURG DISPOSABLE",MOUNT SINAI BROOKLYN,Yes,E8000,B. BRAUN,7/30/2024 12:00:00 AM,1314081-54050,GOODS,SOL SOD CHL 0.9 PERC 1000ML INJ BAG - SUB 1 FOR L8000E8000BMGE8000,ORAPOS,SODIUM CHLORIDE ELECTROLYTES,BMGE8000,MATERIALS MANAGEMENT RECEIVING,60403,MED/SURG DISPOSABLE,MSHS-BRAUN-PP-IV,MSHS-BRAUN-PP-IV,SOL SOD CHL 0.9 PERC 1000ML INJ BAG - SUB 1 FOR L8000,903037,E8000,8,8,8,8,12,96,96,158.24,158.24,402-954-11-60403-00000000000-0-0,NF,BUYER   CONVERSION,"BUYER, CONVERSION","SODIUM CHLORIDE ELECTROLYTES 
 
B. BRAUN",SYSTEM CREATED,CP 8840 4709,"MATERIALS MANAGEMENT RECEIVING, 60403",MOUNT SINAI BROOKLYN,ACTIVE,CLOSED,EDI,TRUE,TRUE,158.24,CHP,MOUNT SINAI BROOKLYN,4709-900110-00-8840-0000000000-0000-000-000,False,MSHS-BRAUN-PP-IV,Yes,Yes,158.24,8323969,B. BRAUN,B. BRAUN,NF,12,No, ,NO,903037, MED/SURG DISPOSABLE,7/30/2024 12:00:00 AM,CLOSED,1174-4-1,19.78,APPROVED,CASE,7/30/2024 12:00:00 AM,NF,7/30/2024 12:00:00 AM,3377180,"ZAMOR, KEVIN",,,KH KINGS HIGHWAY,158.24,ELECTROLYTES,51191602,AGENTS AFFECTING WATER AND ELECTROLYTES,MEDLINE INDUSTRIES INC,12422
MEDLINE INDUSTRIES INC,2024,"NURSING ACUTE DIALYSIS-BKL, 11101",MOUNT SINAI BROOKLYN,B. BRAUN,PHARMACEUTICAL PRODUCTS INCL. CONTRACEPTIVES AND VACCINES,True,True,PROCESSED,903037,"903037, MED/SURG DISPOSABLE",MOUNT SINAI BROOKLYN,Yes,E8000,B. BRAUN,8/22/2024 12:00:00 AM,1314081-55626,GOODS,SOL SOD CHL 0.9 PERC 1000ML INJ BAG - SUB 1 FOR L8000E8000BMGE8000,ORAPOS,SODIUM CHLORIDE ELECTROLYTES,BMGE8000,NURSING ACUTE DIALYSIS-BKL,11101,MED/SURG DISPOSABLE,MSHS-BRAUN-PP-IV,MSHS-BRAUN-PP-IV,SOL SOD CHL 0.9 PERC 1000ML INJ BAG - SUB 1 FOR L8000,903037,E8000,4,4,4,4,12,48,48,79.12,79.12,402-407-11-11101-00000000000-0-0,NF,BUYER   CONVERSION,"BUYER, CONVERSION","SODIUM CHLORIDE ELECTROLYTES 
 
B. BRAUN",SYSTEM CREATED,KH 1417 4709,"NURSING ACUTE DIALYSIS-BKL, 11101",MOUNT SINAI BROOKLYN,ACTIVE,CLOSED,EDI,TRUE,TRUE,79.12,CHP,MOUNT SINAI BROOKLYN,4709-900110-07-1417-0000000000-0000-000-000,False,MSHS-BRAUN-PP-IV,Yes,Yes,79.12,8323969,B. BRAUN,B. BRAUN,NF,12,No, ,NO,903037, MED/SURG DISPOSABLE,8/22/2024 12:00:00 AM,CLOSED,1174-1-1,19.78,APPROVED,CASE,8/22/2024 12:00:00 AM,NF,8/22/2024 12:00:00 AM,3385881,"SOTO, ADELSI",,,KH KINGS HIGHWAY,79.12,ELECTROLYTES,51191602,AGENTS AFFECTING WATER AND ELECTROLYTES,MEDLINE INDUSTRIES INC,12422
MEDLINE INDUSTRIES INC,2024,"MATERIALS MANAGEMENT RECEIVING, 60403",MOUNT SINAI BROOKLYN,B. BRAUN,PHARMACEUTICAL PRODUCTS INCL. CONTRACEPTIVES AND VACCINES,True,True,PROCESSED,903037,"903037, MED/SURG DISPOSABLE",MOUNT SINAI BROOKLYN,Yes,E8000,B. BRAUN,8/7/2024 12:00:00 AM,1314081-54614,GOODS,SOL SOD CHL 0.9 PERC 1000ML INJ BAG - SUB 1 FOR L8000E8000BMGE8000,ORAPOS,SODIUM CHLORIDE ELECTROLYTES,BMGE8000,MATERIALS MANAGEMENT RECEIVING,60403,MED/SURG DISPOSABLE,MSHS-BRAUN-PP-IV,MSHS-BRAUN-PP-IV,SOL SOD CHL 0.9 PERC 1000ML INJ BAG - SUB 1 FOR L8000,903037,E8000,10,10,10,10,12,120,120,197.8,197.8,402-954-11-60403-00000000000-0-0,NF,BUYER   CONVERSION,"BUYER, CONVERSION","SODIUM CHLORIDE ELECTROLYTES 
 
B. BRAUN",SYSTEM CREATED,CP 8840 4709,"MATERIALS MANAGEMENT RECEIVING, 60403",MOUNT SINAI BROOKLYN,ACTIVE,CLOSED,EDI,TRUE,TRUE,197.8,CHP,MOUNT SINAI BROOKLYN,4709-900110-00-8840-0000000000-0000-000-000,False,MSHS-BRAUN-PP-IV,Yes,Yes,197.8,8323969,B. BRAUN,B. BRAUN,CA12,12,No, ,NO,903037, MED/SURG DISPOSABLE,8/7/2024 12:00:00 AM,CLOSED,1174-1-1,19.78,APPROVED,CASE,8/7/2024 12:00:00 AM,NF,8/7/2024 12:00:00 AM,3380354,"ZAMOR, KEVIN",,,KH KINGS HIGHWAY,197.8,ELECTROLYTES,51191602,AGENTS AFFECTING WATER AND ELECTROLYTES,MEDLINE INDUSTRIES INC,12422
MEDLINE INDUSTRIES INC,2024,"NURSING ACUTE DIALYSIS-BKL, 11101",MOUNT SINAI BROOKLYN,B. BRAUN MEDICAL,PHARMACEUTICAL PRODUCTS INCL. CONTRACEPTIVES AND VACCINES,True,True,PROCESSED,903037,"903037, MED/SURG DISPOSABLE",MOUNT SINAI BROOKLYN,Yes,E8000,B. BRAUN MEDICAL,6/28/2024 12:00:00 AM,1314081-52176,GOODS,SOL SOD CHL 0.9 PERC 1000ML INJ BAG - SUB 1 FOR L8000E8000BMGE8000,ORAPOS,SODIUM CHLORIDE ELECTROLYTES,BMGE8000,NURSING ACUTE DIALYSIS-BKL,11101,MED/SURG DISPOSABLE,MSHS-BRAUN-PP-IV,MSHS-BRAUN-PP-IV,SOL SOD CHL 0.9 PERC 1000ML INJ BAG - SUB 1 FOR L8000,903037,E8000,4,4,4,4,12,48,48,79.12,79.12,402-407-11-11101-00000000000-0-0,NF,BUYER   CONVERSION,"BUYER, CONVERSION","SODIUM CHLORIDE ELECTROLYTES 
 
B. BRAUN MEDICAL",SYSTEM CREATED,KH 1417 4709,"NURSING ACUTE DIALYSIS-BKL, 11101",MOUNT SINAI BROOKLYN,ACTIVE,CLOSED,EDI,TRUE,TRUE,79.12,CHP,MOUNT SINAI BROOKLYN,4709-900110-07-1417-0000000000-0000-000-000,False,MSHS-BRAUN-PP-IV,Yes,Yes,79.12,8323969,B. BRAUN MEDICAL,B. BRAUN MEDICAL,CA12,12,No, ,NO,903037, MED/SURG DISPOSABLE,6/28/2024 12:00:00 AM,CLOSED,1174-3-1,19.78,APPROVED,CASE,6/28/2024 12:00:00 AM,NF,6/28/2024 12:00:00 AM,3366738,"ZAMOR, KEVIN",,,KH KINGS HIGHWAY,79.12,ELECTROLYTES,51191602,AGENTS AFFECTING WATER AND ELECTROLYTES,MEDLINE INDUSTRIES INC,12422
MEDLINE INDUSTRIES INC,2024,"MATERIALS MANAGEMENT RECEIVING, 60403",MOUNT SINAI BROOKLYN,B. BRAUN MEDICAL,PHARMACEUTICAL PRODUCTS INCL. CONTRACEPTIVES AND VACCINES,True,True,PROCESSED,903037,"903037, MED/SURG DISPOSABLE",MOUNT SINAI BROOKLYN,Yes,E8000,B. BRAUN MEDICAL,7/5/2024 12:00:00 AM,1314081-52551,GOODS,SOL SOD CHL 0.9 PERC 1000ML INJ BAG - SUB 1 FOR L8000E8000BMGE8000,ORAPOS,SODIUM CHLORIDE ELECTROLYTES,BMGE8000,MATERIALS MANAGEMENT RECEIVING,60403,MED/SURG DISPOSABLE,MSHS-BRAUN-PP-IV,MSHS-BRAUN-PP-IV,SOL SOD CHL 0.9 PERC 1000ML INJ BAG - SUB 1 FOR L8000,903037,E8000,8,8,8,8,12,96,96,158.24,158.24,402-954-11-60403-00000000000-0-0,NF,BUYER   CONVERSION,"BUYER, CONVERSION","SODIUM CHLORIDE ELECTROLYTES 
 
B. BRAUN MEDICAL",SYSTEM CREATED,CP 8840 4709,"MATERIALS MANAGEMENT RECEIVING, 60403",MOUNT SINAI BROOKLYN,ACTIVE,CLOSED,EDI,TRUE,TRUE,158.24,CHP,MOUNT SINAI BROOKLYN,4709-900110-00-8840-0000000000-0000-000-000,False,MSHS-BRAUN-PP-IV,Yes,Yes,158.24,8323969,B. BRAUN MEDICAL,B. BRAUN MEDICAL,CA12,12,No, ,NO,903037, MED/SURG DISPOSABLE,7/5/2024 12:00:00 AM,CLOSED,1174-2-1,19.78,APPROVED,CASE,7/5/2024 12:00:00 AM,NF,7/5/2024 12:00:00 AM,3368603,"ZAMOR, KEVIN",,,KH KINGS HIGHWAY,158.24,ELECTROLYTES,51191602,AGENTS AFFECTING WATER AND ELECTROLYTES,MEDLINE INDUSTRIES INC,12422
MEDLINE INDUSTRIES INC,2023,"CARDIAC CATHERIZATION, 12605",MOUNT SINAI MORNINGSIDE,B BRAUN,DRUGS AND PHARMACEUTICAL PRODUCTS,True,True,PROCESSED,903037,"903037, MED/SURG DISPOSABLE",MOUNT SINAI MORNINGSIDE,Yes,E8000,B BRAUN,10/31/2023 12:00:00 AM,1314081-36155,GOODS,SOL SOD CHL 0.9 PERC 1000ML INJ BAG - SUB 1 FOR L8000E8000BMGE8000,ORAPOS,SODIUM CHLORIDE ELECTROLYTES,BMGE8000,CARDIAC CATHERIZATION,12605,MED/SURG DISPOSABLE,MSHS-BRAUN-PP-IV,MSHS-BRAUN-PP-IV,SOL SOD CHL 0.9 PERC 1000ML INJ BAG - SUB 1 FOR L8000,903037,E8000,3,3,3,3,12,36,36,59.34,59.34,302-302-11-12605-00000000000-0-0,NF,BUYER   CONVERSION,"BUYER, CONVERSION","SODIUM CHLORIDE ELECTROLYTES 
 
B BRAUN",SYSTEM CREATED,SLCCLSR03A,"CARDIAC CATHERIZATION, 12605",MOUNT SINAI MORNINGSIDE,ACTIVE,CLOSED,EDI,TRUE,TRUE,59.34,CHP,MOUNT SINAI MORNINGSIDE,1109-900110-02-4058-0000000000-0000-000-000,False,MSHS-BRAUN-PP-IV,Yes,Yes,59.34,8323969,B BRAUN,B BRAUN,CA12,12,No, ,NO,903037, MED/SURG DISPOSABLE,10/31/2023 12:00:00 AM,CLOSED,1174-2-1,19.78,APPROVED,CASE,10/31/2023 12:00:00 AM,NF,10/31/2023 12:00:00 AM,3278765,"TORRES, ERIKA E",,,SL ST LUKES,59.34,ELECTROLYTES,51191602,AGENTS AFFECTING WATER AND ELECTROLYTES,MEDLINE INDUSTRIES INC,12422
MEDLINE INDUSTRIES INC,2024,"CARDIAC CATHERIZATION, 12605",MOUNT SINAI MORNINGSIDE,B. BRAUN,PHARMACEUTICAL PRODUCTS INCL. CONTRACEPTIVES AND VACCINES,True,True,PROCESSED,903037,"903037, MED/SURG DISPOSABLE",MOUNT SINAI MORNINGSIDE,Yes,E8000,B. BRAUN,9/13/2024 12:00:00 AM,1314081-56968,GOODS,SOL SOD CHL 0.9 PERC 1000ML INJ BAG - SUB 1 FOR L8000E8000BMGE8000,ORAPOS,SODIUM CHLORIDE ELECTROLYTES,BMGE8000,CARDIAC CATHERIZATION,12605,MED/SURG DISPOSABLE,MSHS-BRAUN-PP-IV,MSHS-BRAUN-PP-IV,SOL SOD CHL 0.9 PERC 1000ML INJ BAG - SUB 1 FOR L8000,903037,E8000,2,2,2,2,12,24,24,39.56,39.56,302-302-11-12605-00000000000-0-0,NF,BUYER   CONVERSION,"BUYER, CONVERSION","SODIUM CHLORIDE ELECTROLYTES 
 
B. BRAUN",SYSTEM CREATED,SLCCLSR03A,"CARDIAC CATHERIZATION, 12605",MOUNT SINAI MORNINGSIDE,ACTIVE,CLOSED,EDI,TRUE,TRUE,39.56,CHP,MOUNT SINAI MORNINGSIDE,1109-900110-02-4058-0000000000-0000-000-000,False,MSHS-BRAUN-PP-IV,Yes,Yes,39.56,8323969,B. BRAUN,B. BRAUN,CA12,12,No, ,NO,903037, MED/SURG DISPOSABLE,9/13/2024 12:00:00 AM,CLOSED,1174-4-1,19.78,APPROVED,CASE,9/13/2024 12:00:00 AM,NF,9/13/2024 12:00:00 AM,3393054,"TORRES, ERIKA E",,,SL ST LUKES,39.56,ELECTROLYTES,51191602,AGENTS AFFECTING WATER AND ELECTROLYTES,MEDLINE INDUSTRIES INC,12422
MEDLINE INDUSTRIES INC,2024,"CARDIAC CATHERIZATION, 12605",MOUNT SINAI MORNINGSIDE,B. BRAUN,PHARMACEUTICAL PRODUCTS INCL. CONTRACEPTIVES AND VACCINES,True,True,PROCESSED,903037,"903037, MED/SURG DISPOSABLE",MOUNT SINAI MORNINGSIDE,Yes,E8000,B. BRAUN,8/22/2024 12:00:00 AM,1314081-55620,GOODS,SOL SOD CHL 0.9 PERC 1000ML INJ BAG - SUB 1 FOR L8000E8000BMGE8000,ORAPOS,SODIUM CHLORIDE ELECTROLYTES,BMGE8000,CARDIAC CATHERIZATION,12605,MED/SURG DISPOSABLE,MSHS-BRAUN-PP-IV,MSHS-BRAUN-PP-IV,SOL SOD CHL 0.9 PERC 1000ML INJ BAG - SUB 1 FOR L8000,903037,E8000,1,1,1,1,12,12,12,19.78,19.78,302-302-11-12605-00000000000-0-0,NF,BUYER   CONVERSION,"BUYER, CONVERSION","SODIUM CHLORIDE ELECTROLYTES 
 
B. BRAUN",SYSTEM CREATED,SLCCLSR03A,"CARDIAC CATHERIZATION, 12605",MOUNT SINAI MORNINGSIDE,ACTIVE,CLOSED,EDI,TRUE,TRUE,19.78,CHP,MOUNT SINAI MORNINGSIDE,1109-900110-02-4058-0000000000-0000-000-000,False,MSHS-BRAUN-PP-IV,Yes,Yes,19.78,8323969,B. BRAUN,B. BRAUN,NF,12,No, ,NO,903037, MED/SURG DISPOSABLE,8/22/2024 12:00:00 AM,CLOSED,1174-3-1,19.78,APPROVED,CASE,8/22/2024 12:00:00 AM,NF,8/22/2024 12:00:00 AM,3385796,"TORRES, ERIKA E",,,SL ST LUKES,19.78,ELECTROLYTES,51191602,AGENTS AFFECTING WATER AND ELECTROLYTES,MEDLINE INDUSTRIES INC,12422
MEDLINE INDUSTRIES INC,2024,"CARDIAC CATHERIZATION, 12605",MOUNT SINAI MORNINGSIDE,B. BRAUN,PHARMACEUTICAL PRODUCTS INCL. CONTRACEPTIVES AND VACCINES,True,True,PROCESSED,903037,"903037, MED/SURG DISPOSABLE",MOUNT SINAI MORNINGSIDE,Yes,E8000,B. BRAUN,8/14/2024 12:00:00 AM,1314081-55079,GOODS,SOL SOD CHL 0.9 PERC 1000ML INJ BAG - SUB 1 FOR L8000E8000BMGE8000,ORAPOS,SODIUM CHLORIDE ELECTROLYTES,BMGE8000,CARDIAC CATHERIZATION,12605,MED/SURG DISPOSABLE,MSHS-BRAUN-PP-IV,MSHS-BRAUN-PP-IV,SOL SOD CHL 0.9 PERC 1000ML INJ BAG - SUB 1 FOR L8000,903037,E8000,2,2,2,2,12,24,24,39.56,39.56,302-302-11-12605-00000000000-0-0,NF,BUYER   CONVERSION,"BUYER, CONVERSION","SODIUM CHLORIDE ELECTROLYTES 
 
B. BRAUN",SYSTEM CREATED,SLCCLSR03A,"CARDIAC CATHERIZATION, 12605",MOUNT SINAI MORNINGSIDE,ACTIVE,CLOSED,EDI,TRUE,TRUE,39.56,CHP,MOUNT SINAI MORNINGSIDE,1109-900110-02-4058-0000000000-0000-000-000,False,MSHS-BRAUN-PP-IV,Yes,Yes,39.56,8323969,B. BRAUN,B. BRAUN,NF,12,No, ,NO,903037, MED/SURG DISPOSABLE,8/14/2024 12:00:00 AM,CLOSED,1174-1-1,19.78,APPROVED,CASE,8/14/2024 12:00:00 AM,NF,8/14/2024 12:00:00 AM,3382864,"TORRES, ERIKA E",,,SL ST LUKES,39.56,ELECTROLYTES,51191602,AGENTS AFFECTING WATER AND ELECTROLYTES,MEDLINE INDUSTRIES INC,12422
MEDLINE INDUSTRIES INC,2024,"MATERIALS MANAGEMENT STORE ROOM, 60404",MOUNT SINAI BETH ISRAEL,B. BRAUN,PHARMACEUTICAL PRODUCTS INCL. CONTRACEPTIVES AND VACCINES,True,True,CLOSED,903037,"903037, MED/SURG DISPOSABLE",MOUNT SINAI BETH ISRAEL,Yes,E8000,B. BRAUN,10/1/2024 12:00:00 AM,1314081-58150,GOODS,SOL SOD CHL 0.9 PERC 1000ML INJ BAG - SUB 1 FOR L8000E8000BMGE8000,ORAPOS,SODIUM CHLORIDE ELECTROLYTES,BMGE8000,MATERIALS MANAGEMENT STORE ROOM,60404,MED/SURG DISPOSABLE,MSHS-BRAUN-PP-IV,MSHS-BRAUN-PP-IV,SOL SOD CHL 0.9 PERC 1000ML INJ BAG - SUB 1 FOR L8000,903037,E8000,10,0,10,10,12,120,120,197.8,197.8,,NF,BUYER   CONVERSION,"BUYER, CONVERSION","SODIUM CHLORIDE ELECTROLYTES 
 
B. BRAUN",SYSTEM CREATED,15TH ST BW 1ST AVE&2ND AVE BERNSTEIN BSMNT MATL MGMT BERNSTE,"MATERIALS MANAGEMENT STORE ROOM, 60404",MOUNT SINAI BETH ISRAEL,ACTIVE,CLOSED,EDI,TRUE,TRUE,197.8,CHP,MOUNT SINAI BETH ISRAEL,401-954-11-60404-903037-00000000000-000-0000-000-00000-00000----,False,MSHS-BRAUN-PP-IV,Yes,Yes,0,8323969,B. BRAUN,B. BRAUN,NF,12,No, ,NO,903037, MED/SURG DISPOSABLE,10/1/2024 12:00:00 AM,CLOSED,1-1-1,19.78,CLOSED,CASE,10/1/2024 12:00:00 AM,NF,10/1/2024 12:00:00 AM,3399881,"PANEQUE, RUBY",,,MOUNT SINAI BETH ISRAEL - RECVG MAIN,197.8,ELECTROLYTES,51191602,AGENTS AFFECTING WATER AND ELECTROLYTES,MEDLINE INDUSTRIES INC,12422
MEDLINE INDUSTRIES INC,2024,"STERILE PROCESSING, 60170",MOUNT SINAI MORNINGSIDE,B. BRAUN,PHARMACEUTICAL PRODUCTS INCL. CONTRACEPTIVES AND VACCINES,True,True,CLOSED,903037,"903037, MED/SURG DISPOSABLE",MOUNT SINAI MORNINGSIDE,Yes,E8000,B. BRAUN,9/25/2024 12:00:00 AM,1314081-57792,GOODS,SOL SOD CHL 0.9 PERC 1000ML INJ BAG - SUB 1 FOR L8000E8000BMGE8000,ORAPOS,SODIUM CHLORIDE ELECTROLYTES,BMGE8000,STERILE PROCESSING,60170,MED/SURG DISPOSABLE,MSHS-BRAUN-PP-IV,MSHS-BRAUN-PP-IV,SOL SOD CHL 0.9 PERC 1000ML INJ BAG - SUB 1 FOR L8000,903037,E8000,2,0,2,1,12,24,24,39.56,39.56,,NF,BUYER   CONVERSION,"BUYER, CONVERSION","SODIUM CHLORIDE ELECTROLYTES 
 
B. BRAUN",SYSTEM CREATED,1111 AMSTERDAM AVE BABCOCK 2ND FL QSIGHT CENTRAL STERILE BAB,"STERILE PROCESSING, 60170",MOUNT SINAI MORNINGSIDE,ACTIVE,CLOSED,EDI,TRUE,TRUE,19.78,CHP,MOUNT SINAI MORNINGSIDE,302-302-11-60170-903037-00000000000-000-0000-000-00000-00000----,False,MSHS-BRAUN-PP-IV,Yes,Yes,0,8323969,B. BRAUN,B. BRAUN,NF,12,No, ,NO,903037, MED/SURG DISPOSABLE,9/25/2024 12:00:00 AM,CLOSED FOR RECEIVING,1-1-1,19.78,CLOSED FOR RECEIVING,CASE,9/25/2024 12:00:00 AM,NF,9/25/2024 12:00:00 AM,3397712,"CARRINGTON, TRICIA FEONA",,,MOUNT SINAI MORNINGSIDE - RECVG MAIN,39.56,ELECTROLYTES,51191602,AGENTS AFFECTING WATER AND ELECTROLYTES,MEDLINE INDUSTRIES INC,12422
MEDLINE INDUSTRIES INC,2024,"UROLOGY/OVH FND, 02653676",ICAHN SCHOOL OF MEDICINE,B BRAUN MEDICAL INC,PHARMACEUTICAL PRODUCTS INCL. CONTRACEPTIVES AND VACCINES,True,True,CLOSED,4220,"4220, MED/SURG DISPOSABLE",ICAHN SCHOOL OF MEDICINE,Yes,E8000,B BRAUN MEDICAL INC,6/14/2024 12:00:00 AM,S2113806,PURCHASE ORDER,SOL SOD CHL 0.9 PERC 1000ML INJ BAG - SUB 1 FOR L8000E8000BMGE8000,PMMPOS,SODIUM CHLORIDE ELECTROLYTES,BMGE8000,UROLOGY/OVH FND,02653676,MED/SURG DISPOSABLE,MSHS-BRAUN-PP-IV,MSHS-BRAUN-PP-IV,SOL SOD CHL 0.9 PERC 1000ML INJ BAG - SUB 1 FOR L8000,4220,E8000,6,,6,6,12,72,72,118.68,118.68,201-101-21-13570-IC135701062-201-2104,NF,MSSM MAIN PURCHASING,MSSM MAIN PURCHASING,"SODIUM CHLORIDE ELECTROLYTES 
 
B BRAUN MEDICAL INC",SYSTEM CREATED,S 02653676 UROLOGY 5E 98TH ST 6FL,"UROLOGY/OVH FND, 02653676",ICAHN SCHOOL OF MEDICINE,ACTIVE,CLOSED,EDI,TRUE,TRUE,118.68,S,ICAHN SCHOOL OF MEDICINE,026536764220,False,MSHS-BRAUN-PP-IV,Yes,Yes,,457240,B BRAUN MEDICAL INC,B BRAUN MEDICAL INC,12/CS 1/EA,12,No, ,NO,4220, MED/SURG DISPOSABLE,6/14/2024 12:00:00 AM,CLOSED,2,19.78,CLOSED,CASE,6/14/2024 12:00:00 AM,NF,6/14/2024 12:00:00 AM,2935070,"SMITH, NATALIA",,,S 02653676 UROLOGY 5E 98TH ST 6FL,118.68,ELECTROLYTES,51191602,AGENTS AFFECTING WATER AND ELECTROLYTES,MEDLINE INDUSTRIES INC,MEDLNE
MEDLINE INDUSTRIES INC,2024,"MATERIALS MANAGEMENT RECEIVING, 60403",MOUNT SINAI BROOKLYN,B. BRAUN,PHARMACEUTICAL PRODUCTS INCL. CONTRACEPTIVES AND VACCINES,True,True,PROCESSED,903037,"903037, MED/SURG DISPOSABLE",MOUNT SINAI BROOKLYN,Yes,E8000,B. BRAUN,7/26/2024 12:00:00 AM,1314081-53849,GOODS,SOL SOD CHL 0.9 PERC 1000ML INJ BAG - SUB 1 FOR L8000E8000BMGE8000,ORAPOS,SODIUM CHLORIDE ELECTROLYTES,BMGE8000,MATERIALS MANAGEMENT RECEIVING,60403,MED/SURG DISPOSABLE,MSHS-BRAUN-PP-IV,MSHS-BRAUN-PP-IV,SOL SOD CHL 0.9 PERC 1000ML INJ BAG - SUB 1 FOR L8000,903037,E8000,8,8,8,8,12,96,96,158.24,158.24,402-954-11-60403-00000000000-0-0,NF,BUYER   CONVERSION,"BUYER, CONVERSION","SODIUM CHLORIDE ELECTROLYTES 
 
B. BRAUN",SYSTEM CREATED,CP 8840 4709,"MATERIALS MANAGEMENT RECEIVING, 60403",MOUNT SINAI BROOKLYN,ACTIVE,CLOSED,EDI,TRUE,TRUE,158.24,CHP,MOUNT SINAI BROOKLYN,4709-900110-00-8840-0000000000-0000-000-000,False,MSHS-BRAUN-PP-IV,Yes,Yes,158.24,8323969,B. BRAUN,B. BRAUN,NF,12,No, ,NO,903037, MED/SURG DISPOSABLE,7/26/2024 12:00:00 AM,CLOSED,1174-5-1,19.78,APPROVED,CASE,7/26/2024 12:00:00 AM,NF,7/26/2024 12:00:00 AM,3376100,"ZAMOR, KEVIN",,,KH KINGS HIGHWAY,158.24,ELECTROLYTES,51191602,AGENTS AFFECTING WATER AND ELECTROLYTES,MEDLINE INDUSTRIES INC,12422
MEDLINE INDUSTRIES INC,2024,"MATERIALS MANAGEMENT RECEIVING, 60403",MOUNT SINAI BROOKLYN,B. BRAUN MEDICAL,PHARMACEUTICAL PRODUCTS INCL. CONTRACEPTIVES AND VACCINES,True,True,PROCESSED,903037,"903037, MED/SURG DISPOSABLE",MOUNT SINAI BROOKLYN,Yes,E8000,B. BRAUN MEDICAL,7/1/2024 12:00:00 AM,1314081-52234,GOODS,SOL SOD CHL 0.9 PERC 1000ML INJ BAG - SUB 1 FOR L8000E8000BMGE8000,ORAPOS,SODIUM CHLORIDE ELECTROLYTES,BMGE8000,MATERIALS MANAGEMENT RECEIVING,60403,MED/SURG DISPOSABLE,MSHS-BRAUN-PP-IV,MSHS-BRAUN-PP-IV,SOL SOD CHL 0.9 PERC 1000ML INJ BAG - SUB 1 FOR L8000,903037,E8000,8,8,8,8,12,96,96,158.24,158.24,402-954-11-60403-00000000000-0-0,NF,BUYER   CONVERSION,"BUYER, CONVERSION","SODIUM CHLORIDE ELECTROLYTES 
 
B. BRAUN MEDICAL",SYSTEM CREATED,CP 8840 4709,"MATERIALS MANAGEMENT RECEIVING, 60403",MOUNT SINAI BROOKLYN,ACTIVE,CLOSED,EDI,TRUE,TRUE,158.24,CHP,MOUNT SINAI BROOKLYN,4709-900110-00-8840-0000000000-0000-000-000,False,MSHS-BRAUN-PP-IV,Yes,Yes,158.24,8323969,B. BRAUN MEDICAL,B. BRAUN MEDICAL,NF,12,No, ,NO,903037, MED/SURG DISPOSABLE,7/1/2024 12:00:00 AM,CLOSED,1174-3-1,19.78,APPROVED,CASE,7/1/2024 12:00:00 AM,NF,7/1/2024 12:00:00 AM,3367079,"ZAMOR, KEVIN",,,KH KINGS HIGHWAY,158.24,ELECTROLYTES,51191602,AGENTS AFFECTING WATER AND ELECTROLYTES,MEDLINE INDUSTRIES INC,12422
MEDLINE INDUSTRIES INC,2024,"NURSING ACUTE DIALYSIS-BKL, 11101",MOUNT SINAI BROOKLYN,B. BRAUN MEDICAL,PHARMACEUTICAL PRODUCTS INCL. CONTRACEPTIVES AND VACCINES,True,True,PROCESSED,903037,"903037, MED/SURG DISPOSABLE",MOUNT SINAI BROOKLYN,Yes,E8000,B. BRAUN MEDICAL,6/24/2024 12:00:00 AM,1314081-51831,GOODS,SOL SOD CHL 0.9 PERC 1000ML INJ BAG - SUB 1 FOR L8000E8000BMGE8000,ORAPOS,SODIUM CHLORIDE ELECTROLYTES,BMGE8000,NURSING ACUTE DIALYSIS-BKL,11101,MED/SURG DISPOSABLE,MSHS-BRAUN-PP-IV,MSHS-BRAUN-PP-IV,SOL SOD CHL 0.9 PERC 1000ML INJ BAG - SUB 1 FOR L8000,903037,E8000,4,4,4,4,12,48,48,79.12,79.12,402-407-11-11101-00000000000-0-0,NF,BUYER   CONVERSION,"BUYER, CONVERSION","SODIUM CHLORIDE ELECTROLYTES 
 
B. BRAUN MEDICAL",SYSTEM CREATED,KH 1417 4709,"NURSING ACUTE DIALYSIS-BKL, 11101",MOUNT SINAI BROOKLYN,ACTIVE,CLOSED,EDI,TRUE,TRUE,79.12,CHP,MOUNT SINAI BROOKLYN,4709-900110-07-1417-0000000000-0000-000-000,False,MSHS-BRAUN-PP-IV,Yes,Yes,79.12,8323969,B. BRAUN MEDICAL,B. BRAUN MEDICAL,CA12,12,No, ,NO,903037, MED/SURG DISPOSABLE,6/24/2024 12:00:00 AM,CLOSED,1174-4-1,19.78,APPROVED,CASE,6/24/2024 12:00:00 AM,NF,6/24/2024 12:00:00 AM,3364707,"URBINA, HILZA ROSEL",,,KH KINGS HIGHWAY,79.12,ELECTROLYTES,51191602,AGENTS AFFECTING WATER AND ELECTROLYTES,MEDLINE INDUSTRIES INC,12422
MEDLINE INDUSTRIES INC,2023,"CARDIAC CATHERIZATION, 12605",MOUNT SINAI MORNINGSIDE,B BRAUN,DRUGS AND PHARMACEUTICAL PRODUCTS,True,True,PROCESSED,903037,"903037, MED/SURG DISPOSABLE",MOUNT SINAI MORNINGSIDE,Yes,E8000,B BRAUN,10/17/2023 12:00:00 AM,1314081-35239,GOODS,SOL SOD CHL 0.9 PERC 1000ML INJ BAG - SUB 1 FOR L8000E8000BMGE8000,ORAPOS,SODIUM CHLORIDE ELECTROLYTES,BMGE8000,CARDIAC CATHERIZATION,12605,MED/SURG DISPOSABLE,MSHS-BRAUN-PP-IV,MSHS-BRAUN-PP-IV,SOL SOD CHL 0.9 PERC 1000ML INJ BAG - SUB 1 FOR L8000,903037,E8000,3,3,3,3,12,36,36,59.34,59.34,302-302-11-12605-00000000000-0-0,NF,BUYER   CONVERSION,"BUYER, CONVERSION","SODIUM CHLORIDE ELECTROLYTES 
 
B BRAUN",SYSTEM CREATED,SLCCLSR03A,"CARDIAC CATHERIZATION, 12605",MOUNT SINAI MORNINGSIDE,ACTIVE,CLOSED,EDI,TRUE,TRUE,59.34,CHP,MOUNT SINAI MORNINGSIDE,1109-900110-02-4058-0000000000-0000-000-000,False,MSHS-BRAUN-PP-IV,Yes,Yes,59.34,8323969,B BRAUN,B BRAUN,CA12,12,No, ,NO,903037, MED/SURG DISPOSABLE,10/17/2023 12:00:00 AM,CLOSED,1174-5-1,19.78,APPROVED,CASE,10/17/2023 12:00:00 AM,NF,10/17/2023 12:00:00 AM,3273152,"TORRES, ERIKA E",,,SL ST LUKES,59.34,ELECTROLYTES,51191602,AGENTS AFFECTING WATER AND ELECTROLYTES,MEDLINE INDUSTRIES INC,12422
MEDLINE INDUSTRIES INC,2024,"CARDIAC CATHERIZATION, 12605",MOUNT SINAI MORNINGSIDE,B. BRAUN,PHARMACEUTICAL PRODUCTS INCL. CONTRACEPTIVES AND VACCINES,True,True,PROCESSED,903037,"903037, MED/SURG DISPOSABLE",MOUNT SINAI MORNINGSIDE,Yes,E8000,B. BRAUN,9/10/2024 12:00:00 AM,1314081-56699,GOODS,SOL SOD CHL 0.9 PERC 1000ML INJ BAG - SUB 1 FOR L8000E8000BMGE8000,ORAPOS,SODIUM CHLORIDE ELECTROLYTES,BMGE8000,CARDIAC CATHERIZATION,12605,MED/SURG DISPOSABLE,MSHS-BRAUN-PP-IV,MSHS-BRAUN-PP-IV,SOL SOD CHL 0.9 PERC 1000ML INJ BAG - SUB 1 FOR L8000,903037,E8000,1,1,1,1,12,12,12,19.78,19.78,302-302-11-12605-00000000000-0-0,NF,BUYER   CONVERSION,"BUYER, CONVERSION","SODIUM CHLORIDE ELECTROLYTES 
 
B. BRAUN",SYSTEM CREATED,SLCCLSR03A,"CARDIAC CATHERIZATION, 12605",MOUNT SINAI MORNINGSIDE,ACTIVE,CLOSED,EDI,TRUE,TRUE,19.78,CHP,MOUNT SINAI MORNINGSIDE,1109-900110-02-4058-0000000000-0000-000-000,False,MSHS-BRAUN-PP-IV,Yes,Yes,19.78,8323969,B. BRAUN,B. BRAUN,NF,12,No, ,NO,903037, MED/SURG DISPOSABLE,9/10/2024 12:00:00 AM,CLOSED,1174-3-1,19.78,APPROVED,CASE,9/10/2024 12:00:00 AM,NF,9/10/2024 12:00:00 AM,3391395,"TORRES, ERIKA E",,,SL ST LUKES,19.78,ELECTROLYTES,51191602,AGENTS AFFECTING WATER AND ELECTROLYTES,MEDLINE INDUSTRIES INC,12422
MEDLINE INDUSTRIES INC,2024,"CARDIAC CATHERIZATION, 12605",MOUNT SINAI MORNINGSIDE,B. BRAUN MEDICAL,PHARMACEUTICAL PRODUCTS INCL. CONTRACEPTIVES AND VACCINES,True,True,PROCESSED,903037,"903037, MED/SURG DISPOSABLE",MOUNT SINAI MORNINGSIDE,Yes,E8000,B. BRAUN MEDICAL,6/14/2024 12:00:00 AM,1314081-51247,GOODS,SOL SOD CHL 0.9 PERC 1000ML INJ BAG - SUB 1 FOR L8000E8000BMGE8000,ORAPOS,SODIUM CHLORIDE ELECTROLYTES,BMGE8000,CARDIAC CATHERIZATION,12605,MED/SURG DISPOSABLE,MSHS-BRAUN-PP-IV,MSHS-BRAUN-PP-IV,SOL SOD CHL 0.9 PERC 1000ML INJ BAG - SUB 1 FOR L8000,903037,E8000,2,2,2,2,12,24,24,39.56,39.56,302-302-11-12605-00000000000-0-0,NF,BUYER   CONVERSION,"BUYER, CONVERSION","SODIUM CHLORIDE ELECTROLYTES 
 
B. BRAUN MEDICAL",SYSTEM CREATED,SLCCLSR03A,"CARDIAC CATHERIZATION, 12605",MOUNT SINAI MORNINGSIDE,ACTIVE,CLOSED,EDI,TRUE,TRUE,39.56,CHP,MOUNT SINAI MORNINGSIDE,1109-900110-02-4058-0000000000-0000-000-000,False,MSHS-BRAUN-PP-IV,Yes,Yes,39.56,8323969,B. BRAUN MEDICAL,B. BRAUN MEDICAL,CA12,12,No, ,NO,903037, MED/SURG DISPOSABLE,6/14/2024 12:00:00 AM,CLOSED,1174-5-1,19.78,APPROVED,CASE,6/14/2024 12:00:00 AM,NF,6/14/2024 12:00:00 AM,3361984,"TORRES, ERIKA E",,,SL ST LUKES,39.56,ELECTROLYTES,51191602,AGENTS AFFECTING WATER AND ELECTROLYTES,MEDLINE INDUSTRIES INC,12422
MEDLINE INDUSTRIES INC,2024,"CARDIAC CATHERIZATION, 12605",MOUNT SINAI MORNINGSIDE,B. BRAUN MEDICAL,PHARMACEUTICAL PRODUCTS INCL. CONTRACEPTIVES AND VACCINES,True,True,PROCESSED,903037,"903037, MED/SURG DISPOSABLE",MOUNT SINAI MORNINGSIDE,Yes,E8000,B. BRAUN MEDICAL,4/24/2024 12:00:00 AM,1314081-47907,GOODS,SOL SOD CHL 0.9 PERC 1000ML INJ BAG - SUB 1 FOR L8000E8000BMGE8000,ORAPOS,SODIUM CHLORIDE ELECTROLYTES,BMGE8000,CARDIAC CATHERIZATION,12605,MED/SURG DISPOSABLE,MSHS-BRAUN-PP-IV,MSHS-BRAUN-PP-IV,SOL SOD CHL 0.9 PERC 1000ML INJ BAG - SUB 1 FOR L8000,903037,E8000,4,4,4,4,12,48,48,79.12,79.12,302-302-11-12605-00000000000-0-0,NF,BUYER   CONVERSION,"BUYER, CONVERSION","SODIUM CHLORIDE ELECTROLYTES 
 
B. BRAUN MEDICAL",SYSTEM CREATED,SLCCLSR03A,"CARDIAC CATHERIZATION, 12605",MOUNT SINAI MORNINGSIDE,ACTIVE,CLOSED,EDI,TRUE,TRUE,79.12,CHP,MOUNT SINAI MORNINGSIDE,1109-900110-02-4058-0000000000-0000-000-000,False,MSHS-BRAUN-PP-IV,Yes,Yes,79.12,8323969,B. BRAUN MEDICAL,B. BRAUN MEDICAL,CA12,12,No, ,NO,903037, MED/SURG DISPOSABLE,4/24/2024 12:00:00 AM,CLOSED,1174-1-1,19.78,APPROVED,CASE,4/24/2024 12:00:00 AM,NF,4/24/2024 12:00:00 AM,3343351,"TORRES, ERIKA E",,,SL ST LUKES,79.12,ELECTROLYTES,51191602,AGENTS AFFECTING WATER AND ELECTROLYTES,MEDLINE INDUSTRIES INC,12422
MEDLINE INDUSTRIES INC,2025,"EQUIPMENT TRANSPORT, 60552",MOUNT SINAI HOSPITAL,B. BRAUN,IV SOLUTIONS,True,True,CLOSED,903033,"903033, IV SOLUTIONS",MOUNT SINAI HOSPITAL,Yes,E8000,B. BRAUN,1/29/2025 12:00:00 AM,M3047545,GOODS,SOL SOD CHL 0.9 PERC 1000ML INJ BAG - SUB 1 FOR L8000E8000BMGE8000,ORAPOS,IV SOLUTIONS,BMGE8000,EQUIPMENT TRANSPORT,60552,IV SOLUTIONS,MSHS-BRAUN-PP-IV,,SOL SOD CHL 0.9 PERC 1000ML INJ BAG - SUB 1 FOR L8000,903033,E8000,3,3,3,3,12,36,36,62.31,62.31,NF,NF,DOUSE YVONNE,DOUSE YVONNE,"IV SOLUTIONS 
 
B. BRAUN",Y,60552 PATIENT TRANSPORT 5E 98TH FB-01,"EQUIPMENT TRANSPORT, 60552",MOUNT SINAI HOSPITAL,ACTIVE,CLOSED,EDI,TRUE,TRUE,62.31,MOUNT SINAI HOSPITAL,MOUNT SINAI HOSPITAL,101-101-11-60552-903033-00000000000-000-0000-000-00000-00000----,False,MSHS-BRAUN-PP-IV,Yes,Yes,62.31,8323969,B. BRAUN,B. BRAUN,NF,12,No, ,NO,903033, IV SOLUTIONS,1/26/2025 12:00:00 AM,CLOSED,1-1-1,20.77,CLOSED,CASE,1/29/2025 12:00:00 AM,NF,1/26/2025 12:00:00 AM,M26074,ACOSTA ANGELINA,,,MOUNT SINAI HOSPITAL - RECVG MAIN,62.31,NF,NF,NF,MEDLINE INDUSTRIES INC,12422
MEDLINE INDUSTRIES INC,2025,"PHARMACY, 21300",MOUNT SINAI HOSPITAL,B. BRAUN,IV SOLUTIONS,True,True,OPEN,903033,"903033, IV SOLUTIONS",MOUNT SINAI HOSPITAL,Yes,E8000,B. BRAUN,7/21/2025 12:00:00 AM,M3127530,GOODS,SOL SOD CHL 0.9 PERC 1000ML INJ BAG - SUB 1 FOR L8000E8000BMGE8000,ORAPOS,IV SOLUTIONS,BMGE8000,PHARMACY,21300,IV SOLUTIONS,MSHS-BRAUN-PP-IV,,SOL SOD CHL 0.9 PERC 1000ML INJ BAG - SUB 1 FOR L8000,903033,E8000,5,0,5,5,12,60,60,0,0,NF,NF,BANNERMAN TRACEY,BANNERMAN TRACEY,"IV SOLUTIONS 
 
B. BRAUN",Y,21300 RXSAT MNF ANN B2-06,"PHARMACY, 21300",MOUNT SINAI HOSPITAL,ACTIVE,CLOSED,EDI,TRUE,TRUE,96.9,MOUNT SINAI HOSPITAL,MOUNT SINAI HOSPITAL,101-101-11-21300-903033-00000000000-000-0000-000-00000-00000----,False,MSHS-BRAUN-PP-IV,Yes,Yes,0,8323969,B. BRAUN,B. BRAUN,NF,12,No, ,NO,903033, IV SOLUTIONS,7/21/2025 12:00:00 AM,CLOSED FOR RECEIVING,7-1-1,19.38,OPEN,CASE,7/21/2025 12:00:00 AM,NF,7/21/2025 12:00:00 AM,M68618,ESPEJEL TOMAS,,,MOUNT SINAI HOSPITAL - RECVG MAIN,96.9,NF,NF,NF,MEDLINE INDUSTRIES INC,12422
MEDLINE INDUSTRIES INC,2024,"NURSING ACUTE DIALYSIS-BKL, 11101",MOUNT SINAI BROOKLYN,B. BRAUN,PHARMACEUTICAL PRODUCTS INCL. CONTRACEPTIVES AND VACCINES,True,True,PROCESSED,903037,"903037, MED/SURG DISPOSABLE",MOUNT SINAI BROOKLYN,Yes,E8000,B. BRAUN,8/28/2024 12:00:00 AM,1314081-55991,GOODS,SOL SOD CHL 0.9 PERC 1000ML INJ BAG - SUB 1 FOR L8000E8000BMGE8000,ORAPOS,SODIUM CHLORIDE ELECTROLYTES,BMGE8000,NURSING ACUTE DIALYSIS-BKL,11101,MED/SURG DISPOSABLE,MSHS-BRAUN-PP-IV,MSHS-BRAUN-PP-IV,SOL SOD CHL 0.9 PERC 1000ML INJ BAG - SUB 1 FOR L8000,903037,E8000,2,2,2,2,12,24,24,39.56,39.56,402-407-11-11101-00000000000-0-0,NF,BUYER   CONVERSION,"BUYER, CONVERSION","SODIUM CHLORIDE ELECTROLYTES 
 
B. BRAUN",SYSTEM CREATED,KH 1417 4709,"NURSING ACUTE DIALYSIS-BKL, 11101",MOUNT SINAI BROOKLYN,ACTIVE,CLOSED,EDI,TRUE,TRUE,39.56,CHP,MOUNT SINAI BROOKLYN,4709-900110-07-1417-0000000000-0000-000-000,False,MSHS-BRAUN-PP-IV,Yes,Yes,39.56,8323969,B. BRAUN,B. BRAUN,NF,12,No, ,NO,903037, MED/SURG DISPOSABLE,8/28/2024 12:00:00 AM,CLOSED,1174-4-1,19.78,APPROVED,CASE,8/28/2024 12:00:00 AM,NF,8/28/2024 12:00:00 AM,3387722,"URBINA, HILZA ROSEL",,,KH KINGS HIGHWAY,39.56,ELECTROLYTES,51191602,AGENTS AFFECTING WATER AND ELECTROLYTES,MEDLINE INDUSTRIES INC,12422
MEDLINE INDUSTRIES INC,2024,"CARDIAC CATHERIZATION, 12605",MOUNT SINAI MORNINGSIDE,B. BRAUN,PHARMACEUTICAL PRODUCTS INCL. CONTRACEPTIVES AND VACCINES,True,True,PROCESSED,903037,"903037, MED/SURG DISPOSABLE",MOUNT SINAI MORNINGSIDE,Yes,E8000,B. BRAUN,9/6/2024 12:00:00 AM,1314081-56534,GOODS,SOL SOD CHL 0.9 PERC 1000ML INJ BAG - SUB 1 FOR L8000E8000BMGE8000,ORAPOS,SODIUM CHLORIDE ELECTROLYTES,BMGE8000,CARDIAC CATHERIZATION,12605,MED/SURG DISPOSABLE,MSHS-BRAUN-PP-IV,MSHS-BRAUN-PP-IV,SOL SOD CHL 0.9 PERC 1000ML INJ BAG - SUB 1 FOR L8000,903037,E8000,1,1,1,1,12,12,12,19.78,19.78,302-302-11-12605-00000000000-0-0,NF,BUYER   CONVERSION,"BUYER, CONVERSION","SODIUM CHLORIDE ELECTROLYTES 
 
B. BRAUN",SYSTEM CREATED,SLCCLSR03A,"CARDIAC CATHERIZATION, 12605",MOUNT SINAI MORNINGSIDE,ACTIVE,CLOSED,EDI,TRUE,TRUE,19.78,CHP,MOUNT SINAI MORNINGSIDE,1109-900110-02-4058-0000000000-0000-000-000,False,MSHS-BRAUN-PP-IV,Yes,Yes,19.78,8323969,B. BRAUN,B. BRAUN,CA12,12,No, ,NO,903037, MED/SURG DISPOSABLE,9/6/2024 12:00:00 AM,CLOSED,1174-5-1,19.78,APPROVED,CASE,9/6/2024 12:00:00 AM,NF,9/6/2024 12:00:00 AM,3390586,"TORRES, ERIKA E",,,SL ST LUKES,19.78,ELECTROLYTES,51191602,AGENTS AFFECTING WATER AND ELECTROLYTES,MEDLINE INDUSTRIES INC,12422
MEDLINE INDUSTRIES INC,2024,"CARDIAC CATHERIZATION, 12605",MOUNT SINAI MORNINGSIDE,B. BRAUN MEDICAL,PHARMACEUTICAL PRODUCTS INCL. CONTRACEPTIVES AND VACCINES,True,True,PROCESSED,903037,"903037, MED/SURG DISPOSABLE",MOUNT SINAI MORNINGSIDE,Yes,E8000,B. BRAUN MEDICAL,7/12/2024 12:00:00 AM,1314081-52969,GOODS,SOL SOD CHL 0.9 PERC 1000ML INJ BAG - SUB 1 FOR L8000E8000BMGE8000,ORAPOS,SODIUM CHLORIDE ELECTROLYTES,BMGE8000,CARDIAC CATHERIZATION,12605,MED/SURG DISPOSABLE,MSHS-BRAUN-PP-IV,MSHS-BRAUN-PP-IV,SOL SOD CHL 0.9 PERC 1000ML INJ BAG - SUB 1 FOR L8000,903037,E8000,2,2,2,2,12,24,24,39.56,39.56,302-302-11-12605-00000000000-0-0,NF,BUYER   CONVERSION,"BUYER, CONVERSION","SODIUM CHLORIDE ELECTROLYTES 
 
B. BRAUN MEDICAL",SYSTEM CREATED,SLCCLSR03A,"CARDIAC CATHERIZATION, 12605",MOUNT SINAI MORNINGSIDE,ACTIVE,CLOSED,EDI,TRUE,TRUE,39.56,CHP,MOUNT SINAI MORNINGSIDE,1109-900110-02-4058-0000000000-0000-000-000,False,MSHS-BRAUN-PP-IV,Yes,Yes,39.56,8323969,B. BRAUN MEDICAL,B. BRAUN MEDICAL,CA12,12,No, ,NO,903037, MED/SURG DISPOSABLE,7/12/2024 12:00:00 AM,CLOSED,1174-1-1,19.78,APPROVED,CASE,7/12/2024 12:00:00 AM,NF,7/12/2024 12:00:00 AM,3371014,"TORRES, ERIKA E",,,SL ST LUKES,39.56,ELECTROLYTES,51191602,AGENTS AFFECTING WATER AND ELECTROLYTES,MEDLINE INDUSTRIES INC,12422
MEDLINE INDUSTRIES INC,2024,"EMERGENCY DEPARTMENT, 14100",MOUNT SINAI WEST,B. BRAUN MEDICAL,PHARMACEUTICAL PRODUCTS INCL. CONTRACEPTIVES AND VACCINES,True,True,PROCESSED,903037,"903037, MED/SURG DISPOSABLE",MOUNT SINAI WEST,Yes,E8000,B. BRAUN MEDICAL,4/23/2024 12:00:00 AM,1314081-47781,GOODS,SOL SOD CHL 0.9 PERC 1000ML INJ BAG - SUB 1 FOR L8000E8000BMGE8000,ORAPOS,SODIUM CHLORIDE ELECTROLYTES,BMGE8000,EMERGENCY DEPARTMENT,14100,MED/SURG DISPOSABLE,MSHS-BRAUN-PP-IV,MSHS-BRAUN-PP-IV,SOL SOD CHL 0.9 PERC 1000ML INJ BAG - SUB 1 FOR L8000,903037,E8000,20,20,20,20,12,240,240,395.6,395.6,301-301-11-14100-00000000000-0-0,NF,BUYER   CONVERSION,"BUYER, CONVERSION","SODIUM CHLORIDE ELECTROLYTES 
 
B. BRAUN MEDICAL",SYSTEM CREATED,RH 5700 1109,"EMERGENCY DEPARTMENT, 14100",MOUNT SINAI WEST,ACTIVE,CLOSED,EDI,TRUE,TRUE,395.6,CHP,MOUNT SINAI WEST,1109-900110-01-5700-0000000000-0000-000-000,False,MSHS-BRAUN-PP-IV,Yes,Yes,395.6,8323969,B. BRAUN MEDICAL,B. BRAUN MEDICAL,CA12,12,No, ,NO,903037, MED/SURG DISPOSABLE,4/23/2024 12:00:00 AM,CLOSED,1174-1-1,19.78,APPROVED,CASE,4/23/2024 12:00:00 AM,NF,4/23/2024 12:00:00 AM,3342534,"RODRIGUEZ, JASON",,,RH ROOSEVELT,395.6,ELECTROLYTES,51191602,AGENTS AFFECTING WATER AND ELECTROLYTES,MEDLINE INDUSTRIES INC,12422
MEDLINE INDUSTRIES INC,2024,"CHEMOTHERAPY SUITE, 12356",MOUNT SINAI QUEENS,B. BRAUN,MISCELLANEOUS EXPENSE,True,True,OPEN,920100,"920100, MISCELLANEOUS EXPENSE",MOUNT SINAI QUEENS,Yes,E8000,B. BRAUN,10/21/2024 12:00:00 AM,M3003973,GOODS,SOL SOD CHL 0.9 PERC 1000ML INJ BAG - SUB 1 FOR L8000E8000BMGE8000,ORAPOS,MISCELLANEOUS EXPENSE,BMGE8000,CHEMOTHERAPY SUITE,12356,MISCELLANEOUS EXPENSE,MSHS-BRAUN-PP-IV,,SOL SOD CHL 0.9 PERC 1000ML INJ BAG - SUB 1 FOR L8000,920100,E8000,2,2,2,2,12,24,24,39.56,39.56,NF,NF,GADSDEN CHONTE,GADSDEN CHONTE,"MISCELLANEOUS EXPENSE 
 
B. BRAUN",Y,12356 CHEMO INFUSION 30-14 CRESCENT ST,"CHEMOTHERAPY SUITE, 12356",MOUNT SINAI QUEENS,ACTIVE,CLOSED,EDI,TRUE,TRUE,39.56,MOUNT SINAI QUEENS,MOUNT SINAI QUEENS,102-107-11-12356-920100-00000000000-000-0000-000-00000-00000----,False,MSHS-BRAUN-PP-IV,Yes,Yes,39.56,8323969,B. BRAUN,B. BRAUN,NF,12,No, ,NO,920100, MISCELLANEOUS EXPENSE,10/18/2024 12:00:00 AM,CLOSED,3-1-1,19.78,OPEN,CASE,10/21/2024 12:00:00 AM,NF,10/18/2024 12:00:00 AM,Q450,FRANCO VIVIAN,,,MOUNT SINAI QUEENS - RECVG MAIN,39.56,NF,NF,NF,MEDLINE INDUSTRIES INC,12422
MEDLINE INDUSTRIES INC,2024,"NURSING ACUTE DIALYSIS-BKL, 11101",MOUNT SINAI BROOKLYN,B. BRAUN MEDICAL,PHARMACEUTICAL PRODUCTS INCL. CONTRACEPTIVES AND VACCINES,True,True,PROCESSED,903037,"903037, MED/SURG DISPOSABLE",MOUNT SINAI BROOKLYN,Yes,E8000,B. BRAUN MEDICAL,7/15/2024 12:00:00 AM,1314081-53148,GOODS,SOL SOD CHL 0.9 PERC 1000ML INJ BAG - SUB 1 FOR L8000E8000BMGE8000,ORAPOS,SODIUM CHLORIDE ELECTROLYTES,BMGE8000,NURSING ACUTE DIALYSIS-BKL,11101,MED/SURG DISPOSABLE,MSHS-BRAUN-PP-IV,MSHS-BRAUN-PP-IV,SOL SOD CHL 0.9 PERC 1000ML INJ BAG - SUB 1 FOR L8000,903037,E8000,2,2,2,2,12,24,24,39.56,39.56,402-407-11-11101-00000000000-0-0,NF,BUYER   CONVERSION,"BUYER, CONVERSION","SODIUM CHLORIDE ELECTROLYTES 
 
B. BRAUN MEDICAL",SYSTEM CREATED,KH 1417 4709,"NURSING ACUTE DIALYSIS-BKL, 11101",MOUNT SINAI BROOKLYN,ACTIVE,CLOSED,EDI,TRUE,TRUE,39.56,CHP,MOUNT SINAI BROOKLYN,4709-900110-07-1417-0000000000-0000-000-000,False,MSHS-BRAUN-PP-IV,Yes,Yes,39.56,8323969,B. BRAUN MEDICAL,B. BRAUN MEDICAL,CA12,12,No, ,NO,903037, MED/SURG DISPOSABLE,7/15/2024 12:00:00 AM,CLOSED,1174-4-1,19.78,APPROVED,CASE,7/15/2024 12:00:00 AM,NF,7/15/2024 12:00:00 AM,3371857,"URBINA, HILZA ROSEL",,,KH KINGS HIGHWAY,39.56,ELECTROLYTES,51191602,AGENTS AFFECTING WATER AND ELECTROLYTES,MEDLINE INDUSTRIES INC,12422
MEDLINE INDUSTRIES INC,2023,"CARDIAC CATHERIZATION, 12605",MOUNT SINAI MORNINGSIDE,B. BRAUN,DRUGS AND PHARMACEUTICAL PRODUCTS,True,True,PROCESSED,903037,"903037, MED/SURG DISPOSABLE",MOUNT SINAI MORNINGSIDE,Yes,E8000,B. BRAUN,12/1/2023 12:00:00 AM,1314081-38435,GOODS,SOL SOD CHL 0.9 PERC 1000ML INJ BAG - SUB 1 FOR L8000E8000BMGE8000,ORAPOS,SODIUM CHLORIDE ELECTROLYTES,BMGE8000,CARDIAC CATHERIZATION,12605,MED/SURG DISPOSABLE,MSHS-BRAUN-PP-IV,MSHS-BRAUN-PP-IV,SOL SOD CHL 0.9 PERC 1000ML INJ BAG - SUB 1 FOR L8000,903037,E8000,1,1,1,1,12,12,12,19.78,19.78,302-302-11-12605-00000000000-0-0,NF,BUYER   CONVERSION,"BUYER, CONVERSION","SODIUM CHLORIDE ELECTROLYTES 
 
B. BRAUN",SYSTEM CREATED,SLCCLSR03A,"CARDIAC CATHERIZATION, 12605",MOUNT SINAI MORNINGSIDE,ACTIVE,CLOSED,EDI,TRUE,TRUE,19.78,CHP,MOUNT SINAI MORNINGSIDE,1109-900110-02-4058-0000000000-0000-000-000,False,MSHS-BRAUN-PP-IV,Yes,Yes,19.78,8323969,B. BRAUN,B. BRAUN,CA12,12,No, ,NO,903037, MED/SURG DISPOSABLE,12/1/2023 12:00:00 AM,CLOSED,1174-2-1,19.78,APPROVED,CASE,12/1/2023 12:00:00 AM,NF,12/1/2023 12:00:00 AM,3290965,"TORRES, ERIKA E",,,SL ST LUKES,19.78,ELECTROLYTES,51191602,AGENTS AFFECTING WATER AND ELECTROLYTES,MEDLINE INDUSTRIES INC,12422
MEDLINE INDUSTRIES INC,2023,"CARDIAC CATHERIZATION, 12605",MOUNT SINAI MORNINGSIDE,B BRAUN,DRUGS AND PHARMACEUTICAL PRODUCTS,True,True,PROCESSED,903037,"903037, MED/SURG DISPOSABLE",MOUNT SINAI MORNINGSIDE,Yes,E8000,B BRAUN,8/24/2023 12:00:00 AM,1314081-31672,GOODS,SOL SOD CHL 0.9 PERC 1000ML INJ BAG - SUB 1 FOR L8000E8000BMGE8000,ORAPOS,SODIUM CHLORIDE ELECTROLYTES,BMGE8000,CARDIAC CATHERIZATION,12605,MED/SURG DISPOSABLE,MSHS-BRAUN-PP-IV,MSHS-BRAUN-PP-IV,SOL SOD CHL 0.9 PERC 1000ML INJ BAG - SUB 1 FOR L8000,903037,E8000,4,4,4,4,12,48,48,79.12,79.12,302-302-11-12605-00000000000-0-0,NF,BUYER   CONVERSION,"BUYER, CONVERSION","SODIUM CHLORIDE ELECTROLYTES 
 
B BRAUN",SYSTEM CREATED,SLCCLSR03A,"CARDIAC CATHERIZATION, 12605",MOUNT SINAI MORNINGSIDE,ACTIVE,CLOSED,EDI,TRUE,TRUE,79.12,CHP,MOUNT SINAI MORNINGSIDE,1109-900110-02-4058-0000000000-0000-000-000,False,MSHS-BRAUN-PP-IV,Yes,Yes,79.12,8323969,B BRAUN,B BRAUN,CA12,12,No, ,NO,903037, MED/SURG DISPOSABLE,8/24/2023 12:00:00 AM,CLOSED,1174-2-1,19.78,APPROVED,CASE,8/24/2023 12:00:00 AM,NF,8/24/2023 12:00:00 AM,3252820,"TORRES, ERIKA E",,,SL ST LUKES,79.12,ELECTROLYTES,51191602,AGENTS AFFECTING WATER AND ELECTROLYTES,MEDLINE INDUSTRIES INC,12422
MEDLINE INDUSTRIES INC,2024,"CARDIAC CATHERIZATION, 12605",MOUNT SINAI MORNINGSIDE,B. BRAUN MEDICAL,PHARMACEUTICAL PRODUCTS INCL. CONTRACEPTIVES AND VACCINES,True,True,PROCESSED,903037,"903037, MED/SURG DISPOSABLE",MOUNT SINAI MORNINGSIDE,Yes,E8000,B. BRAUN MEDICAL,5/24/2024 12:00:00 AM,1314081-49978,GOODS,SOL SOD CHL 0.9 PERC 1000ML INJ BAG - SUB 1 FOR L8000E8000BMGE8000,ORAPOS,SODIUM CHLORIDE ELECTROLYTES,BMGE8000,CARDIAC CATHERIZATION,12605,MED/SURG DISPOSABLE,MSHS-BRAUN-PP-IV,MSHS-BRAUN-PP-IV,SOL SOD CHL 0.9 PERC 1000ML INJ BAG - SUB 1 FOR L8000,903037,E8000,2,2,2,2,12,24,24,39.56,39.56,302-302-11-12605-00000000000-0-0,NF,BUYER   CONVERSION,"BUYER, CONVERSION","SODIUM CHLORIDE ELECTROLYTES 
 
B. BRAUN MEDICAL",SYSTEM CREATED,SL 4058 1109 1,"CARDIAC CATHERIZATION, 12605",MOUNT SINAI MORNINGSIDE,ACTIVE,CLOSED,EDI,TRUE,TRUE,39.56,CHP,MOUNT SINAI MORNINGSIDE,1109-900110-02-4058-0000000000-0000-000-000,False,MSHS-BRAUN-PP-IV,Yes,Yes,39.56,8323969,B. BRAUN MEDICAL,B. BRAUN MEDICAL,CA12,12,No, ,NO,903037, MED/SURG DISPOSABLE,5/24/2024 12:00:00 AM,CLOSED,1174-1-1,19.78,APPROVED,CASE,5/24/2024 12:00:00 AM,NF,5/24/2024 12:00:00 AM,3354785,"SALDANA, ERIKA PALOMA",,,SL ST LUKES,39.56,ELECTROLYTES,51191602,AGENTS AFFECTING WATER AND ELECTROLYTES,MEDLINE INDUSTRIES INC,12422
MEDLINE INDUSTRIES INC,2024,"CARDIAC CATHERIZATION, 12605",MOUNT SINAI MORNINGSIDE,B. BRAUN MEDICAL,PHARMACEUTICAL PRODUCTS INCL. CONTRACEPTIVES AND VACCINES,True,True,PROCESSED,903037,"903037, MED/SURG DISPOSABLE",MOUNT SINAI MORNINGSIDE,Yes,E8000,B. BRAUN MEDICAL,5/16/2024 12:00:00 AM,1314081-49403,GOODS,SOL SOD CHL 0.9 PERC 1000ML INJ BAG - SUB 1 FOR L8000E8000BMGE8000,ORAPOS,SODIUM CHLORIDE ELECTROLYTES,BMGE8000,CARDIAC CATHERIZATION,12605,MED/SURG DISPOSABLE,MSHS-BRAUN-PP-IV,MSHS-BRAUN-PP-IV,SOL SOD CHL 0.9 PERC 1000ML INJ BAG - SUB 1 FOR L8000,903037,E8000,2,2,2,2,12,24,24,39.56,39.56,302-302-11-12605-00000000000-0-0,NF,BUYER   CONVERSION,"BUYER, CONVERSION","SODIUM CHLORIDE ELECTROLYTES 
 
B. BRAUN MEDICAL",SYSTEM CREATED,SLCCLSR03A,"CARDIAC CATHERIZATION, 12605",MOUNT SINAI MORNINGSIDE,ACTIVE,CLOSED,EDI,TRUE,TRUE,39.56,CHP,MOUNT SINAI MORNINGSIDE,1109-900110-02-4058-0000000000-0000-000-000,False,MSHS-BRAUN-PP-IV,Yes,Yes,39.56,8323969,B. BRAUN MEDICAL,B. BRAUN MEDICAL,CA12,12,No, ,NO,903037, MED/SURG DISPOSABLE,5/16/2024 12:00:00 AM,CLOSED,1174-3-1,19.78,APPROVED,CASE,5/16/2024 12:00:00 AM,NF,5/16/2024 12:00:00 AM,3351722,"TORRES, ERIKA E",,,SL ST LUKES,39.56,ELECTROLYTES,51191602,AGENTS AFFECTING WATER AND ELECTROLYTES,MEDLINE INDUSTRIES INC,12422
MEDLINE INDUSTRIES INC,2024,"PHARMACY, 21300",MOUNT SINAI WEST,B. BRAUN,PHARMACEUTICAL PRODUCTS INCL. CONTRACEPTIVES AND VACCINES,True,True,PROCESSED,903037,"903037, MED/SURG DISPOSABLE",MOUNT SINAI WEST,Yes,E8000,B. BRAUN,7/23/2024 12:00:00 AM,1314081-53625,GOODS,SOL SOD CHL 0.9 PERC 1000ML INJ BAG - SUB 1 FOR L8000E8000BMGE8000,ORAPOS,SODIUM CHLORIDE ELECTROLYTES,BMGE8000,PHARMACY,21300,MED/SURG DISPOSABLE,MSHS-BRAUN-PP-IV,MSHS-BRAUN-PP-IV,SOL SOD CHL 0.9 PERC 1000ML INJ BAG - SUB 1 FOR L8000,903037,E8000,3,3,3,3,12,36,36,59.34,59.34,301-301-11-21300-00000000000-0-0,NF,BUYER   CONVERSION,"BUYER, CONVERSION","SODIUM CHLORIDE ELECTROLYTES 
 
B. BRAUN",SYSTEM CREATED,RH 9400 1109,"PHARMACY, 21300",MOUNT SINAI WEST,ACTIVE,CLOSED,EDI,TRUE,TRUE,59.34,CHP,MOUNT SINAI WEST,1109-900110-01-9400-0000000000-0000-000-000,False,MSHS-BRAUN-PP-IV,Yes,Yes,59.34,8323969,B. BRAUN,B. BRAUN,CA12,12,No, ,NO,903037, MED/SURG DISPOSABLE,7/23/2024 12:00:00 AM,CLOSED,1174-1-1,19.78,APPROVED,CASE,7/23/2024 12:00:00 AM,NF,7/23/2024 12:00:00 AM,3374662,"KELLY, DAVID FRANKLIN",,,RH ROOSEVELT,59.34,ELECTROLYTES,51191602,AGENTS AFFECTING WATER AND ELECTROLYTES,MEDLINE INDUSTRIES INC,12422
MEDLINE INDUSTRIES INC,2025,"RTC PHARMACY, 12318",MOUNT SINAI HOSPITAL,B. BRAUN,IV SOLUTIONS,True,True,CLOSED,903033,"903033, IV SOLUTIONS",MOUNT SINAI HOSPITAL,Yes,E8000,B. BRAUN,3/7/2025 12:00:00 AM,M3068192,GOODS,SOL SOD CHL 0.9 PERC 1000ML INJ BAG - SUB 1 FOR L8000E8000BMGE8000,ORAPOS,IV SOLUTIONS,BMGE8000,RTC PHARMACY,12318,IV SOLUTIONS,MSHS-BRAUN-PP-IV,,SOL SOD CHL 0.9 PERC 1000ML INJ BAG - SUB 1 FOR L8000,903033,E8000,4,4,4,4,12,48,48,83.08,83.08,NF,NF,REYES ILICH,REYES ILICH,"IV SOLUTIONS 
 
B. BRAUN",Y,12318 RTC PHARMACY CSM 4TH FL RM 105,"RTC PHARMACY, 12318",MOUNT SINAI HOSPITAL,ACTIVE,CLOSED,EDI,TRUE,TRUE,83.08,MOUNT SINAI HOSPITAL,MOUNT SINAI HOSPITAL,101-101-11-12318-903033-00000000000-000-0000-000-00000-00000----,False,MSHS-BRAUN-PP-IV,Yes,Yes,83.08,8323969,B. BRAUN,B. BRAUN,NF,12,No, ,NO,903033, IV SOLUTIONS,3/7/2025 12:00:00 AM,CLOSED,1-1-1,20.77,CLOSED,CASE,3/7/2025 12:00:00 AM,NF,3/7/2025 12:00:00 AM,M36468,REYES LUCY,,,MOUNT SINAI HOSPITAL - RECVG MAIN,83.08,NF,NF,NF,MEDLINE INDUSTRIES INC,12422
MEDLINE INDUSTRIES INC,2024,"PHARMACY, 21300",MOUNT SINAI MORNINGSIDE,B. BRAUN,IV SOLUTIONS,True,True,CLOSED,903033,"903033, IV SOLUTIONS",MOUNT SINAI MORNINGSIDE,Yes,E8000,B. BRAUN,10/11/2024 12:00:00 AM,W1001229,GOODS,SOL SOD CHL 0.9 PERC 1000ML INJ BAG - SUB 1 FOR L8000E8000BMGE8000,ORAPOS,IV SOLUTIONS,BMGE8000,PHARMACY,21300,IV SOLUTIONS,MSHS-BRAUN-PP-IV,,SOL SOD CHL 0.9 PERC 1000ML INJ BAG - SUB 1 FOR L8000,903033,E8000,6,6,6,6,12,72,72,118.68,118.68,NF,NF,BANNERMAN TRACEY,BANNERMAN TRACEY,"IV SOLUTIONS 
 
B. BRAUN",Y,1111 AMSTERDAM AVE BABCOCK 2 PRMCY BABCOCK 2 PHARMACY,"PHARMACY, 21300",MOUNT SINAI MORNINGSIDE,ACTIVE,CLOSED,EDI,TRUE,TRUE,118.68,MOUNT SINAI MORNINGSIDE,MOUNT SINAI MORNINGSIDE,302-302-11-21300-903033-00000000000-000-0000-000-00000-00000----,False,MSHS-BRAUN-PP-IV,Yes,Yes,118.68,8323969,B. BRAUN,B. BRAUN,NF,12,No, ,NO,903033, IV SOLUTIONS,10/11/2024 12:00:00 AM,CLOSED,1-1-1,19.78,CLOSED,CASE,10/11/2024 12:00:00 AM,NF,10/11/2024 12:00:00 AM,L454,HURRY NICOLA,,,MOUNT SINAI MORNINGSIDE - RECVG MAIN,118.68,NF,NF,NF,MEDLINE INDUSTRIES INC,12422
MEDLINE INDUSTRIES INC,2025,"PHARMACY, 21300",MOUNT SINAI HOSPITAL,B. BRAUN,IV SOLUTIONS,True,True,CLOSED,903033,"903033, IV SOLUTIONS",MOUNT SINAI HOSPITAL,Yes,E8000,B. BRAUN,6/20/2025 12:00:00 AM,M3115172,GOODS,SOL SOD CHL 0.9 PERC 1000ML INJ BAG - SUB 1 FOR L8000E8000BMGE8000,ORAPOS,IV SOLUTIONS,BMGE8000,PHARMACY,21300,IV SOLUTIONS,MSHS-BRAUN-PP-IV,,SOL SOD CHL 0.9 PERC 1000ML INJ BAG - SUB 1 FOR L8000,903033,E8000,15,0,15,15,12,180,180,0,0,NF,NF,BANNERMAN TRACEY,BANNERMAN TRACEY,"IV SOLUTIONS 
 
B. BRAUN",Y,21300 RXSAT MNF ANN B2-06,"PHARMACY, 21300",MOUNT SINAI HOSPITAL,ACTIVE,CLOSED,EDI,TRUE,TRUE,290.7,MOUNT SINAI HOSPITAL,MOUNT SINAI HOSPITAL,101-101-11-21300-903033-00000000000-000-0000-000-00000-00000----,False,MSHS-BRAUN-PP-IV,Yes,Yes,0,8323969,B. BRAUN,B. BRAUN,NF,12,No, ,NO,903033, IV SOLUTIONS,6/20/2025 12:00:00 AM,CLOSED FOR RECEIVING,1-1-1,19.38,CLOSED FOR RECEIVING,CASE,6/20/2025 12:00:00 AM,NF,6/20/2025 12:00:00 AM,M61975,ACEVEDO NELSON,,,MOUNT SINAI HOSPITAL - RECVG MAIN,290.7,NF,NF,NF,MEDLINE INDUSTRIES INC,12422
MEDLINE INDUSTRIES INC,2024,"NURSING ACUTE DIALYSIS-BKL, 11101",MOUNT SINAI BROOKLYN,B. BRAUN MEDICAL,PHARMACEUTICAL PRODUCTS INCL. CONTRACEPTIVES AND VACCINES,True,True,PROCESSED,903037,"903037, MED/SURG DISPOSABLE",MOUNT SINAI BROOKLYN,Yes,E8000,B. BRAUN MEDICAL,5/20/2024 12:00:00 AM,1314081-49629,GOODS,SOL SOD CHL 0.9 PERC 1000ML INJ BAG - SUB 1 FOR L8000E8000BMGE8000,ORAPOS,SODIUM CHLORIDE ELECTROLYTES,BMGE8000,NURSING ACUTE DIALYSIS-BKL,11101,MED/SURG DISPOSABLE,MSHS-BRAUN-PP-IV,MSHS-BRAUN-PP-IV,SOL SOD CHL 0.9 PERC 1000ML INJ BAG - SUB 1 FOR L8000,903037,E8000,4,4,4,4,12,48,48,79.12,79.12,402-407-11-11101-00000000000-0-0,NF,BUYER   CONVERSION,"BUYER, CONVERSION","SODIUM CHLORIDE ELECTROLYTES 
 
B. BRAUN MEDICAL",SYSTEM CREATED,KH 1417 4709,"NURSING ACUTE DIALYSIS-BKL, 11101",MOUNT SINAI BROOKLYN,ACTIVE,CLOSED,EDI,TRUE,TRUE,79.12,CHP,MOUNT SINAI BROOKLYN,4709-900110-07-1417-0000000000-0000-000-000,False,MSHS-BRAUN-PP-IV,Yes,Yes,79.12,8323969,B. BRAUN MEDICAL,B. BRAUN MEDICAL,CA12,12,No, ,NO,903037, MED/SURG DISPOSABLE,5/20/2024 12:00:00 AM,CLOSED,1174-3-1,19.78,APPROVED,CASE,5/20/2024 12:00:00 AM,NF,5/20/2024 12:00:00 AM,3352415,"URBINA, HILZA ROSEL",,,KH KINGS HIGHWAY,79.12,ELECTROLYTES,51191602,AGENTS AFFECTING WATER AND ELECTROLYTES,MEDLINE INDUSTRIES INC,12422
MEDLINE INDUSTRIES INC,2023,"CARDIAC CATHERIZATION, 12605",MOUNT SINAI MORNINGSIDE,B BRAUN,DRUGS AND PHARMACEUTICAL PRODUCTS,True,True,PROCESSED,903037,"903037, MED/SURG DISPOSABLE",MOUNT SINAI MORNINGSIDE,Yes,E8000,B BRAUN,10/10/2023 12:00:00 AM,1314081-34799,GOODS,SOL SOD CHL 0.9 PERC 1000ML INJ BAG - SUB 1 FOR L8000E8000BMGE8000,ORAPOS,SODIUM CHLORIDE ELECTROLYTES,BMGE8000,CARDIAC CATHERIZATION,12605,MED/SURG DISPOSABLE,MSHS-BRAUN-PP-IV,MSHS-BRAUN-PP-IV,SOL SOD CHL 0.9 PERC 1000ML INJ BAG - SUB 1 FOR L8000,903037,E8000,1,1,1,1,12,12,12,19.78,19.78,302-302-11-12605-00000000000-0-0,NF,BUYER   CONVERSION,"BUYER, CONVERSION","SODIUM CHLORIDE ELECTROLYTES 
 
B BRAUN",SYSTEM CREATED,SLCCLSR03A,"CARDIAC CATHERIZATION, 12605",MOUNT SINAI MORNINGSIDE,ACTIVE,CLOSED,EDI,TRUE,TRUE,19.78,CHP,MOUNT SINAI MORNINGSIDE,1109-900110-02-4058-0000000000-0000-000-000,False,MSHS-BRAUN-PP-IV,Yes,Yes,19.78,8323969,B BRAUN,B BRAUN,CA12,12,No, ,NO,903037, MED/SURG DISPOSABLE,10/10/2023 12:00:00 AM,CLOSED,1174-2-1,19.78,APPROVED,CASE,10/10/2023 12:00:00 AM,NF,10/10/2023 12:00:00 AM,3270577,"TORRES, ERIKA E",,,SL ST LUKES,19.78,ELECTROLYTES,51191602,AGENTS AFFECTING WATER AND ELECTROLYTES,MEDLINE INDUSTRIES INC,12422
MEDLINE INDUSTRIES INC,2024,"CARDIAC CATHERIZATION, 12605",MOUNT SINAI MORNINGSIDE,B. BRAUN MEDICAL,PHARMACEUTICAL PRODUCTS INCL. CONTRACEPTIVES AND VACCINES,True,True,PROCESSED,903037,"903037, MED/SURG DISPOSABLE",MOUNT SINAI MORNINGSIDE,Yes,E8000,B. BRAUN MEDICAL,5/9/2024 12:00:00 AM,1314081-48902,GOODS,SOL SOD CHL 0.9 PERC 1000ML INJ BAG - SUB 1 FOR L8000E8000BMGE8000,ORAPOS,SODIUM CHLORIDE ELECTROLYTES,BMGE8000,CARDIAC CATHERIZATION,12605,MED/SURG DISPOSABLE,MSHS-BRAUN-PP-IV,MSHS-BRAUN-PP-IV,SOL SOD CHL 0.9 PERC 1000ML INJ BAG - SUB 1 FOR L8000,903037,E8000,2,2,2,2,12,24,24,39.56,39.56,302-302-11-12605-00000000000-0-0,NF,BUYER   CONVERSION,"BUYER, CONVERSION","SODIUM CHLORIDE ELECTROLYTES 
 
B. BRAUN MEDICAL",SYSTEM CREATED,SLCCLSR03A,"CARDIAC CATHERIZATION, 12605",MOUNT SINAI MORNINGSIDE,ACTIVE,CLOSED,EDI,TRUE,TRUE,39.56,CHP,MOUNT SINAI MORNINGSIDE,1109-900110-02-4058-0000000000-0000-000-000,False,MSHS-BRAUN-PP-IV,Yes,Yes,39.56,8323969,B. BRAUN MEDICAL,B. BRAUN MEDICAL,CA12,12,No, ,NO,903037, MED/SURG DISPOSABLE,5/9/2024 12:00:00 AM,CLOSED,1174-3-1,19.78,APPROVED,CASE,5/9/2024 12:00:00 AM,NF,5/9/2024 12:00:00 AM,3348921,"TORRES, ERIKA E",,,SL ST LUKES,39.56,ELECTROLYTES,51191602,AGENTS AFFECTING WATER AND ELECTROLYTES,MEDLINE INDUSTRIES INC,12422
MEDLINE INDUSTRIES INC,2024,"CARDIAC CATHERIZATION, 12605",MOUNT SINAI MORNINGSIDE,B. BRAUN MEDICAL,PHARMACEUTICAL PRODUCTS INCL. CONTRACEPTIVES AND VACCINES,True,True,PROCESSED,903037,"903037, MED/SURG DISPOSABLE",MOUNT SINAI MORNINGSIDE,Yes,E8000,B. BRAUN MEDICAL,7/2/2024 12:00:00 AM,1314081-52377,GOODS,SOL SOD CHL 0.9 PERC 1000ML INJ BAG - SUB 1 FOR L8000E8000BMGE8000,ORAPOS,SODIUM CHLORIDE ELECTROLYTES,BMGE8000,CARDIAC CATHERIZATION,12605,MED/SURG DISPOSABLE,MSHS-BRAUN-PP-IV,MSHS-BRAUN-PP-IV,SOL SOD CHL 0.9 PERC 1000ML INJ BAG - SUB 1 FOR L8000,903037,E8000,3,3,3,3,12,36,36,59.34,59.34,302-302-11-12605-00000000000-0-0,NF,BUYER   CONVERSION,"BUYER, CONVERSION","SODIUM CHLORIDE ELECTROLYTES 
 
B. BRAUN MEDICAL",SYSTEM CREATED,SLCCLSR03A,"CARDIAC CATHERIZATION, 12605",MOUNT SINAI MORNINGSIDE,ACTIVE,CLOSED,EDI,TRUE,TRUE,59.34,CHP,MOUNT SINAI MORNINGSIDE,1109-900110-02-4058-0000000000-0000-000-000,False,MSHS-BRAUN-PP-IV,Yes,Yes,59.34,8323969,B. BRAUN MEDICAL,B. BRAUN MEDICAL,NF,12,No, ,NO,903037, MED/SURG DISPOSABLE,7/2/2024 12:00:00 AM,CLOSED,1174-3-1,19.78,APPROVED,CASE,7/2/2024 12:00:00 AM,NF,7/2/2024 12:00:00 AM,3367851,"TORRES, ERIKA E",,,SL ST LUKES,59.34,ELECTROLYTES,51191602,AGENTS AFFECTING WATER AND ELECTROLYTES,MEDLINE INDUSTRIES INC,12422
MEDLINE INDUSTRIES INC,2024,"CARDIAC CATHERIZATION, 12605",MOUNT SINAI MORNINGSIDE,B. BRAUN MEDICAL,PHARMACEUTICAL PRODUCTS INCL. CONTRACEPTIVES AND VACCINES,True,True,PROCESSED,903037,"903037, MED/SURG DISPOSABLE",MOUNT SINAI MORNINGSIDE,Yes,E8000,B. BRAUN MEDICAL,5/21/2024 12:00:00 AM,1314081-49654,GOODS,SOL SOD CHL 0.9 PERC 1000ML INJ BAG - SUB 1 FOR L8000E8000BMGE8000,ORAPOS,SODIUM CHLORIDE ELECTROLYTES,BMGE8000,CARDIAC CATHERIZATION,12605,MED/SURG DISPOSABLE,MSHS-BRAUN-PP-IV,MSHS-BRAUN-PP-IV,SOL SOD CHL 0.9 PERC 1000ML INJ BAG - SUB 1 FOR L8000,903037,E8000,2,2,2,2,12,24,24,39.56,39.56,302-302-11-12605-00000000000-0-0,NF,BUYER   CONVERSION,"BUYER, CONVERSION","SODIUM CHLORIDE ELECTROLYTES 
 
B. BRAUN MEDICAL",SYSTEM CREATED,SLCCLSR03A,"CARDIAC CATHERIZATION, 12605",MOUNT SINAI MORNINGSIDE,ACTIVE,CLOSED,EDI,TRUE,TRUE,39.56,CHP,MOUNT SINAI MORNINGSIDE,1109-900110-02-4058-0000000000-0000-000-000,False,MSHS-BRAUN-PP-IV,Yes,Yes,39.56,8323969,B. BRAUN MEDICAL,B. BRAUN MEDICAL,CA12,12,No, ,NO,903037, MED/SURG DISPOSABLE,5/21/2024 12:00:00 AM,CLOSED,1174-1-1,19.78,APPROVED,CASE,5/21/2024 12:00:00 AM,NF,5/21/2024 12:00:00 AM,3352987,"TORRES, ERIKA E",,,SL ST LUKES,39.56,ELECTROLYTES,51191602,AGENTS AFFECTING WATER AND ELECTROLYTES,MEDLINE INDUSTRIES INC,12422
MEDLINE INDUSTRIES INC,2024,"RTC PHARMACY, 12318",MOUNT SINAI HOSPITAL,B. BRAUN,IV SOLUTIONS,True,True,CLOSED,903033,"903033, IV SOLUTIONS",MOUNT SINAI HOSPITAL,Yes,E8000,B. BRAUN,10/22/2024 12:00:00 AM,M3004804,GOODS,SOL SOD CHL 0.9 PERC 1000ML INJ BAG - SUB 1 FOR L8000E8000BMGE8000,ORAPOS,IV SOLUTIONS,BMGE8000,RTC PHARMACY,12318,IV SOLUTIONS,MSHS-BRAUN-PP-IV,,SOL SOD CHL 0.9 PERC 1000ML INJ BAG - SUB 1 FOR L8000,903033,E8000,1,1,1,1,12,12,12,19.78,19.78,NF,NF,DOUSE YVONNE,DOUSE YVONNE,"IV SOLUTIONS 
 
B. BRAUN",Y,12318 RTC PHARMACY CSM 4TH FL RM 105,"RTC PHARMACY, 12318",MOUNT SINAI HOSPITAL,ACTIVE,CLOSED,EDI,TRUE,TRUE,19.78,MOUNT SINAI HOSPITAL,MOUNT SINAI HOSPITAL,101-101-11-12318-903033-00000000000-000-0000-000-00000-00000----,False,MSHS-BRAUN-PP-IV,Yes,Yes,19.78,8323969,B. BRAUN,B. BRAUN,NF,12,No, ,NO,903033, IV SOLUTIONS,10/22/2024 12:00:00 AM,CLOSED,6-1-1,19.78,CLOSED,CASE,10/22/2024 12:00:00 AM,NF,10/22/2024 12:00:00 AM,M3700,REYES LUCY,,,MOUNT SINAI HOSPITAL - RECVG MAIN,19.78,NF,NF,NF,MEDLINE INDUSTRIES INC,12422
MEDLINE INDUSTRIES INC,2024,"NURSING ACUTE DIALYSIS-BKL, 11101",MOUNT SINAI BROOKLYN,B. BRAUN,PHARMACEUTICAL PRODUCTS INCL. CONTRACEPTIVES AND VACCINES,True,True,PROCESSED,903037,"903037, MED/SURG DISPOSABLE",MOUNT SINAI BROOKLYN,Yes,E8000,B. BRAUN,9/3/2024 12:00:00 AM,1314081-56257,GOODS,SOL SOD CHL 0.9 PERC 1000ML INJ BAG - SUB 1 FOR L8000E8000BMGE8000,ORAPOS,SODIUM CHLORIDE ELECTROLYTES,BMGE8000,NURSING ACUTE DIALYSIS-BKL,11101,MED/SURG DISPOSABLE,MSHS-BRAUN-PP-IV,MSHS-BRAUN-PP-IV,SOL SOD CHL 0.9 PERC 1000ML INJ BAG - SUB 1 FOR L8000,903037,E8000,4,4,4,4,12,48,48,79.12,79.12,402-407-11-11101-00000000000-0-0,NF,BUYER   CONVERSION,"BUYER, CONVERSION","SODIUM CHLORIDE ELECTROLYTES 
 
B. BRAUN",SYSTEM CREATED,KH 1417 4709,"NURSING ACUTE DIALYSIS-BKL, 11101",MOUNT SINAI BROOKLYN,ACTIVE,CLOSED,EDI,TRUE,TRUE,79.12,CHP,MOUNT SINAI BROOKLYN,4709-900110-07-1417-0000000000-0000-000-000,False,MSHS-BRAUN-PP-IV,Yes,Yes,79.12,8323969,B. BRAUN,B. BRAUN,CA12,12,No, ,NO,903037, MED/SURG DISPOSABLE,9/3/2024 12:00:00 AM,CLOSED,1174-5-1,19.78,APPROVED,CASE,9/3/2024 12:00:00 AM,NF,9/3/2024 12:00:00 AM,3388983,"URBINA, HILZA ROSEL",,,KH KINGS HIGHWAY,79.12,ELECTROLYTES,51191602,AGENTS AFFECTING WATER AND ELECTROLYTES,MEDLINE INDUSTRIES INC,12422
MEDLINE INDUSTRIES INC,2024,"CARDIAC CATHERIZATION, 12605",MOUNT SINAI MORNINGSIDE,B. BRAUN,PHARMACEUTICAL PRODUCTS INCL. CONTRACEPTIVES AND VACCINES,True,True,PROCESSED,903037,"903037, MED/SURG DISPOSABLE",MOUNT SINAI MORNINGSIDE,Yes,E8000,B. BRAUN,7/30/2024 12:00:00 AM,1314081-54095,GOODS,SOL SOD CHL 0.9 PERC 1000ML INJ BAG - SUB 1 FOR L8000E8000BMGE8000,ORAPOS,SODIUM CHLORIDE ELECTROLYTES,BMGE8000,CARDIAC CATHERIZATION,12605,MED/SURG DISPOSABLE,MSHS-BRAUN-PP-IV,MSHS-BRAUN-PP-IV,SOL SOD CHL 0.9 PERC 1000ML INJ BAG - SUB 1 FOR L8000,903037,E8000,3,3,3,3,12,36,36,59.34,59.34,302-302-11-12605-00000000000-0-0,NF,BUYER   CONVERSION,"BUYER, CONVERSION","SODIUM CHLORIDE ELECTROLYTES 
 
B. BRAUN",SYSTEM CREATED,SL 4058 1109 1,"CARDIAC CATHERIZATION, 12605",MOUNT SINAI MORNINGSIDE,ACTIVE,CLOSED,EDI,TRUE,TRUE,59.34,CHP,MOUNT SINAI MORNINGSIDE,1109-900110-02-4058-0000000000-0000-000-000,False,MSHS-BRAUN-PP-IV,Yes,Yes,59.34,8323969,B. BRAUN,B. BRAUN,NF,12,No, ,NO,903037, MED/SURG DISPOSABLE,7/30/2024 12:00:00 AM,CLOSED,1174-3-1,19.78,APPROVED,CASE,7/30/2024 12:00:00 AM,NF,7/30/2024 12:00:00 AM,3374423,"GAMBLE, JAZZMIN",,,SL ST LUKES,59.34,ELECTROLYTES,51191602,AGENTS AFFECTING WATER AND ELECTROLYTES,MEDLINE INDUSTRIES INC,12422
MEDLINE INDUSTRIES INC,2024,"CARDIAC CATHERIZATION, 12605",MOUNT SINAI MORNINGSIDE,B. BRAUN,PHARMACEUTICAL PRODUCTS INCL. CONTRACEPTIVES AND VACCINES,True,True,PROCESSED,903037,"903037, MED/SURG DISPOSABLE",MOUNT SINAI MORNINGSIDE,Yes,E8000,B. BRAUN,9/16/2024 12:00:00 AM,1314081-57153,GOODS,SOL SOD CHL 0.9 PERC 1000ML INJ BAG - SUB 1 FOR L8000E8000BMGE8000,ORAPOS,SODIUM CHLORIDE ELECTROLYTES,BMGE8000,CARDIAC CATHERIZATION,12605,MED/SURG DISPOSABLE,MSHS-BRAUN-PP-IV,MSHS-BRAUN-PP-IV,SOL SOD CHL 0.9 PERC 1000ML INJ BAG - SUB 1 FOR L8000,903037,E8000,1,1,1,1,12,12,12,19.78,19.78,302-302-11-12605-00000000000-0-0,NF,BUYER   CONVERSION,"BUYER, CONVERSION","SODIUM CHLORIDE ELECTROLYTES 
 
B. BRAUN",SYSTEM CREATED,SLCCLSR03A,"CARDIAC CATHERIZATION, 12605",MOUNT SINAI MORNINGSIDE,ACTIVE,CLOSED,EDI,TRUE,TRUE,19.78,CHP,MOUNT SINAI MORNINGSIDE,1109-900110-02-4058-0000000000-0000-000-000,False,MSHS-BRAUN-PP-IV,Yes,Yes,19.78,8323969,B. BRAUN,B. BRAUN,CA12,12,No, ,NO,903037, MED/SURG DISPOSABLE,9/16/2024 12:00:00 AM,CLOSED,1174-4-1,19.78,APPROVED,CASE,9/16/2024 12:00:00 AM,NF,9/16/2024 12:00:00 AM,3393737,"TORRES, ERIKA E",,,SL ST LUKES,19.78,ELECTROLYTES,51191602,AGENTS AFFECTING WATER AND ELECTROLYTES,MEDLINE INDUSTRIES INC,12422
MEDLINE INDUSTRIES INC,2024,"MATERIALS MANAGEMENT STORE ROOM, 60404",MOUNT SINAI BETH ISRAEL,B. BRAUN,PHARMACEUTICAL PRODUCTS INCL. CONTRACEPTIVES AND VACCINES,True,True,PROCESSED,903037,"903037, MED/SURG DISPOSABLE",MOUNT SINAI BETH ISRAEL,Yes,E8000,B. BRAUN,9/23/2024 12:00:00 AM,1314081-57587,GOODS,SOL SOD CHL 0.9 PERC 1000ML INJ BAG - SUB 1 FOR L8000E8000BMGE8000,ORAPOS,SODIUM CHLORIDE ELECTROLYTES,BMGE8000,MATERIALS MANAGEMENT STORE ROOM,60404,MED/SURG DISPOSABLE,MSHS-BRAUN-PP-IV,MSHS-BRAUN-PP-IV,SOL SOD CHL 0.9 PERC 1000ML INJ BAG - SUB 1 FOR L8000,903037,E8000,4,4,0,4,12,48,48,79.12,79.12,401-954-11-60404-00000000000-0-0,NF,BUYER   CONVERSION,"BUYER, CONVERSION","SODIUM CHLORIDE ELECTROLYTES 
 
B. BRAUN",SYSTEM CREATED,CP 8835 4409,"MATERIALS MANAGEMENT STORE ROOM, 60404",MOUNT SINAI BETH ISRAEL,ACTIVE,CLOSED,EDI,TRUE,TRUE,79.12,CHP,MOUNT SINAI BETH ISRAEL,4409-900110-00-8835-0000000000-0000-000-000,False,MSHS-BRAUN-PP-IV,Yes,Yes,79.12,8323969,B. BRAUN,B. BRAUN,CA12,12,No, ,NO,903037, MED/SURG DISPOSABLE,9/23/2024 12:00:00 AM,CLOSED FOR INVOICE,1174-1-1,19.78,APPROVED,CASE,9/23/2024 12:00:00 AM,NF,9/23/2024 12:00:00 AM,3396370,"PANEQUE, RUBY",,,MT SINAI BETH ISRAEL,79.12,ELECTROLYTES,51191602,AGENTS AFFECTING WATER AND ELECTROLYTES,MEDLINE INDUSTRIES INC,12422
MEDLINE INDUSTRIES INC,2025,"CHEMOTHERAPY SUITE, 12356",MOUNT SINAI QUEENS,B. BRAUN,MISCELLANEOUS EXPENSE,True,True,OPEN,920100,"920100, MISCELLANEOUS EXPENSE",MOUNT SINAI QUEENS,Yes,E8000,B. BRAUN,3/15/2025 12:00:00 AM,M3000098,GOODS,SOL SOD CHL 0.9 PERC 1000ML INJ BAG - SUB 1 FOR L8000E8000BMGE8000,ORAPOS,MISCELLANEOUS EXPENSE,BMGE8000,CHEMOTHERAPY SUITE,12356,MISCELLANEOUS EXPENSE,MSHS-BRAUN-PP-IV,,SOL SOD CHL 0.9 PERC 1000ML INJ BAG - SUB 1 FOR L8000,920100,E8000,1,1,1,1,12,12,12,19.78,19.78,NF,NF,CALLENDER SHANTE,CALLENDER SHANTE,"MISCELLANEOUS EXPENSE 
 
B. BRAUN",Y,12356 CHEMO INFUSION 30-14 CRESCENT ST,"CHEMOTHERAPY SUITE, 12356",MOUNT SINAI QUEENS,ACTIVE,CLOSED,EDI,TRUE,TRUE,19.78,MOUNT SINAI QUEENS,MOUNT SINAI QUEENS,402-407-11-12356-920100-00000000000-000-0000-000-00000-00000----,False,MSHS-BRAUN-PP-IV,Yes,Yes,19.78,8323969,B. BRAUN,B. BRAUN,NF,12,No, ,NO,920100, MISCELLANEOUS EXPENSE,10/10/2024 12:00:00 AM,CLOSED,2-1-1,19.78,OPEN,CASE,3/15/2025 12:00:00 AM,NF,10/10/2024 12:00:00 AM,Q236,FRANCO VIVIAN,,,MOUNT SINAI QUEENS - RECVG MAIN,19.78,NF,NF,NF,MEDLINE INDUSTRIES INC,12422
MEDLINE INDUSTRIES INC,2023,"CARDIAC CATHERIZATION, 12605",MOUNT SINAI MORNINGSIDE,B BRAUN,DRUGS AND PHARMACEUTICAL PRODUCTS,True,True,PROCESSED,903037,"903037, MED/SURG DISPOSABLE",MOUNT SINAI MORNINGSIDE,Yes,E8000,B BRAUN,11/13/2023 12:00:00 AM,1418364,GOODS,SOL SOD CHL 0.9 PERC 1000ML INJ BAG - SUB 1 FOR L8000E8000BMGE8000,ORAPOS,SODIUM CHLORIDE ELECTROLYTES,BMGE8000,CARDIAC CATHERIZATION,12605,MED/SURG DISPOSABLE,MSHS-BRAUN-PP-IV,MSHS-BRAUN-PP-IV,SOL SOD CHL 0.9 PERC 1000ML INJ BAG - SUB 1 FOR L8000,903037,E8000,2,2,2,2,12,24,24,39.56,39.56,302-302-11-12605-00000000000-0-0,NF,BANNERMAN   TRACEY,"BANNERMAN, TRACEY","SODIUM CHLORIDE ELECTROLYTES 
 
B BRAUN",BUYER CREATED,SLCCLSR03A,"CARDIAC CATHERIZATION, 12605",MOUNT SINAI MORNINGSIDE,ACTIVE,CLOSED,EDI,TRUE,TRUE,39.56,CHP,MOUNT SINAI MORNINGSIDE,1109-900110-02-4058-0000000000-0000-000-000,False,MSHS-BRAUN-PP-IV,Yes,Yes,39.56,8323969,B BRAUN,B BRAUN,CA12,12,No, ,NO,903037, MED/SURG DISPOSABLE,11/13/2023 12:00:00 AM,CLOSED,1-1-1,19.78,APPROVED,CASE,11/13/2023 12:00:00 AM,NF,11/13/2023 12:00:00 AM,3284027,"TORRES, ERIKA E",,,SL ST LUKES,39.56,ELECTROLYTES,51191602,AGENTS AFFECTING WATER AND ELECTROLYTES,MEDLINE INDUSTRIES INC,12422
MEDLINE INDUSTRIES INC,2024,"PHARMACY, 21300",MOUNT SINAI WEST VILLAGE,B. BRAUN MEDICAL,PHARMACEUTICAL PRODUCTS INCL. CONTRACEPTIVES AND VACCINES,True,True,PROCESSED,903037,"903037, MED/SURG DISPOSABLE",MOUNT SINAI WEST VILLAGE,Yes,E8000,B. BRAUN MEDICAL,7/1/2024 12:00:00 AM,1458263,GOODS,SOL SOD CHL 0.9 PERC 1000ML INJ BAG - SUB 1 FOR L8000E8000BMGE8000,ORAPOS,SODIUM CHLORIDE ELECTROLYTES,BMGE8000,PHARMACY,21300,MED/SURG DISPOSABLE,MSHS-BRAUN-PP-IV,MSHS-BRAUN-PP-IV,SOL SOD CHL 0.9 PERC 1000ML INJ BAG - SUB 1 FOR L8000,903037,E8000,1,1,1,1,12,12,12,19.78,19.78,408-958-11-21300-00000000000-0-0,NF,BANNERMAN   TRACEY,"BANNERMAN, TRACEY","SODIUM CHLORIDE ELECTROLYTES 
 
B. BRAUN MEDICAL",BUYER CREATED,WV 9400 5009,"PHARMACY, 21300",MOUNT SINAI WEST VILLAGE,ACTIVE,CLOSED,MANUAL FAX/PHONE,TRUE,TRUE,19.78,CHP,MOUNT SINAI WEST VILLAGE,5009-900110-80-9400-0000000000-0000-000-000,False,MSHS-BRAUN-PP-IV,Yes,Yes,19.78,8323969,B. BRAUN MEDICAL,B. BRAUN MEDICAL,NF,12,No, ,NO,903037, MED/SURG DISPOSABLE,7/1/2024 12:00:00 AM,CLOSED,1-1-1,19.78,APPROVED,CASE,7/1/2024 12:00:00 AM,NF,7/1/2024 12:00:00 AM,3367089,"WARE, PAUL A",,,WV WEST VILLAGE,19.78,ELECTROLYTES,51191602,AGENTS AFFECTING WATER AND ELECTROLYTES,MEDLINE INDUSTRIES INC,12422
MEDLINE INDUSTRIES INC,2024,"NURSING ACUTE DIALYSIS-BKL, 11101",MOUNT SINAI BROOKLYN,B. BRAUN,PHARMACEUTICAL PRODUCTS INCL. CONTRACEPTIVES AND VACCINES,True,True,PROCESSED,903037,"903037, MED/SURG DISPOSABLE",MOUNT SINAI BROOKLYN,Yes,E8000,B. BRAUN,9/6/2024 12:00:00 AM,1314081-56544,GOODS,SOL SOD CHL 0.9 PERC 1000ML INJ BAG - SUB 1 FOR L8000E8000BMGE8000,ORAPOS,SODIUM CHLORIDE ELECTROLYTES,BMGE8000,NURSING ACUTE DIALYSIS-BKL,11101,MED/SURG DISPOSABLE,MSHS-BRAUN-PP-IV,MSHS-BRAUN-PP-IV,SOL SOD CHL 0.9 PERC 1000ML INJ BAG - SUB 1 FOR L8000,903037,E8000,1,1,1,1,12,12,12,19.78,19.78,402-407-11-11101-00000000000-0-0,NF,BUYER   CONVERSION,"BUYER, CONVERSION","SODIUM CHLORIDE ELECTROLYTES 
 
B. BRAUN",SYSTEM CREATED,KH 1417 4709,"NURSING ACUTE DIALYSIS-BKL, 11101",MOUNT SINAI BROOKLYN,ACTIVE,CLOSED,EDI,TRUE,TRUE,19.78,CHP,MOUNT SINAI BROOKLYN,4709-900110-07-1417-0000000000-0000-000-000,False,MSHS-BRAUN-PP-IV,Yes,Yes,19.78,8323969,B. BRAUN,B. BRAUN,CA12,12,No, ,NO,903037, MED/SURG DISPOSABLE,9/6/2024 12:00:00 AM,CLOSED,1174-3-1,19.78,APPROVED,CASE,9/6/2024 12:00:00 AM,NF,9/6/2024 12:00:00 AM,3390662,"URBINA, HILZA ROSEL",,,KH KINGS HIGHWAY,19.78,ELECTROLYTES,51191602,AGENTS AFFECTING WATER AND ELECTROLYTES,MEDLINE INDUSTRIES INC,12422
MEDLINE INDUSTRIES INC,2024,"NURSING ACUTE DIALYSIS-BKL, 11101",MOUNT SINAI BROOKLYN,B. BRAUN MEDICAL,PHARMACEUTICAL PRODUCTS INCL. CONTRACEPTIVES AND VACCINES,True,True,PROCESSED,903037,"903037, MED/SURG DISPOSABLE",MOUNT SINAI BROOKLYN,Yes,E8000,B. BRAUN MEDICAL,6/3/2024 12:00:00 AM,1314081-50470,GOODS,SOL SOD CHL 0.9 PERC 1000ML INJ BAG - SUB 1 FOR L8000E8000BMGE8000,ORAPOS,SODIUM CHLORIDE ELECTROLYTES,BMGE8000,NURSING ACUTE DIALYSIS-BKL,11101,MED/SURG DISPOSABLE,MSHS-BRAUN-PP-IV,MSHS-BRAUN-PP-IV,SOL SOD CHL 0.9 PERC 1000ML INJ BAG - SUB 1 FOR L8000,903037,E8000,5,5,5,5,12,60,60,98.9,98.9,402-407-11-11101-00000000000-0-0,NF,BUYER   CONVERSION,"BUYER, CONVERSION","SODIUM CHLORIDE ELECTROLYTES 
 
B. BRAUN MEDICAL",SYSTEM CREATED,KH 1417 4709,"NURSING ACUTE DIALYSIS-BKL, 11101",MOUNT SINAI BROOKLYN,ACTIVE,CLOSED,EDI,TRUE,TRUE,98.9,CHP,MOUNT SINAI BROOKLYN,4709-900110-07-1417-0000000000-0000-000-000,False,MSHS-BRAUN-PP-IV,Yes,Yes,98.9,8323969,B. BRAUN MEDICAL,B. BRAUN MEDICAL,CA12,12,No, ,NO,903037, MED/SURG DISPOSABLE,6/3/2024 12:00:00 AM,CLOSED,1174-4-1,19.78,APPROVED,CASE,6/3/2024 12:00:00 AM,NF,6/3/2024 12:00:00 AM,3357605,"URBINA, HILZA ROSEL",,,KH KINGS HIGHWAY,98.9,ELECTROLYTES,51191602,AGENTS AFFECTING WATER AND ELECTROLYTES,MEDLINE INDUSTRIES INC,12422
MEDLINE INDUSTRIES INC,2024,"STERILE PROCESSING, 60170",MOUNT SINAI MORNINGSIDE,B. BRAUN MEDICAL,DRUGS AND PHARMACEUTICAL PRODUCTS,True,True,PROCESSED,903037,"903037, MED/SURG DISPOSABLE",MOUNT SINAI MORNINGSIDE,Yes,E8000,B. BRAUN MEDICAL,2/27/2024 12:00:00 AM,1314081-44071,GOODS,SOL SOD CHL 0.9 PERC 1000ML INJ BAG - SUB 1 FOR L8000E8000BMGE8000,ORAPOS,SODIUM CHLORIDE ELECTROLYTES,BMGE8000,STERILE PROCESSING,60170,MED/SURG DISPOSABLE,MSHS-BRAUN-PP-IV,MSHS-BRAUN-PP-IV,SOL SOD CHL 0.9 PERC 1000ML INJ BAG - SUB 1 FOR L8000,903037,E8000,1,1,1,1,12,12,12,19.78,19.78,302-302-11-60170-00000000000-0-0,NF,BUYER   CONVERSION,"BUYER, CONVERSION","SODIUM CHLORIDE ELECTROLYTES 
 
B. BRAUN MEDICAL",SYSTEM CREATED,SL 9175 1109,"STERILE PROCESSING, 60170",MOUNT SINAI MORNINGSIDE,ACTIVE,CLOSED,EDI,TRUE,TRUE,19.78,CHP,MOUNT SINAI MORNINGSIDE,1109-900110-02-9175-0000000000-0000-000-000,False,MSHS-BRAUN-PP-IV,Yes,Yes,19.78,8323969,B. BRAUN MEDICAL,B. BRAUN MEDICAL,CA12,12,No, ,NO,903037, MED/SURG DISPOSABLE,2/27/2024 12:00:00 AM,CLOSED,1174-2-1,19.78,APPROVED,CASE,2/27/2024 12:00:00 AM,NF,2/27/2024 12:00:00 AM,3322003,"CARRINGTON, TRICIA FEONA",,,SL ST LUKES,19.78,ELECTROLYTES,51191602,AGENTS AFFECTING WATER AND ELECTROLYTES,MEDLINE INDUSTRIES INC,12422
MEDLINE INDUSTRIES INC,2024,"CARDIAC CATHERIZATION, 12605",MOUNT SINAI MORNINGSIDE,B. BRAUN MEDICAL,PHARMACEUTICAL PRODUCTS INCL. CONTRACEPTIVES AND VACCINES,True,True,PROCESSED,903037,"903037, MED/SURG DISPOSABLE",MOUNT SINAI MORNINGSIDE,Yes,E8000,B. BRAUN MEDICAL,5/22/2024 12:00:00 AM,1314081-49741,GOODS,SOL SOD CHL 0.9 PERC 1000ML INJ BAG - SUB 1 FOR L8000E8000BMGE8000,ORAPOS,SODIUM CHLORIDE ELECTROLYTES,BMGE8000,CARDIAC CATHERIZATION,12605,MED/SURG DISPOSABLE,MSHS-BRAUN-PP-IV,MSHS-BRAUN-PP-IV,SOL SOD CHL 0.9 PERC 1000ML INJ BAG - SUB 1 FOR L8000,903037,E8000,1,1,1,1,12,12,12,19.78,19.78,302-302-11-12605-00000000000-0-0,NF,BUYER   CONVERSION,"BUYER, CONVERSION","SODIUM CHLORIDE ELECTROLYTES 
 
B. BRAUN MEDICAL",SYSTEM CREATED,SLCCLSR03A,"CARDIAC CATHERIZATION, 12605",MOUNT SINAI MORNINGSIDE,ACTIVE,CLOSED,EDI,TRUE,TRUE,19.78,CHP,MOUNT SINAI MORNINGSIDE,1109-900110-02-4058-0000000000-0000-000-000,False,MSHS-BRAUN-PP-IV,Yes,Yes,19.78,8323969,B. BRAUN MEDICAL,B. BRAUN MEDICAL,CA12,12,No, ,NO,903037, MED/SURG DISPOSABLE,5/22/2024 12:00:00 AM,CLOSED,1174-3-1,19.78,APPROVED,CASE,5/22/2024 12:00:00 AM,NF,5/22/2024 12:00:00 AM,3353517,"TORRES, ERIKA E",,,SL ST LUKES,19.78,ELECTROLYTES,51191602,AGENTS AFFECTING WATER AND ELECTROLYTES,MEDLINE INDUSTRIES INC,12422
MEDLINE INDUSTRIES INC,2024,"CARDIAC CATHERIZATION, 12605",MOUNT SINAI MORNINGSIDE,B. BRAUN MEDICAL,PHARMACEUTICAL PRODUCTS INCL. CONTRACEPTIVES AND VACCINES,True,True,PROCESSED,903037,"903037, MED/SURG DISPOSABLE",MOUNT SINAI MORNINGSIDE,Yes,E8000,B. BRAUN MEDICAL,4/25/2024 12:00:00 AM,1314081-47991,GOODS,SOL SOD CHL 0.9 PERC 1000ML INJ BAG - SUB 1 FOR L8000E8000BMGE8000,ORAPOS,SODIUM CHLORIDE ELECTROLYTES,BMGE8000,CARDIAC CATHERIZATION,12605,MED/SURG DISPOSABLE,MSHS-BRAUN-PP-IV,MSHS-BRAUN-PP-IV,SOL SOD CHL 0.9 PERC 1000ML INJ BAG - SUB 1 FOR L8000,903037,E8000,2,2,2,2,12,24,24,39.56,39.56,302-302-11-12605-00000000000-0-0,NF,BUYER   CONVERSION,"BUYER, CONVERSION","SODIUM CHLORIDE ELECTROLYTES 
 
B. BRAUN MEDICAL",SYSTEM CREATED,SLCCLSR03A,"CARDIAC CATHERIZATION, 12605",MOUNT SINAI MORNINGSIDE,ACTIVE,CLOSED,EDI,TRUE,TRUE,39.56,CHP,MOUNT SINAI MORNINGSIDE,1109-900110-02-4058-0000000000-0000-000-000,False,MSHS-BRAUN-PP-IV,Yes,Yes,39.56,8323969,B. BRAUN MEDICAL,B. BRAUN MEDICAL,CA12,12,No, ,NO,903037, MED/SURG DISPOSABLE,4/25/2024 12:00:00 AM,CLOSED,1174-1-1,19.78,APPROVED,CASE,4/25/2024 12:00:00 AM,NF,4/25/2024 12:00:00 AM,3343868,"TORRES, ERIKA E",,,SL ST LUKES,39.56,ELECTROLYTES,51191602,AGENTS AFFECTING WATER AND ELECTROLYTES,MEDLINE INDUSTRIES INC,12422
MEDLINE INDUSTRIES INC,2024,"ANESTHESIOLOGY, 12270",MOUNT SINAI MORNINGSIDE,B. BRAUN,PHARMACEUTICAL PRODUCTS INCL. CONTRACEPTIVES AND VACCINES,True,True,PROCESSED,903037,"903037, MED/SURG DISPOSABLE",MOUNT SINAI MORNINGSIDE,Yes,E8000,B. BRAUN,9/16/2024 12:00:00 AM,1314081-57125,GOODS,SOL SOD CHL 0.9 PERC 1000ML INJ BAG - SUB 1 FOR L8000E8000BMGE8000,ORAPOS,SODIUM CHLORIDE ELECTROLYTES,BMGE8000,ANESTHESIOLOGY,12270,MED/SURG DISPOSABLE,MSHS-BRAUN-PP-IV,MSHS-BRAUN-PP-IV,SOL SOD CHL 0.9 PERC 1000ML INJ BAG - SUB 1 FOR L8000,903037,E8000,15,15,15,15,12,180,180,296.7,296.7,302-302-11-12270-00000000000-0-0,NF,BUYER   CONVERSION,"BUYER, CONVERSION","SODIUM CHLORIDE ELECTROLYTES 
 
B. BRAUN",SYSTEM CREATED,SLANEBA03A,"ANESTHESIOLOGY, 12270",MOUNT SINAI MORNINGSIDE,ACTIVE,CLOSED,EDI,TRUE,TRUE,296.7,CHP,MOUNT SINAI MORNINGSIDE,1109-900110-02-4280-0000000000-0000-000-000,False,MSHS-BRAUN-PP-IV,Yes,Yes,296.7,8323969,B. BRAUN,B. BRAUN,CA12,12,No, ,NO,903037, MED/SURG DISPOSABLE,9/16/2024 12:00:00 AM,CLOSED,1174-1-1,19.78,APPROVED,CASE,9/16/2024 12:00:00 AM,NF,9/16/2024 12:00:00 AM,3393701,"ROSARIO, LEYDI LAURA",,,SL ST LUKES,296.7,ELECTROLYTES,51191602,AGENTS AFFECTING WATER AND ELECTROLYTES,MEDLINE INDUSTRIES INC,12422
MEDLINE INDUSTRIES INC,2024,"CARDIAC CATHERIZATION, 12605",MOUNT SINAI MORNINGSIDE,B. BRAUN MEDICAL,PHARMACEUTICAL PRODUCTS INCL. CONTRACEPTIVES AND VACCINES,True,True,PROCESSED,903037,"903037, MED/SURG DISPOSABLE",MOUNT SINAI MORNINGSIDE,Yes,E8000,B. BRAUN MEDICAL,7/9/2024 12:00:00 AM,1314081-52718,GOODS,SOL SOD CHL 0.9 PERC 1000ML INJ BAG - SUB 1 FOR L8000E8000BMGE8000,ORAPOS,SODIUM CHLORIDE ELECTROLYTES,BMGE8000,CARDIAC CATHERIZATION,12605,MED/SURG DISPOSABLE,MSHS-BRAUN-PP-IV,MSHS-BRAUN-PP-IV,SOL SOD CHL 0.9 PERC 1000ML INJ BAG - SUB 1 FOR L8000,903037,E8000,1,1,1,1,12,12,12,19.78,19.78,302-302-11-12605-00000000000-0-0,NF,BUYER   CONVERSION,"BUYER, CONVERSION","SODIUM CHLORIDE ELECTROLYTES 
 
B. BRAUN MEDICAL",SYSTEM CREATED,SLCCLSR03A,"CARDIAC CATHERIZATION, 12605",MOUNT SINAI MORNINGSIDE,ACTIVE,CLOSED,EDI,TRUE,TRUE,19.78,CHP,MOUNT SINAI MORNINGSIDE,1109-900110-02-4058-0000000000-0000-000-000,False,MSHS-BRAUN-PP-IV,Yes,Yes,19.78,8323969,B. BRAUN MEDICAL,B. BRAUN MEDICAL,CA12,12,No, ,NO,903037, MED/SURG DISPOSABLE,7/9/2024 12:00:00 AM,CLOSED,1174-1-1,19.78,APPROVED,CASE,7/9/2024 12:00:00 AM,NF,7/9/2024 12:00:00 AM,3369570,"TORRES, ERIKA E",,,SL ST LUKES,19.78,ELECTROLYTES,51191602,AGENTS AFFECTING WATER AND ELECTROLYTES,MEDLINE INDUSTRIES INC,12422
MEDLINE INDUSTRIES INC,2023,"CARDIAC CATHERIZATION, 12605",MOUNT SINAI MORNINGSIDE,B BRAUN,DRUGS AND PHARMACEUTICAL PRODUCTS,True,True,PROCESSED,903037,"903037, MED/SURG DISPOSABLE",MOUNT SINAI MORNINGSIDE,Yes,E8000,B BRAUN,8/18/2023 12:00:00 AM,1314081-31246,GOODS,SOL SOD CHL 0.9 PERC 1000ML INJ BAG - SUB 1 FOR L8000E8000BMGE8000,ORAPOS,SODIUM CHLORIDE ELECTROLYTES,BMGE8000,CARDIAC CATHERIZATION,12605,MED/SURG DISPOSABLE,MSHS-BRAUN-PP-IV,MSHS-BRAUN-PP-IV,SOL SOD CHL 0.9 PERC 1000ML INJ BAG - SUB 1 FOR L8000,903037,E8000,1,1,1,1,12,12,12,19.78,19.78,302-302-11-12605-00000000000-0-0,NF,BUYER   CONVERSION,"BUYER, CONVERSION","SODIUM CHLORIDE ELECTROLYTES 
 
B BRAUN",SYSTEM CREATED,SLCCLSR03A,"CARDIAC CATHERIZATION, 12605",MOUNT SINAI MORNINGSIDE,ACTIVE,CLOSED,EDI,TRUE,TRUE,19.78,CHP,MOUNT SINAI MORNINGSIDE,1109-900110-02-4058-0000000000-0000-000-000,False,MSHS-BRAUN-PP-IV,Yes,Yes,19.78,8323969,B BRAUN,B BRAUN,CA12,12,No, ,NO,903037, MED/SURG DISPOSABLE,8/18/2023 12:00:00 AM,CLOSED,1174-1-1,19.78,APPROVED,CASE,8/18/2023 12:00:00 AM,NF,8/18/2023 12:00:00 AM,3250642,"TORRES, ERIKA E",,,SL ST LUKES,19.78,ELECTROLYTES,51191602,AGENTS AFFECTING WATER AND ELECTROLYTES,MEDLINE INDUSTRIES INC,12422
MEDLINE INDUSTRIES INC,2025,"117TH STREET DIALYSIS, 13850",OFFSITES,B. BRAUN,IV SOLUTIONS,True,True,CLOSED,903033,"903033, IV SOLUTIONS",OFFSITES,Yes,E8000,B. BRAUN,3/26/2025 12:00:00 AM,M3067774,GOODS,SOL SOD CHL 0.9 PERC 1000ML INJ BAG - SUB 1 FOR L8000E8000BMGL8000,ORAPOS,IV SOLUTIONS,BMGL8000,117TH STREET DIALYSIS,13850,IV SOLUTIONS,MSHS-BRAUN-PP-IV,,SOL SOD CHL 0.9 PERC 1000ML INJ BAG - SUB 1 FOR L8000,903033,E8000,0,0,0,20,12,240,0,0,0,NF,NF,DIAZ VANESSA,DIAZ VANESSA,"IV SOLUTIONS 
 
B. BRAUN",Y,13850 DIALY 520 E 117TH ST 4TH FL,"117TH STREET DIALYSIS, 13850",OFFSITE - MSH,ACTIVE,CLOSED,EDI,TRUE,TRUE,415.4,MT SINAI HOSPITAL - OFFSITE,OFFSITES,101-101-11-13850-903033-00000000000-000-0000-000-00000-00000----,False,MSHS-BRAUN-PP-IV,Yes,Yes,0,8323969,B. BRAUN,B. BRAUN,NF,12,No, ,NO,903033, IV SOLUTIONS,3/7/2025 12:00:00 AM,CLOSED,3-1-1,20.77,CLOSED,CASE,3/26/2025 12:00:00 AM,NF,3/7/2025 12:00:00 AM,FH1052,BENNETT ANTONIO,,,13850 DIALY 520 E 117TH ST 4TH FL,0,NF,NF,NF,MEDLINE INDUSTRIES INC,12422
MEDLINE INDUSTRIES INC,2025,"117TH STREET DIALYSIS, 13850",OFFSITES,B. BRAUN,IV SOLUTIONS,True,True,CLOSED,903033,"903033, IV SOLUTIONS",OFFSITES,Yes,E8000,B. BRAUN,3/26/2025 12:00:00 AM,M3065997,GOODS,SOL SOD CHL 0.9 PERC 1000ML INJ BAG - SUB 1 FOR L8000E8000BMGL8000,ORAPOS,IV SOLUTIONS,BMGL8000,117TH STREET DIALYSIS,13850,IV SOLUTIONS,MSHS-BRAUN-PP-IV,,SOL SOD CHL 0.9 PERC 1000ML INJ BAG - SUB 1 FOR L8000,903033,E8000,30,30,30,30,12,360,360,623.1,623.1,NF,NF,REYES ILICH,REYES ILICH,"IV SOLUTIONS 
 
B. BRAUN",Y,13850 DIALY 520 E 117TH ST 4TH FL,"117TH STREET DIALYSIS, 13850",OFFSITE - MSH,ACTIVE,CLOSED,EDI,TRUE,TRUE,623.1,MT SINAI HOSPITAL - OFFSITE,OFFSITES,101-101-11-13850-903033-00000000000-000-0000-000-00000-00000----,False,MSHS-BRAUN-PP-IV,Yes,Yes,623.1,8323969,B. BRAUN,B. BRAUN,NF,12,No, ,NO,903033, IV SOLUTIONS,3/4/2025 12:00:00 AM,CLOSED,1-1-1,20.77,CLOSED,CASE,3/26/2025 12:00:00 AM,NF,3/4/2025 12:00:00 AM,FH1021,BENNETT ANTONIO,,,13850 DIALY 520 E 117TH ST 4TH FL,623.1,NF,NF,NF,MEDLINE INDUSTRIES INC,12422
MEDLINE INDUSTRIES INC,2024,"ARRHYTHMIA INSTITUTE, 12601",MOUNT SINAI MORNINGSIDE,B. BRAUN,IV SOLUTIONS,True,True,OPEN,903033,"903033, IV SOLUTIONS",MOUNT SINAI MORNINGSIDE,Yes,E8000,B. BRAUN,11/14/2024 12:00:00 AM,W1010558,GOODS,SOL SOD CHL 0.9 PERC 1000ML INJ BAG - SUB 1 FOR L8000E8000BMGE8000,ORAPOS,IV SOLUTIONS,BMGE8000,ARRHYTHMIA INSTITUTE,12601,IV SOLUTIONS,MSHS-BRAUN-PP-IV,,SOL SOD CHL 0.9 PERC 1000ML INJ BAG - SUB 1 FOR L8000,903033,E8000,2,2,2,2,12,24,24,39.56,39.56,NF,NF,CALLENDER SHANTE,CALLENDER SHANTE,"IV SOLUTIONS 
 
B. BRAUN",Y,1111 AMSTERDAM AVE STL ARRHYTH INST STL ARRHYTH INSTITUTE,"ARRHYTHMIA INSTITUTE, 12601",MOUNT SINAI MORNINGSIDE,ACTIVE,CLOSED,EDI,TRUE,TRUE,39.56,MOUNT SINAI MORNINGSIDE,MOUNT SINAI MORNINGSIDE,302-302-11-12601-903033-00000000000-000-0000-000-00000-00000----,False,MSHS-BRAUN-PP-IV,Yes,Yes,39.56,8323969,B. BRAUN,B. BRAUN,NF,12,No, ,NO,903033, IV SOLUTIONS,11/14/2024 12:00:00 AM,CLOSED,6-1-1,19.78,OPEN,CASE,11/14/2024 12:00:00 AM,NF,11/14/2024 12:00:00 AM,L4035,LINTON KAREN,,,MOUNT SINAI MORNINGSIDE - RECVG MAIN,39.56,NF,NF,NF,MEDLINE INDUSTRIES INC,12422
MEDLINE INDUSTRIES INC,2023,"CARDIAC CATHERIZATION, 12605",MOUNT SINAI MORNINGSIDE,B BRAUN,DRUGS AND PHARMACEUTICAL PRODUCTS,True,True,PROCESSED,903037,"903037, MED/SURG DISPOSABLE",MOUNT SINAI MORNINGSIDE,Yes,E8000,B BRAUN,8/25/2023 12:00:00 AM,1403895,GOODS,SOL SOD CHL 0.9 PERC 1000ML INJ BAG - SUB 1 FOR L8000E8000BMGE8000,ORAPOS,SODIUM CHLORIDE ELECTROLYTES,BMGE8000,CARDIAC CATHERIZATION,12605,MED/SURG DISPOSABLE,MSHS-BRAUN-PP-IV,MSHS-BRAUN-PP-IV,SOL SOD CHL 0.9 PERC 1000ML INJ BAG - SUB 1 FOR L8000,903037,E8000,4,4,4,4,12,48,48,79.12,79.12,302-302-11-12605-00000000000-0-0,NF,BALSEIRO   LOURDES,"BALSEIRO, LOURDES","SODIUM CHLORIDE ELECTROLYTES 
 
B BRAUN",BUYER CREATED,SLCCLSR03A,"CARDIAC CATHERIZATION, 12605",MOUNT SINAI MORNINGSIDE,ACTIVE,CLOSED,EDI,TRUE,TRUE,79.12,CHP,MOUNT SINAI MORNINGSIDE,1109-900110-02-4058-0000000000-0000-000-000,False,MSHS-BRAUN-PP-IV,Yes,Yes,79.12,8323969,B BRAUN,B BRAUN,CA12,12,No, ,NO,903037, MED/SURG DISPOSABLE,8/25/2023 12:00:00 AM,CLOSED,1-1-1,19.78,APPROVED,CASE,8/25/2023 12:00:00 AM,NF,8/25/2023 12:00:00 AM,3253112,"HOLDER, BREYONA",,,SL ST LUKES,79.12,ELECTROLYTES,51191602,AGENTS AFFECTING WATER AND ELECTROLYTES,MEDLINE INDUSTRIES INC,12422
MEDLINE INDUSTRIES INC,2024,"NURSING ACUTE DIALYSIS-BKL, 11101",MOUNT SINAI BROOKLYN,B. BRAUN MEDICAL,PHARMACEUTICAL PRODUCTS INCL. CONTRACEPTIVES AND VACCINES,True,True,PROCESSED,903037,"903037, MED/SURG DISPOSABLE",MOUNT SINAI BROOKLYN,Yes,E8000,B. BRAUN MEDICAL,5/1/2024 12:00:00 AM,1314081-48398,GOODS,SOL SOD CHL 0.9 PERC 1000ML INJ BAG - SUB 1 FOR L8000E8000BMGE8000,ORAPOS,SODIUM CHLORIDE ELECTROLYTES,BMGE8000,NURSING ACUTE DIALYSIS-BKL,11101,MED/SURG DISPOSABLE,MSHS-BRAUN-PP-IV,MSHS-BRAUN-PP-IV,SOL SOD CHL 0.9 PERC 1000ML INJ BAG - SUB 1 FOR L8000,903037,E8000,2,2,2,2,12,24,24,39.56,39.56,402-407-11-11101-00000000000-0-0,NF,BUYER   CONVERSION,"BUYER, CONVERSION","SODIUM CHLORIDE ELECTROLYTES 
 
B. BRAUN MEDICAL",SYSTEM CREATED,KH 1417 4709,"NURSING ACUTE DIALYSIS-BKL, 11101",MOUNT SINAI BROOKLYN,ACTIVE,CLOSED,EDI,TRUE,TRUE,39.56,CHP,MOUNT SINAI BROOKLYN,4709-900110-07-1417-0000000000-0000-000-000,False,MSHS-BRAUN-PP-IV,Yes,Yes,39.56,8323969,B. BRAUN MEDICAL,B. BRAUN MEDICAL,CA12,12,No, ,NO,903037, MED/SURG DISPOSABLE,5/1/2024 12:00:00 AM,CLOSED,1174-2-1,19.78,APPROVED,CASE,5/1/2024 12:00:00 AM,NF,5/1/2024 12:00:00 AM,3345947,"URBINA, HILZA ROSEL",,,KH KINGS HIGHWAY,39.56,ELECTROLYTES,51191602,AGENTS AFFECTING WATER AND ELECTROLYTES,MEDLINE INDUSTRIES INC,12422
MEDLINE INDUSTRIES INC,2024,"NURSING ACUTE DIALYSIS-BKL, 11101",MOUNT SINAI BROOKLYN,B. BRAUN,PHARMACEUTICAL PRODUCTS INCL. CONTRACEPTIVES AND VACCINES,True,True,PROCESSED,903037,"903037, MED/SURG DISPOSABLE",MOUNT SINAI BROOKLYN,Yes,E8000,B. BRAUN,8/15/2024 12:00:00 AM,1314081-55171,GOODS,SOL SOD CHL 0.9 PERC 1000ML INJ BAG - SUB 1 FOR L8000E8000BMGE8000,ORAPOS,SODIUM CHLORIDE ELECTROLYTES,BMGE8000,NURSING ACUTE DIALYSIS-BKL,11101,MED/SURG DISPOSABLE,MSHS-BRAUN-PP-IV,MSHS-BRAUN-PP-IV,SOL SOD CHL 0.9 PERC 1000ML INJ BAG - SUB 1 FOR L8000,903037,E8000,4,4,4,4,12,48,48,79.12,79.12,402-407-11-11101-00000000000-0-0,NF,BUYER   CONVERSION,"BUYER, CONVERSION","SODIUM CHLORIDE ELECTROLYTES 
 
B. BRAUN",SYSTEM CREATED,KH 1417 4709,"NURSING ACUTE DIALYSIS-BKL, 11101",MOUNT SINAI BROOKLYN,ACTIVE,CLOSED,EDI,TRUE,TRUE,79.12,CHP,MOUNT SINAI BROOKLYN,4709-900110-07-1417-0000000000-0000-000-000,False,MSHS-BRAUN-PP-IV,Yes,Yes,79.12,8323969,B. BRAUN,B. BRAUN,CA12,12,No, ,NO,903037, MED/SURG DISPOSABLE,8/15/2024 12:00:00 AM,CLOSED,1174-3-1,19.78,APPROVED,CASE,8/15/2024 12:00:00 AM,NF,8/15/2024 12:00:00 AM,3383431,"ZAMOR, KEVIN",,,KH KINGS HIGHWAY,79.12,ELECTROLYTES,51191602,AGENTS AFFECTING WATER AND ELECTROLYTES,MEDLINE INDUSTRIES INC,12422
MEDLINE INDUSTRIES INC,2024,"OPERATING ROOM SUITE, 12200",MOUNT SINAI BROOKLYN,B. BRAUN MEDICAL,PHARMACEUTICAL PRODUCTS INCL. CONTRACEPTIVES AND VACCINES,True,True,PROCESSED,903037,"903037, MED/SURG DISPOSABLE",MOUNT SINAI BROOKLYN,Yes,E8000,B. BRAUN MEDICAL,6/20/2024 12:00:00 AM,1314081-51557,GOODS,SOL SOD CHL 0.9 PERC 1000ML INJ BAG - SUB 1 FOR L8000E8000BMGE8000,ORAPOS,SODIUM CHLORIDE ELECTROLYTES,BMGE8000,OPERATING ROOM SUITE,12200,MED/SURG DISPOSABLE,MSHS-BRAUN-PP-IV,MSHS-BRAUN-PP-IV,SOL SOD CHL 0.9 PERC 1000ML INJ BAG - SUB 1 FOR L8000,903037,E8000,10,10,10,10,12,120,120,197.8,197.8,402-407-11-12200-00000000000-0-0,NF,BUYER   CONVERSION,"BUYER, CONVERSION","SODIUM CHLORIDE ELECTROLYTES 
 
B. BRAUN MEDICAL",SYSTEM CREATED,KH 2634 4709,"OPERATING ROOM SUITE, 12200",MOUNT SINAI BROOKLYN,ACTIVE,CLOSED,EDI,TRUE,TRUE,197.8,CHP,MOUNT SINAI BROOKLYN,4709-900110-07-2634-0000000000-0000-000-000,False,MSHS-BRAUN-PP-IV,Yes,Yes,197.8,8323969,B. BRAUN MEDICAL,B. BRAUN MEDICAL,NF,12,No, ,NO,903037, MED/SURG DISPOSABLE,6/20/2024 12:00:00 AM,CLOSED,1174-1-1,19.78,APPROVED,CASE,6/20/2024 12:00:00 AM,NF,6/20/2024 12:00:00 AM,3363506,"GRANT, KAREN NICOLE",,,KH KINGS HIGHWAY,197.8,ELECTROLYTES,51191602,AGENTS AFFECTING WATER AND ELECTROLYTES,MEDLINE INDUSTRIES INC,12422
MEDLINE INDUSTRIES INC,2024,"ARRHYTHMIA INSTITUTE, 12601",MOUNT SINAI MORNINGSIDE,B. BRAUN MEDICAL,PHARMACEUTICAL PRODUCTS INCL. CONTRACEPTIVES AND VACCINES,True,True,PROCESSED,903037,"903037, MED/SURG DISPOSABLE",MOUNT SINAI MORNINGSIDE,Yes,E8000,B. BRAUN MEDICAL,4/24/2024 12:00:00 AM,1314081-47895,GOODS,SOL SOD CHL 0.9 PERC 1000ML INJ BAG - SUB 1 FOR L8000E8000BMGE8000,ORAPOS,SODIUM CHLORIDE ELECTROLYTES,BMGE8000,ARRHYTHMIA INSTITUTE,12601,MED/SURG DISPOSABLE,MSHS-BRAUN-PP-IV,MSHS-BRAUN-PP-IV,SOL SOD CHL 0.9 PERC 1000ML INJ BAG - SUB 1 FOR L8000,903037,E8000,1,1,1,1,12,12,12,19.78,19.78,302-302-11-12601-00000000000-0-0,NF,BUYER   CONVERSION,"BUYER, CONVERSION","SODIUM CHLORIDE ELECTROLYTES 
 
B. BRAUN MEDICAL",SYSTEM CREATED,SLEPCLK08A,"ARRHYTHMIA INSTITUTE, 12601",MOUNT SINAI MORNINGSIDE,ACTIVE,CLOSED,EDI,TRUE,TRUE,19.78,CHP,MOUNT SINAI MORNINGSIDE,1109-900110-02-4071-0000000000-0000-000-000,False,MSHS-BRAUN-PP-IV,Yes,Yes,19.78,8323969,B. BRAUN MEDICAL,B. BRAUN MEDICAL,CA12,12,No, ,NO,903037, MED/SURG DISPOSABLE,4/24/2024 12:00:00 AM,CLOSED,1174-3-1,19.78,APPROVED,CASE,4/24/2024 12:00:00 AM,NF,4/24/2024 12:00:00 AM,3343217,"ROSARIO, LEYDI LAURA",,,SL ST LUKES,19.78,ELECTROLYTES,51191602,AGENTS AFFECTING WATER AND ELECTROLYTES,MEDLINE INDUSTRIES INC,12422
MEDLINE INDUSTRIES INC,2024,"PHARMACY, 21300",MOUNT SINAI WEST,B. BRAUN MEDICAL,PHARMACEUTICAL PRODUCTS INCL. CONTRACEPTIVES AND VACCINES,True,True,PROCESSED,903037,"903037, MED/SURG DISPOSABLE",MOUNT SINAI WEST,Yes,E8000,B. BRAUN MEDICAL,7/8/2024 12:00:00 AM,1314081-52644,GOODS,SOL SOD CHL 0.9 PERC 1000ML INJ BAG - SUB 1 FOR L8000E8000BMGE8000,ORAPOS,SODIUM CHLORIDE ELECTROLYTES,BMGE8000,PHARMACY,21300,MED/SURG DISPOSABLE,MSHS-BRAUN-PP-IV,MSHS-BRAUN-PP-IV,SOL SOD CHL 0.9 PERC 1000ML INJ BAG - SUB 1 FOR L8000,903037,E8000,2,2,2,2,12,24,24,39.56,39.56,301-301-11-21300-00000000000-0-0,NF,BUYER   CONVERSION,"BUYER, CONVERSION","SODIUM CHLORIDE ELECTROLYTES 
 
B. BRAUN MEDICAL",SYSTEM CREATED,RH 9400 1109,"PHARMACY, 21300",MOUNT SINAI WEST,ACTIVE,CLOSED,EDI,TRUE,TRUE,39.56,CHP,MOUNT SINAI WEST,1109-900110-01-9400-0000000000-0000-000-000,False,MSHS-BRAUN-PP-IV,Yes,Yes,39.56,8323969,B. BRAUN MEDICAL,B. BRAUN MEDICAL,CA12,12,No, ,NO,903037, MED/SURG DISPOSABLE,7/8/2024 12:00:00 AM,CLOSED,1174-1-1,19.78,APPROVED,CASE,7/8/2024 12:00:00 AM,NF,7/8/2024 12:00:00 AM,3368278,"KELLY, DAVID FRANKLIN",,,RH ROOSEVELT,39.56,ELECTROLYTES,51191602,AGENTS AFFECTING WATER AND ELECTROLYTES,MEDLINE INDUSTRIES INC,12422
MEDLINE INDUSTRIES INC,2025,"RENAL DIALYSIS INSTITUTE, 77047",MOUNT SINAI BROOKLYN,B. BRAUN,IV SOLUTIONS,True,True,CLOSED,903033,"903033, IV SOLUTIONS",MOUNT SINAI BROOKLYN,Yes,E8000,B. BRAUN,7/31/2025 12:00:00 AM,B1002197,GOODS,SOL SOD CHL 0.9 PERC 1000ML INJ BAG - SUB 1 FOR L8000E8000BMGE8000,ORAPOS,IV SOLUTIONS,BMGE8000,RENAL DIALYSIS INSTITUTE,77047,IV SOLUTIONS,MSHS-BRAUN-PP-IV,,SOL SOD CHL 0.9 PERC 1000ML INJ BAG - SUB 1 FOR L8000,903033,E8000,2,2,2,2,12,24,24,39.56,39.56,NF,NF,PERRY LUANA,PERRY LUANA,"IV SOLUTIONS 
 
B. BRAUN",Y,3201 KINGS HGWY 2 E #201 DIALYSIS 2 EAST #201 DIALYSIS,"RENAL DIALYSIS INSTITUTE, 77047",MOUNT SINAI BROOKLYN,ACTIVE,CLOSED,EDI,TRUE,TRUE,39.56,MOUNT SINAI BROOKLYN,MOUNT SINAI BROOKLYN,402-407-11-77047-903033-00000000000-000-0000-000-00000-00000----,False,MSHS-BRAUN-PP-IV,Yes,Yes,39.56,8323969,B. BRAUN,B. BRAUN,NF,12,No, ,NO,903033, IV SOLUTIONS,10/25/2024 12:00:00 AM,CLOSED,3-1-1,19.78,CLOSED,CASE,7/31/2025 12:00:00 AM,NF,10/25/2024 12:00:00 AM,K471,"FORBES HEBBERT, MS. HILZA",,,MOUNT SINAI BROOKLYN - RECVG MAIN,39.56,NF,NF,NF,MEDLINE INDUSTRIES INC,12422
MEDLINE INDUSTRIES INC,2024,"NURSING 14A M-S, 10117",MOUNT SINAI WEST,B. BRAUN,PHARMACEUTICAL PRODUCTS INCL. CONTRACEPTIVES AND VACCINES,True,True,PROCESSED,903037,"903037, MED/SURG DISPOSABLE",MOUNT SINAI WEST,Yes,E8000,B. BRAUN,8/7/2024 12:00:00 AM,1464825,GOODS,SOL SOD CHL 0.9 PERC 1000ML INJ BAG - SUB 1 FOR L8000E8000BMGE8000,ORAPOS,SODIUM CHLORIDE ELECTROLYTES,BMGE8000,NURSING 14A M-S,10117,MED/SURG DISPOSABLE,MSHS-BRAUN-PP-IV,MSHS-BRAUN-PP-IV,SOL SOD CHL 0.9 PERC 1000ML INJ BAG - SUB 1 FOR L8000,903037,E8000,5,5,5,5,12,60,60,98.9,98.9,301-301-11-10117-00000000000-0-0,NF,FORERO   PAULO ANDRES,"FORERO, PAULO ANDRES","SODIUM CHLORIDE ELECTROLYTES 
 
B. BRAUN",BUYER CREATED,RH 1241 1109,"NURSING 14A M-S, 10117",MOUNT SINAI WEST,ACTIVE,CLOSED,EDI,TRUE,TRUE,98.9,CHP,MOUNT SINAI WEST,1109-900110-01-1241-0000000000-0000-000-000,False,MSHS-BRAUN-PP-IV,Yes,Yes,98.9,8323969,B. BRAUN,B. BRAUN,CA12,12,No, ,NO,903037, MED/SURG DISPOSABLE,8/7/2024 12:00:00 AM,CLOSED,1-1-1,19.78,APPROVED,CASE,8/7/2024 12:00:00 AM,NF,8/7/2024 12:00:00 AM,3380463,"BROWN, REGINALD",,,RH ROOSEVELT,98.9,ELECTROLYTES,51191602,AGENTS AFFECTING WATER AND ELECTROLYTES,MEDLINE INDUSTRIES INC,12422
MEDLINE INDUSTRIES INC,2024,"NURSING ACUTE DIALYSIS-BKL, 11101",MOUNT SINAI BROOKLYN,B. BRAUN MEDICAL,PHARMACEUTICAL PRODUCTS INCL. CONTRACEPTIVES AND VACCINES,True,True,PROCESSED,903037,"903037, MED/SURG DISPOSABLE",MOUNT SINAI BROOKLYN,Yes,E8000,B. BRAUN MEDICAL,6/20/2024 12:00:00 AM,1314081-51593,GOODS,SOL SOD CHL 0.9 PERC 1000ML INJ BAG - SUB 1 FOR L8000E8000BMGE8000,ORAPOS,SODIUM CHLORIDE ELECTROLYTES,BMGE8000,NURSING ACUTE DIALYSIS-BKL,11101,MED/SURG DISPOSABLE,MSHS-BRAUN-PP-IV,MSHS-BRAUN-PP-IV,SOL SOD CHL 0.9 PERC 1000ML INJ BAG - SUB 1 FOR L8000,903037,E8000,4,4,4,4,12,48,48,79.12,79.12,402-407-11-11101-00000000000-0-0,NF,BUYER   CONVERSION,"BUYER, CONVERSION","SODIUM CHLORIDE ELECTROLYTES 
 
B. BRAUN MEDICAL",SYSTEM CREATED,KH 1417 4709,"NURSING ACUTE DIALYSIS-BKL, 11101",MOUNT SINAI BROOKLYN,ACTIVE,CLOSED,EDI,TRUE,TRUE,79.12,CHP,MOUNT SINAI BROOKLYN,4709-900110-07-1417-0000000000-0000-000-000,False,MSHS-BRAUN-PP-IV,Yes,Yes,79.12,8323969,B. BRAUN MEDICAL,B. BRAUN MEDICAL,NF,12,No, ,NO,903037, MED/SURG DISPOSABLE,6/20/2024 12:00:00 AM,CLOSED,1174-3-1,19.78,APPROVED,CASE,6/20/2024 12:00:00 AM,NF,6/20/2024 12:00:00 AM,3363635,"URBINA, HILZA ROSEL",,,KH KINGS HIGHWAY,79.12,ELECTROLYTES,51191602,AGENTS AFFECTING WATER AND ELECTROLYTES,MEDLINE INDUSTRIES INC,12422
MEDLINE INDUSTRIES INC,2023,"CARDIAC CATHERIZATION, 12605",MOUNT SINAI MORNINGSIDE,B BRAUN,DRUGS AND PHARMACEUTICAL PRODUCTS,True,True,PROCESSED,903037,"903037, MED/SURG DISPOSABLE",MOUNT SINAI MORNINGSIDE,Yes,E8000,B BRAUN,8/9/2023 12:00:00 AM,1314081-30594,GOODS,SOL SOD CHL 0.9 PERC 1000ML INJ BAG - SUB 1 FOR L8000E8000BMGE8000,ORAPOS,SODIUM CHLORIDE ELECTROLYTES,BMGE8000,CARDIAC CATHERIZATION,12605,MED/SURG DISPOSABLE,MSHS-BRAUN-PP-IV,MSHS-BRAUN-PP-IV,SOL SOD CHL 0.9 PERC 1000ML INJ BAG - SUB 1 FOR L8000,903037,E8000,3,3,3,3,12,36,36,59.34,59.34,302-302-11-12605-00000000000-0-0,NF,BUYER   CONVERSION,"BUYER, CONVERSION","SODIUM CHLORIDE ELECTROLYTES 
 
B BRAUN",SYSTEM CREATED,SLCCLSR03A,"CARDIAC CATHERIZATION, 12605",MOUNT SINAI MORNINGSIDE,ACTIVE,CLOSED,EDI,TRUE,TRUE,59.34,CHP,MOUNT SINAI MORNINGSIDE,1109-900110-02-4058-0000000000-0000-000-000,False,MSHS-BRAUN-PP-IV,Yes,Yes,59.34,8323969,B BRAUN,B BRAUN,CA12,12,No, ,NO,903037, MED/SURG DISPOSABLE,8/9/2023 12:00:00 AM,CLOSED,1174-2-1,19.78,APPROVED,CASE,8/9/2023 12:00:00 AM,NF,8/9/2023 12:00:00 AM,3246643,"TORRES, ERIKA E",,,SL ST LUKES,59.34,ELECTROLYTES,51191602,AGENTS AFFECTING WATER AND ELECTROLYTES,MEDLINE INDUSTRIES INC,12422
MEDLINE INDUSTRIES INC,2024,"CARDIAC CATHERIZATION, 12605",MOUNT SINAI MORNINGSIDE,B. BRAUN MEDICAL,PHARMACEUTICAL PRODUCTS INCL. CONTRACEPTIVES AND VACCINES,True,True,PROCESSED,903037,"903037, MED/SURG DISPOSABLE",MOUNT SINAI MORNINGSIDE,Yes,E8000,B. BRAUN MEDICAL,6/12/2024 12:00:00 AM,1314081-51148,GOODS,SOL SOD CHL 0.9 PERC 1000ML INJ BAG - SUB 1 FOR L8000E8000BMGE8000,ORAPOS,SODIUM CHLORIDE ELECTROLYTES,BMGE8000,CARDIAC CATHERIZATION,12605,MED/SURG DISPOSABLE,MSHS-BRAUN-PP-IV,MSHS-BRAUN-PP-IV,SOL SOD CHL 0.9 PERC 1000ML INJ BAG - SUB 1 FOR L8000,903037,E8000,2,2,2,2,12,24,24,39.56,39.56,302-302-11-12605-00000000000-0-0,NF,BUYER   CONVERSION,"BUYER, CONVERSION","SODIUM CHLORIDE ELECTROLYTES 
 
B. BRAUN MEDICAL",SYSTEM CREATED,SLCCLSR03A,"CARDIAC CATHERIZATION, 12605",MOUNT SINAI MORNINGSIDE,ACTIVE,CLOSED,EDI,TRUE,TRUE,39.56,CHP,MOUNT SINAI MORNINGSIDE,1109-900110-02-4058-0000000000-0000-000-000,False,MSHS-BRAUN-PP-IV,Yes,Yes,39.56,8323969,B. BRAUN MEDICAL,B. BRAUN MEDICAL,CA12,12,No, ,NO,903037, MED/SURG DISPOSABLE,6/12/2024 12:00:00 AM,CLOSED,1174-1-1,19.78,APPROVED,CASE,6/12/2024 12:00:00 AM,NF,6/12/2024 12:00:00 AM,3361334,"TORRES, ERIKA E",,,SL ST LUKES,39.56,ELECTROLYTES,51191602,AGENTS AFFECTING WATER AND ELECTROLYTES,MEDLINE INDUSTRIES INC,12422
MEDLINE INDUSTRIES INC,2024,"CARDIAC CATHERIZATION, 12605",MOUNT SINAI MORNINGSIDE,B. BRAUN MEDICAL,PHARMACEUTICAL PRODUCTS INCL. CONTRACEPTIVES AND VACCINES,True,True,PROCESSED,903037,"903037, MED/SURG DISPOSABLE",MOUNT SINAI MORNINGSIDE,Yes,E8000,B. BRAUN MEDICAL,7/5/2024 12:00:00 AM,1314081-52538,GOODS,SOL SOD CHL 0.9 PERC 1000ML INJ BAG - SUB 1 FOR L8000E8000BMGE8000,ORAPOS,SODIUM CHLORIDE ELECTROLYTES,BMGE8000,CARDIAC CATHERIZATION,12605,MED/SURG DISPOSABLE,MSHS-BRAUN-PP-IV,MSHS-BRAUN-PP-IV,SOL SOD CHL 0.9 PERC 1000ML INJ BAG - SUB 1 FOR L8000,903037,E8000,2,2,2,2,12,24,24,39.56,39.56,302-302-11-12605-00000000000-0-0,NF,BUYER   CONVERSION,"BUYER, CONVERSION","SODIUM CHLORIDE ELECTROLYTES 
 
B. BRAUN MEDICAL",SYSTEM CREATED,SLCCLSR03A,"CARDIAC CATHERIZATION, 12605",MOUNT SINAI MORNINGSIDE,ACTIVE,CLOSED,EDI,TRUE,TRUE,39.56,CHP,MOUNT SINAI MORNINGSIDE,1109-900110-02-4058-0000000000-0000-000-000,False,MSHS-BRAUN-PP-IV,Yes,Yes,39.56,8323969,B. BRAUN MEDICAL,B. BRAUN MEDICAL,CA12,12,No, ,NO,903037, MED/SURG DISPOSABLE,7/5/2024 12:00:00 AM,CLOSED,1174-3-1,19.78,APPROVED,CASE,7/5/2024 12:00:00 AM,NF,7/5/2024 12:00:00 AM,3368676,"TORRES, ERIKA E",,,SL ST LUKES,39.56,ELECTROLYTES,51191602,AGENTS AFFECTING WATER AND ELECTROLYTES,MEDLINE INDUSTRIES INC,12422
MEDLINE INDUSTRIES INC,2024,"CARDIAC CATHERIZATION, 12605",MOUNT SINAI MORNINGSIDE,B. BRAUN MEDICAL,PHARMACEUTICAL PRODUCTS INCL. CONTRACEPTIVES AND VACCINES,True,True,PROCESSED,903037,"903037, MED/SURG DISPOSABLE",MOUNT SINAI MORNINGSIDE,Yes,E8000,B. BRAUN MEDICAL,5/31/2024 12:00:00 AM,1314081-50320,GOODS,SOL SOD CHL 0.9 PERC 1000ML INJ BAG - SUB 1 FOR L8000E8000BMGE8000,ORAPOS,SODIUM CHLORIDE ELECTROLYTES,BMGE8000,CARDIAC CATHERIZATION,12605,MED/SURG DISPOSABLE,MSHS-BRAUN-PP-IV,MSHS-BRAUN-PP-IV,SOL SOD CHL 0.9 PERC 1000ML INJ BAG - SUB 1 FOR L8000,903037,E8000,1,1,1,1,12,12,12,19.78,19.78,302-302-11-12605-00000000000-0-0,NF,BUYER   CONVERSION,"BUYER, CONVERSION","SODIUM CHLORIDE ELECTROLYTES 
 
B. BRAUN MEDICAL",SYSTEM CREATED,SL 4058 1109 1,"CARDIAC CATHERIZATION, 12605",MOUNT SINAI MORNINGSIDE,ACTIVE,CLOSED,EDI,TRUE,TRUE,19.78,CHP,MOUNT SINAI MORNINGSIDE,1109-900110-02-4058-0000000000-0000-000-000,False,MSHS-BRAUN-PP-IV,Yes,Yes,19.78,8323969,B. BRAUN MEDICAL,B. BRAUN MEDICAL,CA12,12,No, ,NO,903037, MED/SURG DISPOSABLE,5/31/2024 12:00:00 AM,CLOSED,1174-1-1,19.78,APPROVED,CASE,5/31/2024 12:00:00 AM,NF,5/31/2024 12:00:00 AM,3356918,"SALDANA, ERIKA PALOMA",,,SL ST LUKES,19.78,ELECTROLYTES,51191602,AGENTS AFFECTING WATER AND ELECTROLYTES,MEDLINE INDUSTRIES INC,12422
MEDLINE INDUSTRIES INC,2024,"CARDIAC CATHERIZATION, 12605",MOUNT SINAI MORNINGSIDE,B. BRAUN,PHARMACEUTICAL PRODUCTS INCL. CONTRACEPTIVES AND VACCINES,True,True,PROCESSED,903037,"903037, MED/SURG DISPOSABLE",MOUNT SINAI MORNINGSIDE,Yes,E8000,B. BRAUN,7/26/2024 12:00:00 AM,1314081-53892,GOODS,SOL SOD CHL 0.9 PERC 1000ML INJ BAG - SUB 1 FOR L8000E8000BMGE8000,ORAPOS,SODIUM CHLORIDE ELECTROLYTES,BMGE8000,CARDIAC CATHERIZATION,12605,MED/SURG DISPOSABLE,MSHS-BRAUN-PP-IV,MSHS-BRAUN-PP-IV,SOL SOD CHL 0.9 PERC 1000ML INJ BAG - SUB 1 FOR L8000,903037,E8000,2,2,2,2,12,24,24,39.56,39.56,302-302-11-12605-00000000000-0-0,NF,BUYER   CONVERSION,"BUYER, CONVERSION","SODIUM CHLORIDE ELECTROLYTES 
 
B. BRAUN",SYSTEM CREATED,SLCCLSR03A,"CARDIAC CATHERIZATION, 12605",MOUNT SINAI MORNINGSIDE,ACTIVE,CLOSED,EDI,TRUE,TRUE,39.56,CHP,MOUNT SINAI MORNINGSIDE,1109-900110-02-4058-0000000000-0000-000-000,False,MSHS-BRAUN-PP-IV,Yes,Yes,39.56,8323969,B. BRAUN,B. BRAUN,NF,12,No, ,NO,903037, MED/SURG DISPOSABLE,7/26/2024 12:00:00 AM,CLOSED,1174-1-1,19.78,APPROVED,CASE,7/26/2024 12:00:00 AM,NF,7/26/2024 12:00:00 AM,3376299,"TORRES, ERIKA E",,,SL ST LUKES,39.56,ELECTROLYTES,51191602,AGENTS AFFECTING WATER AND ELECTROLYTES,MEDLINE INDUSTRIES INC,12422
MEDLINE INDUSTRIES INC,2024,"PHARMACY, 21300",MOUNT SINAI WEST,B. BRAUN MEDICAL,PHARMACEUTICAL PRODUCTS INCL. CONTRACEPTIVES AND VACCINES,True,True,PROCESSED,903037,"903037, MED/SURG DISPOSABLE",MOUNT SINAI WEST,Yes,E8000,B. BRAUN MEDICAL,7/15/2024 12:00:00 AM,1314081-53157,GOODS,SOL SOD CHL 0.9 PERC 1000ML INJ BAG - SUB 1 FOR L8000E8000BMGE8000,ORAPOS,SODIUM CHLORIDE ELECTROLYTES,BMGE8000,PHARMACY,21300,MED/SURG DISPOSABLE,MSHS-BRAUN-PP-IV,MSHS-BRAUN-PP-IV,SOL SOD CHL 0.9 PERC 1000ML INJ BAG - SUB 1 FOR L8000,903037,E8000,1,1,1,1,12,12,12,19.78,19.78,301-301-11-21300-00000000000-0-0,NF,BUYER   CONVERSION,"BUYER, CONVERSION","SODIUM CHLORIDE ELECTROLYTES 
 
B. BRAUN MEDICAL",SYSTEM CREATED,RH 9400 1109,"PHARMACY, 21300",MOUNT SINAI WEST,ACTIVE,CLOSED,EDI,TRUE,TRUE,19.78,CHP,MOUNT SINAI WEST,1109-900110-01-9400-0000000000-0000-000-000,False,MSHS-BRAUN-PP-IV,Yes,Yes,19.78,8323969,B. BRAUN MEDICAL,B. BRAUN MEDICAL,CA12,12,No, ,NO,903037, MED/SURG DISPOSABLE,7/15/2024 12:00:00 AM,CLOSED,1174-1-1,19.78,APPROVED,CASE,7/15/2024 12:00:00 AM,NF,7/15/2024 12:00:00 AM,3371804,"KELLY, DAVID FRANKLIN",,,RH ROOSEVELT,19.78,ELECTROLYTES,51191602,AGENTS AFFECTING WATER AND ELECTROLYTES,MEDLINE INDUSTRIES INC,12422
MEDLINE INDUSTRIES INC,2024,"NURSING ACUTE DIALYSIS-BKL, 11101",MOUNT SINAI BROOKLYN,B. BRAUN,PHARMACEUTICAL PRODUCTS INCL. CONTRACEPTIVES AND VACCINES,True,True,PROCESSED,903037,"903037, MED/SURG DISPOSABLE",MOUNT SINAI BROOKLYN,Yes,E8000,B. BRAUN,8/5/2024 12:00:00 AM,1314081-54414,GOODS,SOL SOD CHL 0.9 PERC 1000ML INJ BAG - SUB 1 FOR L8000E8000BMGE8000,ORAPOS,SODIUM CHLORIDE ELECTROLYTES,BMGE8000,NURSING ACUTE DIALYSIS-BKL,11101,MED/SURG DISPOSABLE,MSHS-BRAUN-PP-IV,MSHS-BRAUN-PP-IV,SOL SOD CHL 0.9 PERC 1000ML INJ BAG - SUB 1 FOR L8000,903037,E8000,4,4,4,4,12,48,48,79.12,79.12,402-407-11-11101-00000000000-0-0,NF,BUYER   CONVERSION,"BUYER, CONVERSION","SODIUM CHLORIDE ELECTROLYTES 
 
B. BRAUN",SYSTEM CREATED,KH 1417 4709,"NURSING ACUTE DIALYSIS-BKL, 11101",MOUNT SINAI BROOKLYN,ACTIVE,CLOSED,EDI,TRUE,TRUE,79.12,CHP,MOUNT SINAI BROOKLYN,4709-900110-07-1417-0000000000-0000-000-000,False,MSHS-BRAUN-PP-IV,Yes,Yes,79.12,8323969,B. BRAUN,B. BRAUN,CA12,12,No, ,NO,903037, MED/SURG DISPOSABLE,8/5/2024 12:00:00 AM,CLOSED,1174-4-1,19.78,APPROVED,CASE,8/5/2024 12:00:00 AM,NF,8/5/2024 12:00:00 AM,3378837,"URBINA, HILZA ROSEL",,,KH KINGS HIGHWAY,79.12,ELECTROLYTES,51191602,AGENTS AFFECTING WATER AND ELECTROLYTES,MEDLINE INDUSTRIES INC,12422
MEDLINE INDUSTRIES INC,2023,"CARDIAC CATHERIZATION, 12605",MOUNT SINAI MORNINGSIDE,B BRAUN,DRUGS AND PHARMACEUTICAL PRODUCTS,True,True,PROCESSED,903037,"903037, MED/SURG DISPOSABLE",MOUNT SINAI MORNINGSIDE,Yes,E8000,B BRAUN,8/23/2023 12:00:00 AM,1314081-31542,GOODS,SOL SOD CHL 0.9 PERC 1000ML INJ BAG - SUB 1 FOR L8000E8000BMGE8000,ORAPOS,SODIUM CHLORIDE ELECTROLYTES,BMGE8000,CARDIAC CATHERIZATION,12605,MED/SURG DISPOSABLE,MSHS-BRAUN-PP-IV,MSHS-BRAUN-PP-IV,SOL SOD CHL 0.9 PERC 1000ML INJ BAG - SUB 1 FOR L8000,903037,E8000,2,2,2,2,12,24,24,39.56,39.56,302-302-11-12605-00000000000-0-0,NF,BUYER   CONVERSION,"BUYER, CONVERSION","SODIUM CHLORIDE ELECTROLYTES 
 
B BRAUN",SYSTEM CREATED,SLCCLSR03A,"CARDIAC CATHERIZATION, 12605",MOUNT SINAI MORNINGSIDE,ACTIVE,CLOSED,EDI,TRUE,TRUE,39.56,CHP,MOUNT SINAI MORNINGSIDE,1109-900110-02-4058-0000000000-0000-000-000,False,MSHS-BRAUN-PP-IV,Yes,Yes,39.56,8323969,B BRAUN,B BRAUN,CA12,12,No, ,NO,903037, MED/SURG DISPOSABLE,8/23/2023 12:00:00 AM,CLOSED,1174-1-1,19.78,APPROVED,CASE,8/23/2023 12:00:00 AM,NF,8/23/2023 12:00:00 AM,3252243,"TORRES, ERIKA E",,,SL ST LUKES,39.56,ELECTROLYTES,51191602,AGENTS AFFECTING WATER AND ELECTROLYTES,MEDLINE INDUSTRIES INC,12422
MEDLINE INDUSTRIES INC,2023,"CARDIAC CATHERIZATION, 12605",MOUNT SINAI MORNINGSIDE,B BRAUN,DRUGS AND PHARMACEUTICAL PRODUCTS,True,True,PROCESSED,903037,"903037, MED/SURG DISPOSABLE",MOUNT SINAI MORNINGSIDE,Yes,E8000,B BRAUN,10/6/2023 12:00:00 AM,1314081-34555,GOODS,SOL SOD CHL 0.9 PERC 1000ML INJ BAG - SUB 1 FOR L8000E8000BMGE8000,ORAPOS,SODIUM CHLORIDE ELECTROLYTES,BMGE8000,CARDIAC CATHERIZATION,12605,MED/SURG DISPOSABLE,MSHS-BRAUN-PP-IV,MSHS-BRAUN-PP-IV,SOL SOD CHL 0.9 PERC 1000ML INJ BAG - SUB 1 FOR L8000,903037,E8000,4,4,4,4,12,48,48,79.12,79.12,302-302-11-12605-00000000000-0-0,NF,BUYER   CONVERSION,"BUYER, CONVERSION","SODIUM CHLORIDE ELECTROLYTES 
 
B BRAUN",SYSTEM CREATED,SLCCLSR03A,"CARDIAC CATHERIZATION, 12605",MOUNT SINAI MORNINGSIDE,ACTIVE,CLOSED,EDI,TRUE,TRUE,79.12,CHP,MOUNT SINAI MORNINGSIDE,1109-900110-02-4058-0000000000-0000-000-000,False,MSHS-BRAUN-PP-IV,Yes,Yes,79.12,8323969,B BRAUN,B BRAUN,CA12,12,No, ,NO,903037, MED/SURG DISPOSABLE,10/6/2023 12:00:00 AM,CLOSED,1174-1-1,19.78,APPROVED,CASE,10/6/2023 12:00:00 AM,NF,10/6/2023 12:00:00 AM,3269224,"TORRES, ERIKA E",,,SL ST LUKES,79.12,ELECTROLYTES,51191602,AGENTS AFFECTING WATER AND ELECTROLYTES,MEDLINE INDUSTRIES INC,12422
MEDLINE INDUSTRIES INC,2024,"CARDIAC CATHERIZATION, 12605",MOUNT SINAI MORNINGSIDE,B. BRAUN MEDICAL,PHARMACEUTICAL PRODUCTS INCL. CONTRACEPTIVES AND VACCINES,True,True,PROCESSED,903037,"903037, MED/SURG DISPOSABLE",MOUNT SINAI MORNINGSIDE,Yes,E8000,B. BRAUN MEDICAL,6/28/2024 12:00:00 AM,1314081-52175,GOODS,SOL SOD CHL 0.9 PERC 1000ML INJ BAG - SUB 1 FOR L8000E8000BMGE8000,ORAPOS,SODIUM CHLORIDE ELECTROLYTES,BMGE8000,CARDIAC CATHERIZATION,12605,MED/SURG DISPOSABLE,MSHS-BRAUN-PP-IV,MSHS-BRAUN-PP-IV,SOL SOD CHL 0.9 PERC 1000ML INJ BAG - SUB 1 FOR L8000,903037,E8000,1,1,1,1,12,12,12,19.78,19.78,302-302-11-12605-00000000000-0-0,NF,BUYER   CONVERSION,"BUYER, CONVERSION","SODIUM CHLORIDE ELECTROLYTES 
 
B. BRAUN MEDICAL",SYSTEM CREATED,SLCCLSR03A,"CARDIAC CATHERIZATION, 12605",MOUNT SINAI MORNINGSIDE,ACTIVE,CLOSED,EDI,TRUE,TRUE,19.78,CHP,MOUNT SINAI MORNINGSIDE,1109-900110-02-4058-0000000000-0000-000-000,False,MSHS-BRAUN-PP-IV,Yes,Yes,19.78,8323969,B. BRAUN MEDICAL,B. BRAUN MEDICAL,CA12,12,No, ,NO,903037, MED/SURG DISPOSABLE,6/28/2024 12:00:00 AM,CLOSED,1174-3-1,19.78,APPROVED,CASE,6/28/2024 12:00:00 AM,NF,6/28/2024 12:00:00 AM,3366839,"TORRES, ERIKA E",,,SL ST LUKES,19.78,ELECTROLYTES,51191602,AGENTS AFFECTING WATER AND ELECTROLYTES,MEDLINE INDUSTRIES INC,12422
MEDLINE INDUSTRIES INC,2024,"PHARMACY, 21300",MOUNT SINAI WEST VILLAGE,B. BRAUN MEDICAL,PHARMACEUTICAL PRODUCTS INCL. CONTRACEPTIVES AND VACCINES,True,True,PROCESSED,903037,"903037, MED/SURG DISPOSABLE",MOUNT SINAI WEST VILLAGE,Yes,E8000,B. BRAUN MEDICAL,6/4/2024 12:00:00 AM,1314081-50562,GOODS,SOL SOD CHL 0.9 PERC 1000ML INJ BAG - SUB 1 FOR L8000E8000BMGE8000,ORAPOS,SODIUM CHLORIDE ELECTROLYTES,BMGE8000,PHARMACY,21300,MED/SURG DISPOSABLE,MSHS-BRAUN-PP-IV,MSHS-BRAUN-PP-IV,SOL SOD CHL 0.9 PERC 1000ML INJ BAG - SUB 1 FOR L8000,903037,E8000,2,2,2,2,12,24,24,39.56,39.56,408-958-11-21300-00000000000-0-0,NF,BUYER   CONVERSION,"BUYER, CONVERSION","SODIUM CHLORIDE ELECTROLYTES 
 
B. BRAUN MEDICAL",SYSTEM CREATED,WV 9400 5009,"PHARMACY, 21300",MOUNT SINAI WEST VILLAGE,ACTIVE,CLOSED,EDI,TRUE,TRUE,39.56,CHP,MOUNT SINAI WEST VILLAGE,5009-900110-80-9400-0000000000-0000-000-000,False,MSHS-BRAUN-PP-IV,Yes,Yes,39.56,8323969,B. BRAUN MEDICAL,B. BRAUN MEDICAL,CA12,12,No, ,NO,903037, MED/SURG DISPOSABLE,6/4/2024 12:00:00 AM,CLOSED,1174-1-1,19.78,APPROVED,CASE,6/4/2024 12:00:00 AM,NF,6/4/2024 12:00:00 AM,3358196,"YOUNG, MEI YEE",,,WV WEST VILLAGE,39.56,ELECTROLYTES,51191602,AGENTS AFFECTING WATER AND ELECTROLYTES,MEDLINE INDUSTRIES INC,12422
MEDLINE INDUSTRIES INC,2025,"UROLOGY BI BROOKLYN, 37809",MOUNT SINAI BROOKLYN,B. BRAUN,MED/SURG DISPOSABLE,True,True,CLOSED,903037,"903037, MED/SURG DISPOSABLE",MOUNT SINAI BROOKLYN,Yes,E8000,B. BRAUN,7/31/2025 12:00:00 AM,B1017288,GOODS,SOL SOD CHL 0.9 PERC 1000ML INJ BAG - SUB 1 FOR L8000E8000BMGE8000,ORAPOS,MED/SURG DISPOSABLE,BMGE8000,UROLOGY BI BROOKLYN,37809,MED/SURG DISPOSABLE,MSHS-BRAUN-PP-IV,,SOL SOD CHL 0.9 PERC 1000ML INJ BAG - SUB 1 FOR L8000,903037,E8000,24,24,24,24,1,24,24,38.88,38.88,NF,NF,PERRY LUANA,PERRY LUANA,"MED/SURG DISPOSABLE 
 
B. BRAUN",Y,37809 MSB UROLOGY STE 3-10,"UROLOGY BI BROOKLYN, 37809",MOUNT SINAI BROOKLYN,ACTIVE,CLOSED,EDI,TRUE,TRUE,41.5392,MOUNT SINAI BROOKLYN,MOUNT SINAI BROOKLYN,407-407-22-37809-903037-KC378091003-212-2103-000-00000-00000----,False,MSHS-BRAUN-PP-IV,Yes,Yes,38.88,8323969,B. BRAUN,B. BRAUN,NF,12,No, ,NO,903037, MED/SURG DISPOSABLE,3/18/2025 12:00:00 AM,CLOSED,1-1-1,1.7308,CLOSED,EACH,7/31/2025 12:00:00 AM,NF,3/18/2025 12:00:00 AM,K3826,BENNETT CYNTHIA,,,MOUNT SINAI BROOKLYN - RECVG MAIN,41.5392,NF,NF,NF,MEDLINE INDUSTRIES INC,12422
MEDLINE INDUSTRIES INC,2025,"CRESCENT CVI, 12635",MOUNT SINAI QUEENS,B. BRAUN,IV SOLUTIONS,True,True,CLOSED,903033,"903033, IV SOLUTIONS",MOUNT SINAI QUEENS,Yes,E8000,B. BRAUN,3/20/2025 12:00:00 AM,M3072165,GOODS,SOL SOD CHL 0.9 PERC 1000ML INJ BAG - SUB 1 FOR L8000E8000BMGE8000,ORAPOS,IV SOLUTIONS,BMGE8000,CRESCENT CVI,12635,IV SOLUTIONS,MSHS-BRAUN-PP-IV,,SOL SOD CHL 0.9 PERC 1000ML INJ BAG - SUB 1 FOR L8000,903033,E8000,1,1,1,1,12,12,12,20.77,20.77,NF,NF,GADSDEN CHONTE,GADSDEN CHONTE,"IV SOLUTIONS 
 
B. BRAUN",Y,"MT SINAI QUEENS, 30-14 CRESCENT ST, ASTORIA, NY 11102","CRESCENT CVI, 12635",MOUNT SINAI QUEENS,ACTIVE,CLOSED,EDI,TRUE,TRUE,20.77,MOUNT SINAI QUEENS,MOUNT SINAI QUEENS,102-107-11-12635-903033-00000000000-000-0000-000-00000-00000----,False,MSHS-BRAUN-PP-IV,Yes,Yes,20.77,8323969,B. BRAUN,B. BRAUN,NF,12,No, ,NO,903033, IV SOLUTIONS,3/17/2025 12:00:00 AM,CLOSED,3-1-1,20.77,CLOSED,CASE,3/20/2025 12:00:00 AM,NF,3/17/2025 12:00:00 AM,Q6498,ROSADO JANET,,,MT SINAI QUEENS RECEIVING DOCK,20.77,NF,NF,NF,MEDLINE INDUSTRIES INC,12422
MEDLINE INDUSTRIES INC,2024,"PHARMACY, 21300",MOUNT SINAI WEST,B. BRAUN,PHARMACEUTICAL PRODUCTS INCL. CONTRACEPTIVES AND VACCINES,True,True,CLOSED,903037,"903037, MED/SURG DISPOSABLE",MOUNT SINAI WEST,Yes,E8000,B. BRAUN,10/1/2024 12:00:00 AM,1314081-58175,GOODS,SOL SOD CHL 0.9 PERC 1000ML INJ BAG - SUB 1 FOR L8000E8000BMGE8000,ORAPOS,SODIUM CHLORIDE ELECTROLYTES,BMGE8000,PHARMACY,21300,MED/SURG DISPOSABLE,MSHS-BRAUN-PP-IV,MSHS-BRAUN-PP-IV,SOL SOD CHL 0.9 PERC 1000ML INJ BAG - SUB 1 FOR L8000,903037,E8000,12,4,12,6,12,48,144,79.12,79.12,,NF,BUYER   CONVERSION,"BUYER, CONVERSION","SODIUM CHLORIDE ELECTROLYTES 
 
B. BRAUN",SYSTEM CREATED,1000 10TH AVE 2ND FL RM 2B-36 PRMCY 2ND FL ROOM 2B-36 PHARMA,"PHARMACY, 21300",MOUNT SINAI WEST,ACTIVE,CLOSED,EDI,TRUE,TRUE,118.68,CHP,MOUNT SINAI WEST,301-301-11-21300-903037-00000000000-000-0000-000-00000-00000----,False,MSHS-BRAUN-PP-IV,Yes,Yes,79.12,8323969,B. BRAUN,B. BRAUN,NF,12,No, ,NO,903037, MED/SURG DISPOSABLE,10/1/2024 12:00:00 AM,CLOSED FOR RECEIVING,1-1-1,19.78,CLOSED FOR RECEIVING,CASE,10/1/2024 12:00:00 AM,NF,10/1/2024 12:00:00 AM,3399760,"KELLY, DAVID FRANKLIN",,,MOUNT SINAI WEST - RECVG MAIN,237.36,ELECTROLYTES,51191602,AGENTS AFFECTING WATER AND ELECTROLYTES,MEDLINE INDUSTRIES INC,12422
MEDLINE INDUSTRIES INC,2023,"AMBULATORY SURGERY, 12152",MOUNT SINAI WEST VILLAGE,B BRAUN,DRUGS AND PHARMACEUTICAL PRODUCTS,True,True,PROCESSED,903037,"903037, MED/SURG DISPOSABLE",MOUNT SINAI WEST VILLAGE,Yes,E8000,B BRAUN,12/21/2023 12:00:00 AM,1425241,GOODS,SOL SOD CHL 0.9 PERC 1000ML INJ BAG - SUB 1 FOR L8000E8000BMGE8000,ORAPOS,SODIUM CHLORIDE ELECTROLYTES,BMGE8000,AMBULATORY SURGERY,12152,MED/SURG DISPOSABLE,MSHS-BRAUN-PP-IV,MSHS-BRAUN-PP-IV,SOL SOD CHL 0.9 PERC 1000ML INJ BAG - SUB 1 FOR L8000,903037,E8000,1,1,1,1,12,12,12,19.78,19.78,408-958-11-12152-00000000000-0-0,NF,CAPATULA   ALICIA,"CAPATULA, ALICIA","SODIUM CHLORIDE ELECTROLYTES 
 
B BRAUN",BUYER CREATED,WV 2633 5009,"AMBULATORY SURGERY, 12152",MOUNT SINAI WEST VILLAGE,ACTIVE,CLOSED,EDI,TRUE,TRUE,19.78,CHP,MOUNT SINAI WEST VILLAGE,5009-900110-80-2633-0000000000-0000-000-000,False,MSHS-BRAUN-PP-IV,Yes,Yes,19.78,8323969,B BRAUN,B BRAUN,CA12,12,No, ,NO,903037, MED/SURG DISPOSABLE,12/21/2023 12:00:00 AM,CLOSED,1-1-1,19.78,APPROVED,CASE,12/21/2023 12:00:00 AM,NF,12/20/2023 12:00:00 AM,3298159,"WARE, PAUL A",,,WV WEST VILLAGE,19.78,ELECTROLYTES,51191602,AGENTS AFFECTING WATER AND ELECTROLYTES,MEDLINE INDUSTRIES INC,12422
MEDLINE INDUSTRIES INC,2024,"MATERIALS MANAGEMENT STORE ROOM, 60404",MOUNT SINAI BETH ISRAEL,B. BRAUN MEDICAL,PHARMACEUTICAL PRODUCTS INCL. CONTRACEPTIVES AND VACCINES,True,True,PROCESSED,903037,"903037, MED/SURG DISPOSABLE",MOUNT SINAI BETH ISRAEL,Yes,E8000,B. BRAUN MEDICAL,7/17/2024 12:00:00 AM,1314081-53240,GOODS,SOL SOD CHL 0.9 PERC 1000ML INJ BAG - SUB 1 FOR L8000E8000BMGE8000,ORAPOS,SODIUM CHLORIDE ELECTROLYTES,BMGE8000,MATERIALS MANAGEMENT STORE ROOM,60404,MED/SURG DISPOSABLE,MSHS-BRAUN-PP-IV,MSHS-BRAUN-PP-IV,SOL SOD CHL 0.9 PERC 1000ML INJ BAG - SUB 1 FOR L8000,903037,E8000,10,10,10,10,12,120,120,197.8,197.8,401-954-11-60404-00000000000-0-0,NF,BUYER   CONVERSION,"BUYER, CONVERSION","SODIUM CHLORIDE ELECTROLYTES 
 
B. BRAUN MEDICAL",SYSTEM CREATED,CP 8835 4409,"MATERIALS MANAGEMENT STORE ROOM, 60404",MOUNT SINAI BETH ISRAEL,ACTIVE,CLOSED,EDI,TRUE,TRUE,197.8,CHP,MOUNT SINAI BETH ISRAEL,4409-900110-00-8835-0000000000-0000-000-000,False,MSHS-BRAUN-PP-IV,Yes,Yes,197.8,8323969,B. BRAUN MEDICAL,B. BRAUN MEDICAL,CA12,12,No, ,NO,903037, MED/SURG DISPOSABLE,7/17/2024 12:00:00 AM,CLOSED,1174-1-1,19.78,APPROVED,CASE,7/17/2024 12:00:00 AM,NF,7/17/2024 12:00:00 AM,3372517,"PANEQUE, RUBY",,,MT SINAI BETH ISRAEL,197.8,ELECTROLYTES,51191602,AGENTS AFFECTING WATER AND ELECTROLYTES,MEDLINE INDUSTRIES INC,12422
MEDLINE INDUSTRIES INC,2024,"NURSING ACUTE DIALYSIS-BKL, 11101",MOUNT SINAI BROOKLYN,B. BRAUN,PHARMACEUTICAL PRODUCTS INCL. CONTRACEPTIVES AND VACCINES,True,True,PROCESSED,903037,"903037, MED/SURG DISPOSABLE",MOUNT SINAI BROOKLYN,Yes,E8000,B. BRAUN,9/16/2024 12:00:00 AM,1314081-57150,GOODS,SOL SOD CHL 0.9 PERC 1000ML INJ BAG - SUB 1 FOR L8000E8000BMGE8000,ORAPOS,SODIUM CHLORIDE ELECTROLYTES,BMGE8000,NURSING ACUTE DIALYSIS-BKL,11101,MED/SURG DISPOSABLE,MSHS-BRAUN-PP-IV,MSHS-BRAUN-PP-IV,SOL SOD CHL 0.9 PERC 1000ML INJ BAG - SUB 1 FOR L8000,903037,E8000,3,3,3,3,12,36,36,59.34,59.34,402-407-11-11101-00000000000-0-0,NF,BUYER   CONVERSION,"BUYER, CONVERSION","SODIUM CHLORIDE ELECTROLYTES 
 
B. BRAUN",SYSTEM CREATED,KH 1417 4709,"NURSING ACUTE DIALYSIS-BKL, 11101",MOUNT SINAI BROOKLYN,ACTIVE,CLOSED,EDI,TRUE,TRUE,59.34,CHP,MOUNT SINAI BROOKLYN,4709-900110-07-1417-0000000000-0000-000-000,False,MSHS-BRAUN-PP-IV,Yes,Yes,59.34,8323969,B. BRAUN,B. BRAUN,CA12,12,No, ,NO,903037, MED/SURG DISPOSABLE,9/16/2024 12:00:00 AM,CLOSED,1174-4-1,19.78,APPROVED,CASE,9/16/2024 12:00:00 AM,NF,9/16/2024 12:00:00 AM,3393823,"URBINA, HILZA ROSEL",,,KH KINGS HIGHWAY,59.34,ELECTROLYTES,51191602,AGENTS AFFECTING WATER AND ELECTROLYTES,MEDLINE INDUSTRIES INC,12422
MEDLINE INDUSTRIES INC,2024,"MATERIALS MANAGEMENT RECEIVING, 60403",MOUNT SINAI BROOKLYN,B. BRAUN MEDICAL,PHARMACEUTICAL PRODUCTS INCL. CONTRACEPTIVES AND VACCINES,True,True,PROCESSED,903037,"903037, MED/SURG DISPOSABLE",MOUNT SINAI BROOKLYN,Yes,E8000,B. BRAUN MEDICAL,6/21/2024 12:00:00 AM,1314081-51703,GOODS,SOL SOD CHL 0.9 PERC 1000ML INJ BAG - SUB 1 FOR L8000E8000BMGE8000,ORAPOS,SODIUM CHLORIDE ELECTROLYTES,BMGE8000,MATERIALS MANAGEMENT RECEIVING,60403,MED/SURG DISPOSABLE,MSHS-BRAUN-PP-IV,MSHS-BRAUN-PP-IV,SOL SOD CHL 0.9 PERC 1000ML INJ BAG - SUB 1 FOR L8000,903037,E8000,10,10,10,10,12,120,120,197.8,197.8,402-954-11-60403-00000000000-0-0,NF,BUYER   CONVERSION,"BUYER, CONVERSION","SODIUM CHLORIDE ELECTROLYTES 
 
B. BRAUN MEDICAL",SYSTEM CREATED,CP 8840 4709,"MATERIALS MANAGEMENT RECEIVING, 60403",MOUNT SINAI BROOKLYN,ACTIVE,CLOSED,EDI,TRUE,TRUE,197.8,CHP,MOUNT SINAI BROOKLYN,4709-900110-00-8840-0000000000-0000-000-000,False,MSHS-BRAUN-PP-IV,Yes,Yes,197.8,8323969,B. BRAUN MEDICAL,B. BRAUN MEDICAL,NF,12,No, ,NO,903037, MED/SURG DISPOSABLE,6/21/2024 12:00:00 AM,CLOSED,1174-1-1,19.78,APPROVED,CASE,6/21/2024 12:00:00 AM,NF,6/21/2024 12:00:00 AM,3364184,"ZAMOR, KEVIN",,,KH KINGS HIGHWAY,197.8,ELECTROLYTES,51191602,AGENTS AFFECTING WATER AND ELECTROLYTES,MEDLINE INDUSTRIES INC,12422
MEDLINE INDUSTRIES INC,2024,"MATERIALS MANAGEMENT RECEIVING, 60403",MOUNT SINAI BROOKLYN,B. BRAUN MEDICAL,PHARMACEUTICAL PRODUCTS INCL. CONTRACEPTIVES AND VACCINES,True,True,PROCESSED,903037,"903037, MED/SURG DISPOSABLE",MOUNT SINAI BROOKLYN,Yes,E8000,B. BRAUN MEDICAL,7/3/2024 12:00:00 AM,1314081-52431,GOODS,SOL SOD CHL 0.9 PERC 1000ML INJ BAG - SUB 1 FOR L8000E8000BMGE8000,ORAPOS,SODIUM CHLORIDE ELECTROLYTES,BMGE8000,MATERIALS MANAGEMENT RECEIVING,60403,MED/SURG DISPOSABLE,MSHS-BRAUN-PP-IV,MSHS-BRAUN-PP-IV,SOL SOD CHL 0.9 PERC 1000ML INJ BAG - SUB 1 FOR L8000,903037,E8000,10,10,10,10,12,120,120,197.8,197.8,402-954-11-60403-00000000000-0-0,NF,BUYER   CONVERSION,"BUYER, CONVERSION","SODIUM CHLORIDE ELECTROLYTES 
 
B. BRAUN MEDICAL",SYSTEM CREATED,CP 8840 4709,"MATERIALS MANAGEMENT RECEIVING, 60403",MOUNT SINAI BROOKLYN,ACTIVE,CLOSED,EDI,TRUE,TRUE,197.8,CHP,MOUNT SINAI BROOKLYN,4709-900110-00-8840-0000000000-0000-000-000,False,MSHS-BRAUN-PP-IV,Yes,Yes,197.8,8323969,B. BRAUN MEDICAL,B. BRAUN MEDICAL,NF,12,No, ,NO,903037, MED/SURG DISPOSABLE,7/3/2024 12:00:00 AM,CLOSED,1174-4-1,19.78,APPROVED,CASE,7/3/2024 12:00:00 AM,NF,7/3/2024 12:00:00 AM,3368175,"ZAMOR, KEVIN",,,KH KINGS HIGHWAY,197.8,ELECTROLYTES,51191602,AGENTS AFFECTING WATER AND ELECTROLYTES,MEDLINE INDUSTRIES INC,12422
MEDLINE INDUSTRIES INC,2024,"MATERIALS MANAGEMENT RECEIVING, 60403",MOUNT SINAI BROOKLYN,B. BRAUN MEDICAL,PHARMACEUTICAL PRODUCTS INCL. CONTRACEPTIVES AND VACCINES,True,True,PROCESSED,903037,"903037, MED/SURG DISPOSABLE",MOUNT SINAI BROOKLYN,Yes,E8000,B. BRAUN MEDICAL,5/24/2024 12:00:00 AM,1314081-49979,GOODS,SOL SOD CHL 0.9 PERC 1000ML INJ BAG - SUB 1 FOR L8000E8000BMGE8000,ORAPOS,SODIUM CHLORIDE ELECTROLYTES,BMGE8000,MATERIALS MANAGEMENT RECEIVING,60403,MED/SURG DISPOSABLE,MSHS-BRAUN-PP-IV,MSHS-BRAUN-PP-IV,SOL SOD CHL 0.9 PERC 1000ML INJ BAG - SUB 1 FOR L8000,903037,E8000,6,6,6,6,12,72,72,118.68,118.68,402-954-11-60403-00000000000-0-0,NF,BUYER   CONVERSION,"BUYER, CONVERSION","SODIUM CHLORIDE ELECTROLYTES 
 
B. BRAUN MEDICAL",SYSTEM CREATED,CP 8840 4709,"MATERIALS MANAGEMENT RECEIVING, 60403",MOUNT SINAI BROOKLYN,ACTIVE,CLOSED,EDI,TRUE,TRUE,118.68,CHP,MOUNT SINAI BROOKLYN,4709-900110-00-8840-0000000000-0000-000-000,False,MSHS-BRAUN-PP-IV,Yes,Yes,118.68,8323969,B. BRAUN MEDICAL,B. BRAUN MEDICAL,CA12,12,No, ,NO,903037, MED/SURG DISPOSABLE,5/24/2024 12:00:00 AM,CLOSED,1174-3-1,19.78,APPROVED,CASE,5/24/2024 12:00:00 AM,NF,5/24/2024 12:00:00 AM,3354664,"ZAMOR, KEVIN",,,KH KINGS HIGHWAY,118.68,ELECTROLYTES,51191602,AGENTS AFFECTING WATER AND ELECTROLYTES,MEDLINE INDUSTRIES INC,12422
MEDLINE INDUSTRIES INC,2024,"CARDIAC CATHERIZATION, 12605",MOUNT SINAI MORNINGSIDE,B. BRAUN,PHARMACEUTICAL PRODUCTS INCL. CONTRACEPTIVES AND VACCINES,True,True,PROCESSED,903037,"903037, MED/SURG DISPOSABLE",MOUNT SINAI MORNINGSIDE,Yes,E8000,B. BRAUN,8/29/2024 12:00:00 AM,1314081-56015,GOODS,SOL SOD CHL 0.9 PERC 1000ML INJ BAG - SUB 1 FOR L8000E8000BMGE8000,ORAPOS,SODIUM CHLORIDE ELECTROLYTES,BMGE8000,CARDIAC CATHERIZATION,12605,MED/SURG DISPOSABLE,MSHS-BRAUN-PP-IV,MSHS-BRAUN-PP-IV,SOL SOD CHL 0.9 PERC 1000ML INJ BAG - SUB 1 FOR L8000,903037,E8000,1,1,1,1,12,12,12,19.78,19.78,302-302-11-12605-00000000000-0-0,NF,BUYER   CONVERSION,"BUYER, CONVERSION","SODIUM CHLORIDE ELECTROLYTES 
 
B. BRAUN",SYSTEM CREATED,SLCCLSR03A,"CARDIAC CATHERIZATION, 12605",MOUNT SINAI MORNINGSIDE,ACTIVE,CLOSED,EDI,TRUE,TRUE,19.78,CHP,MOUNT SINAI MORNINGSIDE,1109-900110-02-4058-0000000000-0000-000-000,False,MSHS-BRAUN-PP-IV,Yes,Yes,19.78,8323969,B. BRAUN,B. BRAUN,NF,12,No, ,NO,903037, MED/SURG DISPOSABLE,8/29/2024 12:00:00 AM,CLOSED,1174-1-1,19.78,APPROVED,CASE,8/29/2024 12:00:00 AM,NF,8/29/2024 12:00:00 AM,3388077,"TORRES, ERIKA E",,,SL ST LUKES,19.78,ELECTROLYTES,51191602,AGENTS AFFECTING WATER AND ELECTROLYTES,MEDLINE INDUSTRIES INC,12422
MEDLINE INDUSTRIES INC,2024,"CARDIAC CATHERIZATION, 12605",MOUNT SINAI MORNINGSIDE,B. BRAUN MEDICAL,PHARMACEUTICAL PRODUCTS INCL. CONTRACEPTIVES AND VACCINES,True,True,PROCESSED,903037,"903037, MED/SURG DISPOSABLE",MOUNT SINAI MORNINGSIDE,Yes,E8000,B. BRAUN MEDICAL,5/29/2024 12:00:00 AM,1314081-50129,GOODS,SOL SOD CHL 0.9 PERC 1000ML INJ BAG - SUB 1 FOR L8000E8000BMGE8000,ORAPOS,SODIUM CHLORIDE ELECTROLYTES,BMGE8000,CARDIAC CATHERIZATION,12605,MED/SURG DISPOSABLE,MSHS-BRAUN-PP-IV,MSHS-BRAUN-PP-IV,SOL SOD CHL 0.9 PERC 1000ML INJ BAG - SUB 1 FOR L8000,903037,E8000,2,2,2,2,12,24,24,39.56,39.56,302-302-11-12605-00000000000-0-0,NF,BUYER   CONVERSION,"BUYER, CONVERSION","SODIUM CHLORIDE ELECTROLYTES 
 
B. BRAUN MEDICAL",SYSTEM CREATED,SLCCLSR03A,"CARDIAC CATHERIZATION, 12605",MOUNT SINAI MORNINGSIDE,ACTIVE,CLOSED,EDI,TRUE,TRUE,39.56,CHP,MOUNT SINAI MORNINGSIDE,1109-900110-02-4058-0000000000-0000-000-000,False,MSHS-BRAUN-PP-IV,Yes,Yes,39.56,8323969,B. BRAUN MEDICAL,B. BRAUN MEDICAL,CA12,12,No, ,NO,903037, MED/SURG DISPOSABLE,5/29/2024 12:00:00 AM,CLOSED,1174-4-1,19.78,APPROVED,CASE,5/29/2024 12:00:00 AM,NF,5/29/2024 12:00:00 AM,3355717,"TORRES, ERIKA E",,,SL ST LUKES,39.56,ELECTROLYTES,51191602,AGENTS AFFECTING WATER AND ELECTROLYTES,MEDLINE INDUSTRIES INC,12422
MEDLINE INDUSTRIES INC,2024,"CARDIAC CATHERIZATION, 12605",MOUNT SINAI MORNINGSIDE,B. BRAUN MEDICAL,PHARMACEUTICAL PRODUCTS INCL. CONTRACEPTIVES AND VACCINES,True,True,PROCESSED,903037,"903037, MED/SURG DISPOSABLE",MOUNT SINAI MORNINGSIDE,Yes,E8000,B. BRAUN MEDICAL,5/23/2024 12:00:00 AM,1314081-49867,GOODS,SOL SOD CHL 0.9 PERC 1000ML INJ BAG - SUB 1 FOR L8000E8000BMGE8000,ORAPOS,SODIUM CHLORIDE ELECTROLYTES,BMGE8000,CARDIAC CATHERIZATION,12605,MED/SURG DISPOSABLE,MSHS-BRAUN-PP-IV,MSHS-BRAUN-PP-IV,SOL SOD CHL 0.9 PERC 1000ML INJ BAG - SUB 1 FOR L8000,903037,E8000,1,1,1,1,12,12,12,19.78,19.78,302-302-11-12605-00000000000-0-0,NF,BUYER   CONVERSION,"BUYER, CONVERSION","SODIUM CHLORIDE ELECTROLYTES 
 
B. BRAUN MEDICAL",SYSTEM CREATED,SL 4058 1109 1,"CARDIAC CATHERIZATION, 12605",MOUNT SINAI MORNINGSIDE,ACTIVE,CLOSED,EDI,TRUE,TRUE,19.78,CHP,MOUNT SINAI MORNINGSIDE,1109-900110-02-4058-0000000000-0000-000-000,False,MSHS-BRAUN-PP-IV,Yes,Yes,19.78,8323969,B. BRAUN MEDICAL,B. BRAUN MEDICAL,CA12,12,No, ,NO,903037, MED/SURG DISPOSABLE,5/23/2024 12:00:00 AM,CLOSED,1174-1-1,19.78,APPROVED,CASE,5/23/2024 12:00:00 AM,NF,5/23/2024 12:00:00 AM,3354315,"SALDANA, ERIKA PALOMA",,,SL ST LUKES,19.78,ELECTROLYTES,51191602,AGENTS AFFECTING WATER AND ELECTROLYTES,MEDLINE INDUSTRIES INC,12422
MEDLINE INDUSTRIES INC,2024,"CARDIAC CATHERIZATION, 12605",MOUNT SINAI MORNINGSIDE,B. BRAUN,PHARMACEUTICAL PRODUCTS INCL. CONTRACEPTIVES AND VACCINES,True,True,PROCESSED,903037,"903037, MED/SURG DISPOSABLE",MOUNT SINAI MORNINGSIDE,Yes,E8000,B. BRAUN,9/3/2024 12:00:00 AM,1314081-56306,GOODS,SOL SOD CHL 0.9 PERC 1000ML INJ BAG - SUB 1 FOR L8000E8000BMGE8000,ORAPOS,SODIUM CHLORIDE ELECTROLYTES,BMGE8000,CARDIAC CATHERIZATION,12605,MED/SURG DISPOSABLE,MSHS-BRAUN-PP-IV,MSHS-BRAUN-PP-IV,SOL SOD CHL 0.9 PERC 1000ML INJ BAG - SUB 1 FOR L8000,903037,E8000,2,2,2,2,12,24,24,39.56,39.56,302-302-11-12605-00000000000-0-0,NF,BUYER   CONVERSION,"BUYER, CONVERSION","SODIUM CHLORIDE ELECTROLYTES 
 
B. BRAUN",SYSTEM CREATED,SLCCLSR03A,"CARDIAC CATHERIZATION, 12605",MOUNT SINAI MORNINGSIDE,ACTIVE,CLOSED,EDI,TRUE,TRUE,39.56,CHP,MOUNT SINAI MORNINGSIDE,1109-900110-02-4058-0000000000-0000-000-000,False,MSHS-BRAUN-PP-IV,Yes,Yes,39.56,8323969,B. BRAUN,B. BRAUN,CA12,12,No, ,NO,903037, MED/SURG DISPOSABLE,9/3/2024 12:00:00 AM,CLOSED,1174-2-1,19.78,APPROVED,CASE,9/3/2024 12:00:00 AM,NF,9/3/2024 12:00:00 AM,3389164,"TORRES, ERIKA E",,,SL ST LUKES,39.56,ELECTROLYTES,51191602,AGENTS AFFECTING WATER AND ELECTROLYTES,MEDLINE INDUSTRIES INC,12422
MEDLINE INDUSTRIES INC,2024,"CARDIAC CATHERIZATION, 12605",MOUNT SINAI MORNINGSIDE,B. BRAUN,PHARMACEUTICAL PRODUCTS INCL. CONTRACEPTIVES AND VACCINES,True,True,PROCESSED,903037,"903037, MED/SURG DISPOSABLE",MOUNT SINAI MORNINGSIDE,Yes,E8000,B. BRAUN,9/20/2024 12:00:00 AM,1314081-57436,GOODS,SOL SOD CHL 0.9 PERC 1000ML INJ BAG - SUB 1 FOR L8000E8000BMGE8000,ORAPOS,SODIUM CHLORIDE ELECTROLYTES,BMGE8000,CARDIAC CATHERIZATION,12605,MED/SURG DISPOSABLE,MSHS-BRAUN-PP-IV,MSHS-BRAUN-PP-IV,SOL SOD CHL 0.9 PERC 1000ML INJ BAG - SUB 1 FOR L8000,903037,E8000,2,2,2,2,12,24,24,39.56,39.56,302-302-11-12605-00000000000-0-0,NF,BUYER   CONVERSION,"BUYER, CONVERSION","SODIUM CHLORIDE ELECTROLYTES 
 
B. BRAUN",SYSTEM CREATED,SLCCLSR03A,"CARDIAC CATHERIZATION, 12605",MOUNT SINAI MORNINGSIDE,ACTIVE,CLOSED,EDI,TRUE,TRUE,39.56,CHP,MOUNT SINAI MORNINGSIDE,1109-900110-02-4058-0000000000-0000-000-000,False,MSHS-BRAUN-PP-IV,Yes,Yes,39.56,8323969,B. BRAUN,B. BRAUN,CA12,12,No, ,NO,903037, MED/SURG DISPOSABLE,9/20/2024 12:00:00 AM,CLOSED,1174-3-1,19.78,APPROVED,CASE,9/20/2024 12:00:00 AM,NF,9/20/2024 12:00:00 AM,3395577,"TORRES, ERIKA E",,,SL ST LUKES,39.56,ELECTROLYTES,51191602,AGENTS AFFECTING WATER AND ELECTROLYTES,MEDLINE INDUSTRIES INC,12422
MEDLINE INDUSTRIES INC,2024,"PHARMACY, 21300",MOUNT SINAI WEST VILLAGE,B. BRAUN,PHARMACEUTICAL PRODUCTS INCL. CONTRACEPTIVES AND VACCINES,True,True,PROCESSED,903037,"903037, MED/SURG DISPOSABLE",MOUNT SINAI WEST VILLAGE,Yes,E8000,B. BRAUN,9/16/2024 12:00:00 AM,1314081-57177,GOODS,SOL SOD CHL 0.9 PERC 1000ML INJ BAG - SUB 1 FOR L8000E8000BMGE8000,ORAPOS,SODIUM CHLORIDE ELECTROLYTES,BMGE8000,PHARMACY,21300,MED/SURG DISPOSABLE,MSHS-BRAUN-PP-IV,MSHS-BRAUN-PP-IV,SOL SOD CHL 0.9 PERC 1000ML INJ BAG - SUB 1 FOR L8000,903037,E8000,1,1,1,1,12,12,12,19.78,19.78,408-958-11-21300-00000000000-0-0,NF,BUYER   CONVERSION,"BUYER, CONVERSION","SODIUM CHLORIDE ELECTROLYTES 
 
B. BRAUN",SYSTEM CREATED,WV 9400 5009,"PHARMACY, 21300",MOUNT SINAI WEST VILLAGE,ACTIVE,CLOSED,EDI,TRUE,TRUE,19.78,CHP,MOUNT SINAI WEST VILLAGE,5009-900110-80-9400-0000000000-0000-000-000,False,MSHS-BRAUN-PP-IV,Yes,Yes,19.78,8323969,B. BRAUN,B. BRAUN,CA12,12,No, ,NO,903037, MED/SURG DISPOSABLE,9/16/2024 12:00:00 AM,CLOSED,1174-1-1,19.78,APPROVED,CASE,9/16/2024 12:00:00 AM,NF,9/16/2024 12:00:00 AM,3393930,"WARE, PAUL A",,,WV WEST VILLAGE,19.78,ELECTROLYTES,51191602,AGENTS AFFECTING WATER AND ELECTROLYTES,MEDLINE INDUSTRIES INC,12422
MEDLINE INDUSTRIES INC,2025,"117TH STREET DIALYSIS, 13850",OFFSITES,B. BRAUN,MISCELLANEOUS EXPENSE,True,True,CLOSED,920100,"920100, MISCELLANEOUS EXPENSE",OFFSITES,Yes,E8000,B. BRAUN,3/26/2025 12:00:00 AM,M3001275,GOODS,SOL SOD CHL 0.9 PERC 1000ML INJ BAG - SUB 1 FOR L8000E8000BMGL8000,ORAPOS,MISCELLANEOUS EXPENSE,BMGL8000,117TH STREET DIALYSIS,13850,MISCELLANEOUS EXPENSE,MSHS-BRAUN-PP-IV,,SOL SOD CHL 0.9 PERC 1000ML INJ BAG - SUB 1 FOR L8000,920100,E8000,40,40,40,40,12,480,480,791.2,791.2,NF,NF,BRATHWAITE KEISHA,BRATHWAITE KEISHA,"MISCELLANEOUS EXPENSE 
 
B. BRAUN",Y,13850 DIALY 520 E 117TH ST 4TH FL,"117TH STREET DIALYSIS, 13850",OFFSITE - MSH,ACTIVE,CLOSED,EDI,TRUE,TRUE,791.2,MT SINAI HOSPITAL - OFFSITE,OFFSITES,101-101-11-13850-920100-00000000000-000-0000-000-00000-00000----,False,MSHS-BRAUN-PP-IV,Yes,Yes,791.2,8323969,B. BRAUN,B. BRAUN,NF,12,No, ,NO,920100, MISCELLANEOUS EXPENSE,10/14/2024 12:00:00 AM,CLOSED,5-1-1,19.78,CLOSED FOR RECEIVING,CASE,3/26/2025 12:00:00 AM,NF,10/14/2024 12:00:00 AM,FH24,CASTILLO KIRK,,,13850 DIALY 520 E 117TH ST 4TH FL,791.2,NF,NF,NF,MEDLINE INDUSTRIES INC,12422
MEDLINE INDUSTRIES INC,2025,"PHARMACY, 21300",MOUNT SINAI DOWNTOWN UNION SQUARE,B. BRAUN,IV SOLUTIONS,True,True,CLOSED,903033,"903033, IV SOLUTIONS",MOUNT SINAI DOWNTOWN UNION SQUARE,Yes,E8000,B. BRAUN,4/29/2025 12:00:00 AM,B1021341,GOODS,SOL SOD CHL 0.9 PERC 1000ML INJ BAG - SUB 1 FOR L8000E8000BMGE8000,ORAPOS,IV SOLUTIONS,BMGE8000,PHARMACY,21300,IV SOLUTIONS,MSHS-BRAUN-PP-IV,,SOL SOD CHL 0.9 PERC 1000ML INJ BAG - SUB 1 FOR L8000,903033,E8000,2,0,2,2,12,24,24,38.76,38.76,NF,NF,BANNERMAN TRACEY,BANNERMAN TRACEY,"IV SOLUTIONS 
 
B. BRAUN",Y,7 IRVING PL BW 14&15 STS PA PRMCY PA 4 FL B-RM 8 PACC PHARMA,"PHARMACY, 21300",MOUNT SINAI DOWNTOWN UNION SQUARE,ACTIVE,CLOSED,EDI,TRUE,TRUE,41.54,UNION SQUARE - DOWNTOWN,MOUNT SINAI DOWNTOWN UNION SQUARE,414-403-11-21300-903033-00000000000-000-0000-000-00000-00000----,False,MSHS-BRAUN-PP-IV,Yes,Yes,38.76,8323969,B. BRAUN,B. BRAUN,NF,12,No, ,NO,903033, IV SOLUTIONS,4/29/2025 12:00:00 AM,CLOSED FOR RECEIVING,1-1-1,20.77,CLOSED FOR RECEIVING,CASE,4/29/2025 12:00:00 AM,NF,4/29/2025 12:00:00 AM,U7143,BAZAROVA TATYANA,,,MOUNT SINAI UNION SQUARE - RECVG MAIN,41.54,NF,NF,NF,MEDLINE INDUSTRIES INC,12422
MEDLINE INDUSTRIES INC,2024,"CARDIAC CATHERIZATION, 12605",MOUNT SINAI MORNINGSIDE,B. BRAUN,PHARMACEUTICAL PRODUCTS INCL. CONTRACEPTIVES AND VACCINES,True,True,PROCESSED,903037,"903037, MED/SURG DISPOSABLE",MOUNT SINAI MORNINGSIDE,Yes,E8000,B. BRAUN,7/22/2024 12:00:00 AM,1314081-53547,GOODS,SOL SOD CHL 0.9 PERC 1000ML INJ BAG - SUB 1 FOR L8000E8000BMGE8000,ORAPOS,SODIUM CHLORIDE ELECTROLYTES,BMGE8000,CARDIAC CATHERIZATION,12605,MED/SURG DISPOSABLE,MSHS-BRAUN-PP-IV,MSHS-BRAUN-PP-IV,SOL SOD CHL 0.9 PERC 1000ML INJ BAG - SUB 1 FOR L8000,903037,E8000,2,2,2,2,12,24,24,39.56,39.56,302-302-11-12605-00000000000-0-0,NF,BUYER   CONVERSION,"BUYER, CONVERSION","SODIUM CHLORIDE ELECTROLYTES 
 
B. BRAUN",SYSTEM CREATED,SL 4058 1109 1,"CARDIAC CATHERIZATION, 12605",MOUNT SINAI MORNINGSIDE,ACTIVE,CLOSED,EDI,TRUE,TRUE,39.56,CHP,MOUNT SINAI MORNINGSIDE,1109-900110-02-4058-0000000000-0000-000-000,False,MSHS-BRAUN-PP-IV,Yes,Yes,39.56,8323969,B. BRAUN,B. BRAUN,CA12,12,No, ,NO,903037, MED/SURG DISPOSABLE,7/22/2024 12:00:00 AM,CLOSED,1174-1-1,19.78,APPROVED,CASE,7/22/2024 12:00:00 AM,NF,7/22/2024 12:00:00 AM,3373715,"SALDANA, ERIKA PALOMA",,,SL ST LUKES,39.56,ELECTROLYTES,51191602,AGENTS AFFECTING WATER AND ELECTROLYTES,MEDLINE INDUSTRIES INC,12422
MEDLINE INDUSTRIES INC,2025,"PHARMACY, 21300",MOUNT SINAI HOSPITAL,B. BRAUN,IV SOLUTIONS,True,True,CLOSED,903033,"903033, IV SOLUTIONS",MOUNT SINAI HOSPITAL,Yes,E8000,B. BRAUN,8/5/2025 12:00:00 AM,M3134833,GOODS,SOL SOD CHL 0.9 PERC 1000ML INJ BAG - SUB 1 FOR L8000E8000BMGE8000,ORAPOS,IV SOLUTIONS,BMGE8000,PHARMACY,21300,IV SOLUTIONS,MSHS-BRAUN-PP-IV,,SOL SOD CHL 0.9 PERC 1000ML INJ BAG - SUB 1 FOR L8000,903033,E8000,10,0,10,10,12,120,120,0,0,NF,NF,BANNERMAN TRACEY,BANNERMAN TRACEY,"IV SOLUTIONS 
 
B. BRAUN",Y,21300 RXSAT MNF ANN B2-06,"PHARMACY, 21300",MOUNT SINAI HOSPITAL,ACTIVE,CLOSED,EDI,TRUE,TRUE,193.8,MOUNT SINAI HOSPITAL,MOUNT SINAI HOSPITAL,101-101-11-21300-903033-00000000000-000-0000-000-00000-00000----,False,MSHS-BRAUN-PP-IV,Yes,Yes,0,8323969,B. BRAUN,B. BRAUN,NF,12,No, ,NO,903033, IV SOLUTIONS,8/5/2025 12:00:00 AM,CLOSED FOR RECEIVING,2-1-1,19.38,CLOSED FOR RECEIVING,CASE,8/5/2025 12:00:00 AM,NF,8/5/2025 12:00:00 AM,M73329,ESPEJEL TOMAS,,,MOUNT SINAI HOSPITAL - RECVG MAIN,193.8,NF,NF,NF,MEDLINE INDUSTRIES INC,12422
MEDLINE INDUSTRIES INC,2024,"CARDIAC CATHERIZATION, 12605",MOUNT SINAI MORNINGSIDE,B. BRAUN MEDICAL,PHARMACEUTICAL PRODUCTS INCL. CONTRACEPTIVES AND VACCINES,True,True,PROCESSED,903037,"903037, MED/SURG DISPOSABLE",MOUNT SINAI MORNINGSIDE,Yes,E8000,B. BRAUN MEDICAL,5/28/2024 12:00:00 AM,1314081-50060,GOODS,SOL SOD CHL 0.9 PERC 1000ML INJ BAG - SUB 1 FOR L8000E8000BMGE8000,ORAPOS,SODIUM CHLORIDE ELECTROLYTES,BMGE8000,CARDIAC CATHERIZATION,12605,MED/SURG DISPOSABLE,MSHS-BRAUN-PP-IV,MSHS-BRAUN-PP-IV,SOL SOD CHL 0.9 PERC 1000ML INJ BAG - SUB 1 FOR L8000,903037,E8000,3,3,3,3,12,36,36,59.34,59.34,302-302-11-12605-00000000000-0-0,NF,BUYER   CONVERSION,"BUYER, CONVERSION","SODIUM CHLORIDE ELECTROLYTES 
 
B. BRAUN MEDICAL",SYSTEM CREATED,SLCCLSR03A,"CARDIAC CATHERIZATION, 12605",MOUNT SINAI MORNINGSIDE,ACTIVE,CLOSED,EDI,TRUE,TRUE,59.34,CHP,MOUNT SINAI MORNINGSIDE,1109-900110-02-4058-0000000000-0000-000-000,False,MSHS-BRAUN-PP-IV,Yes,Yes,59.34,8323969,B. BRAUN MEDICAL,B. BRAUN MEDICAL,CA12,12,No, ,NO,903037, MED/SURG DISPOSABLE,5/28/2024 12:00:00 AM,CLOSED,1174-1-1,19.78,APPROVED,CASE,5/28/2024 12:00:00 AM,NF,5/28/2024 12:00:00 AM,3355305,"TORRES, ERIKA E",,,SL ST LUKES,59.34,ELECTROLYTES,51191602,AGENTS AFFECTING WATER AND ELECTROLYTES,MEDLINE INDUSTRIES INC,12422
MEDLINE INDUSTRIES INC,2024,"CARDIAC CATHERIZATION, 12605",MOUNT SINAI MORNINGSIDE,B. BRAUN MEDICAL,PHARMACEUTICAL PRODUCTS INCL. CONTRACEPTIVES AND VACCINES,True,True,PROCESSED,903037,"903037, MED/SURG DISPOSABLE",MOUNT SINAI MORNINGSIDE,Yes,E8000,B. BRAUN MEDICAL,5/10/2024 12:00:00 AM,1314081-49014,GOODS,SOL SOD CHL 0.9 PERC 1000ML INJ BAG - SUB 1 FOR L8000E8000BMGE8000,ORAPOS,SODIUM CHLORIDE ELECTROLYTES,BMGE8000,CARDIAC CATHERIZATION,12605,MED/SURG DISPOSABLE,MSHS-BRAUN-PP-IV,MSHS-BRAUN-PP-IV,SOL SOD CHL 0.9 PERC 1000ML INJ BAG - SUB 1 FOR L8000,903037,E8000,4,4,4,4,12,48,48,79.12,79.12,302-302-11-12605-00000000000-0-0,NF,BUYER   CONVERSION,"BUYER, CONVERSION","SODIUM CHLORIDE ELECTROLYTES 
 
B. BRAUN MEDICAL",SYSTEM CREATED,SLCCLSR03A,"CARDIAC CATHERIZATION, 12605",MOUNT SINAI MORNINGSIDE,ACTIVE,CLOSED,EDI,TRUE,TRUE,79.12,CHP,MOUNT SINAI MORNINGSIDE,1109-900110-02-4058-0000000000-0000-000-000,False,MSHS-BRAUN-PP-IV,Yes,Yes,79.12,8323969,B. BRAUN MEDICAL,B. BRAUN MEDICAL,CA12,12,No, ,NO,903037, MED/SURG DISPOSABLE,5/10/2024 12:00:00 AM,CLOSED,1174-2-1,19.78,APPROVED,CASE,5/10/2024 12:00:00 AM,NF,5/10/2024 12:00:00 AM,3349559,"TORRES, ERIKA E",,,SL ST LUKES,79.12,ELECTROLYTES,51191602,AGENTS AFFECTING WATER AND ELECTROLYTES,MEDLINE INDUSTRIES INC,12422
MEDLINE INDUSTRIES INC,2024,"CARDIAC CATHERIZATION, 12605",MOUNT SINAI MORNINGSIDE,B. BRAUN,PHARMACEUTICAL PRODUCTS INCL. CONTRACEPTIVES AND VACCINES,True,True,PROCESSED,903037,"903037, MED/SURG DISPOSABLE",MOUNT SINAI MORNINGSIDE,Yes,E8000,B. BRAUN,9/4/2024 12:00:00 AM,1314081-56338,GOODS,SOL SOD CHL 0.9 PERC 1000ML INJ BAG - SUB 1 FOR L8000E8000BMGE8000,ORAPOS,SODIUM CHLORIDE ELECTROLYTES,BMGE8000,CARDIAC CATHERIZATION,12605,MED/SURG DISPOSABLE,MSHS-BRAUN-PP-IV,MSHS-BRAUN-PP-IV,SOL SOD CHL 0.9 PERC 1000ML INJ BAG - SUB 1 FOR L8000,903037,E8000,2,2,2,2,12,24,24,39.56,39.56,302-302-11-12605-00000000000-0-0,NF,BUYER   CONVERSION,"BUYER, CONVERSION","SODIUM CHLORIDE ELECTROLYTES 
 
B. BRAUN",SYSTEM CREATED,SLCCLSR03A,"CARDIAC CATHERIZATION, 12605",MOUNT SINAI MORNINGSIDE,ACTIVE,CLOSED,EDI,TRUE,TRUE,39.56,CHP,MOUNT SINAI MORNINGSIDE,1109-900110-02-4058-0000000000-0000-000-000,False,MSHS-BRAUN-PP-IV,Yes,Yes,39.56,8323969,B. BRAUN,B. BRAUN,NF,12,No, ,NO,903037, MED/SURG DISPOSABLE,9/4/2024 12:00:00 AM,CLOSED,1174-7-1,19.78,APPROVED,CASE,9/4/2024 12:00:00 AM,NF,9/4/2024 12:00:00 AM,3389503,"TORRES, ERIKA E",,,SL ST LUKES,39.56,ELECTROLYTES,51191602,AGENTS AFFECTING WATER AND ELECTROLYTES,MEDLINE INDUSTRIES INC,12422
MEDLINE INDUSTRIES INC,2024,"STERILE PROCESSING, 60170",MOUNT SINAI WEST,B. BRAUN MEDICAL,DRUGS AND PHARMACEUTICAL PRODUCTS,True,True,PROCESSED,903037,"903037, MED/SURG DISPOSABLE",MOUNT SINAI WEST,Yes,E8000,B. BRAUN MEDICAL,2/28/2024 12:00:00 AM,1314081-44121,GOODS,SOL SOD CHL 0.9 PERC 1000ML INJ BAG - SUB 1 FOR L8000E8000BMGE8000,ORAPOS,SODIUM CHLORIDE ELECTROLYTES,BMGE8000,STERILE PROCESSING,60170,MED/SURG DISPOSABLE,MSHS-BRAUN-PP-IV,MSHS-BRAUN-PP-IV,SOL SOD CHL 0.9 PERC 1000ML INJ BAG - SUB 1 FOR L8000,903037,E8000,3,3,3,3,12,36,36,59.34,59.34,301-301-11-60170-00000000000-0-0,NF,BUYER   CONVERSION,"BUYER, CONVERSION","SODIUM CHLORIDE ELECTROLYTES 
 
B. BRAUN MEDICAL",SYSTEM CREATED,RH 9175 1109,"STERILE PROCESSING, 60170",MOUNT SINAI WEST,ACTIVE,CLOSED,EDI,TRUE,TRUE,59.34,CHP,MOUNT SINAI WEST,1109-900110-01-9175-0000000000-0000-000-000,False,MSHS-BRAUN-PP-IV,Yes,Yes,59.34,8323969,B. BRAUN MEDICAL,B. BRAUN MEDICAL,CA12,12,No, ,NO,903037, MED/SURG DISPOSABLE,2/28/2024 12:00:00 AM,CLOSED,1174-1-1,19.78,APPROVED,CASE,2/28/2024 12:00:00 AM,NF,2/28/2024 12:00:00 AM,3322349,"MELENDEZ, RAFAEL ANTHONY",,,RH ROOSEVELT,59.34,ELECTROLYTES,51191602,AGENTS AFFECTING WATER AND ELECTROLYTES,MEDLINE INDUSTRIES INC,12422
MEDLINE INDUSTRIES INC,2024,"PHARMACY, 21300",MOUNT SINAI WEST,B. BRAUN,PHARMACEUTICAL PRODUCTS INCL. CONTRACEPTIVES AND VACCINES,True,True,CLOSED,903037,"903037, MED/SURG DISPOSABLE",MOUNT SINAI WEST,Yes,E8000,B. BRAUN,9/27/2024 12:00:00 AM,1314081-57959,GOODS,SOL SOD CHL 0.9 PERC 1000ML INJ BAG - SUB 1 FOR L8000E8000BMGE8000,ORAPOS,SODIUM CHLORIDE ELECTROLYTES,BMGE8000,PHARMACY,21300,MED/SURG DISPOSABLE,MSHS-BRAUN-PP-IV,MSHS-BRAUN-PP-IV,SOL SOD CHL 0.9 PERC 1000ML INJ BAG - SUB 1 FOR L8000,903037,E8000,2,0,2,2,12,24,24,39.56,39.56,,NF,BUYER   CONVERSION,"BUYER, CONVERSION","SODIUM CHLORIDE ELECTROLYTES 
 
B. BRAUN",SYSTEM CREATED,1000 10TH AVE 2ND FL RM 2B-36 PRMCY 2ND FL ROOM 2B-36 PHARMA,"PHARMACY, 21300",MOUNT SINAI WEST,ACTIVE,CLOSED,EDI,TRUE,TRUE,39.56,CHP,MOUNT SINAI WEST,301-301-11-21300-903037-00000000000-000-0000-000-00000-00000----,False,MSHS-BRAUN-PP-IV,Yes,Yes,0,8323969,B. BRAUN,B. BRAUN,CA12,12,No, ,NO,903037, MED/SURG DISPOSABLE,9/27/2024 12:00:00 AM,CLOSED FOR RECEIVING,1-1-1,19.78,CLOSED FOR RECEIVING,CASE,9/27/2024 12:00:00 AM,NF,9/27/2024 12:00:00 AM,3398681,"KELLY, DAVID FRANKLIN",,,MOUNT SINAI WEST - RECVG MAIN,39.56,ELECTROLYTES,51191602,AGENTS AFFECTING WATER AND ELECTROLYTES,MEDLINE INDUSTRIES INC,12422
MEDLINE INDUSTRIES INC,2025,"PERIOP IN-HOUSE, 12249",MOUNT SINAI HOSPITAL,B. BRAUN,IV SOLUTIONS,True,True,OPEN,903033,"903033, IV SOLUTIONS",MOUNT SINAI HOSPITAL,Yes,E8000,B. BRAUN,3/16/2025 12:00:00 AM,M3071531,GOODS,SOL SOD CHL 0.9 PERC 1000ML INJ BAG - SUB 1 FOR L8000E8000BMGE8000,ORAPOS,IV SOLUTIONS,BMGE8000,PERIOP IN-HOUSE,12249,IV SOLUTIONS,MSHS-BRAUN-PP-IV,,SOL SOD CHL 0.9 PERC 1000ML INJ BAG - SUB 1 FOR L8000,903033,E8000,2,2,2,2,12,24,24,41.54,41.54,NF,NF,IKRAM UMAIR,IKRAM UMAIR,"IV SOLUTIONS 
 
B. BRAUN",Y,12249 OR BREAKOUT GP3-382,"PERIOP IN-HOUSE, 12249",MOUNT SINAI HOSPITAL,ACTIVE,CLOSED,EDI,TRUE,TRUE,41.54,MOUNT SINAI HOSPITAL,MOUNT SINAI HOSPITAL,101-101-11-12249-903033-00000000000-000-0000-000-00000-00000----,False,MSHS-BRAUN-PP-IV,Yes,Yes,41.54,8323969,B. BRAUN,B. BRAUN,NF,12,No, ,NO,903033, IV SOLUTIONS,3/14/2025 12:00:00 AM,CLOSED,6-1-1,20.77,OPEN,CASE,3/16/2025 12:00:00 AM,NF,3/14/2025 12:00:00 AM,M38597,RODRIGUEZ III JACOB,,,MOUNT SINAI HOSPITAL - RECVG MAIN,41.54,NF,NF,NF,MEDLINE INDUSTRIES INC,12422
MEDLINE INDUSTRIES INC,2024,"NURSING ACUTE DIALYSIS-BKL, 11101",MOUNT SINAI BROOKLYN,B. BRAUN MEDICAL,PHARMACEUTICAL PRODUCTS INCL. CONTRACEPTIVES AND VACCINES,True,True,PROCESSED,903037,"903037, MED/SURG DISPOSABLE",MOUNT SINAI BROOKLYN,Yes,E8000,B. BRAUN MEDICAL,6/11/2024 12:00:00 AM,1314081-51007,GOODS,SOL SOD CHL 0.9 PERC 1000ML INJ BAG - SUB 1 FOR L8000E8000BMGE8000,ORAPOS,SODIUM CHLORIDE ELECTROLYTES,BMGE8000,NURSING ACUTE DIALYSIS-BKL,11101,MED/SURG DISPOSABLE,MSHS-BRAUN-PP-IV,MSHS-BRAUN-PP-IV,SOL SOD CHL 0.9 PERC 1000ML INJ BAG - SUB 1 FOR L8000,903037,E8000,3,3,3,3,12,36,36,59.34,59.34,402-407-11-11101-00000000000-0-0,NF,BUYER   CONVERSION,"BUYER, CONVERSION","SODIUM CHLORIDE ELECTROLYTES 
 
B. BRAUN MEDICAL",SYSTEM CREATED,KH 1417 4709,"NURSING ACUTE DIALYSIS-BKL, 11101",MOUNT SINAI BROOKLYN,ACTIVE,CLOSED,EDI,TRUE,TRUE,59.34,CHP,MOUNT SINAI BROOKLYN,4709-900110-07-1417-0000000000-0000-000-000,False,MSHS-BRAUN-PP-IV,Yes,Yes,59.34,8323969,B. BRAUN MEDICAL,B. BRAUN MEDICAL,CA12,12,No, ,NO,903037, MED/SURG DISPOSABLE,6/11/2024 12:00:00 AM,CLOSED,1174-3-1,19.78,APPROVED,CASE,6/11/2024 12:00:00 AM,NF,6/11/2024 12:00:00 AM,3360414,"URBINA, HILZA ROSEL",,,KH KINGS HIGHWAY,59.34,ELECTROLYTES,51191602,AGENTS AFFECTING WATER AND ELECTROLYTES,MEDLINE INDUSTRIES INC,12422
MEDLINE INDUSTRIES INC,2023,"CARDIAC CATHERIZATION, 12605",MOUNT SINAI MORNINGSIDE,B BRAUN,DRUGS AND PHARMACEUTICAL PRODUCTS,True,True,PROCESSED,903037,"903037, MED/SURG DISPOSABLE",MOUNT SINAI MORNINGSIDE,Yes,E8000,B BRAUN,8/11/2023 12:00:00 AM,1314081-30800,GOODS,SOL SOD CHL 0.9 PERC 1000ML INJ BAG - SUB 1 FOR L8000E8000BMGE8000,ORAPOS,SODIUM CHLORIDE ELECTROLYTES,BMGE8000,CARDIAC CATHERIZATION,12605,MED/SURG DISPOSABLE,MSHS-BRAUN-PP-IV,MSHS-BRAUN-PP-IV,SOL SOD CHL 0.9 PERC 1000ML INJ BAG - SUB 1 FOR L8000,903037,E8000,3,3,3,3,12,36,36,59.34,59.34,302-302-11-12605-00000000000-0-0,NF,BUYER   CONVERSION,"BUYER, CONVERSION","SODIUM CHLORIDE ELECTROLYTES 
 
B BRAUN",SYSTEM CREATED,SLCCLSR03A,"CARDIAC CATHERIZATION, 12605",MOUNT SINAI MORNINGSIDE,ACTIVE,CLOSED,EDI,TRUE,TRUE,59.34,CHP,MOUNT SINAI MORNINGSIDE,1109-900110-02-4058-0000000000-0000-000-000,False,MSHS-BRAUN-PP-IV,Yes,Yes,59.34,8323969,B BRAUN,B BRAUN,CA12,12,No, ,NO,903037, MED/SURG DISPOSABLE,8/11/2023 12:00:00 AM,CLOSED,1174-2-1,19.78,APPROVED,CASE,8/11/2023 12:00:00 AM,NF,8/11/2023 12:00:00 AM,3247829,"TORRES, ERIKA E",,,SL ST LUKES,59.34,ELECTROLYTES,51191602,AGENTS AFFECTING WATER AND ELECTROLYTES,MEDLINE INDUSTRIES INC,12422
MEDLINE INDUSTRIES INC,2024,"CARDIAC CATHERIZATION, 12605",MOUNT SINAI MORNINGSIDE,B. BRAUN MEDICAL,PHARMACEUTICAL PRODUCTS INCL. CONTRACEPTIVES AND VACCINES,True,True,PROCESSED,903037,"903037, MED/SURG DISPOSABLE",MOUNT SINAI MORNINGSIDE,Yes,E8000,B. BRAUN MEDICAL,7/10/2024 12:00:00 AM,1314081-52838,GOODS,SOL SOD CHL 0.9 PERC 1000ML INJ BAG - SUB 1 FOR L8000E8000BMGE8000,ORAPOS,SODIUM CHLORIDE ELECTROLYTES,BMGE8000,CARDIAC CATHERIZATION,12605,MED/SURG DISPOSABLE,MSHS-BRAUN-PP-IV,MSHS-BRAUN-PP-IV,SOL SOD CHL 0.9 PERC 1000ML INJ BAG - SUB 1 FOR L8000,903037,E8000,2,2,2,2,12,24,24,39.56,39.56,302-302-11-12605-00000000000-0-0,NF,BUYER   CONVERSION,"BUYER, CONVERSION","SODIUM CHLORIDE ELECTROLYTES 
 
B. BRAUN MEDICAL",SYSTEM CREATED,SLCCLSR03A,"CARDIAC CATHERIZATION, 12605",MOUNT SINAI MORNINGSIDE,ACTIVE,CLOSED,EDI,TRUE,TRUE,39.56,CHP,MOUNT SINAI MORNINGSIDE,1109-900110-02-4058-0000000000-0000-000-000,False,MSHS-BRAUN-PP-IV,Yes,Yes,39.56,8323969,B. BRAUN MEDICAL,B. BRAUN MEDICAL,CA12,12,No, ,NO,903037, MED/SURG DISPOSABLE,7/10/2024 12:00:00 AM,CLOSED,1174-2-1,19.78,APPROVED,CASE,7/10/2024 12:00:00 AM,NF,7/10/2024 12:00:00 AM,3370281,"TORRES, ERIKA E",,,SL ST LUKES,39.56,ELECTROLYTES,51191602,AGENTS AFFECTING WATER AND ELECTROLYTES,MEDLINE INDUSTRIES INC,12422
MEDLINE INDUSTRIES INC,2024,"CARDIAC CATHERIZATION, 12605",MOUNT SINAI MORNINGSIDE,B. BRAUN MEDICAL,PHARMACEUTICAL PRODUCTS INCL. CONTRACEPTIVES AND VACCINES,True,True,PROCESSED,903037,"903037, MED/SURG DISPOSABLE",MOUNT SINAI MORNINGSIDE,Yes,E8000,B. BRAUN MEDICAL,6/13/2024 12:00:00 AM,1314081-51173,GOODS,SOL SOD CHL 0.9 PERC 1000ML INJ BAG - SUB 1 FOR L8000E8000BMGE8000,ORAPOS,SODIUM CHLORIDE ELECTROLYTES,BMGE8000,CARDIAC CATHERIZATION,12605,MED/SURG DISPOSABLE,MSHS-BRAUN-PP-IV,MSHS-BRAUN-PP-IV,SOL SOD CHL 0.9 PERC 1000ML INJ BAG - SUB 1 FOR L8000,903037,E8000,1,1,1,1,12,12,12,19.78,19.78,302-302-11-12605-00000000000-0-0,NF,BUYER   CONVERSION,"BUYER, CONVERSION","SODIUM CHLORIDE ELECTROLYTES 
 
B. BRAUN MEDICAL",SYSTEM CREATED,SLCCLSR03A,"CARDIAC CATHERIZATION, 12605",MOUNT SINAI MORNINGSIDE,ACTIVE,CLOSED,EDI,TRUE,TRUE,19.78,CHP,MOUNT SINAI MORNINGSIDE,1109-900110-02-4058-0000000000-0000-000-000,False,MSHS-BRAUN-PP-IV,Yes,Yes,19.78,8323969,B. BRAUN MEDICAL,B. BRAUN MEDICAL,CA12,12,No, ,NO,903037, MED/SURG DISPOSABLE,6/13/2024 12:00:00 AM,CLOSED,1174-2-1,19.78,APPROVED,CASE,6/13/2024 12:00:00 AM,NF,6/13/2024 12:00:00 AM,3361594,"TORRES, ERIKA E",,,SL ST LUKES,19.78,ELECTROLYTES,51191602,AGENTS AFFECTING WATER AND ELECTROLYTES,MEDLINE INDUSTRIES INC,12422
MEDLINE INDUSTRIES INC,2024,"NURSING ACUTE DIALYSIS-BKL, 11101",MOUNT SINAI BROOKLYN,B. BRAUN MEDICAL,PHARMACEUTICAL PRODUCTS INCL. CONTRACEPTIVES AND VACCINES,True,True,PROCESSED,903037,"903037, MED/SURG DISPOSABLE",MOUNT SINAI BROOKLYN,Yes,E8000,B. BRAUN MEDICAL,7/3/2024 12:00:00 AM,1314081-52410,GOODS,SOL SOD CHL 0.9 PERC 1000ML INJ BAG - SUB 1 FOR L8000E8000BMGE8000,ORAPOS,SODIUM CHLORIDE ELECTROLYTES,BMGE8000,NURSING ACUTE DIALYSIS-BKL,11101,MED/SURG DISPOSABLE,MSHS-BRAUN-PP-IV,MSHS-BRAUN-PP-IV,SOL SOD CHL 0.9 PERC 1000ML INJ BAG - SUB 1 FOR L8000,903037,E8000,2,2,2,2,12,24,24,39.56,39.56,402-407-11-11101-00000000000-0-0,NF,BUYER   CONVERSION,"BUYER, CONVERSION","SODIUM CHLORIDE ELECTROLYTES 
 
B. BRAUN MEDICAL",SYSTEM CREATED,KH 1417 4709,"NURSING ACUTE DIALYSIS-BKL, 11101",MOUNT SINAI BROOKLYN,ACTIVE,CLOSED,EDI,TRUE,TRUE,39.56,CHP,MOUNT SINAI BROOKLYN,4709-900110-07-1417-0000000000-0000-000-000,False,MSHS-BRAUN-PP-IV,Yes,Yes,39.56,8323969,B. BRAUN MEDICAL,B. BRAUN MEDICAL,NF,12,No, ,NO,903037, MED/SURG DISPOSABLE,7/3/2024 12:00:00 AM,CLOSED,1174-5-1,19.78,APPROVED,CASE,7/3/2024 12:00:00 AM,NF,7/3/2024 12:00:00 AM,3368114,"URBINA, HILZA ROSEL",,,KH KINGS HIGHWAY,39.56,ELECTROLYTES,51191602,AGENTS AFFECTING WATER AND ELECTROLYTES,MEDLINE INDUSTRIES INC,12422
MEDLINE INDUSTRIES INC,2024,"CARDIAC CATHERIZATION, 12605",MOUNT SINAI MORNINGSIDE,B. BRAUN,PHARMACEUTICAL PRODUCTS INCL. CONTRACEPTIVES AND VACCINES,True,True,PROCESSED,903037,"903037, MED/SURG DISPOSABLE",MOUNT SINAI MORNINGSIDE,Yes,E8000,B. BRAUN,9/24/2024 12:00:00 AM,1314081-57676,GOODS,SOL SOD CHL 0.9 PERC 1000ML INJ BAG - SUB 1 FOR L8000E8000BMGE8000,ORAPOS,SODIUM CHLORIDE ELECTROLYTES,BMGE8000,CARDIAC CATHERIZATION,12605,MED/SURG DISPOSABLE,MSHS-BRAUN-PP-IV,MSHS-BRAUN-PP-IV,SOL SOD CHL 0.9 PERC 1000ML INJ BAG - SUB 1 FOR L8000,903037,E8000,6,6,6,6,12,72,72,118.68,118.68,302-302-11-12605-00000000000-0-0,NF,BUYER   CONVERSION,"BUYER, CONVERSION","SODIUM CHLORIDE ELECTROLYTES 
 
B. BRAUN",SYSTEM CREATED,SLCCLSR03A,"CARDIAC CATHERIZATION, 12605",MOUNT SINAI MORNINGSIDE,ACTIVE,CLOSED,EDI,TRUE,TRUE,118.68,CHP,MOUNT SINAI MORNINGSIDE,1109-900110-02-4058-0000000000-0000-000-000,False,MSHS-BRAUN-PP-IV,Yes,Yes,118.68,8323969,B. BRAUN,B. BRAUN,CA12,12,No, ,NO,903037, MED/SURG DISPOSABLE,9/24/2024 12:00:00 AM,CLOSED,1174-4-1,19.78,APPROVED,CASE,9/24/2024 12:00:00 AM,NF,9/24/2024 12:00:00 AM,3396886,"TORRES, ERIKA E",,,SL ST LUKES,118.68,ELECTROLYTES,51191602,AGENTS AFFECTING WATER AND ELECTROLYTES,MEDLINE INDUSTRIES INC,12422
MEDLINE INDUSTRIES INC,2024,"CARDIAC CATHERIZATION, 12605",MOUNT SINAI MORNINGSIDE,B. BRAUN MEDICAL,PHARMACEUTICAL PRODUCTS INCL. CONTRACEPTIVES AND VACCINES,True,True,PROCESSED,903037,"903037, MED/SURG DISPOSABLE",MOUNT SINAI MORNINGSIDE,Yes,E8000,B. BRAUN MEDICAL,7/3/2024 12:00:00 AM,1314081-52462,GOODS,SOL SOD CHL 0.9 PERC 1000ML INJ BAG - SUB 1 FOR L8000E8000BMGE8000,ORAPOS,SODIUM CHLORIDE ELECTROLYTES,BMGE8000,CARDIAC CATHERIZATION,12605,MED/SURG DISPOSABLE,MSHS-BRAUN-PP-IV,MSHS-BRAUN-PP-IV,SOL SOD CHL 0.9 PERC 1000ML INJ BAG - SUB 1 FOR L8000,903037,E8000,2,2,2,2,12,24,24,39.56,39.56,302-302-11-12605-00000000000-0-0,NF,BUYER   CONVERSION,"BUYER, CONVERSION","SODIUM CHLORIDE ELECTROLYTES 
 
B. BRAUN MEDICAL",SYSTEM CREATED,SLCCLSR03A,"CARDIAC CATHERIZATION, 12605",MOUNT SINAI MORNINGSIDE,ACTIVE,CLOSED,EDI,TRUE,TRUE,39.56,CHP,MOUNT SINAI MORNINGSIDE,1109-900110-02-4058-0000000000-0000-000-000,False,MSHS-BRAUN-PP-IV,Yes,Yes,39.56,8323969,B. BRAUN MEDICAL,B. BRAUN MEDICAL,NF,12,No, ,NO,903037, MED/SURG DISPOSABLE,7/3/2024 12:00:00 AM,CLOSED,1174-4-1,19.78,APPROVED,CASE,7/3/2024 12:00:00 AM,NF,7/3/2024 12:00:00 AM,3368241,"TORRES, ERIKA E",,,SL ST LUKES,39.56,ELECTROLYTES,51191602,AGENTS AFFECTING WATER AND ELECTROLYTES,MEDLINE INDUSTRIES INC,12422
MEDLINE INDUSTRIES INC,2024,"STERILE PROCESSING, 60170",MOUNT SINAI WEST,B. BRAUN,PHARMACEUTICAL PRODUCTS INCL. CONTRACEPTIVES AND VACCINES,True,True,PROCESSED,903037,"903037, MED/SURG DISPOSABLE",MOUNT SINAI WEST,Yes,E8000,B. BRAUN,9/18/2024 12:00:00 AM,1314081-57263,GOODS,SOL SOD CHL 0.9 PERC 1000ML INJ BAG - SUB 1 FOR L8000E8000BMGE8000,ORAPOS,SODIUM CHLORIDE ELECTROLYTES,BMGE8000,STERILE PROCESSING,60170,MED/SURG DISPOSABLE,MSHS-BRAUN-PP-IV,MSHS-BRAUN-PP-IV,SOL SOD CHL 0.9 PERC 1000ML INJ BAG - SUB 1 FOR L8000,903037,E8000,3,3,3,3,12,36,36,59.34,59.34,301-301-11-60170-00000000000-0-0,NF,BUYER   CONVERSION,"BUYER, CONVERSION","SODIUM CHLORIDE ELECTROLYTES 
 
B. BRAUN",SYSTEM CREATED,RH 9175 1109,"STERILE PROCESSING, 60170",MOUNT SINAI WEST,ACTIVE,CLOSED,EDI,TRUE,TRUE,59.34,CHP,MOUNT SINAI WEST,1109-900110-01-9175-0000000000-0000-000-000,False,MSHS-BRAUN-PP-IV,Yes,Yes,59.34,8323969,B. BRAUN,B. BRAUN,CA12,12,No, ,NO,903037, MED/SURG DISPOSABLE,9/18/2024 12:00:00 AM,CLOSED,1174-2-1,19.78,APPROVED,CASE,9/18/2024 12:00:00 AM,NF,9/18/2024 12:00:00 AM,3394523,"MELENDEZ, RAFAEL ANTHONY",,,RH ROOSEVELT,59.34,ELECTROLYTES,51191602,AGENTS AFFECTING WATER AND ELECTROLYTES,MEDLINE INDUSTRIES INC,12422
MEDLINE INDUSTRIES INC,2024,"NURSING ACUTE DIALYSIS-BKL, 11101",MOUNT SINAI BROOKLYN,B. BRAUN,PHARMACEUTICAL PRODUCTS INCL. CONTRACEPTIVES AND VACCINES,True,True,CLOSED,903037,"903037, MED/SURG DISPOSABLE",MOUNT SINAI BROOKLYN,Yes,E8000,B. BRAUN,10/1/2024 12:00:00 AM,1314081-58157,GOODS,SOL SOD CHL 0.9 PERC 1000ML INJ BAG - SUB 1 FOR L8000E8000BMGE8000,ORAPOS,SODIUM CHLORIDE ELECTROLYTES,BMGE8000,NURSING ACUTE DIALYSIS-BKL,11101,MED/SURG DISPOSABLE,MSHS-BRAUN-PP-IV,MSHS-BRAUN-PP-IV,SOL SOD CHL 0.9 PERC 1000ML INJ BAG - SUB 1 FOR L8000,903037,E8000,20,0,20,10,12,240,240,395.6,395.6,,NF,BUYER   CONVERSION,"BUYER, CONVERSION","SODIUM CHLORIDE ELECTROLYTES 
 
B. BRAUN",SYSTEM CREATED,3201 KINGS HGWY 2 E #201 DIALYSIS 2 EAST #201 DIALYSIS 1,"NURSING ACUTE DIALYSIS-BKL, 11101",MOUNT SINAI BROOKLYN,ACTIVE,CLOSED,EDI,TRUE,TRUE,197.8,CHP,MOUNT SINAI BROOKLYN,402-407-11-11101-903037-00000000000-000-0000-000-00000-00000----,False,MSHS-BRAUN-PP-IV,Yes,Yes,0,8323969,B. BRAUN,B. BRAUN,NF,12,No, ,NO,903037, MED/SURG DISPOSABLE,10/1/2024 12:00:00 AM,CLOSED FOR RECEIVING,5-5-1,19.78,CLOSED FOR RECEIVING,CASE,10/1/2024 12:00:00 AM,NF,10/1/2024 12:00:00 AM,3399838,"URBINA, HILZA ROSEL",,,MOUNT SINAI BROOKLYN - RECVG MAIN,395.6,ELECTROLYTES,51191602,AGENTS AFFECTING WATER AND ELECTROLYTES,MEDLINE INDUSTRIES INC,12422
MEDLINE INDUSTRIES INC,2024,"CARDIAC CATHERIZATION, 12605",MOUNT SINAI MORNINGSIDE,B. BRAUN,PHARMACEUTICAL PRODUCTS INCL. CONTRACEPTIVES AND VACCINES,True,True,CLOSED,903037,"903037, MED/SURG DISPOSABLE",MOUNT SINAI MORNINGSIDE,Yes,E8000,B. BRAUN,9/27/2024 12:00:00 AM,1314081-57943,GOODS,SOL SOD CHL 0.9 PERC 1000ML INJ BAG - SUB 1 FOR L8000E8000BMGE8000,ORAPOS,SODIUM CHLORIDE ELECTROLYTES,BMGE8000,CARDIAC CATHERIZATION,12605,MED/SURG DISPOSABLE,MSHS-BRAUN-PP-IV,MSHS-BRAUN-PP-IV,SOL SOD CHL 0.9 PERC 1000ML INJ BAG - SUB 1 FOR L8000,903037,E8000,2,0,2,2,12,24,24,39.56,39.56,,NF,BUYER   CONVERSION,"BUYER, CONVERSION","SODIUM CHLORIDE ELECTROLYTES 
 
B. BRAUN",SYSTEM CREATED,115TH AMSTERDAM AVE S&R 3RD FL CRDAC CATH LAB S&R S&R 3RD FL,"CARDIAC CATHERIZATION, 12605",MOUNT SINAI MORNINGSIDE,ACTIVE,CLOSED,EDI,TRUE,TRUE,39.56,CHP,MOUNT SINAI MORNINGSIDE,302-302-11-12605-903037-00000000000-000-0000-000-00000-00000----,False,MSHS-BRAUN-PP-IV,Yes,Yes,0,8323969,B. BRAUN,B. BRAUN,CA12,12,No, ,NO,903037, MED/SURG DISPOSABLE,9/27/2024 12:00:00 AM,CLOSED FOR RECEIVING,3-3-1,19.78,CLOSED FOR RECEIVING,CASE,9/27/2024 12:00:00 AM,NF,9/27/2024 12:00:00 AM,3398746,"ROSARIO, LEYDI LAURA",,,MOUNT SINAI MORNINGSIDE - RECVG MAIN,39.56,ELECTROLYTES,51191602,AGENTS AFFECTING WATER AND ELECTROLYTES,MEDLINE INDUSTRIES INC,12422
MEDLINE INDUSTRIES INC,2023,"CARDIAC CATHERIZATION, 12605",MOUNT SINAI MORNINGSIDE,B BRAUN,DRUGS AND PHARMACEUTICAL PRODUCTS,True,True,PROCESSED,903037,"903037, MED/SURG DISPOSABLE",MOUNT SINAI MORNINGSIDE,Yes,E8000,B BRAUN,11/22/2023 12:00:00 AM,1314081-37804,GOODS,SOL SOD CHL 0.9 PERC 1000ML INJ BAG - SUB 1 FOR L8000E8000BMGE8000,ORAPOS,SODIUM CHLORIDE ELECTROLYTES,BMGE8000,CARDIAC CATHERIZATION,12605,MED/SURG DISPOSABLE,MSHS-BRAUN-PP-IV,MSHS-BRAUN-PP-IV,SOL SOD CHL 0.9 PERC 1000ML INJ BAG - SUB 1 FOR L8000,903037,E8000,2,2,2,2,12,24,24,39.56,39.56,302-302-11-12605-00000000000-0-0,NF,BUYER   CONVERSION,"BUYER, CONVERSION","SODIUM CHLORIDE ELECTROLYTES 
 
B BRAUN",SYSTEM CREATED,SLCCLSR03A,"CARDIAC CATHERIZATION, 12605",MOUNT SINAI MORNINGSIDE,ACTIVE,CLOSED,EDI,TRUE,TRUE,39.56,CHP,MOUNT SINAI MORNINGSIDE,1109-900110-02-4058-0000000000-0000-000-000,False,MSHS-BRAUN-PP-IV,Yes,Yes,39.56,8323969,B BRAUN,B BRAUN,CA12,12,No, ,NO,903037, MED/SURG DISPOSABLE,11/22/2023 12:00:00 AM,CLOSED,1174-1-1,19.78,APPROVED,CASE,11/22/2023 12:00:00 AM,NF,11/22/2023 12:00:00 AM,3287822,"TORRES, ERIKA E",,,SL ST LUKES,39.56,ELECTROLYTES,51191602,AGENTS AFFECTING WATER AND ELECTROLYTES,MEDLINE INDUSTRIES INC,12422
MEDLINE INDUSTRIES INC,2024,"CARDIAC CATHERIZATION, 12605",MOUNT SINAI MORNINGSIDE,B. BRAUN,PHARMACEUTICAL PRODUCTS INCL. CONTRACEPTIVES AND VACCINES,True,True,PROCESSED,903037,"903037, MED/SURG DISPOSABLE",MOUNT SINAI MORNINGSIDE,Yes,E8000,B. BRAUN,8/6/2024 12:00:00 AM,1314081-54504,GOODS,SOL SOD CHL 0.9 PERC 1000ML INJ BAG - SUB 1 FOR L8000E8000BMGE8000,ORAPOS,SODIUM CHLORIDE ELECTROLYTES,BMGE8000,CARDIAC CATHERIZATION,12605,MED/SURG DISPOSABLE,MSHS-BRAUN-PP-IV,MSHS-BRAUN-PP-IV,SOL SOD CHL 0.9 PERC 1000ML INJ BAG - SUB 1 FOR L8000,903037,E8000,3,3,3,3,12,36,36,59.34,59.34,302-302-11-12605-00000000000-0-0,NF,BUYER   CONVERSION,"BUYER, CONVERSION","SODIUM CHLORIDE ELECTROLYTES 
 
B. BRAUN",SYSTEM CREATED,SLCCLSR03A,"CARDIAC CATHERIZATION, 12605",MOUNT SINAI MORNINGSIDE,ACTIVE,CLOSED,EDI,TRUE,TRUE,59.34,CHP,MOUNT SINAI MORNINGSIDE,1109-900110-02-4058-0000000000-0000-000-000,False,MSHS-BRAUN-PP-IV,Yes,Yes,59.34,8323969,B. BRAUN,B. BRAUN,CA12,12,No, ,NO,903037, MED/SURG DISPOSABLE,8/6/2024 12:00:00 AM,CLOSED,1174-2-1,19.78,APPROVED,CASE,8/6/2024 12:00:00 AM,NF,8/6/2024 12:00:00 AM,3379771,"TORRES, ERIKA E",,,SL ST LUKES,59.34,ELECTROLYTES,51191602,AGENTS AFFECTING WATER AND ELECTROLYTES,MEDLINE INDUSTRIES INC,12422
MEDLINE INDUSTRIES INC,2024,"CARDIAC CATHERIZATION, 12605",MOUNT SINAI MORNINGSIDE,B. BRAUN MEDICAL,PHARMACEUTICAL PRODUCTS INCL. CONTRACEPTIVES AND VACCINES,True,True,PROCESSED,903037,"903037, MED/SURG DISPOSABLE",MOUNT SINAI MORNINGSIDE,Yes,E8000,B. BRAUN MEDICAL,5/20/2024 12:00:00 AM,1314081-49589,GOODS,SOL SOD CHL 0.9 PERC 1000ML INJ BAG - SUB 1 FOR L8000E8000BMGE8000,ORAPOS,SODIUM CHLORIDE ELECTROLYTES,BMGE8000,CARDIAC CATHERIZATION,12605,MED/SURG DISPOSABLE,MSHS-BRAUN-PP-IV,MSHS-BRAUN-PP-IV,SOL SOD CHL 0.9 PERC 1000ML INJ BAG - SUB 1 FOR L8000,903037,E8000,4,4,4,4,12,48,48,79.12,79.12,302-302-11-12605-00000000000-0-0,NF,BUYER   CONVERSION,"BUYER, CONVERSION","SODIUM CHLORIDE ELECTROLYTES 
 
B. BRAUN MEDICAL",SYSTEM CREATED,SLCCLSR03A,"CARDIAC CATHERIZATION, 12605",MOUNT SINAI MORNINGSIDE,ACTIVE,CLOSED,EDI,TRUE,TRUE,79.12,CHP,MOUNT SINAI MORNINGSIDE,1109-900110-02-4058-0000000000-0000-000-000,False,MSHS-BRAUN-PP-IV,Yes,Yes,79.12,8323969,B. BRAUN MEDICAL,B. BRAUN MEDICAL,CA12,12,No, ,NO,903037, MED/SURG DISPOSABLE,5/20/2024 12:00:00 AM,CLOSED,1174-2-1,19.78,APPROVED,CASE,5/20/2024 12:00:00 AM,NF,5/20/2024 12:00:00 AM,3352493,"TORRES, ERIKA E",,,SL ST LUKES,79.12,ELECTROLYTES,51191602,AGENTS AFFECTING WATER AND ELECTROLYTES,MEDLINE INDUSTRIES INC,12422
MEDLINE INDUSTRIES INC,2024,"PERIOP IN-HOUSE, 12249",MOUNT SINAI HOSPITAL,B. BRAUN,IV SOLUTIONS,True,True,CLOSED,903033,"903033, IV SOLUTIONS",MOUNT SINAI HOSPITAL,Yes,E8000,B. BRAUN,10/27/2024 12:00:00 AM,M3001235,GOODS,SOL SOD CHL 0.9 PERC 1000ML INJ BAG - SUB 1 FOR L8000E8000BMGE8000,ORAPOS,IV SOLUTIONS,BMGE8000,PERIOP IN-HOUSE,12249,IV SOLUTIONS,MSHS-BRAUN-PP-IV,,SOL SOD CHL 0.9 PERC 1000ML INJ BAG - SUB 1 FOR L8000,903033,E8000,6,6,6,6,12,72,72,118.68,118.68,NF,NF,IKRAM UMAIR,IKRAM UMAIR,"IV SOLUTIONS 
 
B. BRAUN",Y,12249 OR BREAKOUT GP3-382,"PERIOP IN-HOUSE, 12249",MOUNT SINAI HOSPITAL,ACTIVE,CLOSED,EDI,TRUE,TRUE,118.68,MOUNT SINAI HOSPITAL,MOUNT SINAI HOSPITAL,101-101-11-12249-903033-00000000000-000-0000-000-00000-00000----,False,MSHS-BRAUN-PP-IV,Yes,Yes,118.68,8323969,B. BRAUN,B. BRAUN,NF,12,No, ,NO,903033, IV SOLUTIONS,10/14/2024 12:00:00 AM,CLOSED,1-1-1,19.78,CLOSED,CASE,10/27/2024 12:00:00 AM,NF,10/14/2024 12:00:00 AM,M1901,ASHLEY SHANNON,,,MOUNT SINAI HOSPITAL - RECVG MAIN,118.68,NF,NF,NF,MEDLINE INDUSTRIES INC,12422
MEDLINE INDUSTRIES INC,2024,"UROLOGY DEPARTMENT, 13570",ICAHN SCHOOL OF MEDICINE,B BRAUN MEDICAL INC,PHARMACEUTICAL PRODUCTS INCL. CONTRACEPTIVES AND VACCINES,True,True,CLOSED,903037,"903037, MED/SURG DISPOSABLE",ICAHN SCHOOL OF MEDICINE,Yes,E8000,B BRAUN MEDICAL INC,9/13/2024 12:00:00 AM,S2146487,PURCHASE ORDER,SOL SOD CHL 0.9 PERC 1000ML INJ BAG - SUB 1 FOR L8000E8000BMGE8000,PMMPOS,SODIUM CHLORIDE ELECTROLYTES,BMGE8000,UROLOGY DEPARTMENT,13570,MED/SURG DISPOSABLE,MSHS-BRAUN-PP-IV,MSHS-BRAUN-PP-IV,SOL SOD CHL 0.9 PERC 1000ML INJ BAG - SUB 1 FOR L8000,903037,E8000,0,0,0,1,12,12,0,1,1,,NF,MSSM MAIN PURCHASING,MSSM MAIN PURCHASING,"SODIUM CHLORIDE ELECTROLYTES 
 
B BRAUN MEDICAL INC",SYSTEM CREATED,13570 UROLOGY 5E 98TH ST 6FL,"UROLOGY DEPARTMENT, 13570",ICAHN SCHOOL OF MEDICINE,NONCAT,CLOSED,EDI,TRUE,TRUE,1,S,ICAHN SCHOOL OF MEDICINE,201-101-21-13570-903037-IC135701062-201-2104-000-00000-00000----,False,MSHS-BRAUN-PP-IV,Yes,Yes,0,457240,B BRAUN MEDICAL INC,B BRAUN MEDICAL INC,12/CS 1/EA,12,No, ,NO,903037, MED/SURG DISPOSABLE,9/13/2024 12:00:00 AM,CLOSED FOR RECEIVING,1,1,CLOSED FOR RECEIVING,CASE,9/13/2024 12:00:00 AM,NF,9/13/2024 12:00:00 AM,2971271,"SMITH, NATALIA",,,ICAHN - RECVG MAIN,0,ELECTROLYTES,51191602,AGENTS AFFECTING WATER AND ELECTROLYTES,MEDLINE INDUSTRIES INC,MEDLNE
MEDLINE INDUSTRIES INC,2024,"NURSING ACUTE DIALYSIS-BKL, 11101",MOUNT SINAI BROOKLYN,B. BRAUN MEDICAL,PHARMACEUTICAL PRODUCTS INCL. CONTRACEPTIVES AND VACCINES,True,True,PROCESSED,903037,"903037, MED/SURG DISPOSABLE",MOUNT SINAI BROOKLYN,Yes,E8000,B. BRAUN MEDICAL,7/16/2024 12:00:00 AM,1314081-53209,GOODS,SOL SOD CHL 0.9 PERC 1000ML INJ BAG - SUB 1 FOR L8000E8000BMGE8000,ORAPOS,SODIUM CHLORIDE ELECTROLYTES,BMGE8000,NURSING ACUTE DIALYSIS-BKL,11101,MED/SURG DISPOSABLE,MSHS-BRAUN-PP-IV,MSHS-BRAUN-PP-IV,SOL SOD CHL 0.9 PERC 1000ML INJ BAG - SUB 1 FOR L8000,903037,E8000,2,2,2,2,12,24,24,39.56,39.56,402-407-11-11101-00000000000-0-0,NF,BUYER   CONVERSION,"BUYER, CONVERSION","SODIUM CHLORIDE ELECTROLYTES 
 
B. BRAUN MEDICAL",SYSTEM CREATED,KH 1417 4709,"NURSING ACUTE DIALYSIS-BKL, 11101",MOUNT SINAI BROOKLYN,ACTIVE,CLOSED,EDI,TRUE,TRUE,39.56,CHP,MOUNT SINAI BROOKLYN,4709-900110-07-1417-0000000000-0000-000-000,False,MSHS-BRAUN-PP-IV,Yes,Yes,39.56,8323969,B. BRAUN MEDICAL,B. BRAUN MEDICAL,CA12,12,No, ,NO,903037, MED/SURG DISPOSABLE,7/16/2024 12:00:00 AM,CLOSED,1174-3-1,19.78,APPROVED,CASE,7/16/2024 12:00:00 AM,NF,7/16/2024 12:00:00 AM,3372287,"URBINA, HILZA ROSEL",,,KH KINGS HIGHWAY,39.56,ELECTROLYTES,51191602,AGENTS AFFECTING WATER AND ELECTROLYTES,MEDLINE INDUSTRIES INC,12422
MEDLINE INDUSTRIES INC,2024,"NURSING ACUTE DIALYSIS-BKL, 11101",MOUNT SINAI BROOKLYN,B. BRAUN MEDICAL,PHARMACEUTICAL PRODUCTS INCL. CONTRACEPTIVES AND VACCINES,True,True,PROCESSED,903037,"903037, MED/SURG DISPOSABLE",MOUNT SINAI BROOKLYN,Yes,E8000,B. BRAUN MEDICAL,5/9/2024 12:00:00 AM,1314081-48945,GOODS,SOL SOD CHL 0.9 PERC 1000ML INJ BAG - SUB 1 FOR L8000E8000BMGE8000,ORAPOS,SODIUM CHLORIDE ELECTROLYTES,BMGE8000,NURSING ACUTE DIALYSIS-BKL,11101,MED/SURG DISPOSABLE,MSHS-BRAUN-PP-IV,MSHS-BRAUN-PP-IV,SOL SOD CHL 0.9 PERC 1000ML INJ BAG - SUB 1 FOR L8000,903037,E8000,4,4,4,4,12,48,48,79.12,79.12,402-407-11-11101-00000000000-0-0,NF,BUYER   CONVERSION,"BUYER, CONVERSION","SODIUM CHLORIDE ELECTROLYTES 
 
B. BRAUN MEDICAL",SYSTEM CREATED,KH 1417 4709,"NURSING ACUTE DIALYSIS-BKL, 11101",MOUNT SINAI BROOKLYN,ACTIVE,CLOSED,EDI,TRUE,TRUE,79.12,CHP,MOUNT SINAI BROOKLYN,4709-900110-07-1417-0000000000-0000-000-000,False,MSHS-BRAUN-PP-IV,Yes,Yes,79.12,8323969,B. BRAUN MEDICAL,B. BRAUN MEDICAL,CA12,12,No, ,NO,903037, MED/SURG DISPOSABLE,5/9/2024 12:00:00 AM,CLOSED,1174-5-1,19.78,APPROVED,CASE,5/9/2024 12:00:00 AM,NF,5/9/2024 12:00:00 AM,3349058,"URBINA, HILZA ROSEL",,,KH KINGS HIGHWAY,79.12,ELECTROLYTES,51191602,AGENTS AFFECTING WATER AND ELECTROLYTES,MEDLINE INDUSTRIES INC,12422
MEDLINE INDUSTRIES INC,2024,"NURSING ACUTE DIALYSIS-BKL, 11101",MOUNT SINAI BROOKLYN,B. BRAUN MEDICAL,PHARMACEUTICAL PRODUCTS INCL. CONTRACEPTIVES AND VACCINES,True,True,PROCESSED,903037,"903037, MED/SURG DISPOSABLE",MOUNT SINAI BROOKLYN,Yes,E8000,B. BRAUN MEDICAL,5/24/2024 12:00:00 AM,1314081-49976,GOODS,SOL SOD CHL 0.9 PERC 1000ML INJ BAG - SUB 1 FOR L8000E8000BMGE8000,ORAPOS,SODIUM CHLORIDE ELECTROLYTES,BMGE8000,NURSING ACUTE DIALYSIS-BKL,11101,MED/SURG DISPOSABLE,MSHS-BRAUN-PP-IV,MSHS-BRAUN-PP-IV,SOL SOD CHL 0.9 PERC 1000ML INJ BAG - SUB 1 FOR L8000,903037,E8000,2,2,2,2,12,24,24,39.56,39.56,402-407-11-11101-00000000000-0-0,NF,BUYER   CONVERSION,"BUYER, CONVERSION","SODIUM CHLORIDE ELECTROLYTES 
 
B. BRAUN MEDICAL",SYSTEM CREATED,KH 1417 4709,"NURSING ACUTE DIALYSIS-BKL, 11101",MOUNT SINAI BROOKLYN,ACTIVE,CLOSED,EDI,TRUE,TRUE,39.56,CHP,MOUNT SINAI BROOKLYN,4709-900110-07-1417-0000000000-0000-000-000,False,MSHS-BRAUN-PP-IV,Yes,Yes,39.56,8323969,B. BRAUN MEDICAL,B. BRAUN MEDICAL,CA12,12,No, ,NO,903037, MED/SURG DISPOSABLE,5/24/2024 12:00:00 AM,CLOSED,1174-2-1,19.78,APPROVED,CASE,5/24/2024 12:00:00 AM,NF,5/24/2024 12:00:00 AM,3354807,"URBINA, HILZA ROSEL",,,KH KINGS HIGHWAY,39.56,ELECTROLYTES,51191602,AGENTS AFFECTING WATER AND ELECTROLYTES,MEDLINE INDUSTRIES INC,12422
MEDLINE INDUSTRIES INC,2023,"CARDIAC CATHERIZATION, 12605",MOUNT SINAI MORNINGSIDE,B BRAUN,DRUGS AND PHARMACEUTICAL PRODUCTS,True,True,PROCESSED,903037,"903037, MED/SURG DISPOSABLE",MOUNT SINAI MORNINGSIDE,Yes,E8000,B BRAUN,11/2/2023 12:00:00 AM,1314081-36367,GOODS,SOL SOD CHL 0.9 PERC 1000ML INJ BAG - SUB 1 FOR L8000E8000BMGE8000,ORAPOS,SODIUM CHLORIDE ELECTROLYTES,BMGE8000,CARDIAC CATHERIZATION,12605,MED/SURG DISPOSABLE,MSHS-BRAUN-PP-IV,MSHS-BRAUN-PP-IV,SOL SOD CHL 0.9 PERC 1000ML INJ BAG - SUB 1 FOR L8000,903037,E8000,1,1,1,1,12,12,12,19.78,19.78,302-302-11-12605-00000000000-0-0,NF,BUYER   CONVERSION,"BUYER, CONVERSION","SODIUM CHLORIDE ELECTROLYTES 
 
B BRAUN",SYSTEM CREATED,SLCCLSR03A,"CARDIAC CATHERIZATION, 12605",MOUNT SINAI MORNINGSIDE,ACTIVE,CLOSED,EDI,TRUE,TRUE,19.78,CHP,MOUNT SINAI MORNINGSIDE,1109-900110-02-4058-0000000000-0000-000-000,False,MSHS-BRAUN-PP-IV,Yes,Yes,19.78,8323969,B BRAUN,B BRAUN,CA12,12,No, ,NO,903037, MED/SURG DISPOSABLE,11/2/2023 12:00:00 AM,CLOSED,1174-2-1,19.78,APPROVED,CASE,11/2/2023 12:00:00 AM,NF,11/2/2023 12:00:00 AM,3280020,"TORRES, ERIKA E",,,SL ST LUKES,19.78,ELECTROLYTES,51191602,AGENTS AFFECTING WATER AND ELECTROLYTES,MEDLINE INDUSTRIES INC,12422
MEDLINE INDUSTRIES INC,2024,"CARDIAC CATHERIZATION, 12605",MOUNT SINAI MORNINGSIDE,B. BRAUN,PHARMACEUTICAL PRODUCTS INCL. CONTRACEPTIVES AND VACCINES,True,True,PROCESSED,903037,"903037, MED/SURG DISPOSABLE",MOUNT SINAI MORNINGSIDE,Yes,E8000,B. BRAUN,7/29/2024 12:00:00 AM,1314081-54009,GOODS,SOL SOD CHL 0.9 PERC 1000ML INJ BAG - SUB 1 FOR L8000E8000BMGE8000,ORAPOS,SODIUM CHLORIDE ELECTROLYTES,BMGE8000,CARDIAC CATHERIZATION,12605,MED/SURG DISPOSABLE,MSHS-BRAUN-PP-IV,MSHS-BRAUN-PP-IV,SOL SOD CHL 0.9 PERC 1000ML INJ BAG - SUB 1 FOR L8000,903037,E8000,2,2,2,2,12,24,24,39.56,39.56,302-302-11-12605-00000000000-0-0,NF,BUYER   CONVERSION,"BUYER, CONVERSION","SODIUM CHLORIDE ELECTROLYTES 
 
B. BRAUN",SYSTEM CREATED,SLCCLSR03A,"CARDIAC CATHERIZATION, 12605",MOUNT SINAI MORNINGSIDE,ACTIVE,CLOSED,EDI,TRUE,TRUE,39.56,CHP,MOUNT SINAI MORNINGSIDE,1109-900110-02-4058-0000000000-0000-000-000,False,MSHS-BRAUN-PP-IV,Yes,Yes,39.56,8323969,B. BRAUN,B. BRAUN,NF,12,No, ,NO,903037, MED/SURG DISPOSABLE,7/29/2024 12:00:00 AM,CLOSED,1174-2-1,19.78,APPROVED,CASE,7/29/2024 12:00:00 AM,NF,7/29/2024 12:00:00 AM,3376840,"TORRES, ERIKA E",,,SL ST LUKES,39.56,ELECTROLYTES,51191602,AGENTS AFFECTING WATER AND ELECTROLYTES,MEDLINE INDUSTRIES INC,12422
MEDLINE INDUSTRIES INC,2024,"RENAL DIALYSIS INSTITUTE, 77047",MOUNT SINAI BROOKLYN,B. BRAUN,IV SOLUTIONS,True,True,CLOSED,903033,"903033, IV SOLUTIONS",MOUNT SINAI BROOKLYN,Yes,E8000,B. BRAUN,11/26/2024 12:00:00 AM,B1005771,GOODS,SOL SOD CHL 0.9 PERC 1000ML INJ BAG - SUB 1 FOR L8000E8000BMGE8000,ORAPOS,IV SOLUTIONS,BMGE8000,RENAL DIALYSIS INSTITUTE,77047,IV SOLUTIONS,MSHS-BRAUN-PP-IV,,SOL SOD CHL 0.9 PERC 1000ML INJ BAG - SUB 1 FOR L8000,903033,E8000,8,8,8,8,12,96,96,158.24,158.24,NF,NF,AMPONSAH EMMANUEL,AMPONSAH EMMANUEL,"IV SOLUTIONS 
 
B. BRAUN",Y,3201 KINGS HGWY 2 E #201 DIALYSIS 2 EAST #201 DIALYSIS,"RENAL DIALYSIS INSTITUTE, 77047",MOUNT SINAI BROOKLYN,ACTIVE,CLOSED,EDI,TRUE,TRUE,158.24,MOUNT SINAI BROOKLYN,MOUNT SINAI BROOKLYN,402-407-11-77047-903033-00000000000-000-0000-000-00000-00000----,False,MSHS-BRAUN-PP-IV,Yes,Yes,158.24,8323969,B. BRAUN,B. BRAUN,NF,12,No, ,NO,903033, IV SOLUTIONS,11/26/2024 12:00:00 AM,CLOSED,2-1-1,19.78,CLOSED,CASE,11/26/2024 12:00:00 AM,NF,11/26/2024 12:00:00 AM,K1252,"FORBES HEBBERT, MS. HILZA",,,MOUNT SINAI BROOKLYN - RECVG MAIN,158.24,NF,NF,NF,MEDLINE INDUSTRIES INC,12422
MEDLINE INDUSTRIES INC,2024,"STERILE PROCESSING, 60170",MOUNT SINAI MORNINGSIDE,DNU B BRAUN,DRUGS AND PHARMACEUTICAL PRODUCTS,True,True,PROCESSED,903037,"903037, MED/SURG DISPOSABLE",MOUNT SINAI MORNINGSIDE,Yes,E8000,DNU B BRAUN,1/22/2024 12:00:00 AM,1314081-41646,GOODS,SOL SOD CHL 0.9 PERC 1000ML INJ BAG - SUB 1 FOR L8000E8000BMGE8000,ORAPOS,SODIUM CHLORIDE ELECTROLYTES,BMGE8000,STERILE PROCESSING,60170,MED/SURG DISPOSABLE,MSHS-BRAUN-PP-IV,MSHS-BRAUN-PP-IV,SOL SOD CHL 0.9 PERC 1000ML INJ BAG - SUB 1 FOR L8000,903037,E8000,1,1,1,1,12,12,12,19.78,19.78,302-302-11-60170-00000000000-0-0,NF,BUYER   CONVERSION,"BUYER, CONVERSION","SODIUM CHLORIDE ELECTROLYTES 
 
DNU B BRAUN",SYSTEM CREATED,SL 9175 1109,"STERILE PROCESSING, 60170",MOUNT SINAI MORNINGSIDE,ACTIVE,CLOSED,EDI,TRUE,TRUE,19.78,CHP,MOUNT SINAI MORNINGSIDE,1109-900110-02-9175-0000000000-0000-000-000,False,MSHS-BRAUN-PP-IV,Yes,Yes,19.78,8323969,DNU B BRAUN,DNU B BRAUN,CA12,12,No, ,NO,903037, MED/SURG DISPOSABLE,1/22/2024 12:00:00 AM,CLOSED,1174-2-1,19.78,APPROVED,CASE,1/22/2024 12:00:00 AM,NF,1/22/2024 12:00:00 AM,3308691,"CARRINGTON, TRICIA FEONA",,,SL ST LUKES,19.78,ELECTROLYTES,51191602,AGENTS AFFECTING WATER AND ELECTROLYTES,MEDLINE INDUSTRIES INC,12422
MEDLINE INDUSTRIES INC,2023,"CARDIAC CATHERIZATION, 12605",MOUNT SINAI MORNINGSIDE,B BRAUN,DRUGS AND PHARMACEUTICAL PRODUCTS,True,True,PROCESSED,903037,"903037, MED/SURG DISPOSABLE",MOUNT SINAI MORNINGSIDE,Yes,E8000,B BRAUN,11/16/2023 12:00:00 AM,1314081-37354,GOODS,SOL SOD CHL 0.9 PERC 1000ML INJ BAG - SUB 1 FOR L8000E8000BMGE8000,ORAPOS,SODIUM CHLORIDE ELECTROLYTES,BMGE8000,CARDIAC CATHERIZATION,12605,MED/SURG DISPOSABLE,MSHS-BRAUN-PP-IV,MSHS-BRAUN-PP-IV,SOL SOD CHL 0.9 PERC 1000ML INJ BAG - SUB 1 FOR L8000,903037,E8000,2,2,2,2,12,24,24,39.56,39.56,302-302-11-12605-00000000000-0-0,NF,BUYER   CONVERSION,"BUYER, CONVERSION","SODIUM CHLORIDE ELECTROLYTES 
 
B BRAUN",SYSTEM CREATED,SLCCLSR03A,"CARDIAC CATHERIZATION, 12605",MOUNT SINAI MORNINGSIDE,ACTIVE,CLOSED,EDI,TRUE,TRUE,39.56,CHP,MOUNT SINAI MORNINGSIDE,1109-900110-02-4058-0000000000-0000-000-000,False,MSHS-BRAUN-PP-IV,Yes,Yes,39.56,8323969,B BRAUN,B BRAUN,CA12,12,No, ,NO,903037, MED/SURG DISPOSABLE,11/16/2023 12:00:00 AM,CLOSED,1174-3-1,19.78,APPROVED,CASE,11/16/2023 12:00:00 AM,NF,11/16/2023 12:00:00 AM,3285499,"TORRES, ERIKA E",,,SL ST LUKES,39.56,ELECTROLYTES,51191602,AGENTS AFFECTING WATER AND ELECTROLYTES,MEDLINE INDUSTRIES INC,12422
MEDLINE INDUSTRIES INC,2023,"CARDIAC CATHERIZATION, 12605",MOUNT SINAI MORNINGSIDE,B BRAUN,DRUGS AND PHARMACEUTICAL PRODUCTS,True,True,PROCESSED,903037,"903037, MED/SURG DISPOSABLE",MOUNT SINAI MORNINGSIDE,Yes,E8000,B BRAUN,11/14/2023 12:00:00 AM,1314081-37158,GOODS,SOL SOD CHL 0.9 PERC 1000ML INJ BAG - SUB 1 FOR L8000E8000BMGE8000,ORAPOS,SODIUM CHLORIDE ELECTROLYTES,BMGE8000,CARDIAC CATHERIZATION,12605,MED/SURG DISPOSABLE,MSHS-BRAUN-PP-IV,MSHS-BRAUN-PP-IV,SOL SOD CHL 0.9 PERC 1000ML INJ BAG - SUB 1 FOR L8000,903037,E8000,2,2,2,2,12,24,24,39.56,39.56,302-302-11-12605-00000000000-0-0,NF,BUYER   CONVERSION,"BUYER, CONVERSION","SODIUM CHLORIDE ELECTROLYTES 
 
B BRAUN",SYSTEM CREATED,SLCCLSR03A,"CARDIAC CATHERIZATION, 12605",MOUNT SINAI MORNINGSIDE,ACTIVE,CLOSED,EDI,TRUE,TRUE,39.56,CHP,MOUNT SINAI MORNINGSIDE,1109-900110-02-4058-0000000000-0000-000-000,False,MSHS-BRAUN-PP-IV,Yes,Yes,39.56,8323969,B BRAUN,B BRAUN,CA12,12,No, ,NO,903037, MED/SURG DISPOSABLE,11/14/2023 12:00:00 AM,CLOSED,1174-3-1,19.78,APPROVED,CASE,11/14/2023 12:00:00 AM,NF,11/14/2023 12:00:00 AM,3284272,"TORRES, ERIKA E",,,SL ST LUKES,39.56,ELECTROLYTES,51191602,AGENTS AFFECTING WATER AND ELECTROLYTES,MEDLINE INDUSTRIES INC,12422
MEDLINE INDUSTRIES INC,2024,"CARDIAC CATHERIZATION, 12605",MOUNT SINAI MORNINGSIDE,B. BRAUN MEDICAL,PHARMACEUTICAL PRODUCTS INCL. CONTRACEPTIVES AND VACCINES,True,True,PROCESSED,903037,"903037, MED/SURG DISPOSABLE",MOUNT SINAI MORNINGSIDE,Yes,E8000,B. BRAUN MEDICAL,7/11/2024 12:00:00 AM,1314081-52896,GOODS,SOL SOD CHL 0.9 PERC 1000ML INJ BAG - SUB 1 FOR L8000E8000BMGE8000,ORAPOS,SODIUM CHLORIDE ELECTROLYTES,BMGE8000,CARDIAC CATHERIZATION,12605,MED/SURG DISPOSABLE,MSHS-BRAUN-PP-IV,MSHS-BRAUN-PP-IV,SOL SOD CHL 0.9 PERC 1000ML INJ BAG - SUB 1 FOR L8000,903037,E8000,2,2,2,2,12,24,24,39.56,39.56,302-302-11-12605-00000000000-0-0,NF,BUYER   CONVERSION,"BUYER, CONVERSION","SODIUM CHLORIDE ELECTROLYTES 
 
B. BRAUN MEDICAL",SYSTEM CREATED,SLCCLSR03A,"CARDIAC CATHERIZATION, 12605",MOUNT SINAI MORNINGSIDE,ACTIVE,CLOSED,EDI,TRUE,TRUE,39.56,CHP,MOUNT SINAI MORNINGSIDE,1109-900110-02-4058-0000000000-0000-000-000,False,MSHS-BRAUN-PP-IV,Yes,Yes,39.56,8323969,B. BRAUN MEDICAL,B. BRAUN MEDICAL,CA12,12,No, ,NO,903037, MED/SURG DISPOSABLE,7/11/2024 12:00:00 AM,CLOSED,1174-1-1,19.78,APPROVED,CASE,7/11/2024 12:00:00 AM,NF,7/11/2024 12:00:00 AM,3370603,"TORRES, ERIKA E",,,SL ST LUKES,39.56,ELECTROLYTES,51191602,AGENTS AFFECTING WATER AND ELECTROLYTES,MEDLINE INDUSTRIES INC,12422
MEDLINE INDUSTRIES INC,2024,"RTC PHARMACY, 12318",MOUNT SINAI HOSPITAL,B. BRAUN,IV SOLUTIONS,True,True,CLOSED,903033,"903033, IV SOLUTIONS",MOUNT SINAI HOSPITAL,Yes,E8000,B. BRAUN,10/23/2024 12:00:00 AM,M3005713,GOODS,SOL SOD CHL 0.9 PERC 1000ML INJ BAG - SUB 1 FOR L8000E8000BMGE8000,ORAPOS,IV SOLUTIONS,BMGE8000,RTC PHARMACY,12318,IV SOLUTIONS,MSHS-BRAUN-PP-IV,,SOL SOD CHL 0.9 PERC 1000ML INJ BAG - SUB 1 FOR L8000,903033,E8000,1,1,1,1,12,12,12,19.78,19.78,NF,NF,DOUSE YVONNE,DOUSE YVONNE,"IV SOLUTIONS 
 
B. BRAUN",Y,12318 RTC PHARMACY CSM 4TH FL RM 105,"RTC PHARMACY, 12318",MOUNT SINAI HOSPITAL,ACTIVE,CLOSED,EDI,TRUE,TRUE,19.78,MOUNT SINAI HOSPITAL,MOUNT SINAI HOSPITAL,101-101-11-12318-903033-00000000000-000-0000-000-00000-00000----,False,MSHS-BRAUN-PP-IV,Yes,Yes,19.78,8323969,B. BRAUN,B. BRAUN,NF,12,No, ,NO,903033, IV SOLUTIONS,10/23/2024 12:00:00 AM,CLOSED,6-1-1,19.78,CLOSED,CASE,10/23/2024 12:00:00 AM,NF,10/23/2024 12:00:00 AM,M3701,REYES LUCY,,,MOUNT SINAI HOSPITAL - RECVG MAIN,19.78,NF,NF,NF,MEDLINE INDUSTRIES INC,12422
MEDLINE INDUSTRIES INC,2025,"PHARMACY, 21300",MOUNT SINAI HOSPITAL,B. BRAUN,IV SOLUTIONS,True,True,CLOSED,903033,"903033, IV SOLUTIONS",MOUNT SINAI HOSPITAL,Yes,E8000,B. BRAUN,6/10/2025 12:00:00 AM,M3110451,GOODS,SOL SOD CHL 0.9 PERC 1000ML INJ BAG - SUB 1 FOR L8000E8000BMGE8000,ORAPOS,IV SOLUTIONS,BMGE8000,PHARMACY,21300,IV SOLUTIONS,MSHS-BRAUN-PP-IV,,SOL SOD CHL 0.9 PERC 1000ML INJ BAG - SUB 1 FOR L8000,903033,E8000,15,0,15,15,12,180,180,0,0,NF,NF,BANNERMAN TRACEY,BANNERMAN TRACEY,"IV SOLUTIONS 
 
B. BRAUN",Y,21300 RXSAT MNF ANN B2-06,"PHARMACY, 21300",MOUNT SINAI HOSPITAL,ACTIVE,CLOSED,EDI,TRUE,TRUE,290.7,MOUNT SINAI HOSPITAL,MOUNT SINAI HOSPITAL,101-101-11-21300-903033-00000000000-000-0000-000-00000-00000----,False,MSHS-BRAUN-PP-IV,Yes,Yes,0,8323969,B. BRAUN,B. BRAUN,NF,12,No, ,NO,903033, IV SOLUTIONS,6/10/2025 12:00:00 AM,CLOSED FOR RECEIVING,4-1-1,19.38,CLOSED FOR RECEIVING,CASE,6/10/2025 12:00:00 AM,NF,6/10/2025 12:00:00 AM,M59463,ACEVEDO NELSON,,,MOUNT SINAI HOSPITAL - RECVG MAIN,290.7,NF,NF,NF,MEDLINE INDUSTRIES INC,12422
MEDLINE INDUSTRIES INC,2025,"RTC PHARMACY, 12318",MOUNT SINAI HOSPITAL,B. BRAUN,IV SOLUTIONS,True,True,OPEN,903033,"903033, IV SOLUTIONS",MOUNT SINAI HOSPITAL,Yes,E8000,B. BRAUN,1/19/2025 12:00:00 AM,M3043335,GOODS,SOL SOD CHL 0.9 PERC 1000ML INJ BAG - SUB 1 FOR L8000E8000BMGE8000,ORAPOS,IV SOLUTIONS,BMGE8000,RTC PHARMACY,12318,IV SOLUTIONS,MSHS-BRAUN-PP-IV,,SOL SOD CHL 0.9 PERC 1000ML INJ BAG - SUB 1 FOR L8000,903033,E8000,1,1,1,1,12,12,12,20.77,20.77,NF,NF,DOUSE YVONNE,DOUSE YVONNE,"IV SOLUTIONS 
 
B. BRAUN",Y,12318 RTC PHARMACY CSM 4TH FL RM 105,"RTC PHARMACY, 12318",MOUNT SINAI HOSPITAL,ACTIVE,CLOSED,EDI,TRUE,TRUE,20.77,MOUNT SINAI HOSPITAL,MOUNT SINAI HOSPITAL,101-101-11-12318-903033-00000000000-000-0000-000-00000-00000----,False,MSHS-BRAUN-PP-IV,Yes,Yes,20.77,8323969,B. BRAUN,B. BRAUN,NF,12,No, ,NO,903033, IV SOLUTIONS,1/16/2025 12:00:00 AM,CLOSED,5-1-1,20.77,OPEN,CASE,1/19/2025 12:00:00 AM,NF,1/16/2025 12:00:00 AM,M23937,REYES LUCY,,,MOUNT SINAI HOSPITAL - RECVG MAIN,20.77,NF,NF,NF,MEDLINE INDUSTRIES INC,12422
MEDLINE INDUSTRIES INC,2025,"BALANCE SHEET, 00000",MOUNT SINAI HOSPITAL,B. BRAUN,NJ WAREHOUSE,True,True,OPEN,119015,"119015, NJ WAREHOUSE",MOUNT SINAI HOSPITAL,Yes,E8000,B. BRAUN,1/17/2025 12:00:00 AM,M3044285,GOODS,SOL SOD CHL 0.9 PERC 1000ML INJ BAG - SUB 1 FOR L8000E8000BMGE8000,ORAPOS,NJ WAREHOUSE,BMGE8000,BALANCE SHEET,00000,NJ WAREHOUSE,MSHS-BRAUN-PP-IV,,SOL SOD CHL 0.9 PERC 1000ML INJ BAG - SUB 1 FOR L8000,119015,E8000,84,84,84,84,12,1008,1008,1744.68,1744.68,NF,NF,CALLENDER SHANTE,CALLENDER SHANTE,"NJ WAREHOUSE 
 
B. BRAUN",Y,M MEDLINE WAREHOUSE - MONTGOMERY,"BALANCE SHEET, 00000",MOUNT SINAI HOSPITAL,ACTIVE,CLOSED,EDI,TRUE,TRUE,1744.68,MOUNT SINAI HOSPITAL,MOUNT SINAI HOSPITAL,101-000-11-00000-119015-00000000000-000-0000-000-00000-00000----,False,MSHS-BRAUN-PP-IV,Yes,Yes,1744.68,8323969,B. BRAUN,B. BRAUN,NF,12,No, ,NO,119015, NJ WAREHOUSE,1/17/2025 12:00:00 AM,CLOSED,1-1-1,20.77,OPEN,CASE,1/17/2025 12:00:00 AM,NF,1/17/2025 12:00:00 AM,M24183,LUBINSKI JAMIE,,,M MEDLINE WAREHOUSE - MONTGOMERY,1744.68,NF,NF,NF,MEDLINE INDUSTRIES INC,12422
MEDLINE INDUSTRIES INC,2024,"CARDIAC CATHERIZATION, 12605",MOUNT SINAI MORNINGSIDE,B. BRAUN,PHARMACEUTICAL PRODUCTS INCL. CONTRACEPTIVES AND VACCINES,True,True,PROCESSED,903037,"903037, MED/SURG DISPOSABLE",MOUNT SINAI MORNINGSIDE,Yes,E8000,B. BRAUN,8/27/2024 12:00:00 AM,1314081-55842,GOODS,SOL SOD CHL 0.9 PERC 1000ML INJ BAG - SUB 1 FOR L8000E8000BMGE8000,ORAPOS,SODIUM CHLORIDE ELECTROLYTES,BMGE8000,CARDIAC CATHERIZATION,12605,MED/SURG DISPOSABLE,MSHS-BRAUN-PP-IV,MSHS-BRAUN-PP-IV,SOL SOD CHL 0.9 PERC 1000ML INJ BAG - SUB 1 FOR L8000,903037,E8000,2,2,2,2,12,24,24,39.56,39.56,302-302-11-12605-00000000000-0-0,NF,BUYER   CONVERSION,"BUYER, CONVERSION","SODIUM CHLORIDE ELECTROLYTES 
 
B. BRAUN",SYSTEM CREATED,SLCCLSR03A,"CARDIAC CATHERIZATION, 12605",MOUNT SINAI MORNINGSIDE,ACTIVE,CLOSED,EDI,TRUE,TRUE,39.56,CHP,MOUNT SINAI MORNINGSIDE,1109-900110-02-4058-0000000000-0000-000-000,False,MSHS-BRAUN-PP-IV,Yes,Yes,39.56,8323969,B. BRAUN,B. BRAUN,NF,12,No, ,NO,903037, MED/SURG DISPOSABLE,8/27/2024 12:00:00 AM,CLOSED,1174-5-1,19.78,APPROVED,CASE,8/27/2024 12:00:00 AM,NF,8/27/2024 12:00:00 AM,3387026,"TORRES, ERIKA E",,,SL ST LUKES,39.56,ELECTROLYTES,51191602,AGENTS AFFECTING WATER AND ELECTROLYTES,MEDLINE INDUSTRIES INC,12422
MEDLINE INDUSTRIES INC,2024,"EMERGENCY DEPARTMENT, 14100",MOUNT SINAI WEST,B. BRAUN,DRUGS AND PHARMACEUTICAL PRODUCTS,True,True,PROCESSED,903037,"903037, MED/SURG DISPOSABLE",MOUNT SINAI WEST,Yes,E8000,B. BRAUN,1/5/2024 12:00:00 AM,1314081-40580,GOODS,SOL SOD CHL 0.9 PERC 1000ML INJ BAG - SUB 1 FOR L8000E8000BMGE8000,ORAPOS,SODIUM CHLORIDE ELECTROLYTES,BMGE8000,EMERGENCY DEPARTMENT,14100,MED/SURG DISPOSABLE,MSHS-BRAUN-PP-IV,MSHS-BRAUN-PP-IV,SOL SOD CHL 0.9 PERC 1000ML INJ BAG - SUB 1 FOR L8000,903037,E8000,10,0,10,10,12,120,120,197.8,197.8,301-301-11-14100-00000000000-0-0,NF,BUYER   CONVERSION,"BUYER, CONVERSION","SODIUM CHLORIDE ELECTROLYTES 
 
B. BRAUN",SYSTEM CREATED,RH 5700 1109,"EMERGENCY DEPARTMENT, 14100",MOUNT SINAI WEST,ACTIVE,CLOSED,EDI,TRUE,TRUE,197.8,CHP,MOUNT SINAI WEST,1109-900110-01-5700-0000000000-0000-000-000,False,MSHS-BRAUN-PP-IV,Yes,Yes,,8323969,B. BRAUN,B. BRAUN,CA12,12,No, ,NO,903037, MED/SURG DISPOSABLE,1/5/2024 12:00:00 AM,CLOSED,1174-1-1,19.78,APPROVED,CASE,1/5/2024 12:00:00 AM,NF,1/5/2024 12:00:00 AM,3302910,"LOPEZ, ASTRID",,,RH ROOSEVELT,197.8,ELECTROLYTES,51191602,AGENTS AFFECTING WATER AND ELECTROLYTES,MEDLINE INDUSTRIES INC,12422
MEDLINE INDUSTRIES INC,2024,"AMBULATORY SURGERY, 12152",MOUNT SINAI WEST VILLAGE,B. BRAUN,DRUGS AND PHARMACEUTICAL PRODUCTS,True,True,PROCESSED,903037,"903037, MED/SURG DISPOSABLE",MOUNT SINAI WEST VILLAGE,Yes,E8000,B. BRAUN,3/1/2024 12:00:00 AM,1314081-44344,GOODS,SOL SOD CHL 0.9 PERC 1000ML INJ BAG - SUB 1 FOR L8000E8000BMGE8000,ORAPOS,SODIUM CHLORIDE ELECTROLYTES,BMGE8000,AMBULATORY SURGERY,12152,MED/SURG DISPOSABLE,MSHS-BRAUN-PP-IV,MSHS-BRAUN-PP-IV,SOL SOD CHL 0.9 PERC 1000ML INJ BAG - SUB 1 FOR L8000,903037,E8000,1,0,1,1,12,12,12,19.78,19.78,408-958-11-12152-00000000000-0-0,NF,BUYER   CONVERSION,"BUYER, CONVERSION","SODIUM CHLORIDE ELECTROLYTES 
 
B. BRAUN",SYSTEM CREATED,WV 2633 5009,"AMBULATORY SURGERY, 12152",MOUNT SINAI WEST VILLAGE,ACTIVE,CLOSED,EDI,TRUE,TRUE,19.78,CHP,MOUNT SINAI WEST VILLAGE,5009-900110-80-2633-0000000000-0000-000-000,False,MSHS-BRAUN-PP-IV,Yes,Yes,,8323969,B. BRAUN,B. BRAUN,CA12,12,No, ,NO,903037, MED/SURG DISPOSABLE,3/1/2024 12:00:00 AM,CLOSED,1174-1-1,19.78,APPROVED,CASE,3/1/2024 12:00:00 AM,NF,3/1/2024 12:00:00 AM,3323576,"WARE, PAUL A",,,WV WEST VILLAGE,19.78,ELECTROLYTES,51191602,AGENTS AFFECTING WATER AND ELECTROLYTES,MEDLINE INDUSTRIES INC,12422
MEDLINE INDUSTRIES INC,2024,"BALANCE SHEET, 00000",MOUNT SINAI HOSPITAL,B. BRAUN,IV SOLUTIONS,True,True,OPEN,903033,"903033, IV SOLUTIONS",MOUNT SINAI HOSPITAL,Yes,E8000,B. BRAUN,12/31/2024 12:00:00 AM,M3035636,GOODS,SOL SOD CHL 0.9 PERC 1000ML INJ BAG - SUB 1 FOR L8000E8000BMGE8000,ORAPOS,IV SOLUTIONS,BMGE8000,BALANCE SHEET,00000,IV SOLUTIONS,MSHS-BRAUN-PP-IV,,SOL SOD CHL 0.9 PERC 1000ML INJ BAG - SUB 1 FOR L8000,903033,E8000,112,112,112,112,12,1344,1344,2215.36,2215.36,NF,NF,DOUSE YVONNE,DOUSE YVONNE,"IV SOLUTIONS 
 
B. BRAUN",Y,M MEDLINE WAREHOUSE - MONTGOMERY,"BALANCE SHEET, 00000",MOUNT SINAI HOSPITAL,ACTIVE,CLOSED,EDI,TRUE,TRUE,2215.36,MOUNT SINAI HOSPITAL,MOUNT SINAI HOSPITAL,101-000-11-00000-903033-00000000000-000-0000-000-00000-00000----,False,MSHS-BRAUN-PP-IV,Yes,Yes,2215.36,8323969,B. BRAUN,B. BRAUN,NF,12,No, ,NO,903033, IV SOLUTIONS,12/30/2024 12:00:00 AM,CLOSED,1-1-1,19.78,OPEN,CASE,12/31/2024 12:00:00 AM,NF,12/30/2024 12:00:00 AM,M19448,LUBINSKI JAMIE,,,M MEDLINE WAREHOUSE - MONTGOMERY,2215.36,NF,NF,NF,MEDLINE INDUSTRIES INC,12422
MEDLINE INDUSTRIES INC,2024,"NURSING ACUTE DIALYSIS-BKL, 11101",MOUNT SINAI BROOKLYN,B. BRAUN,PHARMACEUTICAL PRODUCTS INCL. CONTRACEPTIVES AND VACCINES,True,True,PROCESSED,903037,"903037, MED/SURG DISPOSABLE",MOUNT SINAI BROOKLYN,Yes,E8000,B. BRAUN,7/26/2024 12:00:00 AM,1314081-53847,GOODS,SOL SOD CHL 0.9 PERC 1000ML INJ BAG - SUB 1 FOR L8000E8000BMGE8000,ORAPOS,SODIUM CHLORIDE ELECTROLYTES,BMGE8000,NURSING ACUTE DIALYSIS-BKL,11101,MED/SURG DISPOSABLE,MSHS-BRAUN-PP-IV,MSHS-BRAUN-PP-IV,SOL SOD CHL 0.9 PERC 1000ML INJ BAG - SUB 1 FOR L8000,903037,E8000,4,4,4,4,12,48,48,79.12,79.12,402-407-11-11101-00000000000-0-0,NF,BUYER   CONVERSION,"BUYER, CONVERSION","SODIUM CHLORIDE ELECTROLYTES 
 
B. BRAUN",SYSTEM CREATED,KH 1417 4709,"NURSING ACUTE DIALYSIS-BKL, 11101",MOUNT SINAI BROOKLYN,ACTIVE,CLOSED,EDI,TRUE,TRUE,79.12,CHP,MOUNT SINAI BROOKLYN,4709-900110-07-1417-0000000000-0000-000-000,False,MSHS-BRAUN-PP-IV,Yes,Yes,79.12,8323969,B. BRAUN,B. BRAUN,NF,12,No, ,NO,903037, MED/SURG DISPOSABLE,7/26/2024 12:00:00 AM,CLOSED,1174-2-1,19.78,APPROVED,CASE,7/26/2024 12:00:00 AM,NF,7/26/2024 12:00:00 AM,3376145,"ZAMOR, KEVIN",,,KH KINGS HIGHWAY,79.12,ELECTROLYTES,51191602,AGENTS AFFECTING WATER AND ELECTROLYTES,MEDLINE INDUSTRIES INC,12422
MEDLINE INDUSTRIES INC,2024,"MATERIALS MANAGEMENT RECEIVING, 60403",MOUNT SINAI BROOKLYN,B. BRAUN,PHARMACEUTICAL PRODUCTS INCL. CONTRACEPTIVES AND VACCINES,True,True,PROCESSED,903037,"903037, MED/SURG DISPOSABLE",MOUNT SINAI BROOKLYN,Yes,E8000,B. BRAUN,9/25/2024 12:00:00 AM,1314081-57746,GOODS,SOL SOD CHL 0.9 PERC 1000ML INJ BAG - SUB 1 FOR L8000E8000BMGE8000,ORAPOS,SODIUM CHLORIDE ELECTROLYTES,BMGE8000,MATERIALS MANAGEMENT RECEIVING,60403,MED/SURG DISPOSABLE,MSHS-BRAUN-PP-IV,MSHS-BRAUN-PP-IV,SOL SOD CHL 0.9 PERC 1000ML INJ BAG - SUB 1 FOR L8000,903037,E8000,10,10,10,10,12,120,120,197.8,197.8,402-954-11-60403-00000000000-0-0,NF,BUYER   CONVERSION,"BUYER, CONVERSION","SODIUM CHLORIDE ELECTROLYTES 
 
B. BRAUN",SYSTEM CREATED,CP 8840 4709,"MATERIALS MANAGEMENT RECEIVING, 60403",MOUNT SINAI BROOKLYN,ACTIVE,CLOSED,EDI,TRUE,TRUE,197.8,CHP,MOUNT SINAI BROOKLYN,4709-900110-00-8840-0000000000-0000-000-000,False,MSHS-BRAUN-PP-IV,Yes,Yes,197.8,8323969,B. BRAUN,B. BRAUN,NF,12,No, ,NO,903037, MED/SURG DISPOSABLE,9/25/2024 12:00:00 AM,CLOSED,1174-5-1,19.78,APPROVED,CASE,9/25/2024 12:00:00 AM,NF,9/25/2024 12:00:00 AM,3397421,"ZAMOR, KEVIN",,,KH KINGS HIGHWAY,197.8,ELECTROLYTES,51191602,AGENTS AFFECTING WATER AND ELECTROLYTES,MEDLINE INDUSTRIES INC,12422
MEDLINE INDUSTRIES INC,2023,"CARDIAC CATHERIZATION, 12605",MOUNT SINAI MORNINGSIDE,B BRAUN,DRUGS AND PHARMACEUTICAL PRODUCTS,True,True,PROCESSED,903037,"903037, MED/SURG DISPOSABLE",MOUNT SINAI MORNINGSIDE,Yes,E8000,B BRAUN,10/11/2023 12:00:00 AM,1314081-34872,GOODS,SOL SOD CHL 0.9 PERC 1000ML INJ BAG - SUB 1 FOR L8000E8000BMGE8000,ORAPOS,SODIUM CHLORIDE ELECTROLYTES,BMGE8000,CARDIAC CATHERIZATION,12605,MED/SURG DISPOSABLE,MSHS-BRAUN-PP-IV,MSHS-BRAUN-PP-IV,SOL SOD CHL 0.9 PERC 1000ML INJ BAG - SUB 1 FOR L8000,903037,E8000,1,1,1,1,12,12,12,19.78,19.78,302-302-11-12605-00000000000-0-0,NF,BUYER   CONVERSION,"BUYER, CONVERSION","SODIUM CHLORIDE ELECTROLYTES 
 
B BRAUN",SYSTEM CREATED,SLCCLSR03A,"CARDIAC CATHERIZATION, 12605",MOUNT SINAI MORNINGSIDE,ACTIVE,CLOSED,EDI,TRUE,TRUE,19.78,CHP,MOUNT SINAI MORNINGSIDE,1109-900110-02-4058-0000000000-0000-000-000,False,MSHS-BRAUN-PP-IV,Yes,Yes,19.78,8323969,B BRAUN,B BRAUN,CA12,12,No, ,NO,903037, MED/SURG DISPOSABLE,10/11/2023 12:00:00 AM,CLOSED,1174-2-1,19.78,APPROVED,CASE,10/11/2023 12:00:00 AM,NF,10/11/2023 12:00:00 AM,3271123,"TORRES, ERIKA E",,,SL ST LUKES,19.78,ELECTROLYTES,51191602,AGENTS AFFECTING WATER AND ELECTROLYTES,MEDLINE INDUSTRIES INC,12422
MEDLINE INDUSTRIES INC,2024,"CARDIAC CATHERIZATION, 12605",MOUNT SINAI MORNINGSIDE,B. BRAUN,PHARMACEUTICAL PRODUCTS INCL. CONTRACEPTIVES AND VACCINES,True,True,PROCESSED,903037,"903037, MED/SURG DISPOSABLE",MOUNT SINAI MORNINGSIDE,Yes,E8000,B. BRAUN,8/13/2024 12:00:00 AM,1314081-55042,GOODS,SOL SOD CHL 0.9 PERC 1000ML INJ BAG - SUB 1 FOR L8000E8000BMGE8000,ORAPOS,SODIUM CHLORIDE ELECTROLYTES,BMGE8000,CARDIAC CATHERIZATION,12605,MED/SURG DISPOSABLE,MSHS-BRAUN-PP-IV,MSHS-BRAUN-PP-IV,SOL SOD CHL 0.9 PERC 1000ML INJ BAG - SUB 1 FOR L8000,903037,E8000,3,3,3,3,12,36,36,59.34,59.34,302-302-11-12605-00000000000-0-0,NF,BUYER   CONVERSION,"BUYER, CONVERSION","SODIUM CHLORIDE ELECTROLYTES 
 
B. BRAUN",SYSTEM CREATED,SLCCLSR03A,"CARDIAC CATHERIZATION, 12605",MOUNT SINAI MORNINGSIDE,ACTIVE,CLOSED,EDI,TRUE,TRUE,59.34,CHP,MOUNT SINAI MORNINGSIDE,1109-900110-02-4058-0000000000-0000-000-000,False,MSHS-BRAUN-PP-IV,Yes,Yes,59.34,8323969,B. BRAUN,B. BRAUN,CA12,12,No, ,NO,903037, MED/SURG DISPOSABLE,8/13/2024 12:00:00 AM,CLOSED,1174-2-1,19.78,APPROVED,CASE,8/13/2024 12:00:00 AM,NF,8/13/2024 12:00:00 AM,3382592,"TORRES, ERIKA E",,,SL ST LUKES,59.34,ELECTROLYTES,51191602,AGENTS AFFECTING WATER AND ELECTROLYTES,MEDLINE INDUSTRIES INC,12422
MEDLINE INDUSTRIES INC,2024,"STERILE PROCESSING, 60170",MOUNT SINAI MORNINGSIDE,B. BRAUN,PHARMACEUTICAL PRODUCTS INCL. CONTRACEPTIVES AND VACCINES,True,True,PROCESSED,903037,"903037, MED/SURG DISPOSABLE",MOUNT SINAI MORNINGSIDE,Yes,E8000,B. BRAUN,8/13/2024 12:00:00 AM,1314081-55044,GOODS,SOL SOD CHL 0.9 PERC 1000ML INJ BAG - SUB 1 FOR L8000E8000BMGE8000,ORAPOS,SODIUM CHLORIDE ELECTROLYTES,BMGE8000,STERILE PROCESSING,60170,MED/SURG DISPOSABLE,MSHS-BRAUN-PP-IV,MSHS-BRAUN-PP-IV,SOL SOD CHL 0.9 PERC 1000ML INJ BAG - SUB 1 FOR L8000,903037,E8000,1,1,1,1,12,12,12,19.78,19.78,302-302-11-60170-00000000000-0-0,NF,BUYER   CONVERSION,"BUYER, CONVERSION","SODIUM CHLORIDE ELECTROLYTES 
 
B. BRAUN",SYSTEM CREATED,SL 9175 1109,"STERILE PROCESSING, 60170",MOUNT SINAI MORNINGSIDE,ACTIVE,CLOSED,EDI,TRUE,TRUE,19.78,CHP,MOUNT SINAI MORNINGSIDE,1109-900110-02-9175-0000000000-0000-000-000,False,MSHS-BRAUN-PP-IV,Yes,Yes,19.78,8323969,B. BRAUN,B. BRAUN,CA12,12,No, ,NO,903037, MED/SURG DISPOSABLE,8/13/2024 12:00:00 AM,CLOSED,1174-1-1,19.78,APPROVED,CASE,8/13/2024 12:00:00 AM,NF,8/13/2024 12:00:00 AM,3382071,"CARRINGTON, TRICIA FEONA",,,SL ST LUKES,19.78,ELECTROLYTES,51191602,AGENTS AFFECTING WATER AND ELECTROLYTES,MEDLINE INDUSTRIES INC,12422
MEDLINE INDUSTRIES INC,2024,"CARDIAC CATHERIZATION, 12605",MOUNT SINAI MORNINGSIDE,B. BRAUN MEDICAL,PHARMACEUTICAL PRODUCTS INCL. CONTRACEPTIVES AND VACCINES,True,True,PROCESSED,903037,"903037, MED/SURG DISPOSABLE",MOUNT SINAI MORNINGSIDE,Yes,E8000,B. BRAUN MEDICAL,6/24/2024 12:00:00 AM,1314081-51834,GOODS,SOL SOD CHL 0.9 PERC 1000ML INJ BAG - SUB 1 FOR L8000E8000BMGE8000,ORAPOS,SODIUM CHLORIDE ELECTROLYTES,BMGE8000,CARDIAC CATHERIZATION,12605,MED/SURG DISPOSABLE,MSHS-BRAUN-PP-IV,MSHS-BRAUN-PP-IV,SOL SOD CHL 0.9 PERC 1000ML INJ BAG - SUB 1 FOR L8000,903037,E8000,3,3,3,3,12,36,36,59.34,59.34,302-302-11-12605-00000000000-0-0,NF,BUYER   CONVERSION,"BUYER, CONVERSION","SODIUM CHLORIDE ELECTROLYTES 
 
B. BRAUN MEDICAL",SYSTEM CREATED,SL 4058 1109 1,"CARDIAC CATHERIZATION, 12605",MOUNT SINAI MORNINGSIDE,ACTIVE,CLOSED,EDI,TRUE,TRUE,59.34,CHP,MOUNT SINAI MORNINGSIDE,1109-900110-02-4058-0000000000-0000-000-000,False,MSHS-BRAUN-PP-IV,Yes,Yes,59.34,8323969,B. BRAUN MEDICAL,B. BRAUN MEDICAL,CA12,12,No, ,NO,903037, MED/SURG DISPOSABLE,6/24/2024 12:00:00 AM,CLOSED,1174-1-1,19.78,APPROVED,CASE,6/24/2024 12:00:00 AM,NF,6/24/2024 12:00:00 AM,3364781,"TORRES, ERIKA E",,,SL ST LUKES,59.34,ELECTROLYTES,51191602,AGENTS AFFECTING WATER AND ELECTROLYTES,MEDLINE INDUSTRIES INC,12422
MEDLINE INDUSTRIES INC,2024,"OPERATING ROOM SUITE, 12200",MOUNT SINAI WEST,B. BRAUN MEDICAL,PHARMACEUTICAL PRODUCTS INCL. CONTRACEPTIVES AND VACCINES,True,True,PROCESSED,903037,"903037, MED/SURG DISPOSABLE",MOUNT SINAI WEST,Yes,E8000,B. BRAUN MEDICAL,6/14/2024 12:00:00 AM,1314081-51303,GOODS,SOL SOD CHL 0.9 PERC 1000ML INJ BAG - SUB 1 FOR L8000E8000BMGE8000,ORAPOS,SODIUM CHLORIDE ELECTROLYTES,BMGE8000,OPERATING ROOM SUITE,12200,MED/SURG DISPOSABLE,MSHS-BRAUN-PP-IV,MSHS-BRAUN-PP-IV,SOL SOD CHL 0.9 PERC 1000ML INJ BAG - SUB 1 FOR L8000,903037,E8000,10,10,10,10,12,120,120,197.8,197.8,301-301-11-12200-00000000000-0-0,NF,BUYER   CONVERSION,"BUYER, CONVERSION","SODIUM CHLORIDE ELECTROLYTES 
 
B. BRAUN MEDICAL",SYSTEM CREATED,RH 2634 1109,"OPERATING ROOM SUITE, 12200",MOUNT SINAI WEST,ACTIVE,CLOSED,EDI,TRUE,TRUE,197.8,CHP,MOUNT SINAI WEST,1109-900110-01-2634-0000000000-0000-000-000,False,MSHS-BRAUN-PP-IV,Yes,Yes,197.8,8323969,B. BRAUN MEDICAL,B. BRAUN MEDICAL,CA12,12,No, ,NO,903037, MED/SURG DISPOSABLE,6/14/2024 12:00:00 AM,CLOSED,1174-1-1,19.78,APPROVED,CASE,6/14/2024 12:00:00 AM,NF,6/14/2024 12:00:00 AM,3362227,"RIVERA, ADRIAN A",,,RH ROOSEVELT,197.8,ELECTROLYTES,51191602,AGENTS AFFECTING WATER AND ELECTROLYTES,MEDLINE INDUSTRIES INC,12422
MEDLINE INDUSTRIES INC,2024,"RENAL DIALYSIS INSTITUTE, 77047",MOUNT SINAI BROOKLYN,B. BRAUN,IV SOLUTIONS,True,True,CLOSED,903033,"903033, IV SOLUTIONS",MOUNT SINAI BROOKLYN,Yes,E8000,B. BRAUN,11/8/2024 12:00:00 AM,B1003770,GOODS,SOL SOD CHL 0.9 PERC 1000ML INJ BAG - SUB 1 FOR L8000E8000BMGE8000,ORAPOS,IV SOLUTIONS,BMGE8000,RENAL DIALYSIS INSTITUTE,77047,IV SOLUTIONS,MSHS-BRAUN-PP-IV,,SOL SOD CHL 0.9 PERC 1000ML INJ BAG - SUB 1 FOR L8000,903033,E8000,2,2,2,2,12,24,24,39.56,39.56,NF,NF,AMPONSAH EMMANUEL,AMPONSAH EMMANUEL,"IV SOLUTIONS 
 
B. BRAUN",Y,3201 KINGS HGWY 2 E #201 DIALYSIS 2 EAST #201 DIALYSIS,"RENAL DIALYSIS INSTITUTE, 77047",MOUNT SINAI BROOKLYN,ACTIVE,CLOSED,EDI,TRUE,TRUE,39.56,MOUNT SINAI BROOKLYN,MOUNT SINAI BROOKLYN,402-407-11-77047-903033-00000000000-000-0000-000-00000-00000----,False,MSHS-BRAUN-PP-IV,Yes,Yes,39.56,8323969,B. BRAUN,B. BRAUN,NF,12,No, ,NO,903033, IV SOLUTIONS,11/8/2024 12:00:00 AM,CLOSED,4-1-1,19.78,CLOSED,CASE,11/8/2024 12:00:00 AM,NF,11/8/2024 12:00:00 AM,K821,"FORBES HEBBERT, MS. HILZA",,,MOUNT SINAI BROOKLYN - RECVG MAIN,39.56,NF,NF,NF,MEDLINE INDUSTRIES INC,12422
MEDLINE INDUSTRIES INC,2025,"RENAL DIALYSIS INSTITUTE, 77047",MOUNT SINAI BROOKLYN,B. BRAUN,IV SOLUTIONS,True,True,CLOSED,903033,"903033, IV SOLUTIONS",MOUNT SINAI BROOKLYN,Yes,E8000,B. BRAUN,3/27/2025 12:00:00 AM,B1018198,GOODS,SOL SOD CHL 0.9 PERC 1000ML INJ BAG - SUB 1 FOR L8000E8000BMGE8000,ORAPOS,IV SOLUTIONS,BMGE8000,RENAL DIALYSIS INSTITUTE,77047,IV SOLUTIONS,MSHS-BRAUN-PP-IV,,SOL SOD CHL 0.9 PERC 1000ML INJ BAG - SUB 1 FOR L8000,903033,E8000,2,0,2,2,12,24,24,38.76,38.76,NF,NF,PERRY LUANA,PERRY LUANA,"IV SOLUTIONS 
 
B. BRAUN",Y,3201 KINGS HGWY 2 E #201 DIALYSIS 2 EAST #201 DIALYSIS,"RENAL DIALYSIS INSTITUTE, 77047",MOUNT SINAI BROOKLYN,ACTIVE,CLOSED,EDI,TRUE,TRUE,41.54,MOUNT SINAI BROOKLYN,MOUNT SINAI BROOKLYN,402-407-11-77047-903033-00000000000-000-0000-000-00000-00000----,False,MSHS-BRAUN-PP-IV,Yes,Yes,38.76,8323969,B. BRAUN,B. BRAUN,NF,12,No, ,NO,903033, IV SOLUTIONS,3/27/2025 12:00:00 AM,CLOSED FOR RECEIVING,4-1-1,20.77,CLOSED FOR RECEIVING,CASE,3/27/2025 12:00:00 AM,NF,3/27/2025 12:00:00 AM,K4078,GUGLIOTTA LOUIS,,,MOUNT SINAI BROOKLYN - RECVG MAIN,41.54,NF,NF,NF,MEDLINE INDUSTRIES INC,12422
MEDLINE INDUSTRIES INC,2024,"NURSING 10B M-S-WST, 10731",MOUNT SINAI WEST,B. BRAUN,PHARMACEUTICAL PRODUCTS INCL. CONTRACEPTIVES AND VACCINES,True,True,PROCESSED,903037,"903037, MED/SURG DISPOSABLE",MOUNT SINAI WEST,Yes,E8000,B. BRAUN,8/7/2024 12:00:00 AM,1464831,GOODS,SOL SOD CHL 0.9 PERC 1000ML INJ BAG - SUB 1 FOR L8000E8000BMGE8000,ORAPOS,SODIUM CHLORIDE ELECTROLYTES,BMGE8000,NURSING 10B M-S-WST,10731,MED/SURG DISPOSABLE,MSHS-BRAUN-PP-IV,MSHS-BRAUN-PP-IV,SOL SOD CHL 0.9 PERC 1000ML INJ BAG - SUB 1 FOR L8000,903037,E8000,5,5,5,5,12,60,60,98.9,98.9,301-301-11-10731-00000000000-0-0,NF,FORERO   PAULO ANDRES,"FORERO, PAULO ANDRES","SODIUM CHLORIDE ELECTROLYTES 
 
B. BRAUN",BUYER CREATED,RH 1301 1109,"NURSING 10B M-S-WST, 10731",MOUNT SINAI WEST,ACTIVE,CLOSED,EDI,TRUE,TRUE,98.9,CHP,MOUNT SINAI WEST,1109-900110-01-1301-0000000000-0000-000-000,False,MSHS-BRAUN-PP-IV,Yes,Yes,98.9,8323969,B. BRAUN,B. BRAUN,CA12,12,No, ,NO,903037, MED/SURG DISPOSABLE,8/7/2024 12:00:00 AM,CLOSED,1-1-1,19.78,APPROVED,CASE,8/7/2024 12:00:00 AM,NF,8/7/2024 12:00:00 AM,3380462,"BROWN, REGINALD",,,RH ROOSEVELT,98.9,ELECTROLYTES,51191602,AGENTS AFFECTING WATER AND ELECTROLYTES,MEDLINE INDUSTRIES INC,12422
MEDLINE INDUSTRIES INC,2025,"PHARMACY, 21300",MOUNT SINAI HOSPITAL,B. BRAUN,IV SOLUTIONS,True,True,OPEN,903033,"903033, IV SOLUTIONS",MOUNT SINAI HOSPITAL,Yes,E8000,B. BRAUN,8/7/2025 12:00:00 AM,M3136015,GOODS,SOL SOD CHL 0.9 PERC 1000ML INJ BAG - SUB 1 FOR L8000E8000BMGE8000,ORAPOS,IV SOLUTIONS,BMGE8000,PHARMACY,21300,IV SOLUTIONS,MSHS-BRAUN-PP-IV,,SOL SOD CHL 0.9 PERC 1000ML INJ BAG - SUB 1 FOR L8000,903033,E8000,0,0,0,10,12,120,0,0,0,NF,NF,BANNERMAN TRACEY,BANNERMAN TRACEY,"IV SOLUTIONS 
 
B. BRAUN",Y,21300 RXSAT MNF ANN B2-06,"PHARMACY, 21300",MOUNT SINAI HOSPITAL,ACTIVE,OPEN,EDI,TRUE,TRUE,193.8,MOUNT SINAI HOSPITAL,MOUNT SINAI HOSPITAL,101-101-11-21300-903033-00000000000-000-0000-000-00000-00000----,False,MSHS-BRAUN-PP-IV,Yes,Yes,0,8323969,B. BRAUN,B. BRAUN,NF,12,No, ,NO,903033, IV SOLUTIONS,8/7/2025 12:00:00 AM,OPEN,3-1-1,19.38,OPEN,CASE,8/7/2025 12:00:00 AM,NF,8/7/2025 12:00:00 AM,M74115,ESPEJEL TOMAS,,,MOUNT SINAI HOSPITAL - RECVG MAIN,0,NF,NF,NF,MEDLINE INDUSTRIES INC,12422
MEDLINE INDUSTRIES INC,2024,"NURSING ACUTE DIALYSIS-BKL, 11101",MOUNT SINAI BROOKLYN,B. BRAUN MEDICAL,PHARMACEUTICAL PRODUCTS INCL. CONTRACEPTIVES AND VACCINES,True,True,PROCESSED,903037,"903037, MED/SURG DISPOSABLE",MOUNT SINAI BROOKLYN,Yes,E8000,B. BRAUN MEDICAL,7/10/2024 12:00:00 AM,1314081-52849,GOODS,SOL SOD CHL 0.9 PERC 1000ML INJ BAG - SUB 1 FOR L8000E8000BMGE8000,ORAPOS,SODIUM CHLORIDE ELECTROLYTES,BMGE8000,NURSING ACUTE DIALYSIS-BKL,11101,MED/SURG DISPOSABLE,MSHS-BRAUN-PP-IV,MSHS-BRAUN-PP-IV,SOL SOD CHL 0.9 PERC 1000ML INJ BAG - SUB 1 FOR L8000,903037,E8000,2,2,2,2,12,24,24,39.56,39.56,402-407-11-11101-00000000000-0-0,NF,BUYER   CONVERSION,"BUYER, CONVERSION","SODIUM CHLORIDE ELECTROLYTES 
 
B. BRAUN MEDICAL",SYSTEM CREATED,KH 1417 4709,"NURSING ACUTE DIALYSIS-BKL, 11101",MOUNT SINAI BROOKLYN,ACTIVE,CLOSED,EDI,TRUE,TRUE,39.56,CHP,MOUNT SINAI BROOKLYN,4709-900110-07-1417-0000000000-0000-000-000,False,MSHS-BRAUN-PP-IV,Yes,Yes,39.56,8323969,B. BRAUN MEDICAL,B. BRAUN MEDICAL,CA12,12,No, ,NO,903037, MED/SURG DISPOSABLE,7/10/2024 12:00:00 AM,CLOSED,1174-2-1,19.78,APPROVED,CASE,7/10/2024 12:00:00 AM,NF,7/10/2024 12:00:00 AM,3370272,"URBINA, HILZA ROSEL",,,KH KINGS HIGHWAY,39.56,ELECTROLYTES,51191602,AGENTS AFFECTING WATER AND ELECTROLYTES,MEDLINE INDUSTRIES INC,12422
MEDLINE INDUSTRIES INC,2023,"UROLOGY DEPARTMENT, 13570",MOUNT SINAI DOWNTOWN UNION SQUARE,B BRAUN,DRUGS AND PHARMACEUTICAL PRODUCTS,True,True,PROCESSED,903037,"903037, MED/SURG DISPOSABLE",MOUNT SINAI DOWNTOWN UNION SQUARE,Yes,E8000,B BRAUN,11/14/2023 12:00:00 AM,1314081-37191,GOODS,SOL SOD CHL 0.9 PERC 1000ML INJ BAG - SUB 1 FOR L8000E8000BMGE8000,ORAPOS,SODIUM CHLORIDE ELECTROLYTES,BMGE8000,UROLOGY DEPARTMENT,13570,MED/SURG DISPOSABLE,MSHS-BRAUN-PP-IV,MSHS-BRAUN-PP-IV,SOL SOD CHL 0.9 PERC 1000ML INJ BAG - SUB 1 FOR L8000,903037,E8000,5,5,5,5,12,60,60,98.9,98.9,414-403-11-13570-00000000000-0-0,NF,BUYER   CONVERSION,"BUYER, CONVERSION","SODIUM CHLORIDE ELECTROLYTES 
 
B BRAUN",SYSTEM CREATED,PAUROPA3A,"UROLOGY DEPARTMENT, 13570",MOUNT SINAI DOWNTOWN UNION SQUARE,ACTIVE,CLOSED,EDI,TRUE,TRUE,98.9,CHP,MOUNT SINAI DOWNTOWN UNION SQUARE,4409-900110-03-5354-0000000000-0000-000-000,False,MSHS-BRAUN-PP-IV,Yes,Yes,98.9,8323969,B BRAUN,B BRAUN,CA12,12,No, ,NO,903037, MED/SURG DISPOSABLE,11/14/2023 12:00:00 AM,CLOSED,1174-1-1,19.78,APPROVED,CASE,11/14/2023 12:00:00 AM,NF,11/14/2023 12:00:00 AM,3284310,"FRASER, TRAVIS MURTLAND JR",,,PA PACC,98.9,ELECTROLYTES,51191602,AGENTS AFFECTING WATER AND ELECTROLYTES,MEDLINE INDUSTRIES INC,12422
MEDLINE INDUSTRIES INC,2025,"CARDIOVASCULAR RESEARCH INSTITUTE, 32074",ICAHN SCHOOL OF MEDICINE,B BRAUN MEDICAL INC.,LAB SUPPLIES,True,True,OPEN,903035,"903035, LAB SUPPLIES",ICAHN SCHOOL OF MEDICINE,Yes,E8000,B BRAUN MEDICAL INC.,3/6/2025 12:00:00 AM,S3034183,GOODS,"INJECTIONS: 0.9% SODIUM CHLORIDE INJECTION SOLUTION, USP, 1,000 ML BAGE8000BMGE8000",ORAPOS,LAB SUPPLIES,BMGE8000,CARDIOVASCULAR RESEARCH INSTITUTE,32074,LAB SUPPLIES,MSHS-BRAUN-PP-IV,,"INJECTIONS: 0.9% SODIUM CHLORIDE INJECTION SOLUTION, USP, 1,000 ML BAG",903035,E8000,0,0,0,1,,,0,20.77,20.77,NF,ci15537021158,BRATHWAITE KEISHA,BRATHWAITE KEISHA,"LAB SUPPLIES 
 
B BRAUN MEDICAL INC.",NF,"ANNENBERG, 26, 214","CARDIOVASCULAR RESEARCH INSTITUTE, 32074",ICAHN SCHOOL OF MEDICINE,NONCAT,OPEN,EDI,TRUE,TRUE,20.77,ICAHN SCHOOL OF MEDICINE,ICAHN SCHOOL OF MEDICINE,201-953-41-32074-903035-IF320741064-111-4104-000-00000-00000----,False,MSHS-BRAUN-PP-IV,Yes,Yes,20.77,NF,B BRAUN MEDICAL INC.,B BRAUN MEDICAL INC.,NF,1,No, ,NO,903035, LAB SUPPLIES,3/6/2025 12:00:00 AM,OPEN,2-1-1,20.77,OPEN,CASE,3/6/2025 12:00:00 AM,ci15537021158,3/6/2025 12:00:00 AM,S33321,ISHIKAWA KIYOTAKE,,,ICAHN - RECVG MAIN,0,NF,NF,NF,MEDLINE INDUSTRIES INC,12422
MEDLINE INDUSTRIES INC,2024,"NURSING ACUTE DIALYSIS-BKL, 11101",MOUNT SINAI BROOKLYN,B. BRAUN,PHARMACEUTICAL PRODUCTS INCL. CONTRACEPTIVES AND VACCINES,True,True,PROCESSED,903037,"903037, MED/SURG DISPOSABLE",MOUNT SINAI BROOKLYN,Yes,E8000,B. BRAUN,7/18/2024 12:00:00 AM,1314081-53400,GOODS,SOL SOD CHL 0.9 PERC 1000ML INJ BAG - SUB 1 FOR L8000E8000BMGE8000,ORAPOS,SODIUM CHLORIDE ELECTROLYTES,BMGE8000,NURSING ACUTE DIALYSIS-BKL,11101,MED/SURG DISPOSABLE,MSHS-BRAUN-PP-IV,MSHS-BRAUN-PP-IV,SOL SOD CHL 0.9 PERC 1000ML INJ BAG - SUB 1 FOR L8000,903037,E8000,2,2,2,2,12,24,24,39.56,39.56,402-407-11-11101-00000000000-0-0,NF,BUYER   CONVERSION,"BUYER, CONVERSION","SODIUM CHLORIDE ELECTROLYTES 
 
B. BRAUN",SYSTEM CREATED,KH 1417 4709,"NURSING ACUTE DIALYSIS-BKL, 11101",MOUNT SINAI BROOKLYN,ACTIVE,CLOSED,EDI,TRUE,TRUE,39.56,CHP,MOUNT SINAI BROOKLYN,4709-900110-07-1417-0000000000-0000-000-000,False,MSHS-BRAUN-PP-IV,Yes,Yes,39.56,8323969,B. BRAUN,B. BRAUN,NF,12,No, ,NO,903037, MED/SURG DISPOSABLE,7/18/2024 12:00:00 AM,CLOSED,1174-3-1,19.78,APPROVED,CASE,7/18/2024 12:00:00 AM,NF,7/18/2024 12:00:00 AM,3373340,"URBINA, HILZA ROSEL",,,KH KINGS HIGHWAY,39.56,ELECTROLYTES,51191602,AGENTS AFFECTING WATER AND ELECTROLYTES,MEDLINE INDUSTRIES INC,12422
MEDLINE INDUSTRIES INC,2024,"CARDIAC CATHERIZATION, 12605",MOUNT SINAI MORNINGSIDE,B. BRAUN MEDICAL,PHARMACEUTICAL PRODUCTS INCL. CONTRACEPTIVES AND VACCINES,True,True,PROCESSED,903037,"903037, MED/SURG DISPOSABLE",MOUNT SINAI MORNINGSIDE,Yes,E8000,B. BRAUN MEDICAL,6/27/2024 12:00:00 AM,1314081-52088,GOODS,SOL SOD CHL 0.9 PERC 1000ML INJ BAG - SUB 1 FOR L8000E8000BMGE8000,ORAPOS,SODIUM CHLORIDE ELECTROLYTES,BMGE8000,CARDIAC CATHERIZATION,12605,MED/SURG DISPOSABLE,MSHS-BRAUN-PP-IV,MSHS-BRAUN-PP-IV,SOL SOD CHL 0.9 PERC 1000ML INJ BAG - SUB 1 FOR L8000,903037,E8000,2,2,2,2,12,24,24,39.56,39.56,302-302-11-12605-00000000000-0-0,NF,BUYER   CONVERSION,"BUYER, CONVERSION","SODIUM CHLORIDE ELECTROLYTES 
 
B. BRAUN MEDICAL",SYSTEM CREATED,SLCCLSR03A,"CARDIAC CATHERIZATION, 12605",MOUNT SINAI MORNINGSIDE,ACTIVE,CLOSED,EDI,TRUE,TRUE,39.56,CHP,MOUNT SINAI MORNINGSIDE,1109-900110-02-4058-0000000000-0000-000-000,False,MSHS-BRAUN-PP-IV,Yes,Yes,39.56,8323969,B. BRAUN MEDICAL,B. BRAUN MEDICAL,CA12,12,No, ,NO,903037, MED/SURG DISPOSABLE,6/27/2024 12:00:00 AM,CLOSED,1174-2-1,19.78,APPROVED,CASE,6/27/2024 12:00:00 AM,NF,6/27/2024 12:00:00 AM,3366410,"TORRES, ERIKA E",,,SL ST LUKES,39.56,ELECTROLYTES,51191602,AGENTS AFFECTING WATER AND ELECTROLYTES,MEDLINE INDUSTRIES INC,12422
MEDLINE INDUSTRIES INC,2024,"UROLOGY DEPARTMENT, 13570",ICAHN SCHOOL OF MEDICINE,B BRAUN MEDICAL INC,PHARMACEUTICAL PRODUCTS INCL. CONTRACEPTIVES AND VACCINES,True,True,CLOSED,903037,"903037, MED/SURG DISPOSABLE",ICAHN SCHOOL OF MEDICINE,Yes,E8000,B BRAUN MEDICAL INC,9/30/2024 12:00:00 AM,S2153042,PURCHASE ORDER,SOL SOD CHL 0.9 PERC 1000ML INJ BAG - SUB 1 FOR L8000E8000BMGE8000,PMMPOS,SODIUM CHLORIDE ELECTROLYTES,BMGE8000,UROLOGY DEPARTMENT,13570,MED/SURG DISPOSABLE,MSHS-BRAUN-PP-IV,MSHS-BRAUN-PP-IV,SOL SOD CHL 0.9 PERC 1000ML INJ BAG - SUB 1 FOR L8000,903037,E8000,12,6,12,6,12,72,144,118.68,118.68,,NF,MSSM MAIN PURCHASING,MSSM MAIN PURCHASING,"SODIUM CHLORIDE ELECTROLYTES 
 
B BRAUN MEDICAL INC",SYSTEM CREATED,13570 UROLOGY 5E 98TH ST 6FL,"UROLOGY DEPARTMENT, 13570",ICAHN SCHOOL OF MEDICINE,NONCAT,CLOSED,EDI,TRUE,TRUE,118.68,S,ICAHN SCHOOL OF MEDICINE,201-101-21-13570-903037-IC135701062-201-2104-000-00000-00000----,False,MSHS-BRAUN-PP-IV,Yes,Yes,118.68,457240,B BRAUN MEDICAL INC,B BRAUN MEDICAL INC,12/CS 1/EA,12,No, ,NO,903037, MED/SURG DISPOSABLE,9/30/2024 12:00:00 AM,CLOSED,7,19.78,CLOSED,CASE,9/30/2024 12:00:00 AM,NF,9/30/2024 12:00:00 AM,2978076,"SMITH, NATALIA",,,ICAHN - RECVG MAIN,237.36,ELECTROLYTES,51191602,AGENTS AFFECTING WATER AND ELECTROLYTES,MEDLINE INDUSTRIES INC,MEDLNE
MEDLINE INDUSTRIES INC,2023,"STERILE PROCESSING, 60170",MOUNT SINAI BETH ISRAEL,B BRAUN,DRUGS AND PHARMACEUTICAL PRODUCTS,True,True,PROCESSED,903037,"903037, MED/SURG DISPOSABLE",MOUNT SINAI BETH ISRAEL,Yes,E8000,B BRAUN,9/12/2023 12:00:00 AM,1406647,GOODS,SOL SOD CHL 0.9 PERC 1000ML INJ BAG - SUB 1 FOR L8000E8000BMGE8000,ORAPOS,SODIUM CHLORIDE ELECTROLYTES,BMGE8000,STERILE PROCESSING,60170,MED/SURG DISPOSABLE,MSHS-BRAUN-PP-IV,MSHS-BRAUN-PP-IV,SOL SOD CHL 0.9 PERC 1000ML INJ BAG - SUB 1 FOR L8000,903037,E8000,1,1,1,1,12,12,12,19.78,19.78,401-954-11-60170-00000000000-0-0,NF,CAPATULA   ALICIA,"CAPATULA, ALICIA","SODIUM CHLORIDE ELECTROLYTES 
 
B BRAUN",BUYER CREATED,CP 9175 4409,"STERILE PROCESSING, 60170",MOUNT SINAI BETH ISRAEL,ACTIVE,CLOSED,EDI,TRUE,TRUE,19.78,CHP,MOUNT SINAI BETH ISRAEL,4409-900110-00-9175-0000000000-0000-000-000,False,MSHS-BRAUN-PP-IV,Yes,Yes,19.78,8323969,B BRAUN,B BRAUN,CA12,12,No, ,NO,903037, MED/SURG DISPOSABLE,9/12/2023 12:00:00 AM,CLOSED,1-1-1,19.78,APPROVED,CASE,9/12/2023 12:00:00 AM,NF,9/8/2023 12:00:00 AM,3257908,"TAHIRU, SALIM",,,MT SINAI BETH ISRAEL,19.78,ELECTROLYTES,51191602,AGENTS AFFECTING WATER AND ELECTROLYTES,MEDLINE INDUSTRIES INC,12422
MEDLINE INDUSTRIES INC,2024,"MATERIALS MANAGEMENT RECEIVING, 60403",MOUNT SINAI BROOKLYN,B. BRAUN MEDICAL,PHARMACEUTICAL PRODUCTS INCL. CONTRACEPTIVES AND VACCINES,True,True,PROCESSED,903037,"903037, MED/SURG DISPOSABLE",MOUNT SINAI BROOKLYN,Yes,E8000,B. BRAUN MEDICAL,6/24/2024 12:00:00 AM,1314081-51776,GOODS,SOL SOD CHL 0.9 PERC 1000ML INJ BAG - SUB 1 FOR L8000E8000BMGE8000,ORAPOS,SODIUM CHLORIDE ELECTROLYTES,BMGE8000,MATERIALS MANAGEMENT RECEIVING,60403,MED/SURG DISPOSABLE,MSHS-BRAUN-PP-IV,MSHS-BRAUN-PP-IV,SOL SOD CHL 0.9 PERC 1000ML INJ BAG - SUB 1 FOR L8000,903037,E8000,8,8,8,8,12,96,96,158.24,158.24,402-954-11-60403-00000000000-0-0,NF,BUYER   CONVERSION,"BUYER, CONVERSION","SODIUM CHLORIDE ELECTROLYTES 
 
B. BRAUN MEDICAL",SYSTEM CREATED,CP 8840 4709,"MATERIALS MANAGEMENT RECEIVING, 60403",MOUNT SINAI BROOKLYN,ACTIVE,CLOSED,EDI,TRUE,TRUE,158.24,CHP,MOUNT SINAI BROOKLYN,4709-900110-00-8840-0000000000-0000-000-000,False,MSHS-BRAUN-PP-IV,Yes,Yes,158.24,8323969,B. BRAUN MEDICAL,B. BRAUN MEDICAL,CA12,12,No, ,NO,903037, MED/SURG DISPOSABLE,6/24/2024 12:00:00 AM,CLOSED,1174-1-1,19.78,APPROVED,CASE,6/24/2024 12:00:00 AM,NF,6/24/2024 12:00:00 AM,3364494,"ZAMOR, KEVIN",,,KH KINGS HIGHWAY,158.24,ELECTROLYTES,51191602,AGENTS AFFECTING WATER AND ELECTROLYTES,MEDLINE INDUSTRIES INC,12422
MEDLINE INDUSTRIES INC,2024,"CARDIAC CATHERIZATION, 12605",MOUNT SINAI MORNINGSIDE,B. BRAUN MEDICAL,PHARMACEUTICAL PRODUCTS INCL. CONTRACEPTIVES AND VACCINES,True,True,PROCESSED,903037,"903037, MED/SURG DISPOSABLE",MOUNT SINAI MORNINGSIDE,Yes,E8000,B. BRAUN MEDICAL,4/23/2024 12:00:00 AM,1314081-47797,GOODS,SOL SOD CHL 0.9 PERC 1000ML INJ BAG - SUB 1 FOR L8000E8000BMGE8000,ORAPOS,SODIUM CHLORIDE ELECTROLYTES,BMGE8000,CARDIAC CATHERIZATION,12605,MED/SURG DISPOSABLE,MSHS-BRAUN-PP-IV,MSHS-BRAUN-PP-IV,SOL SOD CHL 0.9 PERC 1000ML INJ BAG - SUB 1 FOR L8000,903037,E8000,3,3,3,3,12,36,36,59.34,59.34,302-302-11-12605-00000000000-0-0,NF,BUYER   CONVERSION,"BUYER, CONVERSION","SODIUM CHLORIDE ELECTROLYTES 
 
B. BRAUN MEDICAL",SYSTEM CREATED,SLCCLSR03A,"CARDIAC CATHERIZATION, 12605",MOUNT SINAI MORNINGSIDE,ACTIVE,CLOSED,EDI,TRUE,TRUE,59.34,CHP,MOUNT SINAI MORNINGSIDE,1109-900110-02-4058-0000000000-0000-000-000,False,MSHS-BRAUN-PP-IV,Yes,Yes,59.34,8323969,B. BRAUN MEDICAL,B. BRAUN MEDICAL,CA12,12,No, ,NO,903037, MED/SURG DISPOSABLE,4/23/2024 12:00:00 AM,CLOSED,1174-2-1,19.78,APPROVED,CASE,4/23/2024 12:00:00 AM,NF,4/23/2024 12:00:00 AM,3342700,"TORRES, ERIKA E",,,SL ST LUKES,59.34,ELECTROLYTES,51191602,AGENTS AFFECTING WATER AND ELECTROLYTES,MEDLINE INDUSTRIES INC,12422
MEDLINE INDUSTRIES INC,2024,"PHARMACY, 21300",MOUNT SINAI WEST,B. BRAUN,PHARMACEUTICAL PRODUCTS INCL. CONTRACEPTIVES AND VACCINES,True,True,PROCESSED,903037,"903037, MED/SURG DISPOSABLE",MOUNT SINAI WEST,Yes,E8000,B. BRAUN,8/15/2024 12:00:00 AM,1314081-55166,GOODS,SOL SOD CHL 0.9 PERC 1000ML INJ BAG - SUB 1 FOR L8000E8000BMGE8000,ORAPOS,SODIUM CHLORIDE ELECTROLYTES,BMGE8000,PHARMACY,21300,MED/SURG DISPOSABLE,MSHS-BRAUN-PP-IV,MSHS-BRAUN-PP-IV,SOL SOD CHL 0.9 PERC 1000ML INJ BAG - SUB 1 FOR L8000,903037,E8000,3,3,3,3,12,36,36,59.34,59.34,301-301-11-21300-00000000000-0-0,NF,BUYER   CONVERSION,"BUYER, CONVERSION","SODIUM CHLORIDE ELECTROLYTES 
 
B. BRAUN",SYSTEM CREATED,RH 9400 1109,"PHARMACY, 21300",MOUNT SINAI WEST,ACTIVE,CLOSED,EDI,TRUE,TRUE,59.34,CHP,MOUNT SINAI WEST,1109-900110-01-9400-0000000000-0000-000-000,False,MSHS-BRAUN-PP-IV,Yes,Yes,59.34,8323969,B. BRAUN,B. BRAUN,CA12,12,No, ,NO,903037, MED/SURG DISPOSABLE,8/15/2024 12:00:00 AM,CLOSED,1174-1-1,19.78,APPROVED,CASE,8/15/2024 12:00:00 AM,NF,8/15/2024 12:00:00 AM,3383370,"ZUASOLA, JOVILYN B",,,RH ROOSEVELT,59.34,ELECTROLYTES,51191602,AGENTS AFFECTING WATER AND ELECTROLYTES,MEDLINE INDUSTRIES INC,12422
MEDLINE INDUSTRIES INC,2023,"PHARMACY, 21300",MOUNT SINAI WEST VILLAGE,B BRAUN,DRUGS AND PHARMACEUTICAL PRODUCTS,True,True,PROCESSED,903037,"903037, MED/SURG DISPOSABLE",MOUNT SINAI WEST VILLAGE,Yes,E8000,B BRAUN,10/17/2023 12:00:00 AM,1314081-35292,GOODS,SOL SOD CHL 0.9 PERC 1000ML INJ BAG - SUB 1 FOR L8000E8000BMGE8000,ORAPOS,SODIUM CHLORIDE ELECTROLYTES,BMGE8000,PHARMACY,21300,MED/SURG DISPOSABLE,MSHS-BRAUN-PP-IV,MSHS-BRAUN-PP-IV,SOL SOD CHL 0.9 PERC 1000ML INJ BAG - SUB 1 FOR L8000,903037,E8000,2,2,2,2,12,24,24,39.56,39.56,408-958-11-21300-00000000000-0-0,NF,BUYER   CONVERSION,"BUYER, CONVERSION","SODIUM CHLORIDE ELECTROLYTES 
 
B BRAUN",SYSTEM CREATED,WV 9400 5009,"PHARMACY, 21300",MOUNT SINAI WEST VILLAGE,ACTIVE,CLOSED,EDI,TRUE,TRUE,39.56,CHP,MOUNT SINAI WEST VILLAGE,5009-900110-80-9400-0000000000-0000-000-000,False,MSHS-BRAUN-PP-IV,Yes,Yes,39.56,8323969,B BRAUN,B BRAUN,CA12,12,No, ,NO,903037, MED/SURG DISPOSABLE,10/17/2023 12:00:00 AM,CLOSED,1174-1-1,19.78,APPROVED,CASE,10/17/2023 12:00:00 AM,NF,10/17/2023 12:00:00 AM,3273455,"WARE, PAUL A",,,WV WEST VILLAGE,39.56,ELECTROLYTES,51191602,AGENTS AFFECTING WATER AND ELECTROLYTES,MEDLINE INDUSTRIES INC,12422
MEDLINE INDUSTRIES INC,2024,"AMBULATORY SURGERY, 12152",MOUNT SINAI WEST VILLAGE,B. BRAUN MEDICAL,PHARMACEUTICAL PRODUCTS INCL. CONTRACEPTIVES AND VACCINES,True,True,PROCESSED,903037,"903037, MED/SURG DISPOSABLE",MOUNT SINAI WEST VILLAGE,Yes,E8000,B. BRAUN MEDICAL,6/12/2024 12:00:00 AM,1314081-51141,GOODS,SOL SOD CHL 0.9 PERC 1000ML INJ BAG - SUB 1 FOR L8000E8000BMGE8000,ORAPOS,SODIUM CHLORIDE ELECTROLYTES,BMGE8000,AMBULATORY SURGERY,12152,MED/SURG DISPOSABLE,MSHS-BRAUN-PP-IV,MSHS-BRAUN-PP-IV,SOL SOD CHL 0.9 PERC 1000ML INJ BAG - SUB 1 FOR L8000,903037,E8000,1,1,1,1,12,12,12,19.78,19.78,408-958-11-12152-00000000000-0-0,NF,BUYER   CONVERSION,"BUYER, CONVERSION","SODIUM CHLORIDE ELECTROLYTES 
 
B. BRAUN MEDICAL",SYSTEM CREATED,WV 2633 5009,"AMBULATORY SURGERY, 12152",MOUNT SINAI WEST VILLAGE,ACTIVE,CLOSED,EDI,TRUE,TRUE,19.78,CHP,MOUNT SINAI WEST VILLAGE,5009-900110-80-2633-0000000000-0000-000-000,False,MSHS-BRAUN-PP-IV,Yes,Yes,19.78,8323969,B. BRAUN MEDICAL,B. BRAUN MEDICAL,CA12,12,No, ,NO,903037, MED/SURG DISPOSABLE,6/12/2024 12:00:00 AM,CLOSED,1174-1-1,19.78,APPROVED,CASE,6/12/2024 12:00:00 AM,NF,6/12/2024 12:00:00 AM,3361332,"WARE, PAUL A",,,WV WEST VILLAGE,19.78,ELECTROLYTES,51191602,AGENTS AFFECTING WATER AND ELECTROLYTES,MEDLINE INDUSTRIES INC,12422
MEDLINE INDUSTRIES INC,2025,"CARDIAC CATH LAB NURSING, 12503",MOUNT SINAI MORNINGSIDE,B. BRAUN,IV SOLUTIONS,True,True,CLOSED,903033,"903033, IV SOLUTIONS",MOUNT SINAI MORNINGSIDE,Yes,E8000,B. BRAUN,3/15/2025 12:00:00 AM,W1003056,GOODS,SOL SOD CHL 0.9 PERC 1000ML INJ BAG - SUB 1 FOR L8000E8000BMGE8000,ORAPOS,IV SOLUTIONS,BMGE8000,CARDIAC CATH LAB NURSING,12503,IV SOLUTIONS,MSHS-BRAUN-PP-IV,,SOL SOD CHL 0.9 PERC 1000ML INJ BAG - SUB 1 FOR L8000,903033,E8000,0,0,0,4,12,48,0,0,0,NF,NF,CALLENDER SHANTE,CALLENDER SHANTE,"IV SOLUTIONS 
 
B. BRAUN",Y,1111 AMSTERDAM AVE S&R BLDNG 3RD FL STL CARD CATH NRS S & R,"CARDIAC CATH LAB NURSING, 12503",MOUNT SINAI MORNINGSIDE,ACTIVE,CLOSED,EDI,TRUE,TRUE,79.12,MOUNT SINAI MORNINGSIDE,MOUNT SINAI MORNINGSIDE,302-302-11-12503-903033-00000000000-000-0000-000-00000-00000----,False,MSHS-BRAUN-PP-IV,Yes,Yes,0,8323969,B. BRAUN,B. BRAUN,NF,12,No, ,NO,903033, IV SOLUTIONS,10/17/2024 12:00:00 AM,CLOSED,4-1-1,19.78,CLOSED,CASE,3/15/2025 12:00:00 AM,NF,10/17/2024 12:00:00 AM,L895,TORRES ERIKA,,,MOUNT SINAI MORNINGSIDE - RECVG MAIN,0,NF,NF,NF,MEDLINE INDUSTRIES INC,12422
MEDLINE INDUSTRIES INC,2024,"OR SUITE CARDIOTHORACIC SURGERY, 12205",MOUNT SINAI HOSPITAL,B. BRAUN,IV SOLUTIONS,True,True,OPEN,903033,"903033, IV SOLUTIONS",MOUNT SINAI HOSPITAL,Yes,E8000,B. BRAUN,10/11/2024 12:00:00 AM,M3000571,GOODS,SOL SOD CHL 0.9 PERC 1000ML INJ BAG - SUB 1 FOR L8000E8000BMGE8000,ORAPOS,IV SOLUTIONS,BMGE8000,OR SUITE CARDIOTHORACIC SURGERY,12205,IV SOLUTIONS,MSHS-BRAUN-PP-IV,,SOL SOD CHL 0.9 PERC 1000ML INJ BAG - SUB 1 FOR L8000,903033,E8000,5,2,5,5,12,24,60,39.56,39.56,NF,NF,VEGA WILLIAM,VEGA WILLIAM,"IV SOLUTIONS 
 
B. BRAUN",Y,12205 OR CARDIAC GP3 RM 382,"OR SUITE CARDIOTHORACIC SURGERY, 12205",MOUNT SINAI HOSPITAL,ACTIVE,CLOSED,EDI,TRUE,TRUE,98.9,MOUNT SINAI HOSPITAL,MOUNT SINAI HOSPITAL,101-101-11-12205-903033-00000000000-000-0000-000-00000-00000----,False,MSHS-BRAUN-PP-IV,Yes,Yes,39.56,8323969,B. BRAUN,B. BRAUN,NF,12,No, ,NO,903033, IV SOLUTIONS,10/11/2024 12:00:00 AM,CLOSED FOR RECEIVING,1-1-1,19.78,OPEN,CASE,10/11/2024 12:00:00 AM,NF,10/11/2024 12:00:00 AM,M1493,ASHLEY SHANNON,,,MOUNT SINAI HOSPITAL - RECVG MAIN,98.9,NF,NF,NF,MEDLINE INDUSTRIES INC,12422
MEDLINE INDUSTRIES INC,2023,"CARDIAC CATHERIZATION, 12605",MOUNT SINAI MORNINGSIDE,B BRAUN,DRUGS AND PHARMACEUTICAL PRODUCTS,True,True,PROCESSED,903037,"903037, MED/SURG DISPOSABLE",MOUNT SINAI MORNINGSIDE,Yes,E8000,B BRAUN,8/16/2023 12:00:00 AM,1314081-31061,GOODS,SOL SOD CHL 0.9 PERC 1000ML INJ BAG - SUB 1 FOR L8000E8000BMGE8000,ORAPOS,SODIUM CHLORIDE ELECTROLYTES,BMGE8000,CARDIAC CATHERIZATION,12605,MED/SURG DISPOSABLE,MSHS-BRAUN-PP-IV,MSHS-BRAUN-PP-IV,SOL SOD CHL 0.9 PERC 1000ML INJ BAG - SUB 1 FOR L8000,903037,E8000,1,1,1,1,12,12,12,19.78,19.78,302-302-11-12605-00000000000-0-0,NF,BUYER   CONVERSION,"BUYER, CONVERSION","SODIUM CHLORIDE ELECTROLYTES 
 
B BRAUN",SYSTEM CREATED,SLCCLSR03A,"CARDIAC CATHERIZATION, 12605",MOUNT SINAI MORNINGSIDE,ACTIVE,CLOSED,EDI,TRUE,TRUE,19.78,CHP,MOUNT SINAI MORNINGSIDE,1109-900110-02-4058-0000000000-0000-000-000,False,MSHS-BRAUN-PP-IV,Yes,Yes,19.78,8323969,B BRAUN,B BRAUN,CA12,12,No, ,NO,903037, MED/SURG DISPOSABLE,8/16/2023 12:00:00 AM,CLOSED,1174-2-1,19.78,APPROVED,CASE,8/16/2023 12:00:00 AM,NF,8/16/2023 12:00:00 AM,3249476,"TORRES, ERIKA E",,,SL ST LUKES,19.78,ELECTROLYTES,51191602,AGENTS AFFECTING WATER AND ELECTROLYTES,MEDLINE INDUSTRIES INC,12422
MEDLINE INDUSTRIES INC,2024,"NURSING ACUTE DIALYSIS-BKL, 11101",MOUNT SINAI BROOKLYN,B. BRAUN MEDICAL,PHARMACEUTICAL PRODUCTS INCL. CONTRACEPTIVES AND VACCINES,True,True,PROCESSED,903037,"903037, MED/SURG DISPOSABLE",MOUNT SINAI BROOKLYN,Yes,E8000,B. BRAUN MEDICAL,6/14/2024 12:00:00 AM,1314081-51307,GOODS,SOL SOD CHL 0.9 PERC 1000ML INJ BAG - SUB 1 FOR L8000E8000BMGE8000,ORAPOS,SODIUM CHLORIDE ELECTROLYTES,BMGE8000,NURSING ACUTE DIALYSIS-BKL,11101,MED/SURG DISPOSABLE,MSHS-BRAUN-PP-IV,MSHS-BRAUN-PP-IV,SOL SOD CHL 0.9 PERC 1000ML INJ BAG - SUB 1 FOR L8000,903037,E8000,3,3,3,3,12,36,36,59.34,59.34,402-407-11-11101-00000000000-0-0,NF,BUYER   CONVERSION,"BUYER, CONVERSION","SODIUM CHLORIDE ELECTROLYTES 
 
B. BRAUN MEDICAL",SYSTEM CREATED,KH 1417 4709,"NURSING ACUTE DIALYSIS-BKL, 11101",MOUNT SINAI BROOKLYN,ACTIVE,CLOSED,EDI,TRUE,TRUE,59.34,CHP,MOUNT SINAI BROOKLYN,4709-900110-07-1417-0000000000-0000-000-000,False,MSHS-BRAUN-PP-IV,Yes,Yes,59.34,8323969,B. BRAUN MEDICAL,B. BRAUN MEDICAL,CA12,12,No, ,NO,903037, MED/SURG DISPOSABLE,6/14/2024 12:00:00 AM,CLOSED,1174-7-1,19.78,APPROVED,CASE,6/14/2024 12:00:00 AM,NF,6/14/2024 12:00:00 AM,3362224,"URBINA, HILZA ROSEL",,,KH KINGS HIGHWAY,59.34,ELECTROLYTES,51191602,AGENTS AFFECTING WATER AND ELECTROLYTES,MEDLINE INDUSTRIES INC,12422
MEDLINE INDUSTRIES INC,2023,"CARDIAC CATHERIZATION, 12605",MOUNT SINAI MORNINGSIDE,B BRAUN,DRUGS AND PHARMACEUTICAL PRODUCTS,True,True,PROCESSED,903037,"903037, MED/SURG DISPOSABLE",MOUNT SINAI MORNINGSIDE,Yes,E8000,B BRAUN,9/7/2023 12:00:00 AM,1314081-32509,GOODS,SOL SOD CHL 0.9 PERC 1000ML INJ BAG - SUB 1 FOR L8000E8000BMGE8000,ORAPOS,SODIUM CHLORIDE ELECTROLYTES,BMGE8000,CARDIAC CATHERIZATION,12605,MED/SURG DISPOSABLE,MSHS-BRAUN-PP-IV,MSHS-BRAUN-PP-IV,SOL SOD CHL 0.9 PERC 1000ML INJ BAG - SUB 1 FOR L8000,903037,E8000,2,2,2,2,12,24,24,39.56,39.56,302-302-11-12605-00000000000-0-0,NF,BUYER   CONVERSION,"BUYER, CONVERSION","SODIUM CHLORIDE ELECTROLYTES 
 
B BRAUN",SYSTEM CREATED,SLCCLSR03A,"CARDIAC CATHERIZATION, 12605",MOUNT SINAI MORNINGSIDE,ACTIVE,CLOSED,EDI,TRUE,TRUE,39.56,CHP,MOUNT SINAI MORNINGSIDE,1109-900110-02-4058-0000000000-0000-000-000,False,MSHS-BRAUN-PP-IV,Yes,Yes,39.56,8323969,B BRAUN,B BRAUN,CA12,12,No, ,NO,903037, MED/SURG DISPOSABLE,9/7/2023 12:00:00 AM,CLOSED,1174-2-1,19.78,APPROVED,CASE,9/7/2023 12:00:00 AM,NF,9/7/2023 12:00:00 AM,3257677,"TORRES, ERIKA E",,,SL ST LUKES,39.56,ELECTROLYTES,51191602,AGENTS AFFECTING WATER AND ELECTROLYTES,MEDLINE INDUSTRIES INC,12422
MEDLINE INDUSTRIES INC,2023,"CARDIAC CATHERIZATION, 12605",MOUNT SINAI MORNINGSIDE,B BRAUN,DRUGS AND PHARMACEUTICAL PRODUCTS,True,True,PROCESSED,903037,"903037, MED/SURG DISPOSABLE",MOUNT SINAI MORNINGSIDE,Yes,E8000,B BRAUN,11/10/2023 12:00:00 AM,1314081-36916,GOODS,SOL SOD CHL 0.9 PERC 1000ML INJ BAG - SUB 1 FOR L8000E8000BMGE8000,ORAPOS,SODIUM CHLORIDE ELECTROLYTES,BMGE8000,CARDIAC CATHERIZATION,12605,MED/SURG DISPOSABLE,MSHS-BRAUN-PP-IV,MSHS-BRAUN-PP-IV,SOL SOD CHL 0.9 PERC 1000ML INJ BAG - SUB 1 FOR L8000,903037,E8000,2,2,2,2,12,24,24,39.56,39.56,302-302-11-12605-00000000000-0-0,NF,BUYER   CONVERSION,"BUYER, CONVERSION","SODIUM CHLORIDE ELECTROLYTES 
 
B BRAUN",SYSTEM CREATED,SLCCLSR03A,"CARDIAC CATHERIZATION, 12605",MOUNT SINAI MORNINGSIDE,ACTIVE,CLOSED,EDI,TRUE,TRUE,39.56,CHP,MOUNT SINAI MORNINGSIDE,1109-900110-02-4058-0000000000-0000-000-000,False,MSHS-BRAUN-PP-IV,Yes,Yes,39.56,8323969,B BRAUN,B BRAUN,CA12,12,No, ,NO,903037, MED/SURG DISPOSABLE,11/10/2023 12:00:00 AM,CLOSED,1174-2-1,19.78,APPROVED,CASE,11/10/2023 12:00:00 AM,NF,11/10/2023 12:00:00 AM,3283159,"TORRES, ERIKA E",,,SL ST LUKES,39.56,ELECTROLYTES,51191602,AGENTS AFFECTING WATER AND ELECTROLYTES,MEDLINE INDUSTRIES INC,12422
MEDLINE INDUSTRIES INC,2023,"CARDIAC CATHERIZATION, 12605",MOUNT SINAI MORNINGSIDE,B BRAUN,DRUGS AND PHARMACEUTICAL PRODUCTS,True,True,PROCESSED,903037,"903037, MED/SURG DISPOSABLE",MOUNT SINAI MORNINGSIDE,Yes,E8000,B BRAUN,11/7/2023 12:00:00 AM,1314081-36662,GOODS,SOL SOD CHL 0.9 PERC 1000ML INJ BAG - SUB 1 FOR L8000E8000BMGE8000,ORAPOS,SODIUM CHLORIDE ELECTROLYTES,BMGE8000,CARDIAC CATHERIZATION,12605,MED/SURG DISPOSABLE,MSHS-BRAUN-PP-IV,MSHS-BRAUN-PP-IV,SOL SOD CHL 0.9 PERC 1000ML INJ BAG - SUB 1 FOR L8000,903037,E8000,2,2,2,2,12,24,24,39.56,39.56,302-302-11-12605-00000000000-0-0,NF,BUYER   CONVERSION,"BUYER, CONVERSION","SODIUM CHLORIDE ELECTROLYTES 
 
B BRAUN",SYSTEM CREATED,SLCCLSR03A,"CARDIAC CATHERIZATION, 12605",MOUNT SINAI MORNINGSIDE,ACTIVE,CLOSED,EDI,TRUE,TRUE,39.56,CHP,MOUNT SINAI MORNINGSIDE,1109-900110-02-4058-0000000000-0000-000-000,False,MSHS-BRAUN-PP-IV,Yes,Yes,39.56,8323969,B BRAUN,B BRAUN,CA12,12,No, ,NO,903037, MED/SURG DISPOSABLE,11/7/2023 12:00:00 AM,CLOSED,1174-2-1,19.78,APPROVED,CASE,11/7/2023 12:00:00 AM,NF,11/7/2023 12:00:00 AM,3281687,"TORRES, ERIKA E",,,SL ST LUKES,39.56,ELECTROLYTES,51191602,AGENTS AFFECTING WATER AND ELECTROLYTES,MEDLINE INDUSTRIES INC,12422
MEDLINE INDUSTRIES INC,2024,"ANESTHESIOLOGY, 12270",MOUNT SINAI MORNINGSIDE,B. BRAUN MEDICAL,PHARMACEUTICAL PRODUCTS INCL. CONTRACEPTIVES AND VACCINES,True,True,PROCESSED,903037,"903037, MED/SURG DISPOSABLE",MOUNT SINAI MORNINGSIDE,Yes,E8000,B. BRAUN MEDICAL,7/5/2024 12:00:00 AM,1314081-52502,GOODS,SOL SOD CHL 0.9 PERC 1000ML INJ BAG - SUB 1 FOR L8000E8000BMGE8000,ORAPOS,SODIUM CHLORIDE ELECTROLYTES,BMGE8000,ANESTHESIOLOGY,12270,MED/SURG DISPOSABLE,MSHS-BRAUN-PP-IV,MSHS-BRAUN-PP-IV,SOL SOD CHL 0.9 PERC 1000ML INJ BAG - SUB 1 FOR L8000,903037,E8000,6,6,6,6,12,72,72,118.68,118.68,302-302-11-12270-00000000000-0-0,NF,BUYER   CONVERSION,"BUYER, CONVERSION","SODIUM CHLORIDE ELECTROLYTES 
 
B. BRAUN MEDICAL",SYSTEM CREATED,SLANEBA03A,"ANESTHESIOLOGY, 12270",MOUNT SINAI MORNINGSIDE,ACTIVE,CLOSED,EDI,TRUE,TRUE,118.68,CHP,MOUNT SINAI MORNINGSIDE,1109-900110-02-4280-0000000000-0000-000-000,False,MSHS-BRAUN-PP-IV,Yes,Yes,118.68,8323969,B. BRAUN MEDICAL,B. BRAUN MEDICAL,CA12,12,No, ,NO,903037, MED/SURG DISPOSABLE,7/5/2024 12:00:00 AM,CLOSED,1174-1-1,19.78,APPROVED,CASE,7/5/2024 12:00:00 AM,NF,7/5/2024 12:00:00 AM,3368562,"ALGARIN, ROSA M",,,SL ST LUKES,118.68,ELECTROLYTES,51191602,AGENTS AFFECTING WATER AND ELECTROLYTES,MEDLINE INDUSTRIES INC,12422
MEDLINE INDUSTRIES INC,2024,"OPERATING ROOM SUITE, 12200",MOUNT SINAI WEST,B. BRAUN MEDICAL,PHARMACEUTICAL PRODUCTS INCL. CONTRACEPTIVES AND VACCINES,True,True,PROCESSED,903037,"903037, MED/SURG DISPOSABLE",MOUNT SINAI WEST,Yes,E8000,B. BRAUN MEDICAL,6/11/2024 12:00:00 AM,1314081-51040,GOODS,SOL SOD CHL 0.9 PERC 1000ML INJ BAG - SUB 1 FOR L8000E8000BMGE8000,ORAPOS,SODIUM CHLORIDE ELECTROLYTES,BMGE8000,OPERATING ROOM SUITE,12200,MED/SURG DISPOSABLE,MSHS-BRAUN-PP-IV,MSHS-BRAUN-PP-IV,SOL SOD CHL 0.9 PERC 1000ML INJ BAG - SUB 1 FOR L8000,903037,E8000,8,8,8,8,12,96,96,158.24,158.24,301-301-11-12200-00000000000-0-0,NF,BUYER   CONVERSION,"BUYER, CONVERSION","SODIUM CHLORIDE ELECTROLYTES 
 
B. BRAUN MEDICAL",SYSTEM CREATED,RH 2634 1109,"OPERATING ROOM SUITE, 12200",MOUNT SINAI WEST,ACTIVE,CLOSED,EDI,TRUE,TRUE,158.24,CHP,MOUNT SINAI WEST,1109-900110-01-2634-0000000000-0000-000-000,False,MSHS-BRAUN-PP-IV,Yes,Yes,158.24,8323969,B. BRAUN MEDICAL,B. BRAUN MEDICAL,CA12,12,No, ,NO,903037, MED/SURG DISPOSABLE,6/11/2024 12:00:00 AM,CLOSED,1174-1-1,19.78,APPROVED,CASE,6/11/2024 12:00:00 AM,NF,6/11/2024 12:00:00 AM,3360731,"GETTES, DONTE",,,RH ROOSEVELT,158.24,ELECTROLYTES,51191602,AGENTS AFFECTING WATER AND ELECTROLYTES,MEDLINE INDUSTRIES INC,12422
MEDLINE INDUSTRIES INC,2024,"CARDIAC CATHERIZATION, 12605",MOUNT SINAI MORNINGSIDE,B. BRAUN MEDICAL,PHARMACEUTICAL PRODUCTS INCL. CONTRACEPTIVES AND VACCINES,True,True,PROCESSED,903037,"903037, MED/SURG DISPOSABLE",MOUNT SINAI MORNINGSIDE,Yes,E8000,B. BRAUN MEDICAL,5/7/2024 12:00:00 AM,1448775,GOODS,SOL SOD CHL 0.9 PERC 1000ML INJ BAG - SUB 1 FOR L8000E8000BMGE8000,ORAPOS,SODIUM CHLORIDE ELECTROLYTES,BMGE8000,CARDIAC CATHERIZATION,12605,MED/SURG DISPOSABLE,MSHS-BRAUN-PP-IV,MSHS-BRAUN-PP-IV,SOL SOD CHL 0.9 PERC 1000ML INJ BAG - SUB 1 FOR L8000,903037,E8000,1,1,1,1,12,12,12,19.78,19.78,302-302-11-12605-00000000000-0-0,NF,BANNERMAN   TRACEY,"BANNERMAN, TRACEY","SODIUM CHLORIDE ELECTROLYTES 
 
B. BRAUN MEDICAL",BUYER CREATED,SLCCLSR03A,"CARDIAC CATHERIZATION, 12605",MOUNT SINAI MORNINGSIDE,ACTIVE,CLOSED,EDI,TRUE,TRUE,19.78,CHP,MOUNT SINAI MORNINGSIDE,1109-900110-02-4058-0000000000-0000-000-000,False,MSHS-BRAUN-PP-IV,Yes,Yes,19.78,8323969,B. BRAUN MEDICAL,B. BRAUN MEDICAL,CA12,12,No, ,NO,903037, MED/SURG DISPOSABLE,5/7/2024 12:00:00 AM,CLOSED,2-1-1,19.78,APPROVED,CASE,5/7/2024 12:00:00 AM,NF,5/7/2024 12:00:00 AM,3347760,"TORRES, ERIKA E",,,SL ST LUKES,19.78,ELECTROLYTES,51191602,AGENTS AFFECTING WATER AND ELECTROLYTES,MEDLINE INDUSTRIES INC,12422
MEDLINE INDUSTRIES INC,2024,"PHARMACY, 21300",MOUNT SINAI WEST,B. BRAUN,PHARMACEUTICAL PRODUCTS INCL. CONTRACEPTIVES AND VACCINES,True,True,PROCESSED,903037,"903037, MED/SURG DISPOSABLE",MOUNT SINAI WEST,Yes,E8000,B. BRAUN,8/29/2024 12:00:00 AM,1468481,GOODS,SOL SOD CHL 0.9 PERC 1000ML INJ BAG - SUB 1 FOR L8000E8000BMGE8000,ORAPOS,SODIUM CHLORIDE ELECTROLYTES,BMGE8000,PHARMACY,21300,MED/SURG DISPOSABLE,MSHS-BRAUN-PP-IV,MSHS-BRAUN-PP-IV,SOL SOD CHL 0.9 PERC 1000ML INJ BAG - SUB 1 FOR L8000,903037,E8000,3,3,3,3,12,36,36,59.34,59.34,301-301-11-21300-00000000000-0-0,NF,BANNERMAN   TRACEY,"BANNERMAN, TRACEY","SODIUM CHLORIDE ELECTROLYTES 
 
B. BRAUN",BUYER CREATED,RH 9400 1109,"PHARMACY, 21300",MOUNT SINAI WEST,ACTIVE,CLOSED,EDI,TRUE,TRUE,59.34,CHP,MOUNT SINAI WEST,1109-900110-01-9400-0000000000-0000-000-000,False,MSHS-BRAUN-PP-IV,Yes,Yes,59.34,8323969,B. BRAUN,B. BRAUN,NF,12,No, ,NO,903037, MED/SURG DISPOSABLE,8/29/2024 12:00:00 AM,CLOSED,1-1-1,19.78,APPROVED,CASE,8/29/2024 12:00:00 AM,NF,8/29/2024 12:00:00 AM,3386774,"KELLY, DAVID FRANKLIN",,,RH ROOSEVELT,59.34,ELECTROLYTES,51191602,AGENTS AFFECTING WATER AND ELECTROLYTES,MEDLINE INDUSTRIES INC,12422
MEDLINE INDUSTRIES INC,2024,"CARDIAC CATHERIZATION, 12605",MOUNT SINAI MORNINGSIDE,B. BRAUN,PHARMACEUTICAL PRODUCTS INCL. CONTRACEPTIVES AND VACCINES,True,True,CLOSED,903037,"903037, MED/SURG DISPOSABLE",MOUNT SINAI MORNINGSIDE,Yes,E8000,B. BRAUN,10/1/2024 12:00:00 AM,1314081-58120,GOODS,SOL SOD CHL 0.9 PERC 1000ML INJ BAG - SUB 1 FOR L8000E8000BMGE8000,ORAPOS,SODIUM CHLORIDE ELECTROLYTES,BMGE8000,CARDIAC CATHERIZATION,12605,MED/SURG DISPOSABLE,MSHS-BRAUN-PP-IV,MSHS-BRAUN-PP-IV,SOL SOD CHL 0.9 PERC 1000ML INJ BAG - SUB 1 FOR L8000,903037,E8000,6,0,6,3,12,72,72,118.68,118.68,,NF,BUYER   CONVERSION,"BUYER, CONVERSION","SODIUM CHLORIDE ELECTROLYTES 
 
B. BRAUN",SYSTEM CREATED,115TH AMSTERDAM AVE S&R 3RD FL CRDAC CATH LAB S&R S&R 3RD FL,"CARDIAC CATHERIZATION, 12605",MOUNT SINAI MORNINGSIDE,ACTIVE,CLOSED,EDI,TRUE,TRUE,59.34,CHP,MOUNT SINAI MORNINGSIDE,302-302-11-12605-903037-00000000000-000-0000-000-00000-00000----,False,MSHS-BRAUN-PP-IV,Yes,Yes,0,8323969,B. BRAUN,B. BRAUN,NF,12,No, ,NO,903037, MED/SURG DISPOSABLE,10/1/2024 12:00:00 AM,CLOSED FOR RECEIVING,1-1-1,19.78,CLOSED FOR RECEIVING,CASE,10/1/2024 12:00:00 AM,NF,10/1/2024 12:00:00 AM,3399761,"TORRES, ERIKA E",,,MOUNT SINAI MORNINGSIDE - RECVG MAIN,118.68,ELECTROLYTES,51191602,AGENTS AFFECTING WATER AND ELECTROLYTES,MEDLINE INDUSTRIES INC,12422
MEDLINE INDUSTRIES INC,2025,"117TH STREET DIALYSIS, 13850",OFFSITES,B. BRAUN,IV SOLUTIONS,True,True,CLOSED,903033,"903033, IV SOLUTIONS",OFFSITES,Yes,E8000,B. BRAUN,3/26/2025 12:00:00 AM,M3068497,GOODS,SOL SOD CHL 0.9 PERC 1000ML INJ BAG - SUB 1 FOR L8000E8000BMGL8000,ORAPOS,IV SOLUTIONS,BMGL8000,117TH STREET DIALYSIS,13850,IV SOLUTIONS,MSHS-BRAUN-PP-IV,,SOL SOD CHL 0.9 PERC 1000ML INJ BAG - SUB 1 FOR L8000,903033,E8000,0,0,0,30,12,360,0,0,0,NF,NF,DIAZ VANESSA,DIAZ VANESSA,"IV SOLUTIONS 
 
B. BRAUN",Y,13850 DIALY 520 E 117TH ST 4TH FL,"117TH STREET DIALYSIS, 13850",OFFSITE - MSH,ACTIVE,CLOSED,EDI,TRUE,TRUE,623.1,MT SINAI HOSPITAL - OFFSITE,OFFSITES,101-101-11-13850-903033-00000000000-000-0000-000-00000-00000----,False,MSHS-BRAUN-PP-IV,Yes,Yes,0,8323969,B. BRAUN,B. BRAUN,NF,12,No, ,NO,903033, IV SOLUTIONS,3/10/2025 12:00:00 AM,CLOSED,4-1-1,20.77,CLOSED,CASE,3/26/2025 12:00:00 AM,NF,3/10/2025 12:00:00 AM,FH1070,BENNETT ANTONIO,,,13850 DIALY 520 E 117TH ST 4TH FL,0,NF,NF,NF,MEDLINE INDUSTRIES INC,12422
MEDLINE INDUSTRIES INC,2025,"PHARMACY, 21300",MOUNT SINAI HOSPITAL,B. BRAUN,IV SOLUTIONS,True,True,CLOSED,903033,"903033, IV SOLUTIONS",MOUNT SINAI HOSPITAL,Yes,E8000,B. BRAUN,6/16/2025 12:00:00 AM,M3113503,GOODS,SOL SOD CHL 0.9 PERC 1000ML INJ BAG - SUB 1 FOR L8000E8000BMGE8000,ORAPOS,IV SOLUTIONS,BMGE8000,PHARMACY,21300,IV SOLUTIONS,MSHS-BRAUN-PP-IV,,SOL SOD CHL 0.9 PERC 1000ML INJ BAG - SUB 1 FOR L8000,903033,E8000,15,0,15,15,12,180,180,0,0,NF,NF,BANNERMAN TRACEY,BANNERMAN TRACEY,"IV SOLUTIONS 
 
B. BRAUN",Y,21300 RXSAT MNF ANN B2-06,"PHARMACY, 21300",MOUNT SINAI HOSPITAL,ACTIVE,CLOSED,EDI,TRUE,TRUE,290.7,MOUNT SINAI HOSPITAL,MOUNT SINAI HOSPITAL,101-101-11-21300-903033-00000000000-000-0000-000-00000-00000----,False,MSHS-BRAUN-PP-IV,Yes,Yes,0,8323969,B. BRAUN,B. BRAUN,NF,12,No, ,NO,903033, IV SOLUTIONS,6/16/2025 12:00:00 AM,CLOSED FOR RECEIVING,1-1-1,19.38,CLOSED FOR RECEIVING,CASE,6/16/2025 12:00:00 AM,NF,6/16/2025 12:00:00 AM,M60932,ACEVEDO NELSON,,,MOUNT SINAI HOSPITAL - RECVG MAIN,290.7,NF,NF,NF,MEDLINE INDUSTRIES INC,12422
MEDLINE INDUSTRIES INC,2025,"PHARMACY, 21300",MOUNT SINAI HOSPITAL,B. BRAUN,IV SOLUTIONS,True,True,CLOSED,903033,"903033, IV SOLUTIONS",MOUNT SINAI HOSPITAL,Yes,E8000,B. BRAUN,6/20/2025 12:00:00 AM,M3115156,GOODS,SOL SOD CHL 0.9 PERC 1000ML INJ BAG - SUB 1 FOR L8000E8000BMGE8000,ORAPOS,IV SOLUTIONS,BMGE8000,PHARMACY,21300,IV SOLUTIONS,MSHS-BRAUN-PP-IV,,SOL SOD CHL 0.9 PERC 1000ML INJ BAG - SUB 1 FOR L8000,903033,E8000,15,0,15,15,12,180,180,0,0,NF,NF,BANNERMAN TRACEY,BANNERMAN TRACEY,"IV SOLUTIONS 
 
B. BRAUN",Y,21300 RXSAT MNF ANN B2-06,"PHARMACY, 21300",MOUNT SINAI HOSPITAL,ACTIVE,CLOSED,EDI,TRUE,TRUE,290.7,MOUNT SINAI HOSPITAL,MOUNT SINAI HOSPITAL,101-101-11-21300-903033-00000000000-000-0000-000-00000-00000----,False,MSHS-BRAUN-PP-IV,Yes,Yes,0,8323969,B. BRAUN,B. BRAUN,NF,12,No, ,NO,903033, IV SOLUTIONS,6/20/2025 12:00:00 AM,CLOSED FOR RECEIVING,3-1-1,19.38,CLOSED FOR RECEIVING,CASE,6/20/2025 12:00:00 AM,NF,6/20/2025 12:00:00 AM,M61728,ACEVEDO NELSON,,,MOUNT SINAI HOSPITAL - RECVG MAIN,290.7,NF,NF,NF,MEDLINE INDUSTRIES INC,12422
MEDLINE INDUSTRIES INC,2025,"CARDIOVASCULAR RESEARCH INSTITUTE, 32074",ICAHN SCHOOL OF MEDICINE,B BRAUN MEDICAL INC.,LAB SUPPLIES,True,True,CLOSED,903035,"903035, LAB SUPPLIES",ICAHN SCHOOL OF MEDICINE,Yes,E8000,B BRAUN MEDICAL INC.,8/18/2025 12:00:00 AM,S3015317,GOODS,"INJECTIONS: 0.9% SODIUM CHLORIDE INJECTION SOLUTION, USP, 1,000 ML BAGE8000BMGE8000",ORAPOS,LAB SUPPLIES,BMGE8000,CARDIOVASCULAR RESEARCH INSTITUTE,32074,LAB SUPPLIES,MSHS-BRAUN-PP-IV,,"INJECTIONS: 0.9% SODIUM CHLORIDE INJECTION SOLUTION, USP, 1,000 ML BAG",903035,E8000,1,1,1,1,,,,19.78,19.78,NF,CI14993020225,BRATHWAITE KEISHA,BRATHWAITE KEISHA,"LAB SUPPLIES 
 
B BRAUN MEDICAL INC.",NF,"ANNENBERG, 26, 214","CARDIOVASCULAR RESEARCH INSTITUTE, 32074",ICAHN SCHOOL OF MEDICINE,NONCAT,CLOSED,EDI,TRUE,TRUE,19.78,ICAHN SCHOOL OF MEDICINE,ICAHN SCHOOL OF MEDICINE,201-953-41-32074-903035-IF320741064-111-4104-000-00000-00000----,False,MSHS-BRAUN-PP-IV,Yes,Yes,19.78,NF,B BRAUN MEDICAL INC.,B BRAUN MEDICAL INC.,NF,1,No, ,NO,903035, LAB SUPPLIES,12/16/2024 12:00:00 AM,CLOSED,2-1-1,19.78,CLOSED,CASE,8/18/2025 12:00:00 AM,CI14993020225,12/16/2024 12:00:00 AM,S16293,ISHIKAWA KIYOTAKE,,,ICAHN - RECVG MAIN,19.78,NF,NF,NF,MEDLINE INDUSTRIES INC,12422
MEDLINE INDUSTRIES INC,2024,"PHARMACY, 21300",MOUNT SINAI WEST,B. BRAUN MEDICAL,PHARMACEUTICAL PRODUCTS INCL. CONTRACEPTIVES AND VACCINES,True,True,PROCESSED,903037,"903037, MED/SURG DISPOSABLE",MOUNT SINAI WEST,Yes,E8000,B. BRAUN MEDICAL,7/11/2024 12:00:00 AM,1459839,GOODS,SOL SOD CHL 0.9 PERC 1000ML INJ BAG - SUB 1 FOR L8000E8000BMGE8000,ORAPOS,SODIUM CHLORIDE ELECTROLYTES,BMGE8000,PHARMACY,21300,MED/SURG DISPOSABLE,MSHS-BRAUN-PP-IV,MSHS-BRAUN-PP-IV,SOL SOD CHL 0.9 PERC 1000ML INJ BAG - SUB 1 FOR L8000,903037,E8000,2,2,2,2,12,24,24,39.56,39.56,301-301-11-21300-00000000000-0-0,NF,BANNERMAN   TRACEY,"BANNERMAN, TRACEY","SODIUM CHLORIDE ELECTROLYTES 
 
B. BRAUN MEDICAL",BUYER CREATED,RH 9400 1109,"PHARMACY, 21300",MOUNT SINAI WEST,ACTIVE,CLOSED,EDI,TRUE,TRUE,39.56,CHP,MOUNT SINAI WEST,1109-900110-01-9400-0000000000-0000-000-000,False,MSHS-BRAUN-PP-IV,Yes,Yes,39.56,8323969,B. BRAUN MEDICAL,B. BRAUN MEDICAL,CA12,12,No, ,NO,903037, MED/SURG DISPOSABLE,7/11/2024 12:00:00 AM,CLOSED,1-1-1,19.78,APPROVED,CASE,7/11/2024 12:00:00 AM,NF,7/10/2024 12:00:00 AM,3370126,"KELLY, DAVID FRANKLIN",,,RH ROOSEVELT,39.56,ELECTROLYTES,51191602,AGENTS AFFECTING WATER AND ELECTROLYTES,MEDLINE INDUSTRIES INC,12422
MEDLINE INDUSTRIES INC,2024,"MATERIALS MANAGEMENT RECEIVING, 60403",MOUNT SINAI BROOKLYN,B. BRAUN,PHARMACEUTICAL PRODUCTS INCL. CONTRACEPTIVES AND VACCINES,True,True,PROCESSED,903037,"903037, MED/SURG DISPOSABLE",MOUNT SINAI BROOKLYN,Yes,E8000,B. BRAUN,8/9/2024 12:00:00 AM,1314081-54772,GOODS,SOL SOD CHL 0.9 PERC 1000ML INJ BAG - SUB 1 FOR L8000E8000BMGE8000,ORAPOS,SODIUM CHLORIDE ELECTROLYTES,BMGE8000,MATERIALS MANAGEMENT RECEIVING,60403,MED/SURG DISPOSABLE,MSHS-BRAUN-PP-IV,MSHS-BRAUN-PP-IV,SOL SOD CHL 0.9 PERC 1000ML INJ BAG - SUB 1 FOR L8000,903037,E8000,6,6,6,6,12,72,72,118.68,118.68,402-954-11-60403-00000000000-0-0,NF,BUYER   CONVERSION,"BUYER, CONVERSION","SODIUM CHLORIDE ELECTROLYTES 
 
B. BRAUN",SYSTEM CREATED,CP 8840 4709,"MATERIALS MANAGEMENT RECEIVING, 60403",MOUNT SINAI BROOKLYN,ACTIVE,CLOSED,EDI,TRUE,TRUE,118.68,CHP,MOUNT SINAI BROOKLYN,4709-900110-00-8840-0000000000-0000-000-000,False,MSHS-BRAUN-PP-IV,Yes,Yes,118.68,8323969,B. BRAUN,B. BRAUN,NF,12,No, ,NO,903037, MED/SURG DISPOSABLE,8/9/2024 12:00:00 AM,CLOSED,1174-1-1,19.78,APPROVED,CASE,8/9/2024 12:00:00 AM,NF,8/9/2024 12:00:00 AM,3381240,"ZAMOR, KEVIN",,,KH KINGS HIGHWAY,118.68,ELECTROLYTES,51191602,AGENTS AFFECTING WATER AND ELECTROLYTES,MEDLINE INDUSTRIES INC,12422
MEDLINE INDUSTRIES INC,2023,"UROLOGY DEPARTMENT, 13570",MOUNT SINAI DOWNTOWN UNION SQUARE,B BRAUN,DRUGS AND PHARMACEUTICAL PRODUCTS,True,True,PROCESSED,903037,"903037, MED/SURG DISPOSABLE",MOUNT SINAI DOWNTOWN UNION SQUARE,Yes,E8000,B BRAUN,12/26/2023 12:00:00 AM,1314081-39955,GOODS,SOL SOD CHL 0.9 PERC 1000ML INJ BAG - SUB 1 FOR L8000E8000BMGE8000,ORAPOS,SODIUM CHLORIDE ELECTROLYTES,BMGE8000,UROLOGY DEPARTMENT,13570,MED/SURG DISPOSABLE,MSHS-BRAUN-PP-IV,MSHS-BRAUN-PP-IV,SOL SOD CHL 0.9 PERC 1000ML INJ BAG - SUB 1 FOR L8000,903037,E8000,4,4,4,4,12,48,48,79.12,79.12,414-403-11-13570-00000000000-0-0,NF,BUYER   CONVERSION,"BUYER, CONVERSION","SODIUM CHLORIDE ELECTROLYTES 
 
B BRAUN",SYSTEM CREATED,PAUROPA3A,"UROLOGY DEPARTMENT, 13570",MOUNT SINAI DOWNTOWN UNION SQUARE,ACTIVE,CLOSED,EDI,TRUE,TRUE,79.12,CHP,MOUNT SINAI DOWNTOWN UNION SQUARE,4409-900110-03-5354-0000000000-0000-000-000,False,MSHS-BRAUN-PP-IV,Yes,Yes,79.12,8323969,B BRAUN,B BRAUN,CA12,12,No, ,NO,903037, MED/SURG DISPOSABLE,12/26/2023 12:00:00 AM,CLOSED,1174-1-1,19.78,APPROVED,CASE,12/26/2023 12:00:00 AM,NF,12/26/2023 12:00:00 AM,3299565,"CARBO, JESSE R",,,PA PACC,79.12,ELECTROLYTES,51191602,AGENTS AFFECTING WATER AND ELECTROLYTES,MEDLINE INDUSTRIES INC,12422
MEDLINE INDUSTRIES INC,2024,"CARDIAC CATHERIZATION, 12605",MOUNT SINAI MORNINGSIDE,B. BRAUN,PHARMACEUTICAL PRODUCTS INCL. CONTRACEPTIVES AND VACCINES,True,True,PROCESSED,903037,"903037, MED/SURG DISPOSABLE",MOUNT SINAI MORNINGSIDE,Yes,E8000,B. BRAUN,7/23/2024 12:00:00 AM,1314081-53657,GOODS,SOL SOD CHL 0.9 PERC 1000ML INJ BAG - SUB 1 FOR L8000E8000BMGE8000,ORAPOS,SODIUM CHLORIDE ELECTROLYTES,BMGE8000,CARDIAC CATHERIZATION,12605,MED/SURG DISPOSABLE,MSHS-BRAUN-PP-IV,MSHS-BRAUN-PP-IV,SOL SOD CHL 0.9 PERC 1000ML INJ BAG - SUB 1 FOR L8000,903037,E8000,2,2,2,2,12,24,24,39.56,39.56,302-302-11-12605-00000000000-0-0,NF,BUYER   CONVERSION,"BUYER, CONVERSION","SODIUM CHLORIDE ELECTROLYTES 
 
B. BRAUN",SYSTEM CREATED,SLCCLSR03A,"CARDIAC CATHERIZATION, 12605",MOUNT SINAI MORNINGSIDE,ACTIVE,CLOSED,EDI,TRUE,TRUE,39.56,CHP,MOUNT SINAI MORNINGSIDE,1109-900110-02-4058-0000000000-0000-000-000,False,MSHS-BRAUN-PP-IV,Yes,Yes,39.56,8323969,B. BRAUN,B. BRAUN,CA12,12,No, ,NO,903037, MED/SURG DISPOSABLE,7/23/2024 12:00:00 AM,CLOSED,1174-2-1,19.78,APPROVED,CASE,7/23/2024 12:00:00 AM,NF,7/23/2024 12:00:00 AM,3374785,"TORRES, ERIKA E",,,SL ST LUKES,39.56,ELECTROLYTES,51191602,AGENTS AFFECTING WATER AND ELECTROLYTES,MEDLINE INDUSTRIES INC,12422
MEDLINE INDUSTRIES INC,2024,"ARRHYTHMIA INSTITUTE, 12601",MOUNT SINAI MORNINGSIDE,B. BRAUN,PHARMACEUTICAL PRODUCTS INCL. CONTRACEPTIVES AND VACCINES,True,True,PROCESSED,903037,"903037, MED/SURG DISPOSABLE",MOUNT SINAI MORNINGSIDE,Yes,E8000,B. BRAUN,8/19/2024 12:00:00 AM,1314081-55398,GOODS,SOL SOD CHL 0.9 PERC 1000ML INJ BAG - SUB 1 FOR L8000E8000BMGE8000,ORAPOS,SODIUM CHLORIDE ELECTROLYTES,BMGE8000,ARRHYTHMIA INSTITUTE,12601,MED/SURG DISPOSABLE,MSHS-BRAUN-PP-IV,MSHS-BRAUN-PP-IV,SOL SOD CHL 0.9 PERC 1000ML INJ BAG - SUB 1 FOR L8000,903037,E8000,1,1,1,1,12,12,12,19.78,19.78,302-302-11-12601-00000000000-0-0,NF,BUYER   CONVERSION,"BUYER, CONVERSION","SODIUM CHLORIDE ELECTROLYTES 
 
B. BRAUN",SYSTEM CREATED,SL 4071 1109,"ARRHYTHMIA INSTITUTE, 12601",MOUNT SINAI MORNINGSIDE,ACTIVE,CLOSED,EDI,TRUE,TRUE,19.78,CHP,MOUNT SINAI MORNINGSIDE,1109-900110-02-4071-0000000000-0000-000-000,False,MSHS-BRAUN-PP-IV,Yes,Yes,19.78,8323969,B. BRAUN,B. BRAUN,NF,12,No, ,NO,903037, MED/SURG DISPOSABLE,8/19/2024 12:00:00 AM,CLOSED,1174-2-1,19.78,APPROVED,CASE,8/19/2024 12:00:00 AM,NF,8/19/2024 12:00:00 AM,3384337,"SALDANA, ERIKA PALOMA",,,SL ST LUKES,19.78,ELECTROLYTES,51191602,AGENTS AFFECTING WATER AND ELECTROLYTES,MEDLINE INDUSTRIES INC,12422
MEDLINE INDUSTRIES INC,2024,"CARDIAC CATHERIZATION, 12605",MOUNT SINAI MORNINGSIDE,B. BRAUN,PHARMACEUTICAL PRODUCTS INCL. CONTRACEPTIVES AND VACCINES,True,True,CLOSED,903037,"903037, MED/SURG DISPOSABLE",MOUNT SINAI MORNINGSIDE,Yes,E8000,B. BRAUN,9/26/2024 12:00:00 AM,1314081-57854,GOODS,SOL SOD CHL 0.9 PERC 1000ML INJ BAG - SUB 1 FOR L8000E8000BMGE8000,ORAPOS,SODIUM CHLORIDE ELECTROLYTES,BMGE8000,CARDIAC CATHERIZATION,12605,MED/SURG DISPOSABLE,MSHS-BRAUN-PP-IV,MSHS-BRAUN-PP-IV,SOL SOD CHL 0.9 PERC 1000ML INJ BAG - SUB 1 FOR L8000,903037,E8000,4,0,4,2,12,48,48,79.12,79.12,,NF,BUYER   CONVERSION,"BUYER, CONVERSION","SODIUM CHLORIDE ELECTROLYTES 
 
B. BRAUN",SYSTEM CREATED,115TH AMSTERDAM AVE S&R 3RD FL CRDAC CATH LAB S&R S&R 3RD FL,"CARDIAC CATHERIZATION, 12605",MOUNT SINAI MORNINGSIDE,ACTIVE,CLOSED,EDI,TRUE,TRUE,39.56,CHP,MOUNT SINAI MORNINGSIDE,302-302-11-12605-903037-00000000000-000-0000-000-00000-00000----,False,MSHS-BRAUN-PP-IV,Yes,Yes,0,8323969,B. BRAUN,B. BRAUN,CA12,12,No, ,NO,903037, MED/SURG DISPOSABLE,9/26/2024 12:00:00 AM,CLOSED FOR RECEIVING,2-2-1,19.78,CLOSED FOR RECEIVING,CASE,9/26/2024 12:00:00 AM,NF,9/26/2024 12:00:00 AM,3398187,"TORRES, ERIKA E",,,MOUNT SINAI MORNINGSIDE - RECVG MAIN,79.12,ELECTROLYTES,51191602,AGENTS AFFECTING WATER AND ELECTROLYTES,MEDLINE INDUSTRIES INC,12422
MEDLINE INDUSTRIES INC,2025,"RENAL DIALYSIS INSTITUTE, 77047",MOUNT SINAI BROOKLYN,B. BRAUN,IV SOLUTIONS,True,True,CLOSED,903033,"903033, IV SOLUTIONS",MOUNT SINAI BROOKLYN,Yes,E8000,B. BRAUN,2/13/2025 12:00:00 AM,B1013839,GOODS,SOL SOD CHL 0.9 PERC 1000ML INJ BAG - SUB 1 FOR L8000E8000BMGE8000,ORAPOS,IV SOLUTIONS,BMGE8000,RENAL DIALYSIS INSTITUTE,77047,IV SOLUTIONS,MSHS-BRAUN-PP-IV,,SOL SOD CHL 0.9 PERC 1000ML INJ BAG - SUB 1 FOR L8000,903033,E8000,2,2,2,2,12,24,24,41.54,41.54,NF,NF,PERRY LUANA,PERRY LUANA,"IV SOLUTIONS 
 
B. BRAUN",Y,3201 KINGS HGWY 2 E #201 DIALYSIS 2 EAST #201 DIALYSIS,"RENAL DIALYSIS INSTITUTE, 77047",MOUNT SINAI BROOKLYN,ACTIVE,CLOSED,EDI,TRUE,TRUE,41.54,MOUNT SINAI BROOKLYN,MOUNT SINAI BROOKLYN,402-407-11-77047-903033-00000000000-000-0000-000-00000-00000----,False,MSHS-BRAUN-PP-IV,Yes,Yes,41.54,8323969,B. BRAUN,B. BRAUN,NF,12,No, ,NO,903033, IV SOLUTIONS,2/12/2025 12:00:00 AM,CLOSED,1-1-1,20.77,CLOSED FOR RECEIVING,CASE,2/13/2025 12:00:00 AM,NF,2/12/2025 12:00:00 AM,K2985,"FORBES HEBBERT, MS. HILZA",,,MOUNT SINAI BROOKLYN - RECVG MAIN,41.54,NF,NF,NF,MEDLINE INDUSTRIES INC,12422
MEDLINE INDUSTRIES INC,2024,"CARDIAC CATHERIZATION, 12605",MOUNT SINAI MORNINGSIDE,B. BRAUN MEDICAL,PHARMACEUTICAL PRODUCTS INCL. CONTRACEPTIVES AND VACCINES,True,True,PROCESSED,903037,"903037, MED/SURG DISPOSABLE",MOUNT SINAI MORNINGSIDE,Yes,E8000,B. BRAUN MEDICAL,6/6/2024 12:00:00 AM,1314081-50690,GOODS,SOL SOD CHL 0.9 PERC 1000ML INJ BAG - SUB 1 FOR L8000E8000BMGE8000,ORAPOS,SODIUM CHLORIDE ELECTROLYTES,BMGE8000,CARDIAC CATHERIZATION,12605,MED/SURG DISPOSABLE,MSHS-BRAUN-PP-IV,MSHS-BRAUN-PP-IV,SOL SOD CHL 0.9 PERC 1000ML INJ BAG - SUB 1 FOR L8000,903037,E8000,2,2,2,2,12,24,24,39.56,39.56,302-302-11-12605-00000000000-0-0,NF,BUYER   CONVERSION,"BUYER, CONVERSION","SODIUM CHLORIDE ELECTROLYTES 
 
B. BRAUN MEDICAL",SYSTEM CREATED,SLCCLSR03A,"CARDIAC CATHERIZATION, 12605",MOUNT SINAI MORNINGSIDE,ACTIVE,CLOSED,EDI,TRUE,TRUE,39.56,CHP,MOUNT SINAI MORNINGSIDE,1109-900110-02-4058-0000000000-0000-000-000,False,MSHS-BRAUN-PP-IV,Yes,Yes,39.56,8323969,B. BRAUN MEDICAL,B. BRAUN MEDICAL,CA12,12,No, ,NO,903037, MED/SURG DISPOSABLE,6/6/2024 12:00:00 AM,CLOSED,1174-3-1,19.78,APPROVED,CASE,6/6/2024 12:00:00 AM,NF,6/6/2024 12:00:00 AM,3358965,"TORRES, ERIKA E",,,SL ST LUKES,39.56,ELECTROLYTES,51191602,AGENTS AFFECTING WATER AND ELECTROLYTES,MEDLINE INDUSTRIES INC,12422
MEDLINE INDUSTRIES INC,2024,"CARDIAC CATHERIZATION, 12605",MOUNT SINAI MORNINGSIDE,B. BRAUN,PHARMACEUTICAL PRODUCTS INCL. CONTRACEPTIVES AND VACCINES,True,True,PROCESSED,903037,"903037, MED/SURG DISPOSABLE",MOUNT SINAI MORNINGSIDE,Yes,E8000,B. BRAUN,9/12/2024 12:00:00 AM,1314081-56939,GOODS,SOL SOD CHL 0.9 PERC 1000ML INJ BAG - SUB 1 FOR L8000E8000BMGE8000,ORAPOS,SODIUM CHLORIDE ELECTROLYTES,BMGE8000,CARDIAC CATHERIZATION,12605,MED/SURG DISPOSABLE,MSHS-BRAUN-PP-IV,MSHS-BRAUN-PP-IV,SOL SOD CHL 0.9 PERC 1000ML INJ BAG - SUB 1 FOR L8000,903037,E8000,2,2,2,2,12,24,24,39.56,39.56,302-302-11-12605-00000000000-0-0,NF,BUYER   CONVERSION,"BUYER, CONVERSION","SODIUM CHLORIDE ELECTROLYTES 
 
B. BRAUN",SYSTEM CREATED,SLCCLSR03A,"CARDIAC CATHERIZATION, 12605",MOUNT SINAI MORNINGSIDE,ACTIVE,CLOSED,EDI,TRUE,TRUE,39.56,CHP,MOUNT SINAI MORNINGSIDE,1109-900110-02-4058-0000000000-0000-000-000,False,MSHS-BRAUN-PP-IV,Yes,Yes,39.56,8323969,B. BRAUN,B. BRAUN,CA12,12,No, ,NO,903037, MED/SURG DISPOSABLE,9/12/2024 12:00:00 AM,CLOSED,1174-2-1,19.78,APPROVED,CASE,9/12/2024 12:00:00 AM,NF,9/12/2024 12:00:00 AM,3392569,"TORRES, ERIKA E",,,SL ST LUKES,39.56,ELECTROLYTES,51191602,AGENTS AFFECTING WATER AND ELECTROLYTES,MEDLINE INDUSTRIES INC,12422
MEDLINE INDUSTRIES INC,2023,"EMERGENCY DEPARTMENT, 14100",MOUNT SINAI WEST,B BRAUN,DRUGS AND PHARMACEUTICAL PRODUCTS,True,True,PROCESSED,903037,"903037, MED/SURG DISPOSABLE",MOUNT SINAI WEST,Yes,E8000,B BRAUN,1/5/2023 12:00:00 AM,1314081-15711,GOODS,SOL SOD CHL 0.9 PERC 1000ML INJ BAG - SUB 1 FOR L8000E8000BMGE8000,ORAPOS,SODIUM CHLORIDE ELECTROLYTES,BMGE8000,EMERGENCY DEPARTMENT,14100,MED/SURG DISPOSABLE,MSHS-BRAUN-PP-IV,MSHS-BRAUN-PP-IV,SOL SOD CHL 0.9 PERC 1000ML INJ BAG - SUB 1 FOR L8000,903037,E8000,10,2,10,10,12,24,120,39.56,39.56,301-301-11-14100-00000000000-0-0,NF,BUYER   CONVERSION,"BUYER, CONVERSION","SODIUM CHLORIDE ELECTROLYTES 
 
B BRAUN",SYSTEM CREATED,RH 5700 1109,"EMERGENCY DEPARTMENT, 14100",MOUNT SINAI WEST,ACTIVE,CLOSED,EDI,TRUE,TRUE,197.8,CHP,MOUNT SINAI WEST,1109-900110-01-5700-0000000000-0000-000-000,False,MSHS-BRAUN-PP-IV,Yes,Yes,39.56,8323969,B BRAUN,B BRAUN,CA12,12,No, ,NO,903037, MED/SURG DISPOSABLE,1/5/2023 12:00:00 AM,CLOSED,1174-1-1,19.78,APPROVED,CASE,1/5/2023 12:00:00 AM,NF,1/5/2023 12:00:00 AM,3161681,"LOPEZ, ASTRID",,,RH ROOSEVELT,197.8,ELECTROLYTES,51191602,AGENTS AFFECTING WATER AND ELECTROLYTES,MEDLINE INDUSTRIES INC,12422
MEDLINE INDUSTRIES INC,2024,"NURSING ACUTE DIALYSIS-WST, 10701",MOUNT SINAI WEST,B. BRAUN MEDICAL,PHARMACEUTICAL PRODUCTS INCL. CONTRACEPTIVES AND VACCINES,True,True,PROCESSED,903037,"903037, MED/SURG DISPOSABLE",MOUNT SINAI WEST,Yes,E8000,B. BRAUN MEDICAL,7/2/2024 12:00:00 AM,1314081-52385,GOODS,SOL SOD CHL 0.9 PERC 1000ML INJ BAG - SUB 1 FOR L8000E8000BMGE8000,ORAPOS,SODIUM CHLORIDE ELECTROLYTES,BMGE8000,NURSING ACUTE DIALYSIS-WST,10701,MED/SURG DISPOSABLE,MSHS-BRAUN-PP-IV,MSHS-BRAUN-PP-IV,SOL SOD CHL 0.9 PERC 1000ML INJ BAG - SUB 1 FOR L8000,903037,E8000,3,3,3,3,12,36,36,59.34,59.34,301-301-11-10701-00000000000-0-0,NF,BUYER   CONVERSION,"BUYER, CONVERSION","SODIUM CHLORIDE ELECTROLYTES 
 
B. BRAUN MEDICAL",SYSTEM CREATED,RH 4573 1109,"NURSING ACUTE DIALYSIS-WST, 10701",MOUNT SINAI WEST,ACTIVE,CLOSED,EDI,TRUE,TRUE,59.34,CHP,MOUNT SINAI WEST,1109-900110-01-4573-0000000000-0000-000-000,False,MSHS-BRAUN-PP-IV,Yes,Yes,59.34,8323969,B. BRAUN MEDICAL,B. BRAUN MEDICAL,NF,12,No, ,NO,903037, MED/SURG DISPOSABLE,7/2/2024 12:00:00 AM,CLOSED,1174-1-1,19.78,APPROVED,CASE,7/2/2024 12:00:00 AM,NF,7/2/2024 12:00:00 AM,3367923,"BROWN, REGINALD",,,RH ROOSEVELT,59.34,ELECTROLYTES,51191602,AGENTS AFFECTING WATER AND ELECTROLYTES,MEDLINE INDUSTRIES INC,12422
MEDLINE INDUSTRIES INC,2024,"PERIOP IN-HOUSE, 12249",MOUNT SINAI HOSPITAL,B. BRAUN,IV SOLUTIONS,True,True,CLOSED,903033,"903033, IV SOLUTIONS",MOUNT SINAI HOSPITAL,Yes,E8000,B. BRAUN,10/27/2024 12:00:00 AM,M1000643,GOODS,SOL SOD CHL 0.9 PERC 1000ML INJ BAG - SUB 1 FOR L8000E8000BMGE8000,ORAPOS,IV SOLUTIONS,BMGE8000,PERIOP IN-HOUSE,12249,IV SOLUTIONS,MSHS-BRAUN-PP-IV,,SOL SOD CHL 0.9 PERC 1000ML INJ BAG - SUB 1 FOR L8000,903033,E8000,6,0,6,6,12,72,72,0,0,NF,NF,IKRAM UMAIR,IKRAM UMAIR,"IV SOLUTIONS 
 
B. BRAUN",Y,12249 OR BREAKOUT GP3-382,"PERIOP IN-HOUSE, 12249",MOUNT SINAI HOSPITAL,ACTIVE,CLOSED,EDI,TRUE,TRUE,118.68,MOUNT SINAI HOSPITAL,MOUNT SINAI HOSPITAL,101-101-11-12249-903033-00000000000-000-0000-000-00000-00000----,False,MSHS-BRAUN-PP-IV,Yes,Yes,0,8323969,B. BRAUN,B. BRAUN,NF,12,No, ,NO,903033, IV SOLUTIONS,10/8/2024 12:00:00 AM,CLOSED FOR RECEIVING,1-1-1,19.78,CLOSED FOR RECEIVING,CASE,10/27/2024 12:00:00 AM,NF,10/8/2024 12:00:00 AM,M365,ASHLEY SHANNON,,,MOUNT SINAI HOSPITAL - RECVG MAIN,118.68,NF,NF,NF,MEDLINE INDUSTRIES INC,12422
MEDLINE INDUSTRIES INC,2024,"NURSING ACUTE DIALYSIS-BKL, 11101",MOUNT SINAI BROOKLYN,B. BRAUN MEDICAL,PHARMACEUTICAL PRODUCTS INCL. CONTRACEPTIVES AND VACCINES,True,True,PROCESSED,903037,"903037, MED/SURG DISPOSABLE",MOUNT SINAI BROOKLYN,Yes,E8000,B. BRAUN MEDICAL,6/27/2024 12:00:00 AM,1314081-52048,GOODS,SOL SOD CHL 0.9 PERC 1000ML INJ BAG - SUB 1 FOR L8000E8000BMGE8000,ORAPOS,SODIUM CHLORIDE ELECTROLYTES,BMGE8000,NURSING ACUTE DIALYSIS-BKL,11101,MED/SURG DISPOSABLE,MSHS-BRAUN-PP-IV,MSHS-BRAUN-PP-IV,SOL SOD CHL 0.9 PERC 1000ML INJ BAG - SUB 1 FOR L8000,903037,E8000,3,3,3,3,12,36,36,59.34,59.34,402-407-11-11101-00000000000-0-0,NF,BUYER   CONVERSION,"BUYER, CONVERSION","SODIUM CHLORIDE ELECTROLYTES 
 
B. BRAUN MEDICAL",SYSTEM CREATED,KH 1417 4709,"NURSING ACUTE DIALYSIS-BKL, 11101",MOUNT SINAI BROOKLYN,ACTIVE,CLOSED,EDI,TRUE,TRUE,59.34,CHP,MOUNT SINAI BROOKLYN,4709-900110-07-1417-0000000000-0000-000-000,False,MSHS-BRAUN-PP-IV,Yes,Yes,59.34,8323969,B. BRAUN MEDICAL,B. BRAUN MEDICAL,CA12,12,No, ,NO,903037, MED/SURG DISPOSABLE,6/27/2024 12:00:00 AM,CLOSED,1174-3-1,19.78,APPROVED,CASE,6/27/2024 12:00:00 AM,NF,6/27/2024 12:00:00 AM,3366248,"URBINA, HILZA ROSEL",,,KH KINGS HIGHWAY,59.34,ELECTROLYTES,51191602,AGENTS AFFECTING WATER AND ELECTROLYTES,MEDLINE INDUSTRIES INC,12422
MEDLINE INDUSTRIES INC,2024,"CARDIAC CATHERIZATION, 12605",MOUNT SINAI MORNINGSIDE,B. BRAUN MEDICAL,PHARMACEUTICAL PRODUCTS INCL. CONTRACEPTIVES AND VACCINES,True,True,PROCESSED,903037,"903037, MED/SURG DISPOSABLE",MOUNT SINAI MORNINGSIDE,Yes,E8000,B. BRAUN MEDICAL,5/15/2024 12:00:00 AM,1314081-49269,GOODS,SOL SOD CHL 0.9 PERC 1000ML INJ BAG - SUB 1 FOR L8000E8000BMGE8000,ORAPOS,SODIUM CHLORIDE ELECTROLYTES,BMGE8000,CARDIAC CATHERIZATION,12605,MED/SURG DISPOSABLE,MSHS-BRAUN-PP-IV,MSHS-BRAUN-PP-IV,SOL SOD CHL 0.9 PERC 1000ML INJ BAG - SUB 1 FOR L8000,903037,E8000,2,2,2,2,12,24,24,39.56,39.56,302-302-11-12605-00000000000-0-0,NF,BUYER   CONVERSION,"BUYER, CONVERSION","SODIUM CHLORIDE ELECTROLYTES 
 
B. BRAUN MEDICAL",SYSTEM CREATED,SLCCLSR03A,"CARDIAC CATHERIZATION, 12605",MOUNT SINAI MORNINGSIDE,ACTIVE,CLOSED,EDI,TRUE,TRUE,39.56,CHP,MOUNT SINAI MORNINGSIDE,1109-900110-02-4058-0000000000-0000-000-000,False,MSHS-BRAUN-PP-IV,Yes,Yes,39.56,8323969,B. BRAUN MEDICAL,B. BRAUN MEDICAL,CA12,12,No, ,NO,903037, MED/SURG DISPOSABLE,5/15/2024 12:00:00 AM,CLOSED,1174-2-1,19.78,APPROVED,CASE,5/15/2024 12:00:00 AM,NF,5/15/2024 12:00:00 AM,3351000,"TORRES, ERIKA E",,,SL ST LUKES,39.56,ELECTROLYTES,51191602,AGENTS AFFECTING WATER AND ELECTROLYTES,MEDLINE INDUSTRIES INC,12422
MEDLINE INDUSTRIES INC,2024,"CARDIAC CATHERIZATION, 12605",MOUNT SINAI MORNINGSIDE,B. BRAUN,MED/SURG DISPOSABLE,True,True,PROCESSED,903037,"903037, MED/SURG DISPOSABLE",MOUNT SINAI MORNINGSIDE,Yes,E8000,B. BRAUN,8/2/2024 12:00:00 AM,1314081-54302,GOODS,SOL SOD CHL 0.9 PERC 1000ML INJ BAG - SUB 1 FOR L8000E8000BMGE8000,ORAPOS,MED/SURG DISPOSABLE,BMGE8000,CARDIAC CATHERIZATION,12605,MED/SURG DISPOSABLE,MSHS-BRAUN-PP-IV,,SOL SOD CHL 0.9 PERC 1000ML INJ BAG - SUB 1 FOR L8000,903037,E8000,3,3,3,3,12,36,36,59.34,59.34,302-302-11-12605-00000000000-0-0,NF,BUYER   CONVERSION,"BUYER, CONVERSION","MED/SURG DISPOSABLE 
 
B. BRAUN",SYSTEM CREATED,SLCCLSR03A,"CARDIAC CATHERIZATION, 12605",MOUNT SINAI MORNINGSIDE,ACTIVE,CLOSED,EDI,TRUE,TRUE,59.34,CHP,MOUNT SINAI MORNINGSIDE,1109-900110-02-4058-0000000000-0000-000-000,False,MSHS-BRAUN-PP-IV,Yes,Yes,59.34,8323969,B. BRAUN,B. BRAUN,NF,12,No, ,NO,903037, MED/SURG DISPOSABLE,8/2/2024 12:00:00 AM,CLOSED,1174-2-1,19.78,APPROVED,CASE,8/2/2024 12:00:00 AM,NF,8/2/2024 12:00:00 AM,3378695,"TORRES, ERIKA E",,,SL ST LUKES,59.34,NF,NF,NF,MEDLINE INDUSTRIES INC,12422
MEDLINE INDUSTRIES INC,2024,"NURSING 8A SOUTH NEUROSURGICAL-WST, 10718",MOUNT SINAI WEST,B. BRAUN,PHARMACEUTICAL PRODUCTS INCL. CONTRACEPTIVES AND VACCINES,True,True,PROCESSED,903037,"903037, MED/SURG DISPOSABLE",MOUNT SINAI WEST,Yes,E8000,B. BRAUN,8/30/2024 12:00:00 AM,1314081-56149,GOODS,SOL SOD CHL 0.9 PERC 1000ML INJ BAG - SUB 1 FOR L8000E8000BMGE8000,ORAPOS,SODIUM CHLORIDE ELECTROLYTES,BMGE8000,NURSING 8A SOUTH NEUROSURGICAL-WST,10718,MED/SURG DISPOSABLE,MSHS-BRAUN-PP-IV,MSHS-BRAUN-PP-IV,SOL SOD CHL 0.9 PERC 1000ML INJ BAG - SUB 1 FOR L8000,903037,E8000,8,8,8,8,12,96,96,158.24,158.24,301-301-11-10718-00000000000-0-0,NF,BUYER   CONVERSION,"BUYER, CONVERSION","SODIUM CHLORIDE ELECTROLYTES 
 
B. BRAUN",SYSTEM CREATED,RH 2331 1109,"NURSING 8A SOUTH NEUROSURGICAL-WST, 10718",MOUNT SINAI WEST,ACTIVE,CLOSED,EDI,TRUE,TRUE,158.24,CHP,MOUNT SINAI WEST,1109-900110-01-2331-0000000000-0000-000-000,False,MSHS-BRAUN-PP-IV,Yes,Yes,158.24,8323969,B. BRAUN,B. BRAUN,NF,12,No, ,NO,903037, MED/SURG DISPOSABLE,8/30/2024 12:00:00 AM,CLOSED,1174-1-1,19.78,APPROVED,CASE,8/30/2024 12:00:00 AM,NF,8/30/2024 12:00:00 AM,3388677,"BROWN, REGINALD",,,RH ROOSEVELT,158.24,ELECTROLYTES,51191602,AGENTS AFFECTING WATER AND ELECTROLYTES,MEDLINE INDUSTRIES INC,12422
MEDLINE INDUSTRIES INC,2025,"RENAL DIALYSIS INSTITUTE, 77047",MOUNT SINAI BROOKLYN,B. BRAUN,IV SOLUTIONS,True,True,CLOSED,903033,"903033, IV SOLUTIONS",MOUNT SINAI BROOKLYN,Yes,E8000,B. BRAUN,5/3/2025 12:00:00 AM,B1021241,GOODS,SOL SOD CHL 0.9 PERC 1000ML INJ BAG - SUB 1 FOR L8000E8000BMGE8000,ORAPOS,IV SOLUTIONS,BMGE8000,RENAL DIALYSIS INSTITUTE,77047,IV SOLUTIONS,MSHS-BRAUN-PP-IV,,SOL SOD CHL 0.9 PERC 1000ML INJ BAG - SUB 1 FOR L8000,903033,E8000,2,0,2,2,12,24,24,38.76,38.76,NF,NF,PERRY LUANA,PERRY LUANA,"IV SOLUTIONS 
 
B. BRAUN",Y,3201 KINGS HGWY 2 E #201 DIALYSIS 2 EAST #201 DIALYSIS,"RENAL DIALYSIS INSTITUTE, 77047",MOUNT SINAI BROOKLYN,ACTIVE,CLOSED,EDI,TRUE,TRUE,41.54,MOUNT SINAI BROOKLYN,MOUNT SINAI BROOKLYN,402-407-11-77047-903033-00000000000-000-0000-000-00000-00000----,False,MSHS-BRAUN-PP-IV,Yes,Yes,38.76,8323969,B. BRAUN,B. BRAUN,NF,12,No, ,NO,903033, IV SOLUTIONS,4/28/2025 12:00:00 AM,CLOSED FOR RECEIVING,3-1-1,20.77,CLOSED FOR RECEIVING,CASE,5/3/2025 12:00:00 AM,NF,4/28/2025 12:00:00 AM,K4820,GUGLIOTTA LOUIS,,,MOUNT SINAI BROOKLYN - RECVG MAIN,41.54,NF,NF,NF,MEDLINE INDUSTRIES INC,12422
MEDLINE INDUSTRIES INC,2024,"CARDIAC CATHERIZATION, 12605",MOUNT SINAI MORNINGSIDE,B. BRAUN,PHARMACEUTICAL PRODUCTS INCL. CONTRACEPTIVES AND VACCINES,True,True,PROCESSED,903037,"903037, MED/SURG DISPOSABLE",MOUNT SINAI MORNINGSIDE,Yes,E8000,B. BRAUN,9/5/2024 12:00:00 AM,1314081-56423,GOODS,SOL SOD CHL 0.9 PERC 1000ML INJ BAG - SUB 1 FOR L8000E8000BMGE8000,ORAPOS,SODIUM CHLORIDE ELECTROLYTES,BMGE8000,CARDIAC CATHERIZATION,12605,MED/SURG DISPOSABLE,MSHS-BRAUN-PP-IV,MSHS-BRAUN-PP-IV,SOL SOD CHL 0.9 PERC 1000ML INJ BAG - SUB 1 FOR L8000,903037,E8000,3,3,3,3,12,36,36,59.34,59.34,302-302-11-12605-00000000000-0-0,NF,BUYER   CONVERSION,"BUYER, CONVERSION","SODIUM CHLORIDE ELECTROLYTES 
 
B. BRAUN",SYSTEM CREATED,SLCCLSR03A,"CARDIAC CATHERIZATION, 12605",MOUNT SINAI MORNINGSIDE,ACTIVE,CLOSED,EDI,TRUE,TRUE,59.34,CHP,MOUNT SINAI MORNINGSIDE,1109-900110-02-4058-0000000000-0000-000-000,False,MSHS-BRAUN-PP-IV,Yes,Yes,59.34,8323969,B. BRAUN,B. BRAUN,CA12,12,No, ,NO,903037, MED/SURG DISPOSABLE,9/5/2024 12:00:00 AM,CLOSED,1174-1-1,19.78,APPROVED,CASE,9/5/2024 12:00:00 AM,NF,9/5/2024 12:00:00 AM,3390011,"TORRES, ERIKA E",,,SL ST LUKES,59.34,ELECTROLYTES,51191602,AGENTS AFFECTING WATER AND ELECTROLYTES,MEDLINE INDUSTRIES INC,12422
MEDLINE INDUSTRIES INC,2024,"EMERGENCY DEPARTMENT, 14100",MOUNT SINAI WEST,B. BRAUN,PHARMACEUTICAL PRODUCTS INCL. CONTRACEPTIVES AND VACCINES,True,True,PROCESSED,903037,"903037, MED/SURG DISPOSABLE",MOUNT SINAI WEST,Yes,E8000,B. BRAUN,9/6/2024 12:00:00 AM,1314081-56548,GOODS,SOL SOD CHL 0.9 PERC 1000ML INJ BAG - SUB 1 FOR L8000E8000BMGE8000,ORAPOS,SODIUM CHLORIDE ELECTROLYTES,BMGE8000,EMERGENCY DEPARTMENT,14100,MED/SURG DISPOSABLE,MSHS-BRAUN-PP-IV,MSHS-BRAUN-PP-IV,SOL SOD CHL 0.9 PERC 1000ML INJ BAG - SUB 1 FOR L8000,903037,E8000,15,15,15,15,12,180,180,296.7,296.7,301-301-11-14100-00000000000-0-0,NF,BUYER   CONVERSION,"BUYER, CONVERSION","SODIUM CHLORIDE ELECTROLYTES 
 
B. BRAUN",SYSTEM CREATED,RH 5700 1109,"EMERGENCY DEPARTMENT, 14100",MOUNT SINAI WEST,ACTIVE,CLOSED,EDI,TRUE,TRUE,296.7,CHP,MOUNT SINAI WEST,1109-900110-01-5700-0000000000-0000-000-000,False,MSHS-BRAUN-PP-IV,Yes,Yes,296.7,8323969,B. BRAUN,B. BRAUN,CA12,12,No, ,NO,903037, MED/SURG DISPOSABLE,9/6/2024 12:00:00 AM,CLOSED,1174-1-1,19.78,APPROVED,CASE,9/6/2024 12:00:00 AM,NF,9/6/2024 12:00:00 AM,3390642,"RODRIGUEZ, JASON",,,RH ROOSEVELT,296.7,ELECTROLYTES,51191602,AGENTS AFFECTING WATER AND ELECTROLYTES,MEDLINE INDUSTRIES INC,12422
MEDLINE INDUSTRIES INC,2024,"MATERIALS MANAGEMENT STORE ROOM, 60404",MOUNT SINAI BETH ISRAEL,B. BRAUN MEDICAL,PHARMACEUTICAL PRODUCTS INCL. CONTRACEPTIVES AND VACCINES,True,True,PROCESSED,903037,"903037, MED/SURG DISPOSABLE",MOUNT SINAI BETH ISRAEL,Yes,E8000,B. BRAUN MEDICAL,6/10/2024 12:00:00 AM,1314081-50931,GOODS,SOL SOD CHL 0.9 PERC 1000ML INJ BAG - SUB 1 FOR L8000E8000BMGE8000,ORAPOS,SODIUM CHLORIDE ELECTROLYTES,BMGE8000,MATERIALS MANAGEMENT STORE ROOM,60404,MED/SURG DISPOSABLE,MSHS-BRAUN-PP-IV,MSHS-BRAUN-PP-IV,SOL SOD CHL 0.9 PERC 1000ML INJ BAG - SUB 1 FOR L8000,903037,E8000,5,5,5,5,12,60,60,98.9,98.9,401-954-11-60404-00000000000-0-0,NF,BUYER   CONVERSION,"BUYER, CONVERSION","SODIUM CHLORIDE ELECTROLYTES 
 
B. BRAUN MEDICAL",SYSTEM CREATED,CP 8835 4409,"MATERIALS MANAGEMENT STORE ROOM, 60404",MOUNT SINAI BETH ISRAEL,ACTIVE,CLOSED,EDI,TRUE,TRUE,98.9,CHP,MOUNT SINAI BETH ISRAEL,4409-900110-00-8835-0000000000-0000-000-000,False,MSHS-BRAUN-PP-IV,Yes,Yes,98.9,8323969,B. BRAUN MEDICAL,B. BRAUN MEDICAL,CA12,12,No, ,NO,903037, MED/SURG DISPOSABLE,6/10/2024 12:00:00 AM,CLOSED,1174-1-1,19.78,APPROVED,CASE,6/10/2024 12:00:00 AM,NF,6/10/2024 12:00:00 AM,3360151,"PANEQUE, RUBY",,,MT SINAI BETH ISRAEL,98.9,ELECTROLYTES,51191602,AGENTS AFFECTING WATER AND ELECTROLYTES,MEDLINE INDUSTRIES INC,12422
MEDLINE INDUSTRIES INC,2024,"EMERGENCY DEPARTMENT, 14100",MOUNT SINAI WEST,B. BRAUN,PHARMACEUTICAL PRODUCTS INCL. CONTRACEPTIVES AND VACCINES,True,True,CLOSED,903037,"903037, MED/SURG DISPOSABLE",MOUNT SINAI WEST,Yes,E8000,B. BRAUN,9/30/2024 12:00:00 AM,1474101,GOODS,SOL SOD CHL 0.9 PERC 1000ML INJ BAG - SUB 1 FOR L8000E8000BMGE8000,ORAPOS,SODIUM CHLORIDE ELECTROLYTES,BMGE8000,EMERGENCY DEPARTMENT,14100,MED/SURG DISPOSABLE,MSHS-BRAUN-PP-IV,MSHS-BRAUN-PP-IV,SOL SOD CHL 0.9 PERC 1000ML INJ BAG - SUB 1 FOR L8000,903037,E8000,20,10,20,10,12,120,240,197.8,197.8,,NF,MARTIN   DESIREE GWENDOLYN,"MARTIN, DESIREE GWENDOLYN","SODIUM CHLORIDE ELECTROLYTES 
 
B. BRAUN",BUYER CREATED,1000 10 TH AVE WINSTON GND GE 01 EMER DEPT ADMIN WINSTON GRO,"EMERGENCY DEPARTMENT, 14100",MOUNT SINAI WEST,ACTIVE,CLOSED,EDI,TRUE,TRUE,197.8,CHP,MOUNT SINAI WEST,301-301-11-14100-903037-00000000000-000-0000-000-00000-00000----,False,MSHS-BRAUN-PP-IV,Yes,Yes,197.8,8323969,B. BRAUN,B. BRAUN,CA12,12,No, ,NO,903037, MED/SURG DISPOSABLE,9/30/2024 12:00:00 AM,CLOSED,1-1-1,19.78,CLOSED,CASE,9/30/2024 12:00:00 AM,NF,9/30/2024 12:00:00 AM,3399268,"LOPEZ, ASTRID",,,MOUNT SINAI WEST - RECVG MAIN,395.6,ELECTROLYTES,51191602,AGENTS AFFECTING WATER AND ELECTROLYTES,MEDLINE INDUSTRIES INC,12422
MEDLINE INDUSTRIES INC,2024,"LABOR AND DELIVERY-WST, 10713",MOUNT SINAI WEST,B. BRAUN,PHARMACEUTICAL PRODUCTS INCL. CONTRACEPTIVES AND VACCINES,True,True,CLOSED,903037,"903037, MED/SURG DISPOSABLE",MOUNT SINAI WEST,Yes,E8000,B. BRAUN,9/30/2024 12:00:00 AM,1314081-58050,GOODS,SOL SOD CHL 0.9 PERC 1000ML INJ BAG - SUB 1 FOR L8000E8000BMGE8000,ORAPOS,SODIUM CHLORIDE ELECTROLYTES,BMGE8000,LABOR AND DELIVERY-WST,10713,MED/SURG DISPOSABLE,MSHS-BRAUN-PP-IV,MSHS-BRAUN-PP-IV,SOL SOD CHL 0.9 PERC 1000ML INJ BAG - SUB 1 FOR L8000,903037,E8000,20,0,20,10,12,240,240,395.6,395.6,,NF,BUYER   CONVERSION,"BUYER, CONVERSION","SODIUM CHLORIDE ELECTROLYTES 
 
B. BRAUN",SYSTEM CREATED,1000 10TH AVE RH 12TH FL 12A NURS-LABOR&DELIVERY (L&D) ROOSE,"LABOR AND DELIVERY-WST, 10713",MOUNT SINAI WEST,ACTIVE,CLOSED,EDI,TRUE,TRUE,197.8,CHP,MOUNT SINAI WEST,301-301-11-10713-903037-00000000000-000-0000-000-00000-00000----,False,MSHS-BRAUN-PP-IV,Yes,Yes,0,8323969,B. BRAUN,B. BRAUN,CA12,12,No, ,NO,903037, MED/SURG DISPOSABLE,9/30/2024 12:00:00 AM,CLOSED FOR RECEIVING,1-1-1,19.78,CLOSED FOR RECEIVING,CASE,9/30/2024 12:00:00 AM,NF,9/30/2024 12:00:00 AM,3399267,"LOPEZ, ASTRID",,,MOUNT SINAI WEST - RECVG MAIN,395.6,ELECTROLYTES,51191602,AGENTS AFFECTING WATER AND ELECTROLYTES,MEDLINE INDUSTRIES INC,12422
MEDLINE INDUSTRIES INC,2024,"PHARMACY, 21300",MOUNT SINAI MORNINGSIDE,B. BRAUN,IV SOLUTIONS,True,True,CLOSED,903033,"903033, IV SOLUTIONS",MOUNT SINAI MORNINGSIDE,Yes,E8000,B. BRAUN,10/17/2024 12:00:00 AM,W1002746,GOODS,SOL SOD CHL 0.9 PERC 1000ML INJ BAG - SUB 1 FOR L8000E8000BMGE8000,ORAPOS,IV SOLUTIONS,BMGE8000,PHARMACY,21300,IV SOLUTIONS,MSHS-BRAUN-PP-IV,,SOL SOD CHL 0.9 PERC 1000ML INJ BAG - SUB 1 FOR L8000,903033,E8000,6,0,6,6,12,72,72,0,0,NF,NF,BANNERMAN TRACEY,BANNERMAN TRACEY,"IV SOLUTIONS 
 
B. BRAUN",Y,1111 AMSTERDAM AVE BABCOCK 2 PRMCY BABCOCK 2 PHARMACY,"PHARMACY, 21300",MOUNT SINAI MORNINGSIDE,ACTIVE,CLOSED,EDI,TRUE,TRUE,118.68,MOUNT SINAI MORNINGSIDE,MOUNT SINAI MORNINGSIDE,302-302-11-21300-903033-00000000000-000-0000-000-00000-00000----,False,MSHS-BRAUN-PP-IV,Yes,Yes,0,8323969,B. BRAUN,B. BRAUN,NF,12,No, ,NO,903033, IV SOLUTIONS,10/17/2024 12:00:00 AM,CLOSED FOR RECEIVING,1-1-1,19.78,CLOSED FOR RECEIVING,CASE,10/17/2024 12:00:00 AM,NF,10/17/2024 12:00:00 AM,L1007,HURRY NICOLA,,,MOUNT SINAI MORNINGSIDE - RECVG MAIN,118.68,NF,NF,NF,MEDLINE INDUSTRIES INC,12422
MEDLINE INDUSTRIES INC,2025,"BALANCE SHEET, 00000",MOUNT SINAI HOSPITAL,B. BRAUN,NJ WAREHOUSE,True,True,OPEN,119015,"119015, NJ WAREHOUSE",MOUNT SINAI HOSPITAL,Yes,E8000,B. BRAUN,3/31/2025 12:00:00 AM,M3078734,GOODS,SOL SOD CHL 0.9 PERC 1000ML INJ BAG - SUB 1 FOR L8000E8000BMGE8000,ORAPOS,NJ WAREHOUSE,BMGE8000,BALANCE SHEET,00000,NJ WAREHOUSE,MSHS-BRAUN-PP-IV,,SOL SOD CHL 0.9 PERC 1000ML INJ BAG - SUB 1 FOR L8000,119015,E8000,0,0,0,97,12,1164,0,0,0,NF,NF,CALLENDER SHANTE,CALLENDER SHANTE,"NJ WAREHOUSE 
 
B. BRAUN",Y,M MEDLINE WAREHOUSE - MONTGOMERY,"BALANCE SHEET, 00000",MOUNT SINAI HOSPITAL,ACTIVE,OPEN,EDI,TRUE,TRUE,2014.69,MOUNT SINAI HOSPITAL,MOUNT SINAI HOSPITAL,101-000-11-00000-119015-00000000000-000-0000-000-00000-00000----,False,MSHS-BRAUN-PP-IV,Yes,Yes,0,8323969,B. BRAUN,B. BRAUN,NF,12,No, ,NO,119015, NJ WAREHOUSE,3/31/2025 12:00:00 AM,OPEN,1-1-1,20.77,OPEN,CASE,3/31/2025 12:00:00 AM,NF,3/31/2025 12:00:00 AM,M42412,LUBINSKI JAMIE,,,M MEDLINE WAREHOUSE - MONTGOMERY,0,NF,NF,NF,MEDLINE INDUSTRIES INC,12422
MEDLINE INDUSTRIES INC,2024,"MATERIALS MANAGEMENT STORE ROOM, 60404",MOUNT SINAI BROOKLYN,B. BRAUN MEDICAL,PHARMACEUTICAL PRODUCTS INCL. CONTRACEPTIVES AND VACCINES,True,True,PROCESSED,903037,"903037, MED/SURG DISPOSABLE",MOUNT SINAI BROOKLYN,Yes,E8000,B. BRAUN MEDICAL,5/23/2024 12:00:00 AM,1314081-49868,GOODS,SOL SOD CHL 0.9 PERC 1000ML INJ BAG - SUB 1 FOR L8000E8000BMGE8000,ORAPOS,SODIUM CHLORIDE ELECTROLYTES,BMGE8000,MATERIALS MANAGEMENT STORE ROOM,60404,MED/SURG DISPOSABLE,MSHS-BRAUN-PP-IV,MSHS-BRAUN-PP-IV,SOL SOD CHL 0.9 PERC 1000ML INJ BAG - SUB 1 FOR L8000,903037,E8000,15,15,15,15,12,180,180,296.7,296.7,402-407-11-60404-00000000000-0-0,NF,BUYER   CONVERSION,"BUYER, CONVERSION","SODIUM CHLORIDE ELECTROLYTES 
 
B. BRAUN MEDICAL",SYSTEM CREATED,KH 8835 4709,"MATERIALS MANAGEMENT STORE ROOM, 60404",MOUNT SINAI BROOKLYN,ACTIVE,CLOSED,EDI,TRUE,TRUE,296.7,CHP,MOUNT SINAI BROOKLYN,4709-900110-07-8835-0000000000-0000-000-000,False,MSHS-BRAUN-PP-IV,Yes,Yes,296.7,8323969,B. BRAUN MEDICAL,B. BRAUN MEDICAL,CA12,12,No, ,NO,903037, MED/SURG DISPOSABLE,5/23/2024 12:00:00 AM,CLOSED,1174-5-1,19.78,APPROVED,CASE,5/23/2024 12:00:00 AM,NF,5/23/2024 12:00:00 AM,3354270,"GRANT, KAREN NICOLE",,,KH KINGS HIGHWAY,296.7,ELECTROLYTES,51191602,AGENTS AFFECTING WATER AND ELECTROLYTES,MEDLINE INDUSTRIES INC,12422
MEDLINE INDUSTRIES INC,2025,"RENAL DIALYSIS INSTITUTE, 77047",MOUNT SINAI BROOKLYN,B. BRAUN,IV SOLUTIONS,True,True,CLOSED,903033,"903033, IV SOLUTIONS",MOUNT SINAI BROOKLYN,Yes,E8000,B. BRAUN,7/31/2025 12:00:00 AM,B1002666,GOODS,SOL SOD CHL 0.9 PERC 1000ML INJ BAG - SUB 1 FOR L8000E8000BMGE8000,ORAPOS,IV SOLUTIONS,BMGE8000,RENAL DIALYSIS INSTITUTE,77047,IV SOLUTIONS,MSHS-BRAUN-PP-IV,,SOL SOD CHL 0.9 PERC 1000ML INJ BAG - SUB 1 FOR L8000,903033,E8000,3,3,3,3,12,36,36,59.34,59.34,NF,NF,PERRY LUANA,PERRY LUANA,"IV SOLUTIONS 
 
B. BRAUN",Y,3201 KINGS HGWY 2 E #201 DIALYSIS 2 EAST #201 DIALYSIS,"RENAL DIALYSIS INSTITUTE, 77047",MOUNT SINAI BROOKLYN,ACTIVE,CLOSED,EDI,TRUE,TRUE,59.34,MOUNT SINAI BROOKLYN,MOUNT SINAI BROOKLYN,402-407-11-77047-903033-00000000000-000-0000-000-00000-00000----,False,MSHS-BRAUN-PP-IV,Yes,Yes,59.34,8323969,B. BRAUN,B. BRAUN,NF,12,No, ,NO,903033, IV SOLUTIONS,10/30/2024 12:00:00 AM,CLOSED,4-1-1,19.78,CLOSED,CASE,7/31/2025 12:00:00 AM,NF,10/30/2024 12:00:00 AM,K516,"FORBES HEBBERT, MS. HILZA",,,MOUNT SINAI BROOKLYN - RECVG MAIN,59.34,NF,NF,NF,MEDLINE INDUSTRIES INC,12422
MEDLINE INDUSTRIES INC,2025,"HSO HOME INFUSION, 21309",OFFSITES,B. BRAUN,IV SOLUTIONS,True,True,CLOSED,903033,"903033, IV SOLUTIONS",OFFSITES,Yes,E8000,B. BRAUN,7/31/2025 12:00:00 AM,M3014873,GOODS,SOL SOD CHL 0.9 PERC 1000ML INJ BAG - SUB 1 FOR L8000E8000BMGE8000,ORAPOS,IV SOLUTIONS,BMGE8000,HSO HOME INFUSION,21309,IV SOLUTIONS,MSHS-BRAUN-PP-IV,,SOL SOD CHL 0.9 PERC 1000ML INJ BAG - SUB 1 FOR L8000,903033,E8000,0,0,0,4,12,48,0,0,0,NF,NF,BANNERMAN TRACEY,BANNERMAN TRACEY,"IV SOLUTIONS 
 
B. BRAUN",Y,"MOUNT SINAI HOME INFUSION , 1111 AMSTERDAM AVENUE","HSO HOME INFUSION, 21309",OFFSITE - MSH,ACTIVE,CLOSED,EDI,TRUE,TRUE,79.12,MT SINAI HOSPITAL - OFFSITE,OFFSITES,105-954-11-21309-903033-00000000000-000-0000-000-00000-00000----,False,MSHS-BRAUN-PP-IV,Yes,Yes,0,8323969,B. BRAUN,B. BRAUN,NF,12,No, ,NO,903033, IV SOLUTIONS,11/12/2024 12:00:00 AM,CLOSED,1-1-1,19.78,CLOSED,CASE,7/31/2025 12:00:00 AM,NF,11/12/2024 12:00:00 AM,FH204,ROBLES WILLIAM,,,"MOUNT SINAI HOME INFUSION , 1111 AMSTERDAM AVENUE",0,NF,NF,NF,MEDLINE INDUSTRIES INC,12422
MEDLINE INDUSTRIES INC,2024,"NURSING ACUTE DIALYSIS-BKL, 11101",MOUNT SINAI BROOKLYN,B. BRAUN,PHARMACEUTICAL PRODUCTS INCL. CONTRACEPTIVES AND VACCINES,True,True,PROCESSED,903037,"903037, MED/SURG DISPOSABLE",MOUNT SINAI BROOKLYN,Yes,E8000,B. BRAUN,7/23/2024 12:00:00 AM,1314081-53650,GOODS,SOL SOD CHL 0.9 PERC 1000ML INJ BAG - SUB 1 FOR L8000E8000BMGE8000,ORAPOS,SODIUM CHLORIDE ELECTROLYTES,BMGE8000,NURSING ACUTE DIALYSIS-BKL,11101,MED/SURG DISPOSABLE,MSHS-BRAUN-PP-IV,MSHS-BRAUN-PP-IV,SOL SOD CHL 0.9 PERC 1000ML INJ BAG - SUB 1 FOR L8000,903037,E8000,2,2,2,2,12,24,24,39.56,39.56,402-407-11-11101-00000000000-0-0,NF,BUYER   CONVERSION,"BUYER, CONVERSION","SODIUM CHLORIDE ELECTROLYTES 
 
B. BRAUN",SYSTEM CREATED,KH 1417 4709,"NURSING ACUTE DIALYSIS-BKL, 11101",MOUNT SINAI BROOKLYN,ACTIVE,CLOSED,EDI,TRUE,TRUE,39.56,CHP,MOUNT SINAI BROOKLYN,4709-900110-07-1417-0000000000-0000-000-000,False,MSHS-BRAUN-PP-IV,Yes,Yes,39.56,8323969,B. BRAUN,B. BRAUN,CA12,12,No, ,NO,903037, MED/SURG DISPOSABLE,7/23/2024 12:00:00 AM,CLOSED,1174-1-1,19.78,APPROVED,CASE,7/23/2024 12:00:00 AM,NF,7/23/2024 12:00:00 AM,3374787,"URBINA, HILZA ROSEL",,,KH KINGS HIGHWAY,39.56,ELECTROLYTES,51191602,AGENTS AFFECTING WATER AND ELECTROLYTES,MEDLINE INDUSTRIES INC,12422
MEDLINE INDUSTRIES INC,2024,"NURSING ACUTE DIALYSIS-BKL, 11101",MOUNT SINAI BROOKLYN,B. BRAUN MEDICAL,PHARMACEUTICAL PRODUCTS INCL. CONTRACEPTIVES AND VACCINES,True,True,PROCESSED,903037,"903037, MED/SURG DISPOSABLE",MOUNT SINAI BROOKLYN,Yes,E8000,B. BRAUN MEDICAL,5/15/2024 12:00:00 AM,1314081-49297,GOODS,SOL SOD CHL 0.9 PERC 1000ML INJ BAG - SUB 1 FOR L8000E8000BMGE8000,ORAPOS,SODIUM CHLORIDE ELECTROLYTES,BMGE8000,NURSING ACUTE DIALYSIS-BKL,11101,MED/SURG DISPOSABLE,MSHS-BRAUN-PP-IV,MSHS-BRAUN-PP-IV,SOL SOD CHL 0.9 PERC 1000ML INJ BAG - SUB 1 FOR L8000,903037,E8000,2,2,2,2,12,24,24,39.56,39.56,402-407-11-11101-00000000000-0-0,NF,BUYER   CONVERSION,"BUYER, CONVERSION","SODIUM CHLORIDE ELECTROLYTES 
 
B. BRAUN MEDICAL",SYSTEM CREATED,KH 1417 4709,"NURSING ACUTE DIALYSIS-BKL, 11101",MOUNT SINAI BROOKLYN,ACTIVE,CLOSED,EDI,TRUE,TRUE,39.56,CHP,MOUNT SINAI BROOKLYN,4709-900110-07-1417-0000000000-0000-000-000,False,MSHS-BRAUN-PP-IV,Yes,Yes,39.56,8323969,B. BRAUN MEDICAL,B. BRAUN MEDICAL,CA12,12,No, ,NO,903037, MED/SURG DISPOSABLE,5/15/2024 12:00:00 AM,CLOSED,1174-4-1,19.78,APPROVED,CASE,5/15/2024 12:00:00 AM,NF,5/15/2024 12:00:00 AM,3351150,"URBINA, HILZA ROSEL",,,KH KINGS HIGHWAY,39.56,ELECTROLYTES,51191602,AGENTS AFFECTING WATER AND ELECTROLYTES,MEDLINE INDUSTRIES INC,12422
MEDLINE INDUSTRIES INC,2024,"MATERIALS MANAGEMENT RECEIVING, 60403",MOUNT SINAI BROOKLYN,B. BRAUN MEDICAL,PHARMACEUTICAL PRODUCTS INCL. CONTRACEPTIVES AND VACCINES,True,True,PROCESSED,903037,"903037, MED/SURG DISPOSABLE",MOUNT SINAI BROOKLYN,Yes,E8000,B. BRAUN MEDICAL,6/7/2024 12:00:00 AM,1314081-50823,GOODS,SOL SOD CHL 0.9 PERC 1000ML INJ BAG - SUB 1 FOR L8000E8000BMGE8000,ORAPOS,SODIUM CHLORIDE ELECTROLYTES,BMGE8000,MATERIALS MANAGEMENT RECEIVING,60403,MED/SURG DISPOSABLE,MSHS-BRAUN-PP-IV,MSHS-BRAUN-PP-IV,SOL SOD CHL 0.9 PERC 1000ML INJ BAG - SUB 1 FOR L8000,903037,E8000,6,6,6,6,12,72,72,118.68,118.68,402-954-11-60403-00000000000-0-0,NF,BUYER   CONVERSION,"BUYER, CONVERSION","SODIUM CHLORIDE ELECTROLYTES 
 
B. BRAUN MEDICAL",SYSTEM CREATED,CP 8840 4709,"MATERIALS MANAGEMENT RECEIVING, 60403",MOUNT SINAI BROOKLYN,ACTIVE,CLOSED,EDI,TRUE,TRUE,118.68,CHP,MOUNT SINAI BROOKLYN,4709-900110-00-8840-0000000000-0000-000-000,False,MSHS-BRAUN-PP-IV,Yes,Yes,118.68,8323969,B. BRAUN MEDICAL,B. BRAUN MEDICAL,CA12,12,No, ,NO,903037, MED/SURG DISPOSABLE,6/7/2024 12:00:00 AM,CLOSED,1174-4-1,19.78,APPROVED,CASE,6/7/2024 12:00:00 AM,NF,6/7/2024 12:00:00 AM,3359412,"ZAMOR, KEVIN",,,KH KINGS HIGHWAY,118.68,ELECTROLYTES,51191602,AGENTS AFFECTING WATER AND ELECTROLYTES,MEDLINE INDUSTRIES INC,12422
MEDLINE INDUSTRIES INC,2024,"CARDIAC CATHERIZATION, 12605",MOUNT SINAI MORNINGSIDE,B. BRAUN MEDICAL,PHARMACEUTICAL PRODUCTS INCL. CONTRACEPTIVES AND VACCINES,True,True,PROCESSED,903037,"903037, MED/SURG DISPOSABLE",MOUNT SINAI MORNINGSIDE,Yes,E8000,B. BRAUN MEDICAL,6/25/2024 12:00:00 AM,1314081-51891,GOODS,SOL SOD CHL 0.9 PERC 1000ML INJ BAG - SUB 1 FOR L8000E8000BMGE8000,ORAPOS,SODIUM CHLORIDE ELECTROLYTES,BMGE8000,CARDIAC CATHERIZATION,12605,MED/SURG DISPOSABLE,MSHS-BRAUN-PP-IV,MSHS-BRAUN-PP-IV,SOL SOD CHL 0.9 PERC 1000ML INJ BAG - SUB 1 FOR L8000,903037,E8000,3,3,3,3,12,36,36,59.34,59.34,302-302-11-12605-00000000000-0-0,NF,BUYER   CONVERSION,"BUYER, CONVERSION","SODIUM CHLORIDE ELECTROLYTES 
 
B. BRAUN MEDICAL",SYSTEM CREATED,SLCCLSR03A,"CARDIAC CATHERIZATION, 12605",MOUNT SINAI MORNINGSIDE,ACTIVE,CLOSED,EDI,TRUE,TRUE,59.34,CHP,MOUNT SINAI MORNINGSIDE,1109-900110-02-4058-0000000000-0000-000-000,False,MSHS-BRAUN-PP-IV,Yes,Yes,59.34,8323969,B. BRAUN MEDICAL,B. BRAUN MEDICAL,CA12,12,No, ,NO,903037, MED/SURG DISPOSABLE,6/25/2024 12:00:00 AM,CLOSED,1174-1-1,19.78,APPROVED,CASE,6/25/2024 12:00:00 AM,NF,6/25/2024 12:00:00 AM,3365049,"TORRES, ERIKA E",,,SL ST LUKES,59.34,ELECTROLYTES,51191602,AGENTS AFFECTING WATER AND ELECTROLYTES,MEDLINE INDUSTRIES INC,12422
MEDLINE INDUSTRIES INC,2024,"CARDIAC CATHERIZATION, 12605",MOUNT SINAI MORNINGSIDE,B. BRAUN,PHARMACEUTICAL PRODUCTS INCL. CONTRACEPTIVES AND VACCINES,True,True,PROCESSED,903037,"903037, MED/SURG DISPOSABLE",MOUNT SINAI MORNINGSIDE,Yes,E8000,B. BRAUN,9/19/2024 12:00:00 AM,1314081-57401,GOODS,SOL SOD CHL 0.9 PERC 1000ML INJ BAG - SUB 1 FOR L8000E8000BMGE8000,ORAPOS,SODIUM CHLORIDE ELECTROLYTES,BMGE8000,CARDIAC CATHERIZATION,12605,MED/SURG DISPOSABLE,MSHS-BRAUN-PP-IV,MSHS-BRAUN-PP-IV,SOL SOD CHL 0.9 PERC 1000ML INJ BAG - SUB 1 FOR L8000,903037,E8000,1,1,1,1,12,12,12,19.78,19.78,302-302-11-12605-00000000000-0-0,NF,BUYER   CONVERSION,"BUYER, CONVERSION","SODIUM CHLORIDE ELECTROLYTES 
 
B. BRAUN",SYSTEM CREATED,SLCCLSR03A,"CARDIAC CATHERIZATION, 12605",MOUNT SINAI MORNINGSIDE,ACTIVE,CLOSED,EDI,TRUE,TRUE,19.78,CHP,MOUNT SINAI MORNINGSIDE,1109-900110-02-4058-0000000000-0000-000-000,False,MSHS-BRAUN-PP-IV,Yes,Yes,19.78,8323969,B. BRAUN,B. BRAUN,CA12,12,No, ,NO,903037, MED/SURG DISPOSABLE,9/19/2024 12:00:00 AM,CLOSED,1174-2-1,19.78,APPROVED,CASE,9/19/2024 12:00:00 AM,NF,9/19/2024 12:00:00 AM,3395188,"TORRES, ERIKA E",,,SL ST LUKES,19.78,ELECTROLYTES,51191602,AGENTS AFFECTING WATER AND ELECTROLYTES,MEDLINE INDUSTRIES INC,12422
MEDLINE INDUSTRIES INC,2024,"CARDIAC CATHERIZATION, 12605",MOUNT SINAI MORNINGSIDE,B. BRAUN,PHARMACEUTICAL PRODUCTS INCL. CONTRACEPTIVES AND VACCINES,True,True,PROCESSED,903037,"903037, MED/SURG DISPOSABLE",MOUNT SINAI MORNINGSIDE,Yes,E8000,B. BRAUN,8/21/2024 12:00:00 AM,1314081-55587,GOODS,SOL SOD CHL 0.9 PERC 1000ML INJ BAG - SUB 1 FOR L8000E8000BMGE8000,ORAPOS,SODIUM CHLORIDE ELECTROLYTES,BMGE8000,CARDIAC CATHERIZATION,12605,MED/SURG DISPOSABLE,MSHS-BRAUN-PP-IV,MSHS-BRAUN-PP-IV,SOL SOD CHL 0.9 PERC 1000ML INJ BAG - SUB 1 FOR L8000,903037,E8000,1,1,1,1,12,12,12,19.78,19.78,302-302-11-12605-00000000000-0-0,NF,BUYER   CONVERSION,"BUYER, CONVERSION","SODIUM CHLORIDE ELECTROLYTES 
 
B. BRAUN",SYSTEM CREATED,SLCCLSR03A,"CARDIAC CATHERIZATION, 12605",MOUNT SINAI MORNINGSIDE,ACTIVE,CLOSED,EDI,TRUE,TRUE,19.78,CHP,MOUNT SINAI MORNINGSIDE,1109-900110-02-4058-0000000000-0000-000-000,False,MSHS-BRAUN-PP-IV,Yes,Yes,19.78,8323969,B. BRAUN,B. BRAUN,NF,12,No, ,NO,903037, MED/SURG DISPOSABLE,8/21/2024 12:00:00 AM,CLOSED,1174-1-1,19.78,APPROVED,CASE,8/21/2024 12:00:00 AM,NF,8/21/2024 12:00:00 AM,3385486,"TORRES, ERIKA E",,,SL ST LUKES,19.78,ELECTROLYTES,51191602,AGENTS AFFECTING WATER AND ELECTROLYTES,MEDLINE INDUSTRIES INC,12422
MEDLINE INDUSTRIES INC,2024,"CARDIAC CATHERIZATION, 12605",MOUNT SINAI MORNINGSIDE,B. BRAUN MEDICAL,PHARMACEUTICAL PRODUCTS INCL. CONTRACEPTIVES AND VACCINES,True,True,PROCESSED,903037,"903037, MED/SURG DISPOSABLE",MOUNT SINAI MORNINGSIDE,Yes,E8000,B. BRAUN MEDICAL,6/5/2024 12:00:00 AM,1314081-50624,GOODS,SOL SOD CHL 0.9 PERC 1000ML INJ BAG - SUB 1 FOR L8000E8000BMGE8000,ORAPOS,SODIUM CHLORIDE ELECTROLYTES,BMGE8000,CARDIAC CATHERIZATION,12605,MED/SURG DISPOSABLE,MSHS-BRAUN-PP-IV,MSHS-BRAUN-PP-IV,SOL SOD CHL 0.9 PERC 1000ML INJ BAG - SUB 1 FOR L8000,903037,E8000,2,2,2,2,12,24,24,39.56,39.56,302-302-11-12605-00000000000-0-0,NF,BUYER   CONVERSION,"BUYER, CONVERSION","SODIUM CHLORIDE ELECTROLYTES 
 
B. BRAUN MEDICAL",SYSTEM CREATED,SLCCLSR03A,"CARDIAC CATHERIZATION, 12605",MOUNT SINAI MORNINGSIDE,ACTIVE,CLOSED,EDI,TRUE,TRUE,39.56,CHP,MOUNT SINAI MORNINGSIDE,1109-900110-02-4058-0000000000-0000-000-000,False,MSHS-BRAUN-PP-IV,Yes,Yes,39.56,8323969,B. BRAUN MEDICAL,B. BRAUN MEDICAL,CA12,12,No, ,NO,903037, MED/SURG DISPOSABLE,6/5/2024 12:00:00 AM,CLOSED,1174-2-1,19.78,APPROVED,CASE,6/5/2024 12:00:00 AM,NF,6/5/2024 12:00:00 AM,3358503,"TORRES, ERIKA E",,,SL ST LUKES,39.56,ELECTROLYTES,51191602,AGENTS AFFECTING WATER AND ELECTROLYTES,MEDLINE INDUSTRIES INC,12422
MEDLINE INDUSTRIES INC,2024,"ANESTHESIOLOGY, 12270",MOUNT SINAI WEST,B. BRAUN MEDICAL,PHARMACEUTICAL PRODUCTS INCL. CONTRACEPTIVES AND VACCINES,True,True,PROCESSED,903037,"903037, MED/SURG DISPOSABLE",MOUNT SINAI WEST,Yes,E8000,B. BRAUN MEDICAL,6/21/2024 12:00:00 AM,1314081-51680,GOODS,SOL SOD CHL 0.9 PERC 1000ML INJ BAG - SUB 1 FOR L8000E8000BMGE8000,ORAPOS,SODIUM CHLORIDE ELECTROLYTES,BMGE8000,ANESTHESIOLOGY,12270,MED/SURG DISPOSABLE,MSHS-BRAUN-PP-IV,MSHS-BRAUN-PP-IV,SOL SOD CHL 0.9 PERC 1000ML INJ BAG - SUB 1 FOR L8000,903037,E8000,10,10,10,10,12,120,120,197.8,197.8,301-301-11-12270-00000000000-0-0,NF,BUYER   CONVERSION,"BUYER, CONVERSION","SODIUM CHLORIDE ELECTROLYTES 
 
B. BRAUN MEDICAL",SYSTEM CREATED,RH 4280 1109,"ANESTHESIOLOGY, 12270",MOUNT SINAI WEST,ACTIVE,CLOSED,EDI,TRUE,TRUE,197.8,CHP,MOUNT SINAI WEST,1109-900110-01-4280-0000000000-0000-000-000,False,MSHS-BRAUN-PP-IV,Yes,Yes,197.8,8323969,B. BRAUN MEDICAL,B. BRAUN MEDICAL,NF,12,No, ,NO,903037, MED/SURG DISPOSABLE,6/21/2024 12:00:00 AM,CLOSED,1174-1-1,19.78,APPROVED,CASE,6/21/2024 12:00:00 AM,NF,6/21/2024 12:00:00 AM,3364134,"RIVERA, ADRIAN A",,,RH ROOSEVELT,197.8,ELECTROLYTES,51191602,AGENTS AFFECTING WATER AND ELECTROLYTES,MEDLINE INDUSTRIES INC,12422
MEDLINE INDUSTRIES INC,2024,"PHARMACY, 21300",MOUNT SINAI WEST,B. BRAUN,PHARMACEUTICAL PRODUCTS INCL. CONTRACEPTIVES AND VACCINES,True,True,CLOSED,903037,"903037, MED/SURG DISPOSABLE",MOUNT SINAI WEST,Yes,E8000,B. BRAUN,10/1/2024 12:00:00 AM,1474179,GOODS,SOL SOD CHL 0.9 PERC 1000ML INJ BAG - SUB 1 FOR L8000E8000BMGE8000,ORAPOS,SODIUM CHLORIDE ELECTROLYTES,BMGE8000,PHARMACY,21300,MED/SURG DISPOSABLE,MSHS-BRAUN-PP-IV,MSHS-BRAUN-PP-IV,SOL SOD CHL 0.9 PERC 1000ML INJ BAG - SUB 1 FOR L8000,903037,E8000,4,2,4,2,12,24,48,39.56,39.56,,NF,BANNERMAN   TRACEY,"BANNERMAN, TRACEY","SODIUM CHLORIDE ELECTROLYTES 
 
B. BRAUN",BUYER CREATED,1000 10TH AVE 2ND FL RM 2B-36 PRMCY 2ND FL ROOM 2B-36 PHARMA,"PHARMACY, 21300",MOUNT SINAI WEST,ACTIVE,CLOSED,EDI,TRUE,TRUE,39.56,CHP,MOUNT SINAI WEST,301-301-11-21300-903037-00000000000-000-0000-000-00000-00000----,False,MSHS-BRAUN-PP-IV,Yes,Yes,39.56,8323969,B. BRAUN,B. BRAUN,NF,12,No, ,NO,903037, MED/SURG DISPOSABLE,10/1/2024 12:00:00 AM,CLOSED,1-1-1,19.78,CLOSED,CASE,10/1/2024 12:00:00 AM,NF,9/30/2024 12:00:00 AM,3399528,"HAMMOND, VINCENT PAUL JR",,,MOUNT SINAI WEST - RECVG MAIN,79.12,ELECTROLYTES,51191602,AGENTS AFFECTING WATER AND ELECTROLYTES,MEDLINE INDUSTRIES INC,12422
MEDLINE INDUSTRIES INC,2025,"RENAL DIALYSIS INSTITUTE, 77047",MOUNT SINAI BROOKLYN,B. BRAUN,IV SOLUTIONS,True,True,CLOSED,903033,"903033, IV SOLUTIONS",MOUNT SINAI BROOKLYN,Yes,E8000,B. BRAUN,4/14/2025 12:00:00 AM,B1019976,GOODS,SOL SOD CHL 0.9 PERC 1000ML INJ BAG - SUB 1 FOR L8000E8000BMGE8000,ORAPOS,IV SOLUTIONS,BMGE8000,RENAL DIALYSIS INSTITUTE,77047,IV SOLUTIONS,MSHS-BRAUN-PP-IV,,SOL SOD CHL 0.9 PERC 1000ML INJ BAG - SUB 1 FOR L8000,903033,E8000,3,0,3,3,12,36,36,58.14,58.14,NF,NF,PERRY LUANA,PERRY LUANA,"IV SOLUTIONS 
 
B. BRAUN",Y,3201 KINGS HGWY 2 E #201 DIALYSIS 2 EAST #201 DIALYSIS,"RENAL DIALYSIS INSTITUTE, 77047",MOUNT SINAI BROOKLYN,ACTIVE,CLOSED,EDI,TRUE,TRUE,62.31,MOUNT SINAI BROOKLYN,MOUNT SINAI BROOKLYN,402-407-11-77047-903033-00000000000-000-0000-000-00000-00000----,False,MSHS-BRAUN-PP-IV,Yes,Yes,58.14,8323969,B. BRAUN,B. BRAUN,NF,12,No, ,NO,903033, IV SOLUTIONS,4/14/2025 12:00:00 AM,CLOSED FOR RECEIVING,6-1-1,20.77,CLOSED FOR RECEIVING,CASE,4/14/2025 12:00:00 AM,NF,4/14/2025 12:00:00 AM,K4533,GUGLIOTTA LOUIS,,,MOUNT SINAI BROOKLYN - RECVG MAIN,62.31,NF,NF,NF,MEDLINE INDUSTRIES INC,12422
MEDLINE INDUSTRIES INC,2025,"HSO PHARMACY BENEFITS MANAGEMENT, 21310",MOUNT SINAI MORNINGSIDE,B. BRAUN,IV SOLUTIONS,True,True,CLOSED,903033,"903033, IV SOLUTIONS",MOUNT SINAI MORNINGSIDE,Yes,E8000,B. BRAUN,7/31/2025 12:00:00 AM,W1000692,GOODS,SOL SOD CHL 0.9 PERC 1000ML INJ BAG - SUB 1 FOR L8000E8000BMGE8000,ORAPOS,IV SOLUTIONS,BMGE8000,HSO PHARMACY BENEFITS MANAGEMENT,21310,IV SOLUTIONS,MSHS-BRAUN-PP-IV,,SOL SOD CHL 0.9 PERC 1000ML INJ BAG - SUB 1 FOR L8000,903033,E8000,6,0,6,6,12,72,72,0,0,NF,NF,BANNERMAN TRACEY,BANNERMAN TRACEY,"IV SOLUTIONS 
 
B. BRAUN",Y,1111 AMSTERDAM AVE HSO PRMCY BEN MGMT MSWMSM-GENERAL FUNDS H,"HSO PHARMACY BENEFITS MANAGEMENT, 21310",MOUNT SINAI MORNINGSIDE,ACTIVE,CLOSED,EDI,TRUE,TRUE,118.68,MOUNT SINAI MORNINGSIDE,MOUNT SINAI MORNINGSIDE,302-302-11-21310-903033-00000000000-000-0000-000-00000-00000----,False,MSHS-BRAUN-PP-IV,Yes,Yes,0,8323969,B. BRAUN,B. BRAUN,NF,12,No, ,NO,903033, IV SOLUTIONS,10/9/2024 12:00:00 AM,CLOSED FOR RECEIVING,1-1-1,19.78,CLOSED FOR RECEIVING,CASE,7/31/2025 12:00:00 AM,NF,10/9/2024 12:00:00 AM,L263,HAMMOND VINCENT,,,1111 AMSTERDAM AVE HSO PRMCY BEN MGMT MSWMSM-GENERAL FUNDS H,118.68,NF,NF,NF,MEDLINE INDUSTRIES INC,12422
MEDLINE INDUSTRIES INC,2024,"NURSING ACUTE DIALYSIS-BKL, 11101",MOUNT SINAI BROOKLYN,B. BRAUN MEDICAL,PHARMACEUTICAL PRODUCTS INCL. CONTRACEPTIVES AND VACCINES,True,True,PROCESSED,903037,"903037, MED/SURG DISPOSABLE",MOUNT SINAI BROOKLYN,Yes,E8000,B. BRAUN MEDICAL,5/6/2024 12:00:00 AM,1314081-48635,GOODS,SOL SOD CHL 0.9 PERC 1000ML INJ BAG - SUB 1 FOR L8000E8000BMGE8000,ORAPOS,SODIUM CHLORIDE ELECTROLYTES,BMGE8000,NURSING ACUTE DIALYSIS-BKL,11101,MED/SURG DISPOSABLE,MSHS-BRAUN-PP-IV,MSHS-BRAUN-PP-IV,SOL SOD CHL 0.9 PERC 1000ML INJ BAG - SUB 1 FOR L8000,903037,E8000,2,2,2,2,12,24,24,39.56,39.56,402-407-11-11101-00000000000-0-0,NF,BUYER   CONVERSION,"BUYER, CONVERSION","SODIUM CHLORIDE ELECTROLYTES 
 
B. BRAUN MEDICAL",SYSTEM CREATED,KH 1417 4709,"NURSING ACUTE DIALYSIS-BKL, 11101",MOUNT SINAI BROOKLYN,ACTIVE,CLOSED,EDI,TRUE,TRUE,39.56,CHP,MOUNT SINAI BROOKLYN,4709-900110-07-1417-0000000000-0000-000-000,False,MSHS-BRAUN-PP-IV,Yes,Yes,39.56,8323969,B. BRAUN MEDICAL,B. BRAUN MEDICAL,CA12,12,No, ,NO,903037, MED/SURG DISPOSABLE,5/6/2024 12:00:00 AM,CLOSED,1174-5-1,19.78,APPROVED,CASE,5/6/2024 12:00:00 AM,NF,5/6/2024 12:00:00 AM,3346307,"URBINA, HILZA ROSEL",,,KH KINGS HIGHWAY,39.56,ELECTROLYTES,51191602,AGENTS AFFECTING WATER AND ELECTROLYTES,MEDLINE INDUSTRIES INC,12422
MEDLINE INDUSTRIES INC,2024,"NURSING ACUTE DIALYSIS-BKL, 11101",MOUNT SINAI BROOKLYN,B. BRAUN MEDICAL,PHARMACEUTICAL PRODUCTS INCL. CONTRACEPTIVES AND VACCINES,True,True,PROCESSED,903037,"903037, MED/SURG DISPOSABLE",MOUNT SINAI BROOKLYN,Yes,E8000,B. BRAUN MEDICAL,6/7/2024 12:00:00 AM,1314081-50821,GOODS,SOL SOD CHL 0.9 PERC 1000ML INJ BAG - SUB 1 FOR L8000E8000BMGE8000,ORAPOS,SODIUM CHLORIDE ELECTROLYTES,BMGE8000,NURSING ACUTE DIALYSIS-BKL,11101,MED/SURG DISPOSABLE,MSHS-BRAUN-PP-IV,MSHS-BRAUN-PP-IV,SOL SOD CHL 0.9 PERC 1000ML INJ BAG - SUB 1 FOR L8000,903037,E8000,3,3,3,3,12,36,36,59.34,59.34,402-407-11-11101-00000000000-0-0,NF,BUYER   CONVERSION,"BUYER, CONVERSION","SODIUM CHLORIDE ELECTROLYTES 
 
B. BRAUN MEDICAL",SYSTEM CREATED,KH 1417 4709,"NURSING ACUTE DIALYSIS-BKL, 11101",MOUNT SINAI BROOKLYN,ACTIVE,CLOSED,EDI,TRUE,TRUE,59.34,CHP,MOUNT SINAI BROOKLYN,4709-900110-07-1417-0000000000-0000-000-000,False,MSHS-BRAUN-PP-IV,Yes,Yes,59.34,8323969,B. BRAUN MEDICAL,B. BRAUN MEDICAL,CA12,12,No, ,NO,903037, MED/SURG DISPOSABLE,6/7/2024 12:00:00 AM,CLOSED,1174-4-1,19.78,APPROVED,CASE,6/7/2024 12:00:00 AM,NF,6/7/2024 12:00:00 AM,3358848,"URBINA, HILZA ROSEL",,,KH KINGS HIGHWAY,59.34,ELECTROLYTES,51191602,AGENTS AFFECTING WATER AND ELECTROLYTES,MEDLINE INDUSTRIES INC,12422
MEDLINE INDUSTRIES INC,2024,"NURSING ACUTE DIALYSIS-BKL, 11101",MOUNT SINAI BROOKLYN,B. BRAUN MEDICAL,PHARMACEUTICAL PRODUCTS INCL. CONTRACEPTIVES AND VACCINES,True,True,PROCESSED,903037,"903037, MED/SURG DISPOSABLE",MOUNT SINAI BROOKLYN,Yes,E8000,B. BRAUN MEDICAL,5/28/2024 12:00:00 AM,1314081-50046,GOODS,SOL SOD CHL 0.9 PERC 1000ML INJ BAG - SUB 1 FOR L8000E8000BMGE8000,ORAPOS,SODIUM CHLORIDE ELECTROLYTES,BMGE8000,NURSING ACUTE DIALYSIS-BKL,11101,MED/SURG DISPOSABLE,MSHS-BRAUN-PP-IV,MSHS-BRAUN-PP-IV,SOL SOD CHL 0.9 PERC 1000ML INJ BAG - SUB 1 FOR L8000,903037,E8000,3,3,3,3,12,36,36,59.34,59.34,402-407-11-11101-00000000000-0-0,NF,BUYER   CONVERSION,"BUYER, CONVERSION","SODIUM CHLORIDE ELECTROLYTES 
 
B. BRAUN MEDICAL",SYSTEM CREATED,KH 1417 4709,"NURSING ACUTE DIALYSIS-BKL, 11101",MOUNT SINAI BROOKLYN,ACTIVE,CLOSED,EDI,TRUE,TRUE,59.34,CHP,MOUNT SINAI BROOKLYN,4709-900110-07-1417-0000000000-0000-000-000,False,MSHS-BRAUN-PP-IV,Yes,Yes,59.34,8323969,B. BRAUN MEDICAL,B. BRAUN MEDICAL,CA12,12,No, ,NO,903037, MED/SURG DISPOSABLE,5/28/2024 12:00:00 AM,CLOSED,1174-3-1,19.78,APPROVED,CASE,5/28/2024 12:00:00 AM,NF,5/28/2024 12:00:00 AM,3354978,"URBINA, HILZA ROSEL",,,KH KINGS HIGHWAY,59.34,ELECTROLYTES,51191602,AGENTS AFFECTING WATER AND ELECTROLYTES,MEDLINE INDUSTRIES INC,12422
MEDLINE INDUSTRIES INC,2023,"CARDIAC CATHERIZATION, 12605",MOUNT SINAI MORNINGSIDE,B BRAUN,DRUGS AND PHARMACEUTICAL PRODUCTS,True,True,PROCESSED,903037,"903037, MED/SURG DISPOSABLE",MOUNT SINAI MORNINGSIDE,Yes,E8000,B BRAUN,10/13/2023 12:00:00 AM,1314081-35013,GOODS,SOL SOD CHL 0.9 PERC 1000ML INJ BAG - SUB 1 FOR L8000E8000BMGE8000,ORAPOS,SODIUM CHLORIDE ELECTROLYTES,BMGE8000,CARDIAC CATHERIZATION,12605,MED/SURG DISPOSABLE,MSHS-BRAUN-PP-IV,MSHS-BRAUN-PP-IV,SOL SOD CHL 0.9 PERC 1000ML INJ BAG - SUB 1 FOR L8000,903037,E8000,1,1,1,1,12,12,12,19.78,19.78,302-302-11-12605-00000000000-0-0,NF,BUYER   CONVERSION,"BUYER, CONVERSION","SODIUM CHLORIDE ELECTROLYTES 
 
B BRAUN",SYSTEM CREATED,SLCCLSR03A,"CARDIAC CATHERIZATION, 12605",MOUNT SINAI MORNINGSIDE,ACTIVE,CLOSED,EDI,TRUE,TRUE,19.78,CHP,MOUNT SINAI MORNINGSIDE,1109-900110-02-4058-0000000000-0000-000-000,False,MSHS-BRAUN-PP-IV,Yes,Yes,19.78,8323969,B BRAUN,B BRAUN,CA12,12,No, ,NO,903037, MED/SURG DISPOSABLE,10/13/2023 12:00:00 AM,CLOSED,1174-2-1,19.78,APPROVED,CASE,10/13/2023 12:00:00 AM,NF,10/13/2023 12:00:00 AM,3271939,"TORRES, ERIKA E",,,SL ST LUKES,19.78,ELECTROLYTES,51191602,AGENTS AFFECTING WATER AND ELECTROLYTES,MEDLINE INDUSTRIES INC,12422
MEDLINE INDUSTRIES INC,2025,"PHARMACY, 21300",MOUNT SINAI WEST VILLAGE,B. BRAUN,IV SOLUTIONS,True,True,CLOSED,903033,"903033, IV SOLUTIONS",MOUNT SINAI WEST VILLAGE,Yes,E8000,B. BRAUN,3/16/2025 12:00:00 AM,B1012233,GOODS,SOL SOD CHL 0.9 PERC 1000ML INJ BAG - SUB 1 FOR L8000E8000BMGE8000,ORAPOS,IV SOLUTIONS,BMGE8000,PHARMACY,21300,IV SOLUTIONS,MSHS-BRAUN-PP-IV,,SOL SOD CHL 0.9 PERC 1000ML INJ BAG - SUB 1 FOR L8000,903033,E8000,1,0,1,1,12,12,12,0,0,NF,NF,BANNERMAN TRACEY,BANNERMAN TRACEY,"IV SOLUTIONS 
 
B. BRAUN",Y,325 W 15TH ST 1ST FL PRMCY 1ST FLOOR PHARMACY,"PHARMACY, 21300",MOUNT SINAI WEST VILLAGE,ACTIVE,CLOSED,EDI,TRUE,TRUE,20.77,MS CANCER CENTER WEST,MOUNT SINAI WEST VILLAGE,408-958-11-21300-903033-00000000000-000-0000-000-00000-00000----,False,MSHS-BRAUN-PP-IV,Yes,Yes,0,8323969,B. BRAUN,B. BRAUN,NF,12,No, ,NO,903033, IV SOLUTIONS,1/30/2025 12:00:00 AM,CLOSED FOR RECEIVING,1-1-1,20.77,CLOSED FOR RECEIVING,CASE,3/16/2025 12:00:00 AM,NF,1/30/2025 12:00:00 AM,C1172,VARGHESE MATHEW,,,MS CANCER CENTER WEST - RECVG MAIN,20.77,NF,NF,NF,MEDLINE INDUSTRIES INC,12422
MEDLINE INDUSTRIES INC,2024,"MATERIALS MANAGEMENT STORE ROOM, 60404",MOUNT SINAI BETH ISRAEL,B. BRAUN,PHARMACEUTICAL PRODUCTS INCL. CONTRACEPTIVES AND VACCINES,True,True,PROCESSED,903037,"903037, MED/SURG DISPOSABLE",MOUNT SINAI BETH ISRAEL,Yes,E8000,B. BRAUN,8/26/2024 12:00:00 AM,1314081-55832,GOODS,SOL SOD CHL 0.9 PERC 1000ML INJ BAG - SUB 1 FOR L8000E8000BMGE8000,ORAPOS,SODIUM CHLORIDE ELECTROLYTES,BMGE8000,MATERIALS MANAGEMENT STORE ROOM,60404,MED/SURG DISPOSABLE,MSHS-BRAUN-PP-IV,MSHS-BRAUN-PP-IV,SOL SOD CHL 0.9 PERC 1000ML INJ BAG - SUB 1 FOR L8000,903037,E8000,4,4,4,4,12,48,48,79.12,79.12,401-954-11-60404-00000000000-0-0,NF,BUYER   CONVERSION,"BUYER, CONVERSION","SODIUM CHLORIDE ELECTROLYTES 
 
B. BRAUN",SYSTEM CREATED,CP 8835 4409,"MATERIALS MANAGEMENT STORE ROOM, 60404",MOUNT SINAI BETH ISRAEL,ACTIVE,CLOSED,EDI,TRUE,TRUE,79.12,CHP,MOUNT SINAI BETH ISRAEL,4409-900110-00-8835-0000000000-0000-000-000,False,MSHS-BRAUN-PP-IV,Yes,Yes,79.12,8323969,B. BRAUN,B. BRAUN,CA12,12,No, ,NO,903037, MED/SURG DISPOSABLE,8/26/2024 12:00:00 AM,CLOSED,1174-1-1,19.78,APPROVED,CASE,8/26/2024 12:00:00 AM,NF,8/26/2024 12:00:00 AM,3386905,"PANEQUE, RUBY",,,MT SINAI BETH ISRAEL,79.12,ELECTROLYTES,51191602,AGENTS AFFECTING WATER AND ELECTROLYTES,MEDLINE INDUSTRIES INC,12422
MEDLINE INDUSTRIES INC,2024,"NURSING ACUTE DIALYSIS-BKL, 11101",MOUNT SINAI BROOKLYN,B. BRAUN,PHARMACEUTICAL PRODUCTS INCL. CONTRACEPTIVES AND VACCINES,True,True,CLOSED,903037,"903037, MED/SURG DISPOSABLE",MOUNT SINAI BROOKLYN,Yes,E8000,B. BRAUN,9/26/2024 12:00:00 AM,1314081-57846,GOODS,SOL SOD CHL 0.9 PERC 1000ML INJ BAG - SUB 1 FOR L8000E8000BMGE8000,ORAPOS,SODIUM CHLORIDE ELECTROLYTES,BMGE8000,NURSING ACUTE DIALYSIS-BKL,11101,MED/SURG DISPOSABLE,MSHS-BRAUN-PP-IV,MSHS-BRAUN-PP-IV,SOL SOD CHL 0.9 PERC 1000ML INJ BAG - SUB 1 FOR L8000,903037,E8000,2,0,2,2,12,24,24,39.56,39.56,,NF,BUYER   CONVERSION,"BUYER, CONVERSION","SODIUM CHLORIDE ELECTROLYTES 
 
B. BRAUN",SYSTEM CREATED,3201 KINGS HGWY 2 E #201 DIALYSIS 2 EAST #201 DIALYSIS 1,"NURSING ACUTE DIALYSIS-BKL, 11101",MOUNT SINAI BROOKLYN,ACTIVE,CLOSED,EDI,TRUE,TRUE,39.56,CHP,MOUNT SINAI BROOKLYN,402-407-11-11101-903037-00000000000-000-0000-000-00000-00000----,False,MSHS-BRAUN-PP-IV,Yes,Yes,0,8323969,B. BRAUN,B. BRAUN,CA12,12,No, ,NO,903037, MED/SURG DISPOSABLE,9/26/2024 12:00:00 AM,CLOSED FOR RECEIVING,7-7-1,19.78,CLOSED FOR RECEIVING,CASE,9/26/2024 12:00:00 AM,NF,9/26/2024 12:00:00 AM,3398079,"URBINA, HILZA ROSEL",,,MOUNT SINAI BROOKLYN - RECVG MAIN,39.56,ELECTROLYTES,51191602,AGENTS AFFECTING WATER AND ELECTROLYTES,MEDLINE INDUSTRIES INC,12422
MEDLINE INDUSTRIES INC,2025,"RTC PHARMACY, 12318",MOUNT SINAI HOSPITAL,B. BRAUN,IV SOLUTIONS,True,True,CLOSED,903033,"903033, IV SOLUTIONS",MOUNT SINAI HOSPITAL,Yes,E8000,B. BRAUN,3/27/2025 12:00:00 AM,M3077340,GOODS,SOL SOD CHL 0.9 PERC 1000ML INJ BAG - SUB 1 FOR L8000E8000BMGE8000,ORAPOS,IV SOLUTIONS,BMGE8000,RTC PHARMACY,12318,IV SOLUTIONS,MSHS-BRAUN-PP-IV,,SOL SOD CHL 0.9 PERC 1000ML INJ BAG - SUB 1 FOR L8000,903033,E8000,6,6,6,6,12,72,72,124.62,124.62,NF,NF,REYES ILICH,REYES ILICH,"IV SOLUTIONS 
 
B. BRAUN",Y,12318 RTC PHARMACY CSM 4TH FL RM 105,"RTC PHARMACY, 12318",MOUNT SINAI HOSPITAL,ACTIVE,CLOSED,EDI,TRUE,TRUE,124.62,MOUNT SINAI HOSPITAL,MOUNT SINAI HOSPITAL,101-101-11-12318-903033-00000000000-000-0000-000-00000-00000----,False,MSHS-BRAUN-PP-IV,Yes,Yes,124.62,8323969,B. BRAUN,B. BRAUN,NF,12,No, ,NO,903033, IV SOLUTIONS,3/27/2025 12:00:00 AM,CLOSED,1-1-1,20.77,CLOSED,CASE,3/27/2025 12:00:00 AM,NF,3/27/2025 12:00:00 AM,M41149,REYES LUCY,,,MOUNT SINAI HOSPITAL - RECVG MAIN,124.62,NF,NF,NF,MEDLINE INDUSTRIES INC,12422
MEDLINE INDUSTRIES INC,2024,"PHARMACY, 21300",MOUNT SINAI WEST,B. BRAUN,IV SOLUTIONS,True,True,CLOSED,903033,"903033, IV SOLUTIONS",MOUNT SINAI WEST,Yes,E8000,B. BRAUN,10/14/2024 12:00:00 AM,W1001765,GOODS,SOL SOD CHL 0.9 PERC 1000ML INJ BAG - SUB 1 FOR L8000E8000BMGE8000,ORAPOS,IV SOLUTIONS,BMGE8000,PHARMACY,21300,IV SOLUTIONS,MSHS-BRAUN-PP-IV,,SOL SOD CHL 0.9 PERC 1000ML INJ BAG - SUB 1 FOR L8000,903033,E8000,1,1,1,1,12,12,12,19.78,19.78,NF,NF,BANNERMAN TRACEY,BANNERMAN TRACEY,"IV SOLUTIONS 
 
B. BRAUN",Y,1000 10TH AVE 2ND FL RM 2B-36 PRMCY 2ND FL ROOM 2B-36 PHARMA,"PHARMACY, 21300",MOUNT SINAI WEST,ACTIVE,CLOSED,EDI,TRUE,TRUE,19.78,MOUNT SINAI - WEST,MOUNT SINAI WEST,301-301-11-21300-903033-00000000000-000-0000-000-00000-00000----,False,MSHS-BRAUN-PP-IV,Yes,Yes,19.78,8323969,B. BRAUN,B. BRAUN,NF,12,No, ,NO,903033, IV SOLUTIONS,10/14/2024 12:00:00 AM,CLOSED,1-1-1,19.78,CLOSED,CASE,10/14/2024 12:00:00 AM,NF,10/14/2024 12:00:00 AM,W766,KAUR GURPREET,,,MOUNT SINAI WEST - RECVG MAIN,19.78,NF,NF,NF,MEDLINE INDUSTRIES INC,12422
MEDLINE INDUSTRIES INC,2024,"STERILE PROCESSING, 60170",MOUNT SINAI WEST,B. BRAUN,IV SOLUTIONS,True,True,CLOSED,903033,"903033, IV SOLUTIONS",MOUNT SINAI WEST,Yes,E8000,B. BRAUN,10/31/2024 12:00:00 AM,W1006841,GOODS,SOL SOD CHL 0.9 PERC 1000ML INJ BAG - SUB 1 FOR L8000E8000BMGE8000,ORAPOS,IV SOLUTIONS,BMGE8000,STERILE PROCESSING,60170,IV SOLUTIONS,MSHS-BRAUN-PP-IV,,SOL SOD CHL 0.9 PERC 1000ML INJ BAG - SUB 1 FOR L8000,903033,E8000,3,3,3,3,12,36,36,59.34,59.34,NF,NF,BALSEIRO LOURDES,BALSEIRO LOURDES,"IV SOLUTIONS 
 
B. BRAUN",Y,1000 10TH AVE RH LOBBY LEVEL CENTRAL STERILE REPROCESSING RO,"STERILE PROCESSING, 60170",MOUNT SINAI WEST,ACTIVE,CLOSED,EDI,TRUE,TRUE,59.34,MOUNT SINAI - WEST,MOUNT SINAI WEST,301-301-11-60170-903033-00000000000-000-0000-000-00000-00000----,False,MSHS-BRAUN-PP-IV,Yes,Yes,59.34,8323969,B. BRAUN,B. BRAUN,NF,12,No, ,NO,903033, IV SOLUTIONS,10/31/2024 12:00:00 AM,CLOSED,5-1-1,19.78,CLOSED FOR RECEIVING,CASE,10/31/2024 12:00:00 AM,NF,10/31/2024 12:00:00 AM,W2831,MELENDEZ RAFAEL,,,MOUNT SINAI WEST - RECVG MAIN,59.34,NF,NF,NF,MEDLINE INDUSTRIES INC,12422
MEDLINE INDUSTRIES INC,2025,"UROLOGY DEPARTMENT, 13570",OFFSITES,B BRAUN MEDICAL INC.,MED/SURG DISPOSABLE,True,True,CLOSED,903037,"903037, MED/SURG DISPOSABLE",OFFSITES,Yes,E8000,B BRAUN MEDICAL INC.,6/4/2025 12:00:00 AM,S3056087,GOODS,"INJECTIONS: 0.9% SODIUM CHLORIDE INJECTION SOLUTION, USP, 1,000 ML BAGE8000BMGL8000",ORAPOS,MED/SURG DISPOSABLE,BMGL8000,UROLOGY DEPARTMENT,13570,MED/SURG DISPOSABLE,MSHS-BRAUN-PP-IV,,"INJECTIONS: 0.9% SODIUM CHLORIDE INJECTION SOLUTION, USP, 1,000 ML BAG",903037,E8000,3,0,3,3,,,,0,0,NF,CI16121018609,BUCHANAN   MRS. STEPHANIE,"BUCHANAN, MRS. STEPHANIE","MED/SURG DISPOSABLE 
 
B BRAUN MEDICAL INC.",NF,13570 OVHD FUND 445 EAST 77TH ST,"UROLOGY DEPARTMENT, 13570",OFFSITE - ISMMS,NONCAT,CLOSED,EDI,TRUE,TRUE,58.14,SCHOOL - OFFSITE,OFFSITES,201-101-21-13570-903037-IC135701061-201-2104-000-00000-00000----,False,MSHS-BRAUN-PP-IV,Yes,Yes,0,NF,B BRAUN MEDICAL INC.,B BRAUN MEDICAL INC.,NF,1,No, ,NO,903037, MED/SURG DISPOSABLE,6/3/2025 12:00:00 AM,CLOSED FOR RECEIVING,14-1-1,19.38,CLOSED FOR RECEIVING,CASE,6/4/2025 12:00:00 AM,CI16121018609,6/3/2025 12:00:00 AM,FS6506,PRISHTINA LEONORA,,,13570 OVHD FUND 445 EAST 77TH ST,58.14,NF,NF,NF,MEDLINE INDUSTRIES INC,12422
MEDLINE INDUSTRIES INC,2025,"PHARMACY, 21300",MOUNT SINAI DOWNTOWN UNION SQUARE,B. BRAUN,IV SOLUTIONS,True,True,OPEN,903033,"903033, IV SOLUTIONS",MOUNT SINAI DOWNTOWN UNION SQUARE,Yes,E8000,B. BRAUN,8/12/2025 12:00:00 AM,B1031613,GOODS,SOL SOD CHL 0.9 PERC 1000ML INJ BAG - SUB 1 FOR L8000E8000BMGE8000,ORAPOS,IV SOLUTIONS,BMGE8000,PHARMACY,21300,IV SOLUTIONS,MSHS-BRAUN-PP-IV,,SOL SOD CHL 0.9 PERC 1000ML INJ BAG - SUB 1 FOR L8000,903033,E8000,2,2,2,2,12,24,24,38.76,38.76,NF,NF,BANNERMAN TRACEY,BANNERMAN TRACEY,"IV SOLUTIONS 
 
B. BRAUN",Y,7 IRVING PL BW 14&15 STS PA PRMCY PA 4 FL B-RM 8 PACC PHARMA,"PHARMACY, 21300",MOUNT SINAI DOWNTOWN UNION SQUARE,ACTIVE,CLOSED,EDI,TRUE,TRUE,38.76,UNION SQUARE - DOWNTOWN,MOUNT SINAI DOWNTOWN UNION SQUARE,414-403-11-21300-903033-00000000000-000-0000-000-00000-00000----,False,MSHS-BRAUN-PP-IV,Yes,Yes,38.76,8323969,B. BRAUN,B. BRAUN,NF,12,No, ,NO,903033, IV SOLUTIONS,8/12/2025 12:00:00 AM,CLOSED,4-1-1,19.38,OPEN,CASE,8/12/2025 12:00:00 AM,NF,8/12/2025 12:00:00 AM,U10779,BAZAROVA TATYANA,,,MOUNT SINAI UNION SQUARE - RECVG MAIN,38.76,NF,NF,NF,MEDLINE INDUSTRIES INC,12422
MEDLINE INDUSTRIES INC,2024,"NURSING ACUTE DIALYSIS-BKL, 11101",MOUNT SINAI BROOKLYN,B. BRAUN,PHARMACEUTICAL PRODUCTS INCL. CONTRACEPTIVES AND VACCINES,True,True,PROCESSED,903037,"903037, MED/SURG DISPOSABLE",MOUNT SINAI BROOKLYN,Yes,E8000,B. BRAUN,9/12/2024 12:00:00 AM,1314081-56929,GOODS,SOL SOD CHL 0.9 PERC 1000ML INJ BAG - SUB 1 FOR L8000E8000BMGE8000,ORAPOS,SODIUM CHLORIDE ELECTROLYTES,BMGE8000,NURSING ACUTE DIALYSIS-BKL,11101,MED/SURG DISPOSABLE,MSHS-BRAUN-PP-IV,MSHS-BRAUN-PP-IV,SOL SOD CHL 0.9 PERC 1000ML INJ BAG - SUB 1 FOR L8000,903037,E8000,2,2,2,2,12,24,24,39.56,39.56,402-407-11-11101-00000000000-0-0,NF,BUYER   CONVERSION,"BUYER, CONVERSION","SODIUM CHLORIDE ELECTROLYTES 
 
B. BRAUN",SYSTEM CREATED,KH 1417 4709,"NURSING ACUTE DIALYSIS-BKL, 11101",MOUNT SINAI BROOKLYN,ACTIVE,CLOSED,EDI,TRUE,TRUE,39.56,CHP,MOUNT SINAI BROOKLYN,4709-900110-07-1417-0000000000-0000-000-000,False,MSHS-BRAUN-PP-IV,Yes,Yes,39.56,8323969,B. BRAUN,B. BRAUN,CA12,12,No, ,NO,903037, MED/SURG DISPOSABLE,9/12/2024 12:00:00 AM,CLOSED,1174-5-1,19.78,APPROVED,CASE,9/12/2024 12:00:00 AM,NF,9/12/2024 12:00:00 AM,3392618,"URBINA, HILZA ROSEL",,,KH KINGS HIGHWAY,39.56,ELECTROLYTES,51191602,AGENTS AFFECTING WATER AND ELECTROLYTES,MEDLINE INDUSTRIES INC,12422
MEDLINE INDUSTRIES INC,2024,"MATERIALS MANAGEMENT RECEIVING, 60403",MOUNT SINAI BROOKLYN,B. BRAUN,MED/SURG DISPOSABLE,True,True,PROCESSED,903037,"903037, MED/SURG DISPOSABLE",MOUNT SINAI BROOKLYN,Yes,E8000,B. BRAUN,8/2/2024 12:00:00 AM,1314081-54307,GOODS,SOL SOD CHL 0.9 PERC 1000ML INJ BAG - SUB 1 FOR L8000E8000BMGE8000,ORAPOS,MED/SURG DISPOSABLE,BMGE8000,MATERIALS MANAGEMENT RECEIVING,60403,MED/SURG DISPOSABLE,MSHS-BRAUN-PP-IV,,SOL SOD CHL 0.9 PERC 1000ML INJ BAG - SUB 1 FOR L8000,903037,E8000,8,8,8,8,12,96,96,158.24,158.24,402-954-11-60403-00000000000-0-0,NF,BUYER   CONVERSION,"BUYER, CONVERSION","MED/SURG DISPOSABLE 
 
B. BRAUN",SYSTEM CREATED,CP 8840 4709,"MATERIALS MANAGEMENT RECEIVING, 60403",MOUNT SINAI BROOKLYN,ACTIVE,CLOSED,EDI,TRUE,TRUE,158.24,CHP,MOUNT SINAI BROOKLYN,4709-900110-00-8840-0000000000-0000-000-000,False,MSHS-BRAUN-PP-IV,Yes,Yes,158.24,8323969,B. BRAUN,B. BRAUN,NF,12,No, ,NO,903037, MED/SURG DISPOSABLE,8/2/2024 12:00:00 AM,CLOSED,1174-1-1,19.78,APPROVED,CASE,8/2/2024 12:00:00 AM,NF,8/2/2024 12:00:00 AM,3378731,"ZAMOR, KEVIN",,,KH KINGS HIGHWAY,158.24,NF,NF,NF,MEDLINE INDUSTRIES INC,12422
MEDLINE INDUSTRIES INC,2024,"ANESTHESIOLOGY, 12270",MOUNT SINAI MORNINGSIDE,B. BRAUN,PHARMACEUTICAL PRODUCTS INCL. CONTRACEPTIVES AND VACCINES,True,True,PROCESSED,903037,"903037, MED/SURG DISPOSABLE",MOUNT SINAI MORNINGSIDE,Yes,E8000,B. BRAUN,8/28/2024 12:00:00 AM,1314081-55975,GOODS,SOL SOD CHL 0.9 PERC 1000ML INJ BAG - SUB 1 FOR L8000E8000BMGE8000,ORAPOS,SODIUM CHLORIDE ELECTROLYTES,BMGE8000,ANESTHESIOLOGY,12270,MED/SURG DISPOSABLE,MSHS-BRAUN-PP-IV,MSHS-BRAUN-PP-IV,SOL SOD CHL 0.9 PERC 1000ML INJ BAG - SUB 1 FOR L8000,903037,E8000,1,1,1,1,12,12,12,19.78,19.78,302-302-11-12270-00000000000-0-0,NF,BUYER   CONVERSION,"BUYER, CONVERSION","SODIUM CHLORIDE ELECTROLYTES 
 
B. BRAUN",SYSTEM CREATED,SLANEBA03A,"ANESTHESIOLOGY, 12270",MOUNT SINAI MORNINGSIDE,ACTIVE,CLOSED,EDI,TRUE,TRUE,19.78,CHP,MOUNT SINAI MORNINGSIDE,1109-900110-02-4280-0000000000-0000-000-000,False,MSHS-BRAUN-PP-IV,Yes,Yes,19.78,8323969,B. BRAUN,B. BRAUN,NF,12,No, ,NO,903037, MED/SURG DISPOSABLE,8/28/2024 12:00:00 AM,CLOSED,1174-1-1,19.78,APPROVED,CASE,8/28/2024 12:00:00 AM,NF,8/28/2024 12:00:00 AM,3387773,"ROSARIO, LEYDI LAURA",,,SL ST LUKES,19.78,ELECTROLYTES,51191602,AGENTS AFFECTING WATER AND ELECTROLYTES,MEDLINE INDUSTRIES INC,12422
MEDLINE INDUSTRIES INC,2024,"CARDIAC CATHERIZATION, 12605",MOUNT SINAI MORNINGSIDE,B. BRAUN MEDICAL,PHARMACEUTICAL PRODUCTS INCL. CONTRACEPTIVES AND VACCINES,True,True,PROCESSED,903037,"903037, MED/SURG DISPOSABLE",MOUNT SINAI MORNINGSIDE,Yes,E8000,B. BRAUN MEDICAL,5/13/2024 12:00:00 AM,1314081-49102,GOODS,SOL SOD CHL 0.9 PERC 1000ML INJ BAG - SUB 1 FOR L8000E8000BMGE8000,ORAPOS,SODIUM CHLORIDE ELECTROLYTES,BMGE8000,CARDIAC CATHERIZATION,12605,MED/SURG DISPOSABLE,MSHS-BRAUN-PP-IV,MSHS-BRAUN-PP-IV,SOL SOD CHL 0.9 PERC 1000ML INJ BAG - SUB 1 FOR L8000,903037,E8000,1,1,1,1,12,12,12,19.78,19.78,302-302-11-12605-00000000000-0-0,NF,BUYER   CONVERSION,"BUYER, CONVERSION","SODIUM CHLORIDE ELECTROLYTES 
 
B. BRAUN MEDICAL",SYSTEM CREATED,SLCCLSR03A,"CARDIAC CATHERIZATION, 12605",MOUNT SINAI MORNINGSIDE,ACTIVE,CLOSED,EDI,TRUE,TRUE,19.78,CHP,MOUNT SINAI MORNINGSIDE,1109-900110-02-4058-0000000000-0000-000-000,False,MSHS-BRAUN-PP-IV,Yes,Yes,19.78,8323969,B. BRAUN MEDICAL,B. BRAUN MEDICAL,CA12,12,No, ,NO,903037, MED/SURG DISPOSABLE,5/13/2024 12:00:00 AM,CLOSED,1174-1-1,19.78,APPROVED,CASE,5/13/2024 12:00:00 AM,NF,5/13/2024 12:00:00 AM,3349994,"TORRES, ERIKA E",,,SL ST LUKES,19.78,ELECTROLYTES,51191602,AGENTS AFFECTING WATER AND ELECTROLYTES,MEDLINE INDUSTRIES INC,12422
MEDLINE INDUSTRIES INC,2024,"CARDIAC CATHERIZATION, 12605",MOUNT SINAI MORNINGSIDE,B. BRAUN MEDICAL,PHARMACEUTICAL PRODUCTS INCL. CONTRACEPTIVES AND VACCINES,True,True,PROCESSED,903037,"903037, MED/SURG DISPOSABLE",MOUNT SINAI MORNINGSIDE,Yes,E8000,B. BRAUN MEDICAL,7/17/2024 12:00:00 AM,1314081-53304,GOODS,SOL SOD CHL 0.9 PERC 1000ML INJ BAG - SUB 1 FOR L8000E8000BMGE8000,ORAPOS,SODIUM CHLORIDE ELECTROLYTES,BMGE8000,CARDIAC CATHERIZATION,12605,MED/SURG DISPOSABLE,MSHS-BRAUN-PP-IV,MSHS-BRAUN-PP-IV,SOL SOD CHL 0.9 PERC 1000ML INJ BAG - SUB 1 FOR L8000,903037,E8000,2,2,2,2,12,24,24,39.56,39.56,302-302-11-12605-00000000000-0-0,NF,BUYER   CONVERSION,"BUYER, CONVERSION","SODIUM CHLORIDE ELECTROLYTES 
 
B. BRAUN MEDICAL",SYSTEM CREATED,SLCCLSR03A,"CARDIAC CATHERIZATION, 12605",MOUNT SINAI MORNINGSIDE,ACTIVE,CLOSED,EDI,TRUE,TRUE,39.56,CHP,MOUNT SINAI MORNINGSIDE,1109-900110-02-4058-0000000000-0000-000-000,False,MSHS-BRAUN-PP-IV,Yes,Yes,39.56,8323969,B. BRAUN MEDICAL,B. BRAUN MEDICAL,CA12,12,No, ,NO,903037, MED/SURG DISPOSABLE,7/17/2024 12:00:00 AM,CLOSED,1174-5-1,19.78,APPROVED,CASE,7/17/2024 12:00:00 AM,NF,7/17/2024 12:00:00 AM,3372790,"TORRES, ERIKA E",,,SL ST LUKES,39.56,ELECTROLYTES,51191602,AGENTS AFFECTING WATER AND ELECTROLYTES,MEDLINE INDUSTRIES INC,12422
MEDLINE INDUSTRIES INC,2024,"PHARMACY, 21300",MOUNT SINAI WEST VILLAGE,B. BRAUN MEDICAL,PHARMACEUTICAL PRODUCTS INCL. CONTRACEPTIVES AND VACCINES,True,True,PROCESSED,903037,"903037, MED/SURG DISPOSABLE",MOUNT SINAI WEST VILLAGE,Yes,E8000,B. BRAUN MEDICAL,4/24/2024 12:00:00 AM,1314081-47868,GOODS,SOL SOD CHL 0.9 PERC 1000ML INJ BAG - SUB 1 FOR L8000E8000BMGE8000,ORAPOS,SODIUM CHLORIDE ELECTROLYTES,BMGE8000,PHARMACY,21300,MED/SURG DISPOSABLE,MSHS-BRAUN-PP-IV,MSHS-BRAUN-PP-IV,SOL SOD CHL 0.9 PERC 1000ML INJ BAG - SUB 1 FOR L8000,903037,E8000,1,1,1,1,12,12,12,19.78,19.78,408-958-11-21300-00000000000-0-0,NF,BUYER   CONVERSION,"BUYER, CONVERSION","SODIUM CHLORIDE ELECTROLYTES 
 
B. BRAUN MEDICAL",SYSTEM CREATED,WV 9400 5009,"PHARMACY, 21300",MOUNT SINAI WEST VILLAGE,ACTIVE,CLOSED,EDI,TRUE,TRUE,19.78,CHP,MOUNT SINAI WEST VILLAGE,5009-900110-80-9400-0000000000-0000-000-000,False,MSHS-BRAUN-PP-IV,Yes,Yes,19.78,8323969,B. BRAUN MEDICAL,B. BRAUN MEDICAL,CA12,12,No, ,NO,903037, MED/SURG DISPOSABLE,4/24/2024 12:00:00 AM,CLOSED,1174-1-1,19.78,APPROVED,CASE,4/24/2024 12:00:00 AM,NF,4/24/2024 12:00:00 AM,3343127,"YOUNG, MEI YEE",,,WV WEST VILLAGE,19.78,ELECTROLYTES,51191602,AGENTS AFFECTING WATER AND ELECTROLYTES,MEDLINE INDUSTRIES INC,12422
MEDLINE INDUSTRIES INC,2024,"PHARMACY, 21300",MOUNT SINAI WEST,B. BRAUN,PHARMACEUTICAL PRODUCTS INCL. CONTRACEPTIVES AND VACCINES,True,True,PROCESSED,903037,"903037, MED/SURG DISPOSABLE",MOUNT SINAI WEST,Yes,E8000,B. BRAUN,8/13/2024 12:00:00 AM,1314081-54979,GOODS,SOL SOD CHL 0.9 PERC 1000ML INJ BAG - SUB 1 FOR L8000E8000BMGE8000,ORAPOS,SODIUM CHLORIDE ELECTROLYTES,BMGE8000,PHARMACY,21300,MED/SURG DISPOSABLE,MSHS-BRAUN-PP-IV,MSHS-BRAUN-PP-IV,SOL SOD CHL 0.9 PERC 1000ML INJ BAG - SUB 1 FOR L8000,903037,E8000,2,2,2,2,12,24,24,39.56,39.56,301-301-11-21300-00000000000-0-0,NF,BUYER   CONVERSION,"BUYER, CONVERSION","SODIUM CHLORIDE ELECTROLYTES 
 
B. BRAUN",SYSTEM CREATED,RH 9400 1109,"PHARMACY, 21300",MOUNT SINAI WEST,ACTIVE,CLOSED,EDI,TRUE,TRUE,39.56,CHP,MOUNT SINAI WEST,1109-900110-01-9400-0000000000-0000-000-000,False,MSHS-BRAUN-PP-IV,Yes,Yes,39.56,8323969,B. BRAUN,B. BRAUN,CA12,12,No, ,NO,903037, MED/SURG DISPOSABLE,8/13/2024 12:00:00 AM,CLOSED,1174-1-1,19.78,APPROVED,CASE,8/13/2024 12:00:00 AM,NF,8/13/2024 12:00:00 AM,3382147,"ZUASOLA, JOVILYN B",,,RH ROOSEVELT,39.56,ELECTROLYTES,51191602,AGENTS AFFECTING WATER AND ELECTROLYTES,MEDLINE INDUSTRIES INC,12422
MEDLINE INDUSTRIES INC,2024,"NURSING ACUTE DIALYSIS-BKL, 11101",MOUNT SINAI BROOKLYN,B. BRAUN,PHARMACEUTICAL PRODUCTS INCL. CONTRACEPTIVES AND VACCINES,True,True,PROCESSED,903037,"903037, MED/SURG DISPOSABLE",MOUNT SINAI BROOKLYN,Yes,E8000,B. BRAUN,9/23/2024 12:00:00 AM,1314081-57576,GOODS,SOL SOD CHL 0.9 PERC 1000ML INJ BAG - SUB 1 FOR L8000E8000BMGE8000,ORAPOS,SODIUM CHLORIDE ELECTROLYTES,BMGE8000,NURSING ACUTE DIALYSIS-BKL,11101,MED/SURG DISPOSABLE,MSHS-BRAUN-PP-IV,MSHS-BRAUN-PP-IV,SOL SOD CHL 0.9 PERC 1000ML INJ BAG - SUB 1 FOR L8000,903037,E8000,3,3,3,3,12,36,36,59.34,59.34,402-407-11-11101-00000000000-0-0,NF,BUYER   CONVERSION,"BUYER, CONVERSION","SODIUM CHLORIDE ELECTROLYTES 
 
B. BRAUN",SYSTEM CREATED,KH 1417 4709,"NURSING ACUTE DIALYSIS-BKL, 11101",MOUNT SINAI BROOKLYN,ACTIVE,CLOSED,EDI,TRUE,TRUE,59.34,CHP,MOUNT SINAI BROOKLYN,4709-900110-07-1417-0000000000-0000-000-000,False,MSHS-BRAUN-PP-IV,Yes,Yes,59.34,8323969,B. BRAUN,B. BRAUN,CA12,12,No, ,NO,903037, MED/SURG DISPOSABLE,9/23/2024 12:00:00 AM,CLOSED,1174-4-1,19.78,APPROVED,CASE,9/23/2024 12:00:00 AM,NF,9/23/2024 12:00:00 AM,3396221,"URBINA, HILZA ROSEL",,,KH KINGS HIGHWAY,59.34,ELECTROLYTES,51191602,AGENTS AFFECTING WATER AND ELECTROLYTES,MEDLINE INDUSTRIES INC,12422
MEDLINE INDUSTRIES INC,2024,"MATERIALS MANAGEMENT RECEIVING, 60403",MOUNT SINAI BROOKLYN,B. BRAUN MEDICAL,PHARMACEUTICAL PRODUCTS INCL. CONTRACEPTIVES AND VACCINES,True,True,PROCESSED,903037,"903037, MED/SURG DISPOSABLE",MOUNT SINAI BROOKLYN,Yes,E8000,B. BRAUN MEDICAL,5/28/2024 12:00:00 AM,1314081-50047,GOODS,SOL SOD CHL 0.9 PERC 1000ML INJ BAG - SUB 1 FOR L8000E8000BMGE8000,ORAPOS,SODIUM CHLORIDE ELECTROLYTES,BMGE8000,MATERIALS MANAGEMENT RECEIVING,60403,MED/SURG DISPOSABLE,MSHS-BRAUN-PP-IV,MSHS-BRAUN-PP-IV,SOL SOD CHL 0.9 PERC 1000ML INJ BAG - SUB 1 FOR L8000,903037,E8000,12,12,12,12,12,144,144,237.36,237.36,402-954-11-60403-00000000000-0-0,NF,BUYER   CONVERSION,"BUYER, CONVERSION","SODIUM CHLORIDE ELECTROLYTES 
 
B. BRAUN MEDICAL",SYSTEM CREATED,CP 8840 4709,"MATERIALS MANAGEMENT RECEIVING, 60403",MOUNT SINAI BROOKLYN,ACTIVE,CLOSED,EDI,TRUE,TRUE,237.36,CHP,MOUNT SINAI BROOKLYN,4709-900110-00-8840-0000000000-0000-000-000,False,MSHS-BRAUN-PP-IV,Yes,Yes,237.36,8323969,B. BRAUN MEDICAL,B. BRAUN MEDICAL,CA12,12,No, ,NO,903037, MED/SURG DISPOSABLE,5/28/2024 12:00:00 AM,CLOSED,1174-3-1,19.78,APPROVED,CASE,5/28/2024 12:00:00 AM,NF,5/28/2024 12:00:00 AM,3355126,"ZAMOR, KEVIN",,,KH KINGS HIGHWAY,237.36,ELECTROLYTES,51191602,AGENTS AFFECTING WATER AND ELECTROLYTES,MEDLINE INDUSTRIES INC,12422
MEDLINE INDUSTRIES INC,2024,"CARDIAC CATHERIZATION, 12605",MOUNT SINAI MORNINGSIDE,B. BRAUN,PHARMACEUTICAL PRODUCTS INCL. CONTRACEPTIVES AND VACCINES,True,True,PROCESSED,903037,"903037, MED/SURG DISPOSABLE",MOUNT SINAI MORNINGSIDE,Yes,E8000,B. BRAUN,9/18/2024 12:00:00 AM,1314081-57308,GOODS,SOL SOD CHL 0.9 PERC 1000ML INJ BAG - SUB 1 FOR L8000E8000BMGE8000,ORAPOS,SODIUM CHLORIDE ELECTROLYTES,BMGE8000,CARDIAC CATHERIZATION,12605,MED/SURG DISPOSABLE,MSHS-BRAUN-PP-IV,MSHS-BRAUN-PP-IV,SOL SOD CHL 0.9 PERC 1000ML INJ BAG - SUB 1 FOR L8000,903037,E8000,3,3,3,3,12,36,36,59.34,59.34,302-302-11-12605-00000000000-0-0,NF,BUYER   CONVERSION,"BUYER, CONVERSION","SODIUM CHLORIDE ELECTROLYTES 
 
B. BRAUN",SYSTEM CREATED,SLCCLSR03A,"CARDIAC CATHERIZATION, 12605",MOUNT SINAI MORNINGSIDE,ACTIVE,CLOSED,EDI,TRUE,TRUE,59.34,CHP,MOUNT SINAI MORNINGSIDE,1109-900110-02-4058-0000000000-0000-000-000,False,MSHS-BRAUN-PP-IV,Yes,Yes,59.34,8323969,B. BRAUN,B. BRAUN,CA12,12,No, ,NO,903037, MED/SURG DISPOSABLE,9/18/2024 12:00:00 AM,CLOSED,1174-5-1,19.78,APPROVED,CASE,9/18/2024 12:00:00 AM,NF,9/18/2024 12:00:00 AM,3394801,"TORRES, ERIKA E",,,SL ST LUKES,59.34,ELECTROLYTES,51191602,AGENTS AFFECTING WATER AND ELECTROLYTES,MEDLINE INDUSTRIES INC,12422
MEDLINE INDUSTRIES INC,2024,"CARDIAC CATHERIZATION, 12605",MOUNT SINAI MORNINGSIDE,B. BRAUN MEDICAL,PHARMACEUTICAL PRODUCTS INCL. CONTRACEPTIVES AND VACCINES,True,True,PROCESSED,903037,"903037, MED/SURG DISPOSABLE",MOUNT SINAI MORNINGSIDE,Yes,E8000,B. BRAUN MEDICAL,6/11/2024 12:00:00 AM,1314081-51005,GOODS,SOL SOD CHL 0.9 PERC 1000ML INJ BAG - SUB 1 FOR L8000E8000BMGE8000,ORAPOS,SODIUM CHLORIDE ELECTROLYTES,BMGE8000,CARDIAC CATHERIZATION,12605,MED/SURG DISPOSABLE,MSHS-BRAUN-PP-IV,MSHS-BRAUN-PP-IV,SOL SOD CHL 0.9 PERC 1000ML INJ BAG - SUB 1 FOR L8000,903037,E8000,1,1,1,1,12,12,12,19.78,19.78,302-302-11-12605-00000000000-0-0,NF,BUYER   CONVERSION,"BUYER, CONVERSION","SODIUM CHLORIDE ELECTROLYTES 
 
B. BRAUN MEDICAL",SYSTEM CREATED,SLCCLSR03A,"CARDIAC CATHERIZATION, 12605",MOUNT SINAI MORNINGSIDE,ACTIVE,CLOSED,EDI,TRUE,TRUE,19.78,CHP,MOUNT SINAI MORNINGSIDE,1109-900110-02-4058-0000000000-0000-000-000,False,MSHS-BRAUN-PP-IV,Yes,Yes,19.78,8323969,B. BRAUN MEDICAL,B. BRAUN MEDICAL,CA12,12,No, ,NO,903037, MED/SURG DISPOSABLE,6/11/2024 12:00:00 AM,CLOSED,1174-3-1,19.78,APPROVED,CASE,6/11/2024 12:00:00 AM,NF,6/11/2024 12:00:00 AM,3360579,"TORRES, ERIKA E",,,SL ST LUKES,19.78,ELECTROLYTES,51191602,AGENTS AFFECTING WATER AND ELECTROLYTES,MEDLINE INDUSTRIES INC,12422
MEDLINE INDUSTRIES INC,2024,"STERILE PROCESSING, 60170",MOUNT SINAI MORNINGSIDE,B. BRAUN MEDICAL,PHARMACEUTICAL PRODUCTS INCL. CONTRACEPTIVES AND VACCINES,True,True,PROCESSED,903037,"903037, MED/SURG DISPOSABLE",MOUNT SINAI MORNINGSIDE,Yes,E8000,B. BRAUN MEDICAL,7/2/2024 12:00:00 AM,1314081-52384,GOODS,SOL SOD CHL 0.9 PERC 1000ML INJ BAG - SUB 1 FOR L8000E8000BMGE8000,ORAPOS,SODIUM CHLORIDE ELECTROLYTES,BMGE8000,STERILE PROCESSING,60170,MED/SURG DISPOSABLE,MSHS-BRAUN-PP-IV,MSHS-BRAUN-PP-IV,SOL SOD CHL 0.9 PERC 1000ML INJ BAG - SUB 1 FOR L8000,903037,E8000,1,1,1,1,12,12,12,19.78,19.78,302-302-11-60170-00000000000-0-0,NF,BUYER   CONVERSION,"BUYER, CONVERSION","SODIUM CHLORIDE ELECTROLYTES 
 
B. BRAUN MEDICAL",SYSTEM CREATED,SL 9175 1109,"STERILE PROCESSING, 60170",MOUNT SINAI MORNINGSIDE,ACTIVE,CLOSED,EDI,TRUE,TRUE,19.78,CHP,MOUNT SINAI MORNINGSIDE,1109-900110-02-9175-0000000000-0000-000-000,False,MSHS-BRAUN-PP-IV,Yes,Yes,19.78,8323969,B. BRAUN MEDICAL,B. BRAUN MEDICAL,NF,12,No, ,NO,903037, MED/SURG DISPOSABLE,7/2/2024 12:00:00 AM,CLOSED,1174-1-1,19.78,APPROVED,CASE,7/2/2024 12:00:00 AM,NF,7/2/2024 12:00:00 AM,3367904,"CARRINGTON, TRICIA FEONA",,,SL ST LUKES,19.78,ELECTROLYTES,51191602,AGENTS AFFECTING WATER AND ELECTROLYTES,MEDLINE INDUSTRIES INC,12422
MEDLINE INDUSTRIES INC,2024,"AMBULATORY SURGERY, 12152",MOUNT SINAI WEST VILLAGE,B. BRAUN,PHARMACEUTICAL PRODUCTS INCL. CONTRACEPTIVES AND VACCINES,True,True,PROCESSED,903037,"903037, MED/SURG DISPOSABLE",MOUNT SINAI WEST VILLAGE,Yes,E8000,B. BRAUN,9/23/2024 12:00:00 AM,1314081-57566,GOODS,SOL SOD CHL 0.9 PERC 1000ML INJ BAG - SUB 1 FOR L8000E8000BMGE8000,ORAPOS,SODIUM CHLORIDE ELECTROLYTES,BMGE8000,AMBULATORY SURGERY,12152,MED/SURG DISPOSABLE,MSHS-BRAUN-PP-IV,MSHS-BRAUN-PP-IV,SOL SOD CHL 0.9 PERC 1000ML INJ BAG - SUB 1 FOR L8000,903037,E8000,2,2,2,2,12,24,24,39.56,39.56,408-958-11-12152-00000000000-0-0,NF,BUYER   CONVERSION,"BUYER, CONVERSION","SODIUM CHLORIDE ELECTROLYTES 
 
B. BRAUN",SYSTEM CREATED,WV 2633 5009,"AMBULATORY SURGERY, 12152",MOUNT SINAI WEST VILLAGE,ACTIVE,CLOSED,EDI,TRUE,TRUE,39.56,CHP,MOUNT SINAI WEST VILLAGE,5009-900110-80-2633-0000000000-0000-000-000,False,MSHS-BRAUN-PP-IV,Yes,Yes,39.56,8323969,B. BRAUN,B. BRAUN,CA12,12,No, ,NO,903037, MED/SURG DISPOSABLE,9/23/2024 12:00:00 AM,CLOSED,1174-1-1,19.78,APPROVED,CASE,9/23/2024 12:00:00 AM,NF,9/23/2024 12:00:00 AM,3396272,"DELGADO, YUBERKY",,,WV WEST VILLAGE,39.56,ELECTROLYTES,51191602,AGENTS AFFECTING WATER AND ELECTROLYTES,MEDLINE INDUSTRIES INC,12422
MEDLINE INDUSTRIES INC,2025,"117TH STREET DIALYSIS, 13850",OFFSITES,B. BRAUN,IV SOLUTIONS,True,True,OPEN,903033,"903033, IV SOLUTIONS",OFFSITES,Yes,E8000,B. BRAUN,3/26/2025 12:00:00 AM,M3070238,GOODS,SOL SOD CHL 0.9 PERC 1000ML INJ BAG - SUB 1 FOR L8000E8000BMGL8000,ORAPOS,IV SOLUTIONS,BMGL8000,117TH STREET DIALYSIS,13850,IV SOLUTIONS,MSHS-BRAUN-PP-IV,,SOL SOD CHL 0.9 PERC 1000ML INJ BAG - SUB 1 FOR L8000,903033,E8000,0,0,0,30,12,360,0,0,0,NF,NF,DIAZ VANESSA,DIAZ VANESSA,"IV SOLUTIONS 
 
B. BRAUN",Y,13850 DIALY 520 E 117TH ST 4TH FL,"117TH STREET DIALYSIS, 13850",OFFSITE - MSH,ACTIVE,OPEN,EDI,TRUE,TRUE,623.1,MT SINAI HOSPITAL - OFFSITE,OFFSITES,101-101-11-13850-903033-00000000000-000-0000-000-00000-00000----,False,MSHS-BRAUN-PP-IV,Yes,Yes,0,8323969,B. BRAUN,B. BRAUN,NF,12,No, ,NO,903033, IV SOLUTIONS,3/12/2025 12:00:00 AM,OPEN,4-1-1,20.77,OPEN,CASE,3/26/2025 12:00:00 AM,NF,3/12/2025 12:00:00 AM,FH1077,BENNETT ANTONIO,,,13850 DIALY 520 E 117TH ST 4TH FL,0,NF,NF,NF,MEDLINE INDUSTRIES INC,12422
MEDLINE INDUSTRIES INC,2024,"NURSING ACUTE DIALYSIS-BKL, 11101",MOUNT SINAI BROOKLYN,B. BRAUN,PHARMACEUTICAL PRODUCTS INCL. CONTRACEPTIVES AND VACCINES,True,True,PROCESSED,903037,"903037, MED/SURG DISPOSABLE",MOUNT SINAI BROOKLYN,Yes,E8000,B. BRAUN,8/9/2024 12:00:00 AM,1314081-54770,GOODS,SOL SOD CHL 0.9 PERC 1000ML INJ BAG - SUB 1 FOR L8000E8000BMGE8000,ORAPOS,SODIUM CHLORIDE ELECTROLYTES,BMGE8000,NURSING ACUTE DIALYSIS-BKL,11101,MED/SURG DISPOSABLE,MSHS-BRAUN-PP-IV,MSHS-BRAUN-PP-IV,SOL SOD CHL 0.9 PERC 1000ML INJ BAG - SUB 1 FOR L8000,903037,E8000,4,4,4,4,12,48,48,79.12,79.12,402-407-11-11101-00000000000-0-0,NF,BUYER   CONVERSION,"BUYER, CONVERSION","SODIUM CHLORIDE ELECTROLYTES 
 
B. BRAUN",SYSTEM CREATED,KH 1417 4709,"NURSING ACUTE DIALYSIS-BKL, 11101",MOUNT SINAI BROOKLYN,ACTIVE,CLOSED,EDI,TRUE,TRUE,79.12,CHP,MOUNT SINAI BROOKLYN,4709-900110-07-1417-0000000000-0000-000-000,False,MSHS-BRAUN-PP-IV,Yes,Yes,79.12,8323969,B. BRAUN,B. BRAUN,NF,12,No, ,NO,903037, MED/SURG DISPOSABLE,8/9/2024 12:00:00 AM,CLOSED,1174-3-1,19.78,APPROVED,CASE,8/9/2024 12:00:00 AM,NF,8/9/2024 12:00:00 AM,3381254,"ZAMOR, KEVIN",,,KH KINGS HIGHWAY,79.12,ELECTROLYTES,51191602,AGENTS AFFECTING WATER AND ELECTROLYTES,MEDLINE INDUSTRIES INC,12422
MEDLINE INDUSTRIES INC,2024,"NURSING ACUTE DIALYSIS-BKL, 11101",MOUNT SINAI BROOKLYN,B. BRAUN,PHARMACEUTICAL PRODUCTS INCL. CONTRACEPTIVES AND VACCINES,True,True,PROCESSED,903037,"903037, MED/SURG DISPOSABLE",MOUNT SINAI BROOKLYN,Yes,E8000,B. BRAUN,9/18/2024 12:00:00 AM,1314081-57293,GOODS,SOL SOD CHL 0.9 PERC 1000ML INJ BAG - SUB 1 FOR L8000E8000BMGE8000,ORAPOS,SODIUM CHLORIDE ELECTROLYTES,BMGE8000,NURSING ACUTE DIALYSIS-BKL,11101,MED/SURG DISPOSABLE,MSHS-BRAUN-PP-IV,MSHS-BRAUN-PP-IV,SOL SOD CHL 0.9 PERC 1000ML INJ BAG - SUB 1 FOR L8000,903037,E8000,3,3,3,3,12,36,36,59.34,59.34,402-407-11-11101-00000000000-0-0,NF,BUYER   CONVERSION,"BUYER, CONVERSION","SODIUM CHLORIDE ELECTROLYTES 
 
B. BRAUN",SYSTEM CREATED,KH 1417 4709,"NURSING ACUTE DIALYSIS-BKL, 11101",MOUNT SINAI BROOKLYN,ACTIVE,CLOSED,EDI,TRUE,TRUE,59.34,CHP,MOUNT SINAI BROOKLYN,4709-900110-07-1417-0000000000-0000-000-000,False,MSHS-BRAUN-PP-IV,Yes,Yes,59.34,8323969,B. BRAUN,B. BRAUN,CA12,12,No, ,NO,903037, MED/SURG DISPOSABLE,9/18/2024 12:00:00 AM,CLOSED,1174-3-1,19.78,APPROVED,CASE,9/18/2024 12:00:00 AM,NF,9/18/2024 12:00:00 AM,3394169,"URBINA, HILZA ROSEL",,,KH KINGS HIGHWAY,59.34,ELECTROLYTES,51191602,AGENTS AFFECTING WATER AND ELECTROLYTES,MEDLINE INDUSTRIES INC,12422
MEDLINE INDUSTRIES INC,2024,"NURSING ACUTE DIALYSIS-BKL, 11101",MOUNT SINAI BROOKLYN,B. BRAUN,PHARMACEUTICAL PRODUCTS INCL. CONTRACEPTIVES AND VACCINES,True,True,PROCESSED,903037,"903037, MED/SURG DISPOSABLE",MOUNT SINAI BROOKLYN,Yes,E8000,B. BRAUN,9/9/2024 12:00:00 AM,1314081-56618,GOODS,SOL SOD CHL 0.9 PERC 1000ML INJ BAG - SUB 1 FOR L8000E8000BMGE8000,ORAPOS,SODIUM CHLORIDE ELECTROLYTES,BMGE8000,NURSING ACUTE DIALYSIS-BKL,11101,MED/SURG DISPOSABLE,MSHS-BRAUN-PP-IV,MSHS-BRAUN-PP-IV,SOL SOD CHL 0.9 PERC 1000ML INJ BAG - SUB 1 FOR L8000,903037,E8000,2,2,2,2,12,24,24,39.56,39.56,402-407-11-11101-00000000000-0-0,NF,BUYER   CONVERSION,"BUYER, CONVERSION","SODIUM CHLORIDE ELECTROLYTES 
 
B. BRAUN",SYSTEM CREATED,KH 1417 4709,"NURSING ACUTE DIALYSIS-BKL, 11101",MOUNT SINAI BROOKLYN,ACTIVE,CLOSED,EDI,TRUE,TRUE,39.56,CHP,MOUNT SINAI BROOKLYN,4709-900110-07-1417-0000000000-0000-000-000,False,MSHS-BRAUN-PP-IV,Yes,Yes,39.56,8323969,B. BRAUN,B. BRAUN,CA12,12,No, ,NO,903037, MED/SURG DISPOSABLE,9/9/2024 12:00:00 AM,CLOSED,1174-4-1,19.78,APPROVED,CASE,9/9/2024 12:00:00 AM,NF,9/9/2024 12:00:00 AM,3390968,"URBINA, HILZA ROSEL",,,KH KINGS HIGHWAY,39.56,ELECTROLYTES,51191602,AGENTS AFFECTING WATER AND ELECTROLYTES,MEDLINE INDUSTRIES INC,12422
MEDLINE INDUSTRIES INC,2024,"NURSING ACUTE DIALYSIS-BKL, 11101",MOUNT SINAI BROOKLYN,B. BRAUN MEDICAL,PHARMACEUTICAL PRODUCTS INCL. CONTRACEPTIVES AND VACCINES,True,True,PROCESSED,903037,"903037, MED/SURG DISPOSABLE",MOUNT SINAI BROOKLYN,Yes,E8000,B. BRAUN MEDICAL,4/22/2024 12:00:00 AM,1314081-47694,GOODS,SOL SOD CHL 0.9 PERC 1000ML INJ BAG - SUB 1 FOR L8000E8000BMGE8000,ORAPOS,SODIUM CHLORIDE ELECTROLYTES,BMGE8000,NURSING ACUTE DIALYSIS-BKL,11101,MED/SURG DISPOSABLE,MSHS-BRAUN-PP-IV,MSHS-BRAUN-PP-IV,SOL SOD CHL 0.9 PERC 1000ML INJ BAG - SUB 1 FOR L8000,903037,E8000,2,2,2,2,12,24,24,39.56,39.56,402-407-11-11101-00000000000-0-0,NF,BUYER   CONVERSION,"BUYER, CONVERSION","SODIUM CHLORIDE ELECTROLYTES 
 
B. BRAUN MEDICAL",SYSTEM CREATED,KH 1417 4709,"NURSING ACUTE DIALYSIS-BKL, 11101",MOUNT SINAI BROOKLYN,ACTIVE,CLOSED,EDI,TRUE,TRUE,39.56,CHP,MOUNT SINAI BROOKLYN,4709-900110-07-1417-0000000000-0000-000-000,False,MSHS-BRAUN-PP-IV,Yes,Yes,39.56,8323969,B. BRAUN MEDICAL,B. BRAUN MEDICAL,CA12,12,No, ,NO,903037, MED/SURG DISPOSABLE,4/22/2024 12:00:00 AM,CLOSED,1174-2-1,19.78,APPROVED,CASE,4/22/2024 12:00:00 AM,NF,4/22/2024 12:00:00 AM,3342173,"URBINA, HILZA ROSEL",,,KH KINGS HIGHWAY,39.56,ELECTROLYTES,51191602,AGENTS AFFECTING WATER AND ELECTROLYTES,MEDLINE INDUSTRIES INC,12422
MEDLINE INDUSTRIES INC,2024,"NURSING ACUTE DIALYSIS-BKL, 11101",MOUNT SINAI BROOKLYN,B. BRAUN MEDICAL,PHARMACEUTICAL PRODUCTS INCL. CONTRACEPTIVES AND VACCINES,True,True,PROCESSED,903037,"903037, MED/SURG DISPOSABLE",MOUNT SINAI BROOKLYN,Yes,E8000,B. BRAUN MEDICAL,7/8/2024 12:00:00 AM,1314081-52684,GOODS,SOL SOD CHL 0.9 PERC 1000ML INJ BAG - SUB 1 FOR L8000E8000BMGE8000,ORAPOS,SODIUM CHLORIDE ELECTROLYTES,BMGE8000,NURSING ACUTE DIALYSIS-BKL,11101,MED/SURG DISPOSABLE,MSHS-BRAUN-PP-IV,MSHS-BRAUN-PP-IV,SOL SOD CHL 0.9 PERC 1000ML INJ BAG - SUB 1 FOR L8000,903037,E8000,3,3,3,3,12,36,36,59.34,59.34,402-407-11-11101-00000000000-0-0,NF,BUYER   CONVERSION,"BUYER, CONVERSION","SODIUM CHLORIDE ELECTROLYTES 
 
B. BRAUN MEDICAL",SYSTEM CREATED,KH 1417 4709,"NURSING ACUTE DIALYSIS-BKL, 11101",MOUNT SINAI BROOKLYN,ACTIVE,CLOSED,EDI,TRUE,TRUE,59.34,CHP,MOUNT SINAI BROOKLYN,4709-900110-07-1417-0000000000-0000-000-000,False,MSHS-BRAUN-PP-IV,Yes,Yes,59.34,8323969,B. BRAUN MEDICAL,B. BRAUN MEDICAL,CA12,12,No, ,NO,903037, MED/SURG DISPOSABLE,7/8/2024 12:00:00 AM,CLOSED,1174-4-1,19.78,APPROVED,CASE,7/8/2024 12:00:00 AM,NF,7/8/2024 12:00:00 AM,3369117,"ZAMOR, KEVIN",,,KH KINGS HIGHWAY,59.34,ELECTROLYTES,51191602,AGENTS AFFECTING WATER AND ELECTROLYTES,MEDLINE INDUSTRIES INC,12422
MEDLINE INDUSTRIES INC,2024,"CARDIAC CATHERIZATION, 12605",MOUNT SINAI MORNINGSIDE,B. BRAUN MEDICAL,PHARMACEUTICAL PRODUCTS INCL. CONTRACEPTIVES AND VACCINES,True,True,PROCESSED,903037,"903037, MED/SURG DISPOSABLE",MOUNT SINAI MORNINGSIDE,Yes,E8000,B. BRAUN MEDICAL,6/4/2024 12:00:00 AM,1314081-50560,GOODS,SOL SOD CHL 0.9 PERC 1000ML INJ BAG - SUB 1 FOR L8000E8000BMGE8000,ORAPOS,SODIUM CHLORIDE ELECTROLYTES,BMGE8000,CARDIAC CATHERIZATION,12605,MED/SURG DISPOSABLE,MSHS-BRAUN-PP-IV,MSHS-BRAUN-PP-IV,SOL SOD CHL 0.9 PERC 1000ML INJ BAG - SUB 1 FOR L8000,903037,E8000,2,2,2,2,12,24,24,39.56,39.56,302-302-11-12605-00000000000-0-0,NF,BUYER   CONVERSION,"BUYER, CONVERSION","SODIUM CHLORIDE ELECTROLYTES 
 
B. BRAUN MEDICAL",SYSTEM CREATED,SLCCLSR03A,"CARDIAC CATHERIZATION, 12605",MOUNT SINAI MORNINGSIDE,ACTIVE,CLOSED,EDI,TRUE,TRUE,39.56,CHP,MOUNT SINAI MORNINGSIDE,1109-900110-02-4058-0000000000-0000-000-000,False,MSHS-BRAUN-PP-IV,Yes,Yes,39.56,8323969,B. BRAUN MEDICAL,B. BRAUN MEDICAL,CA12,12,No, ,NO,903037, MED/SURG DISPOSABLE,6/4/2024 12:00:00 AM,CLOSED,1174-2-1,19.78,APPROVED,CASE,6/4/2024 12:00:00 AM,NF,6/4/2024 12:00:00 AM,3358161,"TORRES, ERIKA E",,,SL ST LUKES,39.56,ELECTROLYTES,51191602,AGENTS AFFECTING WATER AND ELECTROLYTES,MEDLINE INDUSTRIES INC,12422
MEDLINE INDUSTRIES INC,2024,"PHARMACY, 21300",MOUNT SINAI WEST VILLAGE,B. BRAUN,PHARMACEUTICAL PRODUCTS INCL. CONTRACEPTIVES AND VACCINES,True,True,PROCESSED,903037,"903037, MED/SURG DISPOSABLE",MOUNT SINAI WEST VILLAGE,Yes,E8000,B. BRAUN,8/27/2024 12:00:00 AM,1314081-55872,GOODS,SOL SOD CHL 0.9 PERC 1000ML INJ BAG - SUB 1 FOR L8000E8000BMGE8000,ORAPOS,SODIUM CHLORIDE ELECTROLYTES,BMGE8000,PHARMACY,21300,MED/SURG DISPOSABLE,MSHS-BRAUN-PP-IV,MSHS-BRAUN-PP-IV,SOL SOD CHL 0.9 PERC 1000ML INJ BAG - SUB 1 FOR L8000,903037,E8000,1,1,1,1,12,12,12,19.78,19.78,408-958-11-21300-00000000000-0-0,NF,BUYER   CONVERSION,"BUYER, CONVERSION","SODIUM CHLORIDE ELECTROLYTES 
 
B. BRAUN",SYSTEM CREATED,WV 9400 5009,"PHARMACY, 21300",MOUNT SINAI WEST VILLAGE,ACTIVE,CLOSED,EDI,TRUE,TRUE,19.78,CHP,MOUNT SINAI WEST VILLAGE,5009-900110-80-9400-0000000000-0000-000-000,False,MSHS-BRAUN-PP-IV,Yes,Yes,19.78,8323969,B. BRAUN,B. BRAUN,NF,12,No, ,NO,903037, MED/SURG DISPOSABLE,8/27/2024 12:00:00 AM,CLOSED,1174-1-1,19.78,APPROVED,CASE,8/27/2024 12:00:00 AM,NF,8/27/2024 12:00:00 AM,3387256,"DELGADO, YUBERKY",,,WV WEST VILLAGE,19.78,ELECTROLYTES,51191602,AGENTS AFFECTING WATER AND ELECTROLYTES,MEDLINE INDUSTRIES INC,12422
MEDLINE INDUSTRIES INC,2024,"MATERIALS MANAGEMENT STORE ROOM, 60404",MOUNT SINAI BETH ISRAEL,B. BRAUN,PHARMACEUTICAL PRODUCTS INCL. CONTRACEPTIVES AND VACCINES,True,True,PROCESSED,903037,"903037, MED/SURG DISPOSABLE",MOUNT SINAI BETH ISRAEL,Yes,E8000,B. BRAUN,9/20/2024 12:00:00 AM,1314081-57441,GOODS,SOL SOD CHL 0.9 PERC 1000ML INJ BAG - SUB 1 FOR L8000E8000BMGE8000,ORAPOS,SODIUM CHLORIDE ELECTROLYTES,BMGE8000,MATERIALS MANAGEMENT STORE ROOM,60404,MED/SURG DISPOSABLE,MSHS-BRAUN-PP-IV,MSHS-BRAUN-PP-IV,SOL SOD CHL 0.9 PERC 1000ML INJ BAG - SUB 1 FOR L8000,903037,E8000,0,0,0,4,12,48,0,79.12,79.12,401-954-11-60404-00000000000-0-0,NF,BUYER   CONVERSION,"BUYER, CONVERSION","SODIUM CHLORIDE ELECTROLYTES 
 
B. BRAUN",SYSTEM CREATED,CP 8835 4409,"MATERIALS MANAGEMENT STORE ROOM, 60404",MOUNT SINAI BETH ISRAEL,ACTIVE,OPEN,EDI,TRUE,TRUE,79.12,CHP,MOUNT SINAI BETH ISRAEL,4409-900110-00-8835-0000000000-0000-000-000,False,MSHS-BRAUN-PP-IV,Yes,Yes,,8323969,B. BRAUN,B. BRAUN,CA12,12,No, ,NO,903037, MED/SURG DISPOSABLE,9/20/2024 12:00:00 AM,OPEN,1174-1-1,19.78,APPROVED,CASE,9/20/2024 12:00:00 AM,NF,9/20/2024 12:00:00 AM,3395699,"PANEQUE, RUBY",,,MT SINAI BETH ISRAEL,0,ELECTROLYTES,51191602,AGENTS AFFECTING WATER AND ELECTROLYTES,MEDLINE INDUSTRIES INC,12422
