VendName,Year of Po Date,Dept Desc_Num   ,Facility Dept,MnfrName,Unspsc Segment,And Filter,Direct Filter,Dwh Po Status,Exp_Code,Exp_Code_Desc,Facility,Has Contract,MfrCatno,MfrName,Po Date,Pono Release,PoType,Source Code,Unspsc Commodity,VendCatno,Dept Description,Dept Number,Expense Code Descrip,GHX_CONT_ID1,GHX_CONT_ID2,Mmis Obj Code,Qty Invoiced,Qty Received,Po Qty,Qoe Conv Ea,Qty in EA,SPEND,SPEND_VALUE,Requisitioner,Buyer
MEDLINE INDUSTRIES INC,2022,"NURSING 2 NORTH M-S, 2117",MOUNT SINAI BROOKLYN,B BRAUN MEDICAL INC,MEDICAL EQUIPMENT AND ACCESSORIES AND SUPPLIES,TRUE,TRUE,PROCESSED,900109,"900109, IV SOLUTIONS AND SETS",MOUNT SINAI BROOKLYN,Yes,354212,B BRAUN MEDICAL INC,10/12/2022 0:00,1314152-18671,GOODS,ORAPOS,INTRAVENOUS OR ARTERIAL TUBING ADMINISTRATION SETS,BMG354212,NURSING 2 NORTH M-S,2117,IV SOLUTIONS AND SETS,MSHS-MEDLINE-COI,,900109,2,2,2,1,2,7.3408,7.3408,"INTERFACE, HIGHJUMP",BUYER   CONVERSION
MEDLINE INDUSTRIES INC,2022,"PHARMACY, 9400",MOUNT SINAI BROOKLYN,B BRAUN MEDICAL INC,MEDICAL EQUIPMENT AND ACCESSORIES AND SUPPLIES,TRUE,TRUE,PROCESSED,900109,"900109, IV SOLUTIONS AND SETS",MOUNT SINAI BROOKLYN,Yes,354212,B BRAUN MEDICAL INC,10/25/2022 0:00,1314152-20192,GOODS,ORAPOS,INTRAVENOUS OR ARTERIAL TUBING ADMINISTRATION SETS,BMG354212,PHARMACY,9400,IV SOLUTIONS AND SETS,MSHS-MEDLINE-COI,,900109,7,7,7,1,7,25.6928,25.6928,"INTERFACE, HIGHJUMP",BUYER   CONVERSION
MEDLINE INDUSTRIES INC,2022,"NURSING 2 NORTH M-S, 2117",MOUNT SINAI BROOKLYN,B BRAUN MEDICAL INC,MEDICAL EQUIPMENT AND ACCESSORIES AND SUPPLIES,TRUE,TRUE,PROCESSED,900109,"900109, IV SOLUTIONS AND SETS",MOUNT SINAI BROOKLYN,Yes,354212,B BRAUN MEDICAL INC,10/17/2022 0:00,1314152-19217,GOODS,ORAPOS,INTRAVENOUS OR ARTERIAL TUBING ADMINISTRATION SETS,BMG354212,NURSING 2 NORTH M-S,2117,IV SOLUTIONS AND SETS,MSHS-MEDLINE-COI,,900109,16,16,16,1,16,58.7264,58.7264,"INTERFACE, HIGHJUMP",BUYER   CONVERSION
MEDLINE INDUSTRIES INC,2022,"MATERIALS MANAGEMENT RECEIVING, 8840",MOUNT SINAI BROOKLYN,B BRAUN MEDICAL INC,MEDICAL EQUIPMENT AND ACCESSORIES AND SUPPLIES,TRUE,TRUE,PROCESSED,900109,"900109, IV SOLUTIONS AND SETS",MOUNT SINAI BROOKLYN,Yes,354212,B BRAUN MEDICAL INC,9/30/2022 0:00,1314152-17354,GOODS,ORAPOS,INTRAVENOUS OR ARTERIAL TUBING ADMINISTRATION SETS,MBB354212,MATERIALS MANAGEMENT RECEIVING,8840,IV SOLUTIONS AND SETS,MSHS-MEDLINE-COI,,900109,5,5,5,24,120,392.05,392.05,"ZAMOR, KEVIN",BUYER   CONVERSION
MEDLINE INDUSTRIES INC,2022,"MATERIALS MANAGEMENT STORE ROOM, 8835",MOUNT SINAI BROOKLYN,B BRAUN MEDICAL INC,MEDICAL EQUIPMENT AND ACCESSORIES AND SUPPLIES,TRUE,TRUE,PROCESSED,900109,"900109, IV SOLUTIONS AND SETS",MOUNT SINAI BROOKLYN,Yes,354212,B BRAUN MEDICAL INC,9/9/2022 0:00,1314152-14791,GOODS,ORAPOS,INTRAVENOUS OR ARTERIAL TUBING ADMINISTRATION SETS,BMG354212,MATERIALS MANAGEMENT STORE ROOM,8835,IV SOLUTIONS AND SETS,MSHS-MEDLINE-COI,,900109,5,5,5,24,120,392.05,392.05,"GANGADYAL, CHATRADYAL",BUYER   CONVERSION
MEDLINE INDUSTRIES INC,2023,"MATERIALS MANAGEMENT STORE ROOM, 8835",MOUNT SINAI BROOKLYN,B. BRAUN MEDICAL,MEDICAL EQUIPMENT AND ACCESSORIES AND SUPPLIES,TRUE,TRUE,PROCESSED,900109,"900109, IV SOLUTIONS AND SETS",MOUNT SINAI BROOKLYN,Yes,354212,B. BRAUN MEDICAL,6/21/2023 0:00,1314152-50365,GOODS,ORAPOS,INTRAVENOUS OR ARTERIAL TUBING ADMINISTRATION SETS,BMG354212,MATERIALS MANAGEMENT STORE ROOM,8835,IV SOLUTIONS AND SETS,MSHS-MEDLINE-COI,,900109,6,6,6,24,144,528.5376,528.5376,"GANGADYAL, CHATRADYAL",BUYER   CONVERSION
MEDLINE INDUSTRIES INC,2023,"PHARMACY, 9400",MOUNT SINAI BROOKLYN,B BRAUN MEDICAL INC,MEDICAL EQUIPMENT AND ACCESSORIES AND SUPPLIES,TRUE,TRUE,PROCESSED,900109,"900109, IV SOLUTIONS AND SETS",MOUNT SINAI BROOKLYN,Yes,354212,B BRAUN MEDICAL INC,3/9/2023 0:00,1314152-36653,GOODS,ORAPOS,INTRAVENOUS OR ARTERIAL TUBING ADMINISTRATION SETS,MBB354212,PHARMACY,9400,IV SOLUTIONS AND SETS,MSHS-MEDLINE-COI,,900109,6,6,6,1,6,22.02,22.02,"INTERFACE, HIGHJUMP",BUYER   CONVERSION
MEDLINE INDUSTRIES INC,2023,"EMERGENCY DEPARTMENT ADMINISTRATION, 5700",MOUNT SINAI BROOKLYN,B BRAUN MEDICAL INC,MEDICAL EQUIPMENT AND ACCESSORIES AND SUPPLIES,TRUE,TRUE,PROCESSED,900109,"900109, IV SOLUTIONS AND SETS",MOUNT SINAI BROOKLYN,Yes,354212,B BRAUN MEDICAL INC,3/29/2023 0:00,1314152-39530,GOODS,ORAPOS,INTRAVENOUS OR ARTERIAL TUBING ADMINISTRATION SETS,MBB354212,EMERGENCY DEPARTMENT ADMINISTRATION,5700,IV SOLUTIONS AND SETS,MSHS-MEDLINE-COI,,900109,11,11,11,1,11,40.3744,40.3744,"INTERFACE, HIGHJUMP",BUYER   CONVERSION
MEDLINE INDUSTRIES INC,2023,"EMERGENCY DEPARTMENT ADMINISTRATION, 5700",MOUNT SINAI BROOKLYN,B BRAUN MEDICAL INC,MEDICAL EQUIPMENT AND ACCESSORIES AND SUPPLIES,TRUE,TRUE,PROCESSED,900109,"900109, IV SOLUTIONS AND SETS",MOUNT SINAI BROOKLYN,Yes,354212,B BRAUN MEDICAL INC,1/18/2023 0:00,1314152-30001,GOODS,ORAPOS,INTRAVENOUS OR ARTERIAL TUBING ADMINISTRATION SETS,MBB354212,EMERGENCY DEPARTMENT ADMINISTRATION,5700,IV SOLUTIONS AND SETS,MSHS-MEDLINE-COI,,900109,21,21,21,1,21,77.07,77.07,"INTERFACE, HIGHJUMP",BUYER   CONVERSION
MEDLINE INDUSTRIES INC,2022,"NURSING 8A SOUTH NEUROSURGICAL, 2331",MOUNT SINAI WEST,B BRAUN MEDICAL INC,MEDICAL EQUIPMENT AND ACCESSORIES AND SUPPLIES,TRUE,TRUE,PROCESSED,900109,"900109, IV SOLUTIONS AND SETS",MOUNT SINAI WEST,Yes,354212,B BRAUN MEDICAL INC,10/3/2022 0:00,1314152-17522,GOODS,ORAPOS,INTRAVENOUS OR ARTERIAL TUBING ADMINISTRATION SETS,MBB354212,NURSING 8A SOUTH NEUROSURGICAL,2331,IV SOLUTIONS AND SETS,MSHS-MEDLINE-COI,,900109,0,10,10,1,10,36.7,36.7,"INTERFACE, HIGHJUMP",BUYER   CONVERSION
MEDLINE INDUSTRIES INC,2022,"NURSING 8B M-S, 2321",MOUNT SINAI WEST,B BRAUN MEDICAL INC,MEDICAL EQUIPMENT AND ACCESSORIES AND SUPPLIES,TRUE,TRUE,PROCESSED,900109,"900109, IV SOLUTIONS AND SETS",MOUNT SINAI WEST,Yes,354212,B BRAUN MEDICAL INC,9/22/2022 0:00,1314152-16352,GOODS,ORAPOS,INTRAVENOUS OR ARTERIAL TUBING ADMINISTRATION SETS,BMG354212,NURSING 8B M-S,2321,IV SOLUTIONS AND SETS,MSHS-MEDLINE-COI,,900109,9,9,9,1,9,29.43,29.43,"INTERFACE, HIGHJUMP",BUYER   CONVERSION
MEDLINE INDUSTRIES INC,2022,"NURSING 9B M-S RVT, 1311",MOUNT SINAI WEST,B BRAUN MEDICAL INC,MEDICAL EQUIPMENT AND ACCESSORIES AND SUPPLIES,TRUE,TRUE,PROCESSED,900109,"900109, IV SOLUTIONS AND SETS",MOUNT SINAI WEST,Yes,354212,B BRAUN MEDICAL INC,10/1/2022 0:00,1314152-17428,GOODS,ORAPOS,INTRAVENOUS OR ARTERIAL TUBING ADMINISTRATION SETS,MBB354212,NURSING 9B M-S RVT,1311,IV SOLUTIONS AND SETS,MSHS-MEDLINE-COI,,900109,10,10,10,1,10,36.7,36.7,"INTERFACE, HIGHJUMP",BUYER   CONVERSION
MEDLINE INDUSTRIES INC,2022,"NURSING 9B M-S RVT, 1311",MOUNT SINAI WEST,B BRAUN MEDICAL INC,MEDICAL EQUIPMENT AND ACCESSORIES AND SUPPLIES,TRUE,TRUE,PROCESSED,900109,"900109, IV SOLUTIONS AND SETS",MOUNT SINAI WEST,Yes,354212,B BRAUN MEDICAL INC,9/14/2022 0:00,1314152-15403,GOODS,ORAPOS,INTRAVENOUS OR ARTERIAL TUBING ADMINISTRATION SETS,BMG354212,NURSING 9B M-S RVT,1311,IV SOLUTIONS AND SETS,MSHS-MEDLINE-COI,,900109,10,10,10,1,10,32.7,32.7,"INTERFACE, HIGHJUMP",BUYER   CONVERSION
MEDLINE INDUSTRIES INC,2022,"NURSING 14A M-S, 1241",MOUNT SINAI WEST,B BRAUN MEDICAL INC,MEDICAL EQUIPMENT AND ACCESSORIES AND SUPPLIES,TRUE,TRUE,PROCESSED,900109,"900109, IV SOLUTIONS AND SETS",MOUNT SINAI WEST,Yes,354212,B BRAUN MEDICAL INC,9/9/2022 0:00,1314152-14841,GOODS,ORAPOS,INTRAVENOUS OR ARTERIAL TUBING ADMINISTRATION SETS,BMG354212,NURSING 14A M-S,1241,IV SOLUTIONS AND SETS,MSHS-MEDLINE-COI,,900109,10,10,10,1,10,32.7,32.7,"INTERFACE, HIGHJUMP",BUYER   CONVERSION
MEDLINE INDUSTRIES INC,2022,"NURSING 9A M-S RVT, 1231",MOUNT SINAI WEST,B BRAUN MEDICAL INC,MEDICAL EQUIPMENT AND ACCESSORIES AND SUPPLIES,TRUE,TRUE,PROCESSED,900109,"900109, IV SOLUTIONS AND SETS",MOUNT SINAI WEST,Yes,354212,B BRAUN MEDICAL INC,9/26/2022 0:00,1314152-16751,GOODS,ORAPOS,INTRAVENOUS OR ARTERIAL TUBING ADMINISTRATION SETS,BMG354212,NURSING 9A M-S RVT,1231,IV SOLUTIONS AND SETS,MSHS-MEDLINE-COI,,900109,11,11,11,1,11,35.97,35.97,"INTERFACE, HIGHJUMP",BUYER   CONVERSION
MEDLINE INDUSTRIES INC,2022,"NURSING 9A M-S RVT, 1231",MOUNT SINAI WEST,B BRAUN MEDICAL INC,MEDICAL EQUIPMENT AND ACCESSORIES AND SUPPLIES,TRUE,TRUE,PROCESSED,900109,"900109, IV SOLUTIONS AND SETS",MOUNT SINAI WEST,Yes,354212,B BRAUN MEDICAL INC,9/21/2022 0:00,1314152-16209,GOODS,ORAPOS,INTRAVENOUS OR ARTERIAL TUBING ADMINISTRATION SETS,BMG354212,NURSING 9A M-S RVT,1231,IV SOLUTIONS AND SETS,MSHS-MEDLINE-COI,,900109,16,16,16,1,16,52.32,52.32,"INTERFACE, HIGHJUMP",BUYER   CONVERSION
MEDLINE INDUSTRIES INC,2022,"NURSING 9A M-S RVT, 1231",MOUNT SINAI WEST,B BRAUN MEDICAL INC,MEDICAL EQUIPMENT AND ACCESSORIES AND SUPPLIES,TRUE,TRUE,PROCESSED,900109,"900109, IV SOLUTIONS AND SETS",MOUNT SINAI WEST,Yes,354212,B BRAUN MEDICAL INC,9/14/2022 0:00,1314152-15405,GOODS,ORAPOS,INTRAVENOUS OR ARTERIAL TUBING ADMINISTRATION SETS,BMG354212,NURSING 9A M-S RVT,1231,IV SOLUTIONS AND SETS,MSHS-MEDLINE-COI,,900109,16,16,16,1,16,52.32,52.32,"INTERFACE, HIGHJUMP",BUYER   CONVERSION
MEDLINE INDUSTRIES INC,2022,"NURSING 9A M-S RVT, 1231",MOUNT SINAI WEST,B BRAUN MEDICAL INC,MEDICAL EQUIPMENT AND ACCESSORIES AND SUPPLIES,TRUE,TRUE,PROCESSED,900109,"900109, IV SOLUTIONS AND SETS",MOUNT SINAI WEST,Yes,354212,B BRAUN MEDICAL INC,9/23/2022 0:00,1314152-16515,GOODS,ORAPOS,INTRAVENOUS OR ARTERIAL TUBING ADMINISTRATION SETS,BMG354212,NURSING 9A M-S RVT,1231,IV SOLUTIONS AND SETS,MSHS-MEDLINE-COI,,900109,16,16,16,1,16,52.32,52.32,"INTERFACE, HIGHJUMP",BUYER   CONVERSION
MEDLINE INDUSTRIES INC,2022,"GI UNIT, 4510",MOUNT SINAI WEST,B BRAUN MEDICAL INC,MEDICAL EQUIPMENT AND ACCESSORIES AND SUPPLIES,TRUE,TRUE,PROCESSED,900109,"900109, IV SOLUTIONS AND SETS",MOUNT SINAI WEST,Yes,354212,B BRAUN MEDICAL INC,9/22/2022 0:00,1314152-16257,GOODS,ORAPOS,INTRAVENOUS OR ARTERIAL TUBING ADMINISTRATION SETS,BMG354212,GI UNIT,4510,IV SOLUTIONS AND SETS,MSHS-MEDLINE-COI,,900109,20,20,20,1,20,65.4,65.4,"INTERFACE, HIGHJUMP",BUYER   CONVERSION
MEDLINE INDUSTRIES INC,2022,"ANESTHESIOLOGY, 4280",MOUNT SINAI WEST,B BRAUN MEDICAL INC,MEDICAL EQUIPMENT AND ACCESSORIES AND SUPPLIES,TRUE,TRUE,PROCESSED,900109,"900109, IV SOLUTIONS AND SETS",MOUNT SINAI WEST,Yes,354212,B BRAUN MEDICAL INC,9/22/2022 0:00,1314152-16359,GOODS,ORAPOS,INTRAVENOUS OR ARTERIAL TUBING ADMINISTRATION SETS,BMG354212,ANESTHESIOLOGY,4280,IV SOLUTIONS AND SETS,MSHS-MEDLINE-COI,,900109,20,20,20,1,20,65.4,65.4,"INTERFACE, HIGHJUMP",BUYER   CONVERSION
MEDLINE INDUSTRIES INC,2022,"NURSING 11B MCH, 1951",MOUNT SINAI WEST,B BRAUN MEDICAL INC,MEDICAL EQUIPMENT AND ACCESSORIES AND SUPPLIES,TRUE,TRUE,PROCESSED,900109,"900109, IV SOLUTIONS AND SETS",MOUNT SINAI WEST,Yes,354212,B BRAUN MEDICAL INC,9/12/2022 0:00,1314152-15108,GOODS,ORAPOS,INTRAVENOUS OR ARTERIAL TUBING ADMINISTRATION SETS,BMG354212,NURSING 11B MCH,1951,IV SOLUTIONS AND SETS,MSHS-MEDLINE-COI,,900109,21,21,21,1,21,68.67,68.67,"INTERFACE, HIGHJUMP",BUYER   CONVERSION
MEDLINE INDUSTRIES INC,2022,"PACU, 2621",MOUNT SINAI WEST,B BRAUN MEDICAL INC,MEDICAL EQUIPMENT AND ACCESSORIES AND SUPPLIES,TRUE,TRUE,PROCESSED,900109,"900109, IV SOLUTIONS AND SETS",MOUNT SINAI WEST,Yes,354212,B BRAUN MEDICAL INC,9/15/2022 0:00,1314152-15560,GOODS,ORAPOS,INTRAVENOUS OR ARTERIAL TUBING ADMINISTRATION SETS,BMG354212,PACU,2621,IV SOLUTIONS AND SETS,MSHS-MEDLINE-COI,,900109,23,23,23,1,23,75.21,75.21,"INTERFACE, HIGHJUMP",BUYER   CONVERSION
MEDLINE INDUSTRIES INC,2022,"EMERGENCY DEPARTMENT ADMINISTRATION, 5700",MOUNT SINAI WEST,B BRAUN MEDICAL INC,MEDICAL EQUIPMENT AND ACCESSORIES AND SUPPLIES,TRUE,TRUE,PROCESSED,900109,"900109, IV SOLUTIONS AND SETS",MOUNT SINAI WEST,Yes,354212,B BRAUN MEDICAL INC,9/20/2022 0:00,1314152-16033,GOODS,ORAPOS,INTRAVENOUS OR ARTERIAL TUBING ADMINISTRATION SETS,MBB354212,EMERGENCY DEPARTMENT ADMINISTRATION,5700,IV SOLUTIONS AND SETS,MSHS-MEDLINE-COI,,900109,24,24,24,1,24,78.48,78.48,"INTERFACE, HIGHJUMP",BUYER   CONVERSION
MEDLINE INDUSTRIES INC,2022,"MEDICINE HEMATOLOGY, 4512",MOUNT SINAI WEST,B BRAUN MEDICAL INC,MEDICAL EQUIPMENT AND ACCESSORIES AND SUPPLIES,TRUE,TRUE,PROCESSED,900109,"900109, IV SOLUTIONS AND SETS",MOUNT SINAI WEST,Yes,354212,B BRAUN MEDICAL INC,9/14/2022 0:00,1314152-15404,GOODS,ORAPOS,INTRAVENOUS OR ARTERIAL TUBING ADMINISTRATION SETS,MBB354212,MEDICINE HEMATOLOGY,4512,IV SOLUTIONS AND SETS,MSHS-MEDLINE-COI,,900109,31,31,31,1,31,101.37,101.37,"INTERFACE, HIGHJUMP",BUYER   CONVERSION
MEDLINE INDUSTRIES INC,2022,"NURSING 9B M-S RVT, 1311",MOUNT SINAI WEST,B BRAUN MEDICAL INC,MEDICAL EQUIPMENT AND ACCESSORIES AND SUPPLIES,TRUE,TRUE,PROCESSED,900109,"900109, IV SOLUTIONS AND SETS",MOUNT SINAI WEST,Yes,354212,B BRAUN MEDICAL INC,9/6/2022 0:00,1314152-14394,GOODS,ORAPOS,INTRAVENOUS OR ARTERIAL TUBING ADMINISTRATION SETS,BMG354212,NURSING 9B M-S RVT,1311,IV SOLUTIONS AND SETS,MSHS-MEDLINE-COI,,900109,36,36,36,1,36,117.72,117.72,"INTERFACE, HIGHJUMP",BUYER   CONVERSION
MEDLINE INDUSTRIES INC,2022,"PACU, 2621",MOUNT SINAI WEST,B BRAUN MEDICAL INC,MEDICAL EQUIPMENT AND ACCESSORIES AND SUPPLIES,TRUE,TRUE,PROCESSED,900109,"900109, IV SOLUTIONS AND SETS",MOUNT SINAI WEST,Yes,354212,B BRAUN MEDICAL INC,9/29/2022 0:00,1314152-17104,GOODS,ORAPOS,INTRAVENOUS OR ARTERIAL TUBING ADMINISTRATION SETS,BMG354212,PACU,2621,IV SOLUTIONS AND SETS,MSHS-MEDLINE-COI,,900109,46,46,46,1,46,150.42,150.42,"INTERFACE, HIGHJUMP",BUYER   CONVERSION
MEDLINE INDUSTRIES INC,2022,"LABOR AND DELIVERY, 1901",MOUNT SINAI WEST,B BRAUN MEDICAL INC,MEDICAL EQUIPMENT AND ACCESSORIES AND SUPPLIES,TRUE,TRUE,PROCESSED,900109,"900109, IV SOLUTIONS AND SETS",MOUNT SINAI WEST,Yes,354212,B BRAUN MEDICAL INC,9/21/2022 0:00,1314152-16165,GOODS,ORAPOS,INTRAVENOUS OR ARTERIAL TUBING ADMINISTRATION SETS,BMG354212,LABOR AND DELIVERY,1901,IV SOLUTIONS AND SETS,MSHS-MEDLINE-COI,,900109,60,60,60,1,60,196.2,196.2,"INTERFACE, HIGHJUMP",BUYER   CONVERSION
MEDLINE INDUSTRIES INC,2022,"LABOR AND DELIVERY, 1901",MOUNT SINAI WEST,B BRAUN MEDICAL INC,MEDICAL EQUIPMENT AND ACCESSORIES AND SUPPLIES,TRUE,TRUE,PROCESSED,900109,"900109, IV SOLUTIONS AND SETS",MOUNT SINAI WEST,Yes,354212,B BRAUN MEDICAL INC,9/9/2022 0:00,1314152-14788,GOODS,ORAPOS,INTRAVENOUS OR ARTERIAL TUBING ADMINISTRATION SETS,BMG354212,LABOR AND DELIVERY,1901,IV SOLUTIONS AND SETS,MSHS-MEDLINE-COI,,900109,90,90,90,1,90,294.3,294.3,"INTERFACE, HIGHJUMP",BUYER   CONVERSION
MEDLINE INDUSTRIES INC,2022,"MEDICINE HEMATOLOGY, 4512",MOUNT SINAI WEST,B BRAUN MEDICAL INC,MEDICAL EQUIPMENT AND ACCESSORIES AND SUPPLIES,TRUE,TRUE,PROCESSED,900109,"900109, IV SOLUTIONS AND SETS",MOUNT SINAI WEST,Yes,354212,B BRAUN MEDICAL INC,9/23/2022 0:00,1314152-16502,GOODS,ORAPOS,INTRAVENOUS OR ARTERIAL TUBING ADMINISTRATION SETS,BMG354212,MEDICINE HEMATOLOGY,4512,IV SOLUTIONS AND SETS,MSHS-MEDLINE-COI,,900109,100,100,100,1,100,327,327,"INTERFACE, HIGHJUMP",BUYER   CONVERSION
MEDLINE INDUSTRIES INC,2022,"NURSING INTENSIVE CARE UNIT, 2301",MOUNT SINAI WEST,B BRAUN MEDICAL INC,MEDICAL EQUIPMENT AND ACCESSORIES AND SUPPLIES,TRUE,TRUE,PROCESSED,900109,"900109, IV SOLUTIONS AND SETS",MOUNT SINAI WEST,Yes,354212,B BRAUN MEDICAL INC,9/12/2022 0:00,1314152-15134,GOODS,ORAPOS,INTRAVENOUS OR ARTERIAL TUBING ADMINISTRATION SETS,BMG354212,NURSING INTENSIVE CARE UNIT,2301,IV SOLUTIONS AND SETS,MSHS-MEDLINE-COI,,900109,2,2,2,24,48,156.82,156.82,"INTERFACE, HIGHJUMP",BUYER   CONVERSION
MEDLINE INDUSTRIES INC,2022,"PHARMACY, 9400",MOUNT SINAI WEST,B BRAUN MEDICAL INC,MEDICAL EQUIPMENT AND ACCESSORIES AND SUPPLIES,TRUE,TRUE,PROCESSED,900109,"900109, IV SOLUTIONS AND SETS",MOUNT SINAI WEST,Yes,354212,B BRAUN MEDICAL INC,9/27/2022 0:00,1314152-16922,GOODS,ORAPOS,INTRAVENOUS OR ARTERIAL TUBING ADMINISTRATION SETS,BMG354212,PHARMACY,9400,IV SOLUTIONS AND SETS,MSHS-MEDLINE-COI,,900109,4,4,4,24,96,313.64,313.64,"ZUASOLA, JOVILYN B",BUYER   CONVERSION
MEDLINE INDUSTRIES INC,2022,"EMERGENCY DEPARTMENT ADMINISTRATION, 5700",MOUNT SINAI BROOKLYN,B BRAUN MEDICAL INC,MEDICAL EQUIPMENT AND ACCESSORIES AND SUPPLIES,TRUE,TRUE,PROCESSED,900109,"900109, IV SOLUTIONS AND SETS",MOUNT SINAI BROOKLYN,Yes,354212,B BRAUN MEDICAL INC,9/15/2022 0:00,1314152-15485,GOODS,ORAPOS,INTRAVENOUS OR ARTERIAL TUBING ADMINISTRATION SETS,BMG354212,EMERGENCY DEPARTMENT ADMINISTRATION,5700,IV SOLUTIONS AND SETS,MSHS-MEDLINE-COI,,900109,50,50,50,1,50,163.5,163.5,"INTERFACE, HIGHJUMP",BUYER   CONVERSION
MEDLINE INDUSTRIES INC,2022,"PHARMACY, 9400",MOUNT SINAI BROOKLYN,B BRAUN MEDICAL INC,MEDICAL EQUIPMENT AND ACCESSORIES AND SUPPLIES,TRUE,TRUE,PROCESSED,900109,"900109, IV SOLUTIONS AND SETS",MOUNT SINAI BROOKLYN,Yes,354212,B BRAUN MEDICAL INC,10/14/2022 0:00,1314152-18979,GOODS,ORAPOS,INTRAVENOUS OR ARTERIAL TUBING ADMINISTRATION SETS,BMG354212,PHARMACY,9400,IV SOLUTIONS AND SETS,MSHS-MEDLINE-COI,,900109,10,10,10,1,10,36.704,36.704,"INTERFACE, HIGHJUMP",BUYER   CONVERSION
MEDLINE INDUSTRIES INC,2022,"NURSING 3 NORTH M-S, 1237",MOUNT SINAI BROOKLYN,B BRAUN MEDICAL INC,MEDICAL EQUIPMENT AND ACCESSORIES AND SUPPLIES,TRUE,TRUE,PROCESSED,900109,"900109, IV SOLUTIONS AND SETS",MOUNT SINAI BROOKLYN,Yes,354212,B BRAUN MEDICAL INC,10/10/2022 0:00,1314152-18356,GOODS,ORAPOS,INTRAVENOUS OR ARTERIAL TUBING ADMINISTRATION SETS,BMG354212,NURSING 3 NORTH M-S,1237,IV SOLUTIONS AND SETS,MSHS-MEDLINE-COI,,900109,1,1,1,1,1,3.6704,3.6704,"INTERFACE, HIGHJUMP",BUYER   CONVERSION
MEDLINE INDUSTRIES INC,2022,"PHARMACY, 9400",MOUNT SINAI BROOKLYN,B BRAUN MEDICAL INC,MEDICAL EQUIPMENT AND ACCESSORIES AND SUPPLIES,TRUE,TRUE,PROCESSED,900109,"900109, IV SOLUTIONS AND SETS",MOUNT SINAI BROOKLYN,Yes,354212,B BRAUN MEDICAL INC,10/14/2022 0:00,1314152-18881,GOODS,ORAPOS,INTRAVENOUS OR ARTERIAL TUBING ADMINISTRATION SETS,BMG354212,PHARMACY,9400,IV SOLUTIONS AND SETS,MSHS-MEDLINE-COI,,900109,11,11,11,1,11,40.3744,40.3744,"INTERFACE, HIGHJUMP",BUYER   CONVERSION
MEDLINE INDUSTRIES INC,2022,"MATERIALS MANAGEMENT RECEIVING, 8840",MOUNT SINAI BROOKLYN,B BRAUN MEDICAL INC,MEDICAL EQUIPMENT AND ACCESSORIES AND SUPPLIES,TRUE,TRUE,PROCESSED,900109,"900109, IV SOLUTIONS AND SETS",MOUNT SINAI BROOKLYN,Yes,354212,B BRAUN MEDICAL INC,9/1/2022 0:00,1314152-14040,GOODS,ORAPOS,INTRAVENOUS OR ARTERIAL TUBING ADMINISTRATION SETS,MBB354212,MATERIALS MANAGEMENT RECEIVING,8840,IV SOLUTIONS AND SETS,MSHS-MEDLINE-COI,,900109,10,10,10,24,240,784.1,784.1,"ZAMOR, KEVIN",BUYER   CONVERSION
MEDLINE INDUSTRIES INC,2022,"MATERIALS MANAGEMENT STORE ROOM, 8835",MOUNT SINAI BROOKLYN,B BRAUN MEDICAL INC,MEDICAL EQUIPMENT AND ACCESSORIES AND SUPPLIES,TRUE,TRUE,PROCESSED,900109,"900109, IV SOLUTIONS AND SETS",MOUNT SINAI BROOKLYN,Yes,354212,B BRAUN MEDICAL INC,10/10/2022 0:00,1314152-18380,GOODS,ORAPOS,INTRAVENOUS OR ARTERIAL TUBING ADMINISTRATION SETS,BMG354212,MATERIALS MANAGEMENT STORE ROOM,8835,IV SOLUTIONS AND SETS,MSHS-MEDLINE-COI,,900109,8,8,8,24,192,704.72,704.72,"SOTO, ADELSI",BUYER   CONVERSION
MEDLINE INDUSTRIES INC,2022,"PHARMACY, 9400",MOUNT SINAI BROOKLYN,B BRAUN MEDICAL INC,MEDICAL EQUIPMENT AND ACCESSORIES AND SUPPLIES,TRUE,TRUE,PROCESSED,900109,"900109, IV SOLUTIONS AND SETS",MOUNT SINAI BROOKLYN,Yes,354212,B BRAUN MEDICAL INC,12/21/2022 0:00,1314152-27054,GOODS,ORAPOS,INTRAVENOUS OR ARTERIAL TUBING ADMINISTRATION SETS,MBB354212,PHARMACY,9400,IV SOLUTIONS AND SETS,MSHS-MEDLINE-COI,,900109,10,10,10,1,10,36.704,36.704,"INTERFACE, HIGHJUMP",BUYER   CONVERSION
MEDLINE INDUSTRIES INC,2022,"PHARMACY, 9400",MOUNT SINAI BROOKLYN,B BRAUN MEDICAL INC,MEDICAL EQUIPMENT AND ACCESSORIES AND SUPPLIES,TRUE,TRUE,PROCESSED,900109,"900109, IV SOLUTIONS AND SETS",MOUNT SINAI BROOKLYN,Yes,354212,B BRAUN MEDICAL INC,11/3/2022 0:00,1314152-21350,GOODS,ORAPOS,INTRAVENOUS OR ARTERIAL TUBING ADMINISTRATION SETS,BMG354212,PHARMACY,9400,IV SOLUTIONS AND SETS,MSHS-MEDLINE-COI,,900109,8,8,8,1,8,29.3632,29.3632,"INTERFACE, HIGHJUMP",BUYER   CONVERSION
MEDLINE INDUSTRIES INC,2022,"PHARMACY, 9400",MOUNT SINAI BROOKLYN,B BRAUN MEDICAL INC,MEDICAL EQUIPMENT AND ACCESSORIES AND SUPPLIES,TRUE,TRUE,PROCESSED,900109,"900109, IV SOLUTIONS AND SETS",MOUNT SINAI BROOKLYN,Yes,354212,B BRAUN MEDICAL INC,11/3/2022 0:00,1314152-21399,GOODS,ORAPOS,INTRAVENOUS OR ARTERIAL TUBING ADMINISTRATION SETS,BMG354212,PHARMACY,9400,IV SOLUTIONS AND SETS,MSHS-MEDLINE-COI,,900109,6,6,6,1,6,22.0224,22.0224,"INTERFACE, HIGHJUMP",BUYER   CONVERSION
MEDLINE INDUSTRIES INC,2022,"GI UNIT, 4510",MOUNT SINAI WEST,B BRAUN MEDICAL INC,MEDICAL EQUIPMENT AND ACCESSORIES AND SUPPLIES,TRUE,TRUE,PROCESSED,900109,"900109, IV SOLUTIONS AND SETS",MOUNT SINAI WEST,Yes,354212,B BRAUN MEDICAL INC,10/4/2022 0:00,1314152-17606,GOODS,ORAPOS,INTRAVENOUS OR ARTERIAL TUBING ADMINISTRATION SETS,MBB354212,GI UNIT,4510,IV SOLUTIONS AND SETS,MSHS-MEDLINE-COI,,900109,10,10,10,1,10,36.7,36.7,"INTERFACE, HIGHJUMP",BUYER   CONVERSION
MEDLINE INDUSTRIES INC,2022,"NURSING 8B M-S, 2321",MOUNT SINAI WEST,B BRAUN MEDICAL INC,MEDICAL EQUIPMENT AND ACCESSORIES AND SUPPLIES,TRUE,TRUE,PROCESSED,900109,"900109, IV SOLUTIONS AND SETS",MOUNT SINAI WEST,Yes,354212,B BRAUN MEDICAL INC,9/2/2022 0:00,1314152-14165,GOODS,ORAPOS,INTRAVENOUS OR ARTERIAL TUBING ADMINISTRATION SETS,BMG354212,NURSING 8B M-S,2321,IV SOLUTIONS AND SETS,MSHS-MEDLINE-COI,,900109,9,9,9,1,9,29.43,29.43,"INTERFACE, HIGHJUMP",BUYER   CONVERSION
MEDLINE INDUSTRIES INC,2022,"GI UNIT, 4510",MOUNT SINAI WEST,B BRAUN MEDICAL INC,MEDICAL EQUIPMENT AND ACCESSORIES AND SUPPLIES,TRUE,TRUE,PROCESSED,900109,"900109, IV SOLUTIONS AND SETS",MOUNT SINAI WEST,Yes,354212,B BRAUN MEDICAL INC,9/15/2022 0:00,1314152-15459,GOODS,ORAPOS,INTRAVENOUS OR ARTERIAL TUBING ADMINISTRATION SETS,BMG354212,GI UNIT,4510,IV SOLUTIONS AND SETS,MSHS-MEDLINE-COI,,900109,20,20,20,1,20,65.4,65.4,"INTERFACE, HIGHJUMP",BUYER   CONVERSION
MEDLINE INDUSTRIES INC,2022,"GI UNIT, 4510",MOUNT SINAI WEST,B BRAUN MEDICAL INC,MEDICAL EQUIPMENT AND ACCESSORIES AND SUPPLIES,TRUE,TRUE,PROCESSED,900109,"900109, IV SOLUTIONS AND SETS",MOUNT SINAI WEST,Yes,354212,B BRAUN MEDICAL INC,9/20/2022 0:00,1314152-15969,GOODS,ORAPOS,INTRAVENOUS OR ARTERIAL TUBING ADMINISTRATION SETS,BMG354212,GI UNIT,4510,IV SOLUTIONS AND SETS,MSHS-MEDLINE-COI,,900109,20,20,20,1,20,65.4,65.4,"INTERFACE, HIGHJUMP",BUYER   CONVERSION
MEDLINE INDUSTRIES INC,2022,"NURSING 9A M-S RVT, 1231",MOUNT SINAI WEST,B BRAUN MEDICAL INC,MEDICAL EQUIPMENT AND ACCESSORIES AND SUPPLIES,TRUE,TRUE,PROCESSED,900109,"900109, IV SOLUTIONS AND SETS",MOUNT SINAI WEST,Yes,354212,B BRAUN MEDICAL INC,9/13/2022 0:00,1314152-15228,GOODS,ORAPOS,INTRAVENOUS OR ARTERIAL TUBING ADMINISTRATION SETS,BMG354212,NURSING 9A M-S RVT,1231,IV SOLUTIONS AND SETS,MSHS-MEDLINE-COI,,900109,14,14,14,1,14,45.78,45.78,"INTERFACE, HIGHJUMP",BUYER   CONVERSION
MEDLINE INDUSTRIES INC,2022,"NURSING 10B M-S, 1301",MOUNT SINAI WEST,B BRAUN MEDICAL INC,MEDICAL EQUIPMENT AND ACCESSORIES AND SUPPLIES,TRUE,TRUE,PROCESSED,900109,"900109, IV SOLUTIONS AND SETS",MOUNT SINAI WEST,Yes,354212,B BRAUN MEDICAL INC,9/7/2022 0:00,1314152-14467,GOODS,ORAPOS,INTRAVENOUS OR ARTERIAL TUBING ADMINISTRATION SETS,BMG354212,NURSING 10B M-S,1301,IV SOLUTIONS AND SETS,MSHS-MEDLINE-COI,,900109,20,20,20,1,20,65.4,65.4,"INTERFACE, HIGHJUMP",BUYER   CONVERSION
MEDLINE INDUSTRIES INC,2022,"NURSING 9A M-S RVT, 1231",MOUNT SINAI WEST,B BRAUN MEDICAL INC,MEDICAL EQUIPMENT AND ACCESSORIES AND SUPPLIES,TRUE,TRUE,PROCESSED,900109,"900109, IV SOLUTIONS AND SETS",MOUNT SINAI WEST,Yes,354212,B BRAUN MEDICAL INC,9/27/2022 0:00,1314152-16884,GOODS,ORAPOS,INTRAVENOUS OR ARTERIAL TUBING ADMINISTRATION SETS,BMG354212,NURSING 9A M-S RVT,1231,IV SOLUTIONS AND SETS,MSHS-MEDLINE-COI,,900109,11,11,11,1,11,35.97,35.97,"INTERFACE, HIGHJUMP",BUYER   CONVERSION
MEDLINE INDUSTRIES INC,2022,"NURSING 14B M-S, 1251",MOUNT SINAI WEST,B BRAUN MEDICAL INC,MEDICAL EQUIPMENT AND ACCESSORIES AND SUPPLIES,TRUE,TRUE,PROCESSED,900109,"900109, IV SOLUTIONS AND SETS",MOUNT SINAI WEST,Yes,354212,B BRAUN MEDICAL INC,9/9/2022 0:00,1314152-14865,GOODS,ORAPOS,INTRAVENOUS OR ARTERIAL TUBING ADMINISTRATION SETS,BMG354212,NURSING 14B M-S,1251,IV SOLUTIONS AND SETS,MSHS-MEDLINE-COI,,900109,10,10,10,1,10,32.7,32.7,"INTERFACE, HIGHJUMP",BUYER   CONVERSION
MEDLINE INDUSTRIES INC,2022,"MEDICINE HEMATOLOGY, 4512",MOUNT SINAI WEST,B BRAUN MEDICAL INC,MEDICAL EQUIPMENT AND ACCESSORIES AND SUPPLIES,TRUE,TRUE,PROCESSED,900109,"900109, IV SOLUTIONS AND SETS",MOUNT SINAI WEST,Yes,354212,B BRAUN MEDICAL INC,9/9/2022 0:00,1314152-14825,GOODS,ORAPOS,INTRAVENOUS OR ARTERIAL TUBING ADMINISTRATION SETS,BMG354212,MEDICINE HEMATOLOGY,4512,IV SOLUTIONS AND SETS,MSHS-MEDLINE-COI,,900109,100,100,100,1,100,327,327,"INTERFACE, HIGHJUMP",BUYER   CONVERSION
MEDLINE INDUSTRIES INC,2022,"NURSING NEONATAL INTENSIVE CARE UNIT, 1801",MOUNT SINAI WEST,B BRAUN MEDICAL INC,MEDICAL EQUIPMENT AND ACCESSORIES AND SUPPLIES,TRUE,TRUE,PROCESSED,900109,"900109, IV SOLUTIONS AND SETS",MOUNT SINAI WEST,Yes,354212,B BRAUN MEDICAL INC,9/26/2022 0:00,1314152-16769,GOODS,ORAPOS,INTRAVENOUS OR ARTERIAL TUBING ADMINISTRATION SETS,BMG354212,NURSING NEONATAL INTENSIVE CARE UNIT,1801,IV SOLUTIONS AND SETS,MSHS-MEDLINE-COI,,900109,21,21,21,1,21,68.67,68.67,"INTERFACE, HIGHJUMP",BUYER   CONVERSION
MEDLINE INDUSTRIES INC,2022,"LABOR AND DELIVERY, 1901",MOUNT SINAI WEST,B BRAUN MEDICAL INC,MEDICAL EQUIPMENT AND ACCESSORIES AND SUPPLIES,TRUE,TRUE,PROCESSED,900109,"900109, IV SOLUTIONS AND SETS",MOUNT SINAI WEST,Yes,354212,B BRAUN MEDICAL INC,9/16/2022 0:00,1314152-15705,GOODS,ORAPOS,INTRAVENOUS OR ARTERIAL TUBING ADMINISTRATION SETS,BMG354212,LABOR AND DELIVERY,1901,IV SOLUTIONS AND SETS,MSHS-MEDLINE-COI,,900109,30,30,30,1,30,98.1,98.1,"INTERFACE, HIGHJUMP",BUYER   CONVERSION
MEDLINE INDUSTRIES INC,2022,"NURSING 3G REHAB, 1701",MOUNT SINAI WEST,B BRAUN MEDICAL INC,MEDICAL EQUIPMENT AND ACCESSORIES AND SUPPLIES,TRUE,TRUE,PROCESSED,900109,"900109, IV SOLUTIONS AND SETS",MOUNT SINAI WEST,Yes,354212,B BRAUN MEDICAL INC,9/16/2022 0:00,1314152-15626,GOODS,ORAPOS,INTRAVENOUS OR ARTERIAL TUBING ADMINISTRATION SETS,BMG354212,NURSING 3G REHAB,1701,IV SOLUTIONS AND SETS,MSHS-MEDLINE-COI,,900109,16,16,16,1,16,52.32,52.32,"INTERFACE, HIGHJUMP",BUYER   CONVERSION
MEDLINE INDUSTRIES INC,2022,"LABOR AND DELIVERY, 1901",MOUNT SINAI WEST,B BRAUN MEDICAL INC,MEDICAL EQUIPMENT AND ACCESSORIES AND SUPPLIES,TRUE,TRUE,PROCESSED,900109,"900109, IV SOLUTIONS AND SETS",MOUNT SINAI WEST,Yes,354212,B BRAUN MEDICAL INC,9/13/2022 0:00,1314152-15188,GOODS,ORAPOS,INTRAVENOUS OR ARTERIAL TUBING ADMINISTRATION SETS,BMG354212,LABOR AND DELIVERY,1901,IV SOLUTIONS AND SETS,MSHS-MEDLINE-COI,,900109,60,60,60,1,60,196.2,196.2,"INTERFACE, HIGHJUMP",BUYER   CONVERSION
MEDLINE INDUSTRIES INC,2022,"NURSING 11B MCH, 1951",MOUNT SINAI WEST,B BRAUN MEDICAL INC,MEDICAL EQUIPMENT AND ACCESSORIES AND SUPPLIES,TRUE,TRUE,PROCESSED,900109,"900109, IV SOLUTIONS AND SETS",MOUNT SINAI WEST,Yes,354212,B BRAUN MEDICAL INC,9/1/2022 0:00,1314152-13962,GOODS,ORAPOS,INTRAVENOUS OR ARTERIAL TUBING ADMINISTRATION SETS,BMG354212,NURSING 11B MCH,1951,IV SOLUTIONS AND SETS,MSHS-MEDLINE-COI,,900109,10,10,10,1,10,32.7,32.7,"INTERFACE, HIGHJUMP",BUYER   CONVERSION
MEDLINE INDUSTRIES INC,2022,"NURSING 8B M-S, 2321",MOUNT SINAI WEST,B BRAUN MEDICAL INC,MEDICAL EQUIPMENT AND ACCESSORIES AND SUPPLIES,TRUE,TRUE,PROCESSED,900109,"900109, IV SOLUTIONS AND SETS",MOUNT SINAI WEST,Yes,354212,B BRAUN MEDICAL INC,9/24/2022 0:00,1314152-16564,GOODS,ORAPOS,INTRAVENOUS OR ARTERIAL TUBING ADMINISTRATION SETS,BMG354212,NURSING 8B M-S,2321,IV SOLUTIONS AND SETS,MSHS-MEDLINE-COI,,900109,9,9,9,1,9,29.43,29.43,"INTERFACE, HIGHJUMP",BUYER   CONVERSION
MEDLINE INDUSTRIES INC,2022,"NURSING 11B MCH, 1951",MOUNT SINAI WEST,B BRAUN MEDICAL INC,MEDICAL EQUIPMENT AND ACCESSORIES AND SUPPLIES,TRUE,TRUE,PROCESSED,900109,"900109, IV SOLUTIONS AND SETS",MOUNT SINAI WEST,Yes,354212,B BRAUN MEDICAL INC,9/24/2022 0:00,1314152-16613,GOODS,ORAPOS,INTRAVENOUS OR ARTERIAL TUBING ADMINISTRATION SETS,BMG354212,NURSING 11B MCH,1951,IV SOLUTIONS AND SETS,MSHS-MEDLINE-COI,,900109,10,10,10,1,10,32.7,32.7,"INTERFACE, HIGHJUMP",BUYER   CONVERSION
MEDLINE INDUSTRIES INC,2022,"ANESTHESIOLOGY, 4280",MOUNT SINAI WEST,B BRAUN MEDICAL INC,MEDICAL EQUIPMENT AND ACCESSORIES AND SUPPLIES,TRUE,TRUE,PROCESSED,900109,"900109, IV SOLUTIONS AND SETS",MOUNT SINAI WEST,Yes,354212,B BRAUN MEDICAL INC,9/28/2022 0:00,1314152-16996,GOODS,ORAPOS,INTRAVENOUS OR ARTERIAL TUBING ADMINISTRATION SETS,BMG354212,ANESTHESIOLOGY,4280,IV SOLUTIONS AND SETS,MSHS-MEDLINE-COI,,900109,20,20,20,1,20,65.4,65.4,"INTERFACE, HIGHJUMP",BUYER   CONVERSION
MEDLINE INDUSTRIES INC,2022,"NURSING 14A M-S, 1241",MOUNT SINAI WEST,B BRAUN MEDICAL INC,MEDICAL EQUIPMENT AND ACCESSORIES AND SUPPLIES,TRUE,TRUE,PROCESSED,900109,"900109, IV SOLUTIONS AND SETS",MOUNT SINAI WEST,Yes,354212,B BRAUN MEDICAL INC,9/23/2022 0:00,1314152-16432,GOODS,ORAPOS,INTRAVENOUS OR ARTERIAL TUBING ADMINISTRATION SETS,BMG354212,NURSING 14A M-S,1241,IV SOLUTIONS AND SETS,MSHS-MEDLINE-COI,,900109,10,10,10,1,10,32.7,32.7,"INTERFACE, HIGHJUMP",BUYER   CONVERSION
MEDLINE INDUSTRIES INC,2022,"ANESTHESIOLOGY, 4280",MOUNT SINAI WEST,B BRAUN MEDICAL INC,MEDICAL EQUIPMENT AND ACCESSORIES AND SUPPLIES,TRUE,TRUE,PROCESSED,900109,"900109, IV SOLUTIONS AND SETS",MOUNT SINAI WEST,Yes,354212,B BRAUN MEDICAL INC,9/2/2022 0:00,1314152-14195,GOODS,ORAPOS,INTRAVENOUS OR ARTERIAL TUBING ADMINISTRATION SETS,BMG354212,ANESTHESIOLOGY,4280,IV SOLUTIONS AND SETS,MSHS-MEDLINE-COI,,900109,3,3,3,24,72,235.23,235.23,"INTERFACE, HIGHJUMP",BUYER   CONVERSION
MEDLINE INDUSTRIES INC,2022,"ANESTHESIOLOGY, 4280",MOUNT SINAI WEST,B BRAUN MEDICAL INC,MEDICAL EQUIPMENT AND ACCESSORIES AND SUPPLIES,TRUE,TRUE,PROCESSED,900109,"900109, IV SOLUTIONS AND SETS",MOUNT SINAI WEST,Yes,354212,B BRAUN MEDICAL INC,9/16/2022 0:00,1314152-15704,GOODS,ORAPOS,INTRAVENOUS OR ARTERIAL TUBING ADMINISTRATION SETS,BMG354212,ANESTHESIOLOGY,4280,IV SOLUTIONS AND SETS,MSHS-MEDLINE-COI,,900109,6,6,6,24,144,470.46,470.46,"INTERFACE, HIGHJUMP",BUYER   CONVERSION
MEDLINE INDUSTRIES INC,2022,"ANESTHESIOLOGY, 4280",MOUNT SINAI WEST,B BRAUN MEDICAL INC,MEDICAL EQUIPMENT AND ACCESSORIES AND SUPPLIES,TRUE,TRUE,PROCESSED,900109,"900109, IV SOLUTIONS AND SETS",MOUNT SINAI WEST,Yes,354212,B BRAUN MEDICAL INC,9/19/2022 0:00,1314152-15953,GOODS,ORAPOS,INTRAVENOUS OR ARTERIAL TUBING ADMINISTRATION SETS,BMG354212,ANESTHESIOLOGY,4280,IV SOLUTIONS AND SETS,MSHS-MEDLINE-COI,,900109,3,3,3,24,72,235.23,235.23,"INTERFACE, HIGHJUMP",BUYER   CONVERSION
MEDLINE INDUSTRIES INC,2022,"ANESTHESIOLOGY, 4280",MOUNT SINAI WEST,B BRAUN MEDICAL INC,MEDICAL EQUIPMENT AND ACCESSORIES AND SUPPLIES,TRUE,TRUE,PROCESSED,900109,"900109, IV SOLUTIONS AND SETS",MOUNT SINAI WEST,Yes,354212,B BRAUN MEDICAL INC,9/26/2022 0:00,1314152-16778,GOODS,ORAPOS,INTRAVENOUS OR ARTERIAL TUBING ADMINISTRATION SETS,BMG354212,ANESTHESIOLOGY,4280,IV SOLUTIONS AND SETS,MSHS-MEDLINE-COI,,900109,3,3,3,24,72,235.23,235.23,"INTERFACE, HIGHJUMP",BUYER   CONVERSION
MEDLINE INDUSTRIES INC,2022,"EMERGENCY DEPARTMENT ADMINISTRATION, 5700",PETRIE,B BRAUN MEDICAL INC,MEDICAL EQUIPMENT AND ACCESSORIES AND SUPPLIES,TRUE,TRUE,PROCESSED,900109,"900109, IV SOLUTIONS AND SETS",PETRIE,Yes,354212,B BRAUN MEDICAL INC,10/8/2022 0:00,1314152-18241,GOODS,ORAPOS,INTRAVENOUS OR ARTERIAL TUBING ADMINISTRATION SETS,MBB354212,EMERGENCY DEPARTMENT ADMINISTRATION,5700,IV SOLUTIONS AND SETS,MSHS-MEDLINE-COI,,900109,6,6,6,1,6,22.0224,22.0224,"INTERFACE, HIGHJUMP",BUYER   CONVERSION
MEDLINE INDUSTRIES INC,2022,"EMERGENCY DEPARTMENT ADMINISTRATION, 5700",PETRIE,B BRAUN MEDICAL INC,MEDICAL EQUIPMENT AND ACCESSORIES AND SUPPLIES,TRUE,TRUE,PROCESSED,900109,"900109, IV SOLUTIONS AND SETS",PETRIE,Yes,354212,B BRAUN MEDICAL INC,9/13/2022 0:00,1314152-15257,GOODS,ORAPOS,INTRAVENOUS OR ARTERIAL TUBING ADMINISTRATION SETS,MBB354212,EMERGENCY DEPARTMENT ADMINISTRATION,5700,IV SOLUTIONS AND SETS,MSHS-MEDLINE-COI,,900109,12,12,12,1,12,39.24,39.24,"INTERFACE, HIGHJUMP",BUYER   CONVERSION
MEDLINE INDUSTRIES INC,2022,"NURSING INTENSIVE CARE UNIT, 2304",PETRIE,B BRAUN MEDICAL INC,MEDICAL EQUIPMENT AND ACCESSORIES AND SUPPLIES,TRUE,TRUE,PROCESSED,900109,"900109, IV SOLUTIONS AND SETS",PETRIE,Yes,354212,B BRAUN MEDICAL INC,10/3/2022 0:00,1314152-17494,GOODS,ORAPOS,INTRAVENOUS OR ARTERIAL TUBING ADMINISTRATION SETS,MBB354212,NURSING INTENSIVE CARE UNIT,2304,IV SOLUTIONS AND SETS,MSHS-MEDLINE-COI,,900109,48,48,48,1,48,176.16,176.16,"INTERFACE, HIGHJUMP",BUYER   CONVERSION
MEDLINE INDUSTRIES INC,2022,"EMERGENCY DEPARTMENT ADMINISTRATION, 5700",PETRIE,B BRAUN MEDICAL INC,MEDICAL EQUIPMENT AND ACCESSORIES AND SUPPLIES,TRUE,TRUE,PROCESSED,900109,"900109, IV SOLUTIONS AND SETS",PETRIE,Yes,354212,B BRAUN MEDICAL INC,9/15/2022 0:00,1314152-15592,GOODS,ORAPOS,INTRAVENOUS OR ARTERIAL TUBING ADMINISTRATION SETS,MBB354212,EMERGENCY DEPARTMENT ADMINISTRATION,5700,IV SOLUTIONS AND SETS,MSHS-MEDLINE-COI,,900109,6,6,6,1,6,19.62,19.62,"INTERFACE, HIGHJUMP",BUYER   CONVERSION
MEDLINE INDUSTRIES INC,2022,"EMERGENCY DEPARTMENT ADMINISTRATION, 5700",PETRIE,B BRAUN MEDICAL INC,MEDICAL EQUIPMENT AND ACCESSORIES AND SUPPLIES,TRUE,TRUE,PROCESSED,900109,"900109, IV SOLUTIONS AND SETS",PETRIE,Yes,354212,B BRAUN MEDICAL INC,9/14/2022 0:00,1314152-15440,GOODS,ORAPOS,INTRAVENOUS OR ARTERIAL TUBING ADMINISTRATION SETS,MBB354212,EMERGENCY DEPARTMENT ADMINISTRATION,5700,IV SOLUTIONS AND SETS,MSHS-MEDLINE-COI,,900109,6,6,6,1,6,19.62,19.62,"INTERFACE, HIGHJUMP",BUYER   CONVERSION
MEDLINE INDUSTRIES INC,2022,"EMERGENCY DEPARTMENT ADMINISTRATION, 5700",PETRIE,B BRAUN MEDICAL INC,MEDICAL EQUIPMENT AND ACCESSORIES AND SUPPLIES,TRUE,TRUE,PROCESSED,900109,"900109, IV SOLUTIONS AND SETS",PETRIE,Yes,354212,B BRAUN MEDICAL INC,9/23/2022 0:00,1314152-16543,GOODS,ORAPOS,INTRAVENOUS OR ARTERIAL TUBING ADMINISTRATION SETS,MBB354212,EMERGENCY DEPARTMENT ADMINISTRATION,5700,IV SOLUTIONS AND SETS,MSHS-MEDLINE-COI,,900109,6,6,6,1,6,19.62,19.62,"INTERFACE, HIGHJUMP",BUYER   CONVERSION
MEDLINE INDUSTRIES INC,2022,"NURSING INTENSIVE CARE UNIT, 2304",PETRIE,B BRAUN MEDICAL INC,MEDICAL EQUIPMENT AND ACCESSORIES AND SUPPLIES,TRUE,TRUE,PROCESSED,900109,"900109, IV SOLUTIONS AND SETS",PETRIE,Yes,354212,B BRAUN MEDICAL INC,9/2/2022 0:00,1314152-14122,GOODS,ORAPOS,INTRAVENOUS OR ARTERIAL TUBING ADMINISTRATION SETS,BMG354212,NURSING INTENSIVE CARE UNIT,2304,IV SOLUTIONS AND SETS,MSHS-MEDLINE-COI,,900109,48,48,48,1,48,156.96,156.96,"INTERFACE, HIGHJUMP",BUYER   CONVERSION
MEDLINE INDUSTRIES INC,2022,"EMERGENCY DEPARTMENT ADMINISTRATION, 5700",PETRIE,B BRAUN MEDICAL INC,MEDICAL EQUIPMENT AND ACCESSORIES AND SUPPLIES,TRUE,TRUE,PROCESSED,900109,"900109, IV SOLUTIONS AND SETS",PETRIE,Yes,354212,B BRAUN MEDICAL INC,9/2/2022 0:00,1314152-14201,GOODS,ORAPOS,INTRAVENOUS OR ARTERIAL TUBING ADMINISTRATION SETS,BMG354212,EMERGENCY DEPARTMENT ADMINISTRATION,5700,IV SOLUTIONS AND SETS,MSHS-MEDLINE-COI,,900109,6,6,6,1,6,19.62,19.62,"INTERFACE, HIGHJUMP",BUYER   CONVERSION
MEDLINE INDUSTRIES INC,2022,"NURSING INTENSIVE CARE UNIT, 2304",PETRIE,B BRAUN MEDICAL INC,MEDICAL EQUIPMENT AND ACCESSORIES AND SUPPLIES,TRUE,TRUE,PROCESSED,900109,"900109, IV SOLUTIONS AND SETS",PETRIE,Yes,354212,B BRAUN MEDICAL INC,9/27/2022 0:00,1314152-16847,GOODS,ORAPOS,INTRAVENOUS OR ARTERIAL TUBING ADMINISTRATION SETS,BMG354212,NURSING INTENSIVE CARE UNIT,2304,IV SOLUTIONS AND SETS,MSHS-MEDLINE-COI,,900109,48,48,48,1,48,156.96,156.96,"INTERFACE, HIGHJUMP",BUYER   CONVERSION
MEDLINE INDUSTRIES INC,2022,"NURSING RAPID EVALUATION TREATMENT UNIT, 1304",PETRIE,B BRAUN MEDICAL INC,MEDICAL EQUIPMENT AND ACCESSORIES AND SUPPLIES,TRUE,TRUE,PROCESSED,900109,"900109, IV SOLUTIONS AND SETS",PETRIE,Yes,354212,B BRAUN MEDICAL INC,10/6/2022 0:00,1314152-17929,GOODS,ORAPOS,INTRAVENOUS OR ARTERIAL TUBING ADMINISTRATION SETS,BMG354212,NURSING RAPID EVALUATION TREATMENT UNIT,1304,IV SOLUTIONS AND SETS,MSHS-MEDLINE-COI,,900109,48,48,48,1,48,176.1792,176.1792,"INTERFACE, HIGHJUMP",BUYER   CONVERSION
MEDLINE INDUSTRIES INC,2022,"NURSING RAPID EVALUATION TREATMENT UNIT, 1304",PETRIE,B BRAUN MEDICAL INC,MEDICAL EQUIPMENT AND ACCESSORIES AND SUPPLIES,TRUE,TRUE,PROCESSED,900109,"900109, IV SOLUTIONS AND SETS",PETRIE,Yes,354212,B BRAUN MEDICAL INC,9/10/2022 0:00,1314152-14931,GOODS,ORAPOS,INTRAVENOUS OR ARTERIAL TUBING ADMINISTRATION SETS,BMG354212,NURSING RAPID EVALUATION TREATMENT UNIT,1304,IV SOLUTIONS AND SETS,MSHS-MEDLINE-COI,,900109,48,48,48,1,48,156.96,156.96,"INTERFACE, HIGHJUMP",BUYER   CONVERSION
MEDLINE INDUSTRIES INC,2022,"EMERGENCY DEPARTMENT ADMINISTRATION, 5700",PETRIE,B BRAUN MEDICAL INC,MEDICAL EQUIPMENT AND ACCESSORIES AND SUPPLIES,TRUE,TRUE,PROCESSED,900109,"900109, IV SOLUTIONS AND SETS",PETRIE,Yes,354212,B BRAUN MEDICAL INC,10/7/2022 0:00,1314152-18171,GOODS,ORAPOS,INTRAVENOUS OR ARTERIAL TUBING ADMINISTRATION SETS,BMG354212,EMERGENCY DEPARTMENT ADMINISTRATION,5700,IV SOLUTIONS AND SETS,MSHS-MEDLINE-COI,,900109,6,6,6,1,6,22.0224,22.0224,"INTERFACE, HIGHJUMP",BUYER   CONVERSION
MEDLINE INDUSTRIES INC,2022,"NURSING 9 SILVER M-S, 1264",PETRIE,B BRAUN MEDICAL INC,MEDICAL EQUIPMENT AND ACCESSORIES AND SUPPLIES,TRUE,TRUE,PROCESSED,900109,"900109, IV SOLUTIONS AND SETS",PETRIE,Yes,354212,B BRAUN MEDICAL INC,9/9/2022 0:00,1314152-14768,GOODS,ORAPOS,INTRAVENOUS OR ARTERIAL TUBING ADMINISTRATION SETS,BMG354212,NURSING 9 SILVER M-S,1264,IV SOLUTIONS AND SETS,MSHS-MEDLINE-COI,,900109,12,12,12,1,12,39.24,39.24,"INTERFACE, HIGHJUMP",BUYER   CONVERSION
MEDLINE INDUSTRIES INC,2022,"NURSING 10 SILVER SURGICAL, 1314",PETRIE,B BRAUN MEDICAL INC,MEDICAL EQUIPMENT AND ACCESSORIES AND SUPPLIES,TRUE,TRUE,PROCESSED,900109,"900109, IV SOLUTIONS AND SETS",PETRIE,Yes,354212,B BRAUN MEDICAL INC,10/6/2022 0:00,1314152-17912,GOODS,ORAPOS,INTRAVENOUS OR ARTERIAL TUBING ADMINISTRATION SETS,BMG354212,NURSING 10 SILVER SURGICAL,1314,IV SOLUTIONS AND SETS,MSHS-MEDLINE-COI,,900109,48,48,48,1,48,176.1792,176.1792,"INTERFACE, HIGHJUMP",BUYER   CONVERSION
MEDLINE INDUSTRIES INC,2022,"NURSING 7 SILVER ORTHOPEDICS, 1344",PETRIE,B BRAUN MEDICAL INC,MEDICAL EQUIPMENT AND ACCESSORIES AND SUPPLIES,TRUE,TRUE,PROCESSED,900109,"900109, IV SOLUTIONS AND SETS",PETRIE,Yes,354212,B BRAUN MEDICAL INC,9/12/2022 0:00,1314152-15015,GOODS,ORAPOS,INTRAVENOUS OR ARTERIAL TUBING ADMINISTRATION SETS,BMG354212,NURSING 7 SILVER ORTHOPEDICS,1344,IV SOLUTIONS AND SETS,MSHS-MEDLINE-COI,,900109,24,24,24,1,24,78.48,78.48,"INTERFACE, HIGHJUMP",BUYER   CONVERSION
MEDLINE INDUSTRIES INC,2022,"EMERGENCY DEPARTMENT ADMINISTRATION, 5700",PETRIE,B BRAUN MEDICAL INC,MEDICAL EQUIPMENT AND ACCESSORIES AND SUPPLIES,TRUE,TRUE,PROCESSED,900109,"900109, IV SOLUTIONS AND SETS",PETRIE,Yes,354212,B BRAUN MEDICAL INC,9/16/2022 0:00,1314152-15717,GOODS,ORAPOS,INTRAVENOUS OR ARTERIAL TUBING ADMINISTRATION SETS,BMG354212,EMERGENCY DEPARTMENT ADMINISTRATION,5700,IV SOLUTIONS AND SETS,MSHS-MEDLINE-COI,,900109,9,9,9,1,9,29.43,29.43,"INTERFACE, HIGHJUMP",BUYER   CONVERSION
MEDLINE INDUSTRIES INC,2022,"EMERGENCY DEPARTMENT ADMINISTRATION, 5700",PETRIE,B BRAUN MEDICAL INC,MEDICAL EQUIPMENT AND ACCESSORIES AND SUPPLIES,TRUE,TRUE,PROCESSED,900109,"900109, IV SOLUTIONS AND SETS",PETRIE,Yes,354212,B BRAUN MEDICAL INC,9/17/2022 0:00,1314152-15767,GOODS,ORAPOS,INTRAVENOUS OR ARTERIAL TUBING ADMINISTRATION SETS,BMG354212,EMERGENCY DEPARTMENT ADMINISTRATION,5700,IV SOLUTIONS AND SETS,MSHS-MEDLINE-COI,,900109,24,24,24,1,24,78.48,78.48,"INTERFACE, HIGHJUMP",BUYER   CONVERSION
MEDLINE INDUSTRIES INC,2022,"NURSING INTENSIVE CARE UNIT, 2304",PETRIE,B BRAUN MEDICAL INC,MEDICAL EQUIPMENT AND ACCESSORIES AND SUPPLIES,TRUE,TRUE,PROCESSED,900109,"900109, IV SOLUTIONS AND SETS",PETRIE,Yes,354212,B BRAUN MEDICAL INC,9/22/2022 0:00,1314152-16275,GOODS,ORAPOS,INTRAVENOUS OR ARTERIAL TUBING ADMINISTRATION SETS,BMG354212,NURSING INTENSIVE CARE UNIT,2304,IV SOLUTIONS AND SETS,MSHS-MEDLINE-COI,,900109,48,48,48,1,48,156.96,156.96,"INTERFACE, HIGHJUMP",BUYER   CONVERSION
MEDLINE INDUSTRIES INC,2022,"NURSING RAPID EVALUATION TREATMENT UNIT, 1304",PETRIE,B BRAUN MEDICAL INC,MEDICAL EQUIPMENT AND ACCESSORIES AND SUPPLIES,TRUE,TRUE,PROCESSED,900109,"900109, IV SOLUTIONS AND SETS",PETRIE,Yes,354212,B BRAUN MEDICAL INC,9/26/2022 0:00,1314152-16682,GOODS,ORAPOS,INTRAVENOUS OR ARTERIAL TUBING ADMINISTRATION SETS,BMG354212,NURSING RAPID EVALUATION TREATMENT UNIT,1304,IV SOLUTIONS AND SETS,MSHS-MEDLINE-COI,,900109,48,48,48,1,48,156.96,156.96,"INTERFACE, HIGHJUMP",BUYER   CONVERSION
MEDLINE INDUSTRIES INC,2022,"NURSING 3 DAZIAN, 1404",PETRIE,B BRAUN MEDICAL INC,MEDICAL EQUIPMENT AND ACCESSORIES AND SUPPLIES,TRUE,TRUE,PROCESSED,900109,"900109, IV SOLUTIONS AND SETS",PETRIE,Yes,354212,B BRAUN MEDICAL INC,10/3/2022 0:00,1314152-17554,GOODS,ORAPOS,INTRAVENOUS OR ARTERIAL TUBING ADMINISTRATION SETS,BMG354212,NURSING 3 DAZIAN,1404,IV SOLUTIONS AND SETS,MSHS-MEDLINE-COI,,900109,25,25,25,1,25,91.75,91.75,"INTERFACE, HIGHJUMP",BUYER   CONVERSION
MEDLINE INDUSTRIES INC,2022,"NURSING 10 SILVER SURGICAL, 1314",PETRIE,B BRAUN MEDICAL INC,MEDICAL EQUIPMENT AND ACCESSORIES AND SUPPLIES,TRUE,TRUE,PROCESSED,900109,"900109, IV SOLUTIONS AND SETS",PETRIE,Yes,354212,B BRAUN MEDICAL INC,10/1/2022 0:00,1314152-17405,GOODS,ORAPOS,INTRAVENOUS OR ARTERIAL TUBING ADMINISTRATION SETS,BMG354212,NURSING 10 SILVER SURGICAL,1314,IV SOLUTIONS AND SETS,MSHS-MEDLINE-COI,,900109,48,48,48,1,48,176.16,176.16,"INTERFACE, HIGHJUMP",BUYER   CONVERSION
MEDLINE INDUSTRIES INC,2023,"CENTRAL STERILE REPROCESSING, 9175",PETRIE,B BRAUN MEDICAL INC,MEDICAL EQUIPMENT AND ACCESSORIES AND SUPPLIES,TRUE,TRUE,PROCESSED,900109,"900109, IV SOLUTIONS AND SETS",PETRIE,Yes,354212,B BRAUN MEDICAL INC,5/15/2023 0:00,1314152-45680,GOODS,ORAPOS,INTRAVENOUS OR ARTERIAL TUBING ADMINISTRATION SETS,MBB354212,CENTRAL STERILE REPROCESSING,9175,IV SOLUTIONS AND SETS,MSHS-MEDLINE-COI,,900109,1,1,1,24,24,88.0896,88.0896,"TAHIRU, SALIM",BUYER   CONVERSION
MEDLINE INDUSTRIES INC,2022,"CARDIAC CATHERIZATION, 4058",PETRIE,B BRAUN MEDICAL INC,MEDICAL EQUIPMENT AND ACCESSORIES AND SUPPLIES,TRUE,TRUE,PROCESSED,900109,"900109, IV SOLUTIONS AND SETS",PETRIE,Yes,354212,B BRAUN MEDICAL INC,10/4/2022 0:00,1314152-17683,GOODS,ORAPOS,INTRAVENOUS OR ARTERIAL TUBING ADMINISTRATION SETS,MBB354212,CARDIAC CATHERIZATION,4058,IV SOLUTIONS AND SETS,MSHS-MEDLINE-COI,,900109,1,1,1,24,24,88.09,88.09,"RABELO, JOSE",BUYER   CONVERSION
MEDLINE INDUSTRIES INC,2022,"MATERIALS MANAGEMENT STORE ROOM, 8835",PETRIE,B BRAUN MEDICAL INC,MEDICAL EQUIPMENT AND ACCESSORIES AND SUPPLIES,TRUE,TRUE,PROCESSED,900109,"900109, IV SOLUTIONS AND SETS",PETRIE,Yes,354212,B BRAUN MEDICAL INC,9/2/2022 0:00,1314152-14095,GOODS,ORAPOS,INTRAVENOUS OR ARTERIAL TUBING ADMINISTRATION SETS,BMG354212,MATERIALS MANAGEMENT STORE ROOM,8835,IV SOLUTIONS AND SETS,MSHS-MEDLINE-COI,,900109,1,1,1,24,24,78.41,78.41,"INTERFACE, HIGHJUMP",BUYER   CONVERSION
MEDLINE INDUSTRIES INC,2022,"MATERIALS MANAGEMENT STORE ROOM, 8835",PETRIE,B BRAUN MEDICAL INC,MEDICAL EQUIPMENT AND ACCESSORIES AND SUPPLIES,TRUE,TRUE,PROCESSED,900109,"900109, IV SOLUTIONS AND SETS",PETRIE,Yes,354212,B BRAUN MEDICAL INC,9/7/2022 0:00,1314152-14500,GOODS,ORAPOS,INTRAVENOUS OR ARTERIAL TUBING ADMINISTRATION SETS,BMG354212,MATERIALS MANAGEMENT STORE ROOM,8835,IV SOLUTIONS AND SETS,MSHS-MEDLINE-COI,,900109,1,1,1,24,24,78.41,78.41,"INTERFACE, HIGHJUMP",BUYER   CONVERSION
MEDLINE INDUSTRIES INC,2022,"CARDIAC CATHERIZATION, 4058",PETRIE,B BRAUN MEDICAL INC,MEDICAL EQUIPMENT AND ACCESSORIES AND SUPPLIES,TRUE,TRUE,PROCESSED,900109,"900109, IV SOLUTIONS AND SETS",PETRIE,Yes,354212,B BRAUN MEDICAL INC,9/30/2022 0:00,1314152-17333,GOODS,ORAPOS,INTRAVENOUS OR ARTERIAL TUBING ADMINISTRATION SETS,BMG354212,CARDIAC CATHERIZATION,4058,IV SOLUTIONS AND SETS,MSHS-MEDLINE-COI,,900109,1,1,1,24,24,78.41,78.41,"RABELO, JOSE",BUYER   CONVERSION
MEDLINE INDUSTRIES INC,2022,"CARDIAC CATHERIZATION, 4058",PETRIE,B BRAUN MEDICAL INC,MEDICAL EQUIPMENT AND ACCESSORIES AND SUPPLIES,TRUE,TRUE,PROCESSED,900109,"900109, IV SOLUTIONS AND SETS",PETRIE,Yes,354212,B BRAUN MEDICAL INC,9/16/2022 0:00,1314152-15660,GOODS,ORAPOS,INTRAVENOUS OR ARTERIAL TUBING ADMINISTRATION SETS,BMG354212,CARDIAC CATHERIZATION,4058,IV SOLUTIONS AND SETS,MSHS-MEDLINE-COI,,900109,1,1,1,24,24,78.41,78.41,"RABELO, JOSE",BUYER   CONVERSION
MEDLINE INDUSTRIES INC,2023,"CHEMOTHERAPY SUITE, 5518",PHILIPS AMBULATORY CARE CENTER,B. BRAUN MEDICAL,MEDICAL EQUIPMENT AND ACCESSORIES AND SUPPLIES,TRUE,TRUE,PROCESSED,900109,"900109, IV SOLUTIONS AND SETS",PHILIPS AMBULATORY CARE CENTER,Yes,354212,B. BRAUN MEDICAL,7/25/2023 0:00,1314152-54563,GOODS,ORAPOS,INTRAVENOUS OR ARTERIAL TUBING ADMINISTRATION SETS,MBB354212,CHEMOTHERAPY SUITE,5518,IV SOLUTIONS AND SETS,MSHS-MEDLINE-COI,,900109,1,2,2,24,24,88.0896,88.0896,"INTERFACE, HIGHJUMP",BUYER   CONVERSION
MEDLINE INDUSTRIES INC,2023,"CHEMOTHERAPY SUITE, 5518",PHILIPS AMBULATORY CARE CENTER,B BRAUN MEDICAL INC,MEDICAL EQUIPMENT AND ACCESSORIES AND SUPPLIES,TRUE,TRUE,PROCESSED,900109,"900109, IV SOLUTIONS AND SETS",PHILIPS AMBULATORY CARE CENTER,Yes,354212,B BRAUN MEDICAL INC,1/13/2023 0:00,1314152-29562,GOODS,ORAPOS,INTRAVENOUS OR ARTERIAL TUBING ADMINISTRATION SETS,MBB354212,CHEMOTHERAPY SUITE,5518,IV SOLUTIONS AND SETS,MSHS-MEDLINE-COI,,900109,1,1,1,24,24,88.09,88.09,"INTERFACE, HIGHJUMP",BUYER   CONVERSION
MEDLINE INDUSTRIES INC,2022,"PHARMACY, 9400",PHILIPS AMBULATORY CARE CENTER,B BRAUN MEDICAL INC,MEDICAL EQUIPMENT AND ACCESSORIES AND SUPPLIES,TRUE,TRUE,PROCESSED,900109,"900109, IV SOLUTIONS AND SETS",PHILIPS AMBULATORY CARE CENTER,Yes,354212,B BRAUN MEDICAL INC,12/30/2022 0:00,1314152-27948,GOODS,ORAPOS,INTRAVENOUS OR ARTERIAL TUBING ADMINISTRATION SETS,MBB354212,PHARMACY,9400,IV SOLUTIONS AND SETS,MSHS-MEDLINE-COI,,900109,3,3,3,24,72,264.27,264.27,"HUI, ALISSA W",BUYER   CONVERSION
MEDLINE INDUSTRIES INC,2023,"PHARMACY, 9400",PHILIPS AMBULATORY CARE CENTER,B BRAUN MEDICAL INC,MEDICAL EQUIPMENT AND ACCESSORIES AND SUPPLIES,TRUE,TRUE,PROCESSED,900109,"900109, IV SOLUTIONS AND SETS",PHILIPS AMBULATORY CARE CENTER,Yes,354212,B BRAUN MEDICAL INC,1/11/2023 0:00,1314152-29227,GOODS,ORAPOS,INTRAVENOUS OR ARTERIAL TUBING ADMINISTRATION SETS,MBB354212,PHARMACY,9400,IV SOLUTIONS AND SETS,MSHS-MEDLINE-COI,,900109,3,3,3,24,72,264.27,264.27,"MCCALLA, RACQUEL",BUYER   CONVERSION
MEDLINE INDUSTRIES INC,2023,"PHILLIPS AMB SURG-PRESURG TEST, 2652",PHILIPS AMBULATORY CARE CENTER,B BRAUN MEDICAL INC,MEDICAL EQUIPMENT AND ACCESSORIES AND SUPPLIES,TRUE,TRUE,PROCESSED,900109,"900109, IV SOLUTIONS AND SETS",PHILIPS AMBULATORY CARE CENTER,Yes,354212,B BRAUN MEDICAL INC,5/1/2023 0:00,1314152-43843,GOODS,ORAPOS,INTRAVENOUS OR ARTERIAL TUBING ADMINISTRATION SETS,MBB354212,PHILLIPS AMB SURG-PRESURG TEST,2652,IV SOLUTIONS AND SETS,MSHS-MEDLINE-COI,,900109,2,2,2,1,2,7.3408,7.3408,"DELGADO, YUBERKY",BUYER   CONVERSION
MEDLINE INDUSTRIES INC,2022,"NURSING 9W M S, 1351",ST LUKES,B BRAUN MEDICAL INC,MEDICAL EQUIPMENT AND ACCESSORIES AND SUPPLIES,TRUE,TRUE,PROCESSED,900109,"900109, IV SOLUTIONS AND SETS",ST LUKES,Yes,354212,B BRAUN MEDICAL INC,9/19/2022 0:00,1314152-15884,GOODS,ORAPOS,INTRAVENOUS OR ARTERIAL TUBING ADMINISTRATION SETS,MBB354212,NURSING 9W M S,1351,IV SOLUTIONS AND SETS,MSHS-MEDLINE-COI,,900109,12,12,12,1,12,39.24,39.24,"INTERFACE, HIGHJUMP",BUYER   CONVERSION
MEDLINE INDUSTRIES INC,2022,"NURSING 9W M S, 1351",ST LUKES,B BRAUN MEDICAL INC,MEDICAL EQUIPMENT AND ACCESSORIES AND SUPPLIES,TRUE,TRUE,PROCESSED,900109,"900109, IV SOLUTIONS AND SETS",ST LUKES,Yes,354212,B BRAUN MEDICAL INC,9/2/2022 0:00,1314152-14171,GOODS,ORAPOS,INTRAVENOUS OR ARTERIAL TUBING ADMINISTRATION SETS,MBB354212,NURSING 9W M S,1351,IV SOLUTIONS AND SETS,MSHS-MEDLINE-COI,,900109,12,12,12,1,12,39.24,39.24,"INTERFACE, HIGHJUMP",BUYER   CONVERSION
MEDLINE INDUSTRIES INC,2022,"NURSING 9W M S, 1351",ST LUKES,B BRAUN MEDICAL INC,MEDICAL EQUIPMENT AND ACCESSORIES AND SUPPLIES,TRUE,TRUE,PROCESSED,900109,"900109, IV SOLUTIONS AND SETS",ST LUKES,Yes,354212,B BRAUN MEDICAL INC,9/23/2022 0:00,1314152-16530,GOODS,ORAPOS,INTRAVENOUS OR ARTERIAL TUBING ADMINISTRATION SETS,MBB354212,NURSING 9W M S,1351,IV SOLUTIONS AND SETS,MSHS-MEDLINE-COI,,900109,12,12,12,1,12,39.24,39.24,"INTERFACE, HIGHJUMP",BUYER   CONVERSION
MEDLINE INDUSTRIES INC,2022,"NURSING 8E M S, 1371",ST LUKES,B BRAUN MEDICAL INC,MEDICAL EQUIPMENT AND ACCESSORIES AND SUPPLIES,TRUE,TRUE,PROCESSED,900109,"900109, IV SOLUTIONS AND SETS",ST LUKES,Yes,354212,B BRAUN MEDICAL INC,9/14/2022 0:00,1314152-15360,GOODS,ORAPOS,INTRAVENOUS OR ARTERIAL TUBING ADMINISTRATION SETS,MBB354212,NURSING 8E M S,1371,IV SOLUTIONS AND SETS,MSHS-MEDLINE-COI,,900109,20,20,20,1,20,65.4,65.4,"INTERFACE, HIGHJUMP",BUYER   CONVERSION
MEDLINE INDUSTRIES INC,2022,"NURSING 4W M S, 1361",ST LUKES,B BRAUN MEDICAL INC,MEDICAL EQUIPMENT AND ACCESSORIES AND SUPPLIES,TRUE,TRUE,PROCESSED,900109,"900109, IV SOLUTIONS AND SETS",ST LUKES,Yes,354212,B BRAUN MEDICAL INC,9/9/2022 0:00,1314152-14830,GOODS,ORAPOS,INTRAVENOUS OR ARTERIAL TUBING ADMINISTRATION SETS,BMG354212,NURSING 4W M S,1361,IV SOLUTIONS AND SETS,MSHS-MEDLINE-COI,,900109,12,12,12,1,12,39.24,39.24,"INTERFACE, HIGHJUMP",BUYER   CONVERSION
MEDLINE INDUSTRIES INC,2022,"NURSING 6E CCU CSICU, 1501",ST LUKES,B BRAUN MEDICAL INC,MEDICAL EQUIPMENT AND ACCESSORIES AND SUPPLIES,TRUE,TRUE,PROCESSED,900109,"900109, IV SOLUTIONS AND SETS",ST LUKES,Yes,354212,B BRAUN MEDICAL INC,9/20/2022 0:00,1314152-16036,GOODS,ORAPOS,INTRAVENOUS OR ARTERIAL TUBING ADMINISTRATION SETS,BMG354212,NURSING 6E CCU CSICU,1501,IV SOLUTIONS AND SETS,MSHS-MEDLINE-COI,,900109,12,12,12,1,12,39.24,39.24,"INTERFACE, HIGHJUMP",BUYER   CONVERSION
MEDLINE INDUSTRIES INC,2022,"NURSING 10E, 1381",ST LUKES,B BRAUN MEDICAL INC,MEDICAL EQUIPMENT AND ACCESSORIES AND SUPPLIES,TRUE,TRUE,PROCESSED,900109,"900109, IV SOLUTIONS AND SETS",ST LUKES,Yes,354212,B BRAUN MEDICAL INC,9/2/2022 0:00,1314152-14150,GOODS,ORAPOS,INTRAVENOUS OR ARTERIAL TUBING ADMINISTRATION SETS,BMG354212,NURSING 10E,1381,IV SOLUTIONS AND SETS,MSHS-MEDLINE-COI,,900109,15,15,15,1,15,49.05,49.05,"INTERFACE, HIGHJUMP",BUYER   CONVERSION
MEDLINE INDUSTRIES INC,2022,"PACU, 2621",ST LUKES,B BRAUN MEDICAL INC,MEDICAL EQUIPMENT AND ACCESSORIES AND SUPPLIES,TRUE,TRUE,PROCESSED,900109,"900109, IV SOLUTIONS AND SETS",ST LUKES,Yes,354212,B BRAUN MEDICAL INC,9/15/2022 0:00,1314152-15474,GOODS,ORAPOS,INTRAVENOUS OR ARTERIAL TUBING ADMINISTRATION SETS,BMG354212,PACU,2621,IV SOLUTIONS AND SETS,MSHS-MEDLINE-COI,,900109,19,19,19,1,19,62.13,62.13,"INTERFACE, HIGHJUMP",BUYER   CONVERSION
MEDLINE INDUSTRIES INC,2022,"EKG, 4059",ST LUKES,B BRAUN MEDICAL INC,MEDICAL EQUIPMENT AND ACCESSORIES AND SUPPLIES,TRUE,TRUE,PROCESSED,900109,"900109, IV SOLUTIONS AND SETS",ST LUKES,Yes,354212,B BRAUN MEDICAL INC,9/21/2022 0:00,1314152-16137,GOODS,ORAPOS,INTRAVENOUS OR ARTERIAL TUBING ADMINISTRATION SETS,BMG354212,EKG,4059,IV SOLUTIONS AND SETS,MSHS-MEDLINE-COI,,900109,12,12,12,1,12,39.24,39.24,"ROBINSON, EUGENE",BUYER   CONVERSION
MEDLINE INDUSTRIES INC,2022,"CARDIAC CATHERIZATION, 4058",ST LUKES,B BRAUN MEDICAL INC,MEDICAL EQUIPMENT AND ACCESSORIES AND SUPPLIES,TRUE,TRUE,PROCESSED,900109,"900109, IV SOLUTIONS AND SETS",ST LUKES,Yes,354212,B BRAUN MEDICAL INC,9/8/2022 0:00,1314152-14706,GOODS,ORAPOS,INTRAVENOUS OR ARTERIAL TUBING ADMINISTRATION SETS,BMG354212,CARDIAC CATHERIZATION,4058,IV SOLUTIONS AND SETS,MSHS-MEDLINE-COI,,900109,15,15,15,1,15,49.05,49.05,"ROSARIO, LEYDI LAURA",BUYER   CONVERSION
MEDLINE INDUSTRIES INC,2022,"PACU, 2621",ST LUKES,B BRAUN MEDICAL INC,MEDICAL EQUIPMENT AND ACCESSORIES AND SUPPLIES,TRUE,TRUE,PROCESSED,900109,"900109, IV SOLUTIONS AND SETS",ST LUKES,Yes,354212,B BRAUN MEDICAL INC,9/21/2022 0:00,1314152-16177,GOODS,ORAPOS,INTRAVENOUS OR ARTERIAL TUBING ADMINISTRATION SETS,BMG354212,PACU,2621,IV SOLUTIONS AND SETS,MSHS-MEDLINE-COI,,900109,19,19,19,1,19,62.13,62.13,"INTERFACE, HIGHJUMP",BUYER   CONVERSION
MEDLINE INDUSTRIES INC,2022,"NURSING 6W M S, 1601",ST LUKES,B BRAUN MEDICAL INC,MEDICAL EQUIPMENT AND ACCESSORIES AND SUPPLIES,TRUE,TRUE,PROCESSED,900109,"900109, IV SOLUTIONS AND SETS",ST LUKES,Yes,354212,B BRAUN MEDICAL INC,9/15/2022 0:00,1314152-15541,GOODS,ORAPOS,INTRAVENOUS OR ARTERIAL TUBING ADMINISTRATION SETS,BMG354212,NURSING 6W M S,1601,IV SOLUTIONS AND SETS,MSHS-MEDLINE-COI,,900109,15,15,15,1,15,49.05,49.05,"INTERFACE, HIGHJUMP",BUYER   CONVERSION
MEDLINE INDUSTRIES INC,2022,"NURSING 6E CCU CSICU, 1501",ST LUKES,B BRAUN MEDICAL INC,MEDICAL EQUIPMENT AND ACCESSORIES AND SUPPLIES,TRUE,TRUE,PROCESSED,900109,"900109, IV SOLUTIONS AND SETS",ST LUKES,Yes,354212,B BRAUN MEDICAL INC,9/3/2022 0:00,1314152-14271,GOODS,ORAPOS,INTRAVENOUS OR ARTERIAL TUBING ADMINISTRATION SETS,BMG354212,NURSING 6E CCU CSICU,1501,IV SOLUTIONS AND SETS,MSHS-MEDLINE-COI,,900109,12,12,12,1,12,39.24,39.24,"INTERFACE, HIGHJUMP",BUYER   CONVERSION
MEDLINE INDUSTRIES INC,2022,"NURSING 6E CCU CSICU, 1501",ST LUKES,B BRAUN MEDICAL INC,MEDICAL EQUIPMENT AND ACCESSORIES AND SUPPLIES,TRUE,TRUE,PROCESSED,900109,"900109, IV SOLUTIONS AND SETS",ST LUKES,Yes,354212,B BRAUN MEDICAL INC,9/12/2022 0:00,1314152-15133,GOODS,ORAPOS,INTRAVENOUS OR ARTERIAL TUBING ADMINISTRATION SETS,BMG354212,NURSING 6E CCU CSICU,1501,IV SOLUTIONS AND SETS,MSHS-MEDLINE-COI,,900109,12,12,12,1,12,39.24,39.24,"INTERFACE, HIGHJUMP",BUYER   CONVERSION
MEDLINE INDUSTRIES INC,2022,"NURSING CLARK 5 M-S, 1331",ST LUKES,B BRAUN MEDICAL INC,MEDICAL EQUIPMENT AND ACCESSORIES AND SUPPLIES,TRUE,TRUE,PROCESSED,900109,"900109, IV SOLUTIONS AND SETS",ST LUKES,Yes,354212,B BRAUN MEDICAL INC,9/16/2022 0:00,1314152-15672,GOODS,ORAPOS,INTRAVENOUS OR ARTERIAL TUBING ADMINISTRATION SETS,BMG354212,NURSING CLARK 5 M-S,1331,IV SOLUTIONS AND SETS,MSHS-MEDLINE-COI,,900109,10,10,10,1,10,32.7,32.7,"INTERFACE, HIGHJUMP",BUYER   CONVERSION
MEDLINE INDUSTRIES INC,2022,"ANESTHESIOLOGY, 4280",ST LUKES,B BRAUN MEDICAL INC,MEDICAL EQUIPMENT AND ACCESSORIES AND SUPPLIES,TRUE,TRUE,PROCESSED,900109,"900109, IV SOLUTIONS AND SETS",ST LUKES,Yes,354212,B BRAUN MEDICAL INC,9/16/2022 0:00,1314152-15693,GOODS,ORAPOS,INTRAVENOUS OR ARTERIAL TUBING ADMINISTRATION SETS,BMG354212,ANESTHESIOLOGY,4280,IV SOLUTIONS AND SETS,MSHS-MEDLINE-COI,,900109,72,72,72,1,72,235.44,235.44,"INTERFACE, HIGHJUMP",BUYER   CONVERSION
MEDLINE INDUSTRIES INC,2022,"NURSING 7W M S, 1341",ST LUKES,B BRAUN MEDICAL INC,MEDICAL EQUIPMENT AND ACCESSORIES AND SUPPLIES,TRUE,TRUE,PROCESSED,900109,"900109, IV SOLUTIONS AND SETS",ST LUKES,Yes,354212,B BRAUN MEDICAL INC,9/23/2022 0:00,1314152-16498,GOODS,ORAPOS,INTRAVENOUS OR ARTERIAL TUBING ADMINISTRATION SETS,BMG354212,NURSING 7W M S,1341,IV SOLUTIONS AND SETS,MSHS-MEDLINE-COI,,900109,15,15,15,1,15,49.05,49.05,"INTERFACE, HIGHJUMP",BUYER   CONVERSION
MEDLINE INDUSTRIES INC,2022,"NURSING 8W M S, 1401",ST LUKES,B BRAUN MEDICAL INC,MEDICAL EQUIPMENT AND ACCESSORIES AND SUPPLIES,TRUE,TRUE,PROCESSED,900109,"900109, IV SOLUTIONS AND SETS",ST LUKES,Yes,354212,B BRAUN MEDICAL INC,9/14/2022 0:00,1314152-15352,GOODS,ORAPOS,INTRAVENOUS OR ARTERIAL TUBING ADMINISTRATION SETS,BMG354212,NURSING 8W M S,1401,IV SOLUTIONS AND SETS,MSHS-MEDLINE-COI,,900109,12,12,12,1,12,39.24,39.24,"INTERFACE, HIGHJUMP",BUYER   CONVERSION
MEDLINE INDUSTRIES INC,2022,"EMERGENCY DEPARTMENT ADMINISTRATION, 5700",ST LUKES,B BRAUN MEDICAL INC,MEDICAL EQUIPMENT AND ACCESSORIES AND SUPPLIES,TRUE,TRUE,PROCESSED,900109,"900109, IV SOLUTIONS AND SETS",ST LUKES,Yes,354212,B BRAUN MEDICAL INC,9/21/2022 0:00,1314152-16192,GOODS,ORAPOS,INTRAVENOUS OR ARTERIAL TUBING ADMINISTRATION SETS,MBB354212,EMERGENCY DEPARTMENT ADMINISTRATION,5700,IV SOLUTIONS AND SETS,MSHS-MEDLINE-COI,,900109,2,2,2,24,48,156.82,156.82,"INTERFACE, HIGHJUMP",BUYER   CONVERSION
MEDLINE INDUSTRIES INC,2022,"EMERGENCY DEPARTMENT ADMINISTRATION, 5700",ST LUKES,B BRAUN MEDICAL INC,MEDICAL EQUIPMENT AND ACCESSORIES AND SUPPLIES,TRUE,TRUE,PROCESSED,900109,"900109, IV SOLUTIONS AND SETS",ST LUKES,Yes,354212,B BRAUN MEDICAL INC,9/6/2022 0:00,1314152-14368,GOODS,ORAPOS,INTRAVENOUS OR ARTERIAL TUBING ADMINISTRATION SETS,MBB354212,EMERGENCY DEPARTMENT ADMINISTRATION,5700,IV SOLUTIONS AND SETS,MSHS-MEDLINE-COI,,900109,2,2,2,24,48,156.82,156.82,"INTERFACE, HIGHJUMP",BUYER   CONVERSION
MEDLINE INDUSTRIES INC,2022,"MATERIALS MANAGEMENT ADMINISTRATION, 8805",ST LUKES,B BRAUN MEDICAL INC,MEDICAL EQUIPMENT AND ACCESSORIES AND SUPPLIES,TRUE,TRUE,PROCESSED,900109,"900109, IV SOLUTIONS AND SETS",ST LUKES,Yes,354212,B BRAUN MEDICAL INC,9/20/2022 0:00,1314152-16089,GOODS,ORAPOS,INTRAVENOUS OR ARTERIAL TUBING ADMINISTRATION SETS,BMG354212,MATERIALS MANAGEMENT ADMINISTRATION,8805,IV SOLUTIONS AND SETS,MSHS-MEDLINE-COI,,900109,1,1,1,24,24,78.41,78.41,"INTERFACE, HIGHJUMP",BUYER   CONVERSION
MEDLINE INDUSTRIES INC,2022,"ARRHYTHMIA INSTITUTE, 4071",ST LUKES,B BRAUN MEDICAL INC,MEDICAL EQUIPMENT AND ACCESSORIES AND SUPPLIES,TRUE,TRUE,PROCESSED,900109,"900109, IV SOLUTIONS AND SETS",ST LUKES,Yes,354212,B BRAUN MEDICAL INC,9/21/2022 0:00,1314152-16185,GOODS,ORAPOS,INTRAVENOUS OR ARTERIAL TUBING ADMINISTRATION SETS,BMG354212,ARRHYTHMIA INSTITUTE,4071,IV SOLUTIONS AND SETS,MSHS-MEDLINE-COI,,900109,1,1,1,24,24,78.41,78.41,"LINTON, KAREN L",BUYER   CONVERSION
MEDLINE INDUSTRIES INC,2022,"EMERGENCY DEPARTMENT ADMINISTRATION, 5700",ST LUKES,B BRAUN MEDICAL INC,MEDICAL EQUIPMENT AND ACCESSORIES AND SUPPLIES,TRUE,TRUE,PROCESSED,900109,"900109, IV SOLUTIONS AND SETS",ST LUKES,Yes,354212,B BRAUN MEDICAL INC,9/19/2022 0:00,1314152-15881,GOODS,ORAPOS,INTRAVENOUS OR ARTERIAL TUBING ADMINISTRATION SETS,BMG354212,EMERGENCY DEPARTMENT ADMINISTRATION,5700,IV SOLUTIONS AND SETS,MSHS-MEDLINE-COI,,900109,2,2,2,24,48,156.82,156.82,"INTERFACE, HIGHJUMP",BUYER   CONVERSION
MEDLINE INDUSTRIES INC,2022,"ARRHYTHMIA INSTITUTE, 4071",ST LUKES,B BRAUN MEDICAL INC,MEDICAL EQUIPMENT AND ACCESSORIES AND SUPPLIES,TRUE,TRUE,PROCESSED,900109,"900109, IV SOLUTIONS AND SETS",ST LUKES,Yes,354212,B BRAUN MEDICAL INC,9/15/2022 0:00,1314152-15576,GOODS,ORAPOS,INTRAVENOUS OR ARTERIAL TUBING ADMINISTRATION SETS,BMG354212,ARRHYTHMIA INSTITUTE,4071,IV SOLUTIONS AND SETS,MSHS-MEDLINE-COI,,900109,2,2,2,24,48,156.82,156.82,"LINTON, KAREN L",BUYER   CONVERSION
MEDLINE INDUSTRIES INC,2022,"MATERIALS MANAGEMENT ADMINISTRATION, 8805",ST LUKES,B BRAUN MEDICAL INC,MEDICAL EQUIPMENT AND ACCESSORIES AND SUPPLIES,TRUE,TRUE,PROCESSED,900109,"900109, IV SOLUTIONS AND SETS",ST LUKES,Yes,354212,B BRAUN MEDICAL INC,9/9/2022 0:00,1314152-14906,GOODS,ORAPOS,INTRAVENOUS OR ARTERIAL TUBING ADMINISTRATION SETS,BMG354212,MATERIALS MANAGEMENT ADMINISTRATION,8805,IV SOLUTIONS AND SETS,MSHS-MEDLINE-COI,,900109,1,1,1,24,24,78.41,78.41,"INTERFACE, HIGHJUMP",BUYER   CONVERSION
MEDLINE INDUSTRIES INC,2022,"ARRHYTHMIA INSTITUTE, 4071",ST LUKES,B BRAUN MEDICAL INC,MEDICAL EQUIPMENT AND ACCESSORIES AND SUPPLIES,TRUE,TRUE,PROCESSED,900109,"900109, IV SOLUTIONS AND SETS",ST LUKES,Yes,354212,B BRAUN MEDICAL INC,9/6/2022 0:00,1314152-14424,GOODS,ORAPOS,INTRAVENOUS OR ARTERIAL TUBING ADMINISTRATION SETS,BMG354212,ARRHYTHMIA INSTITUTE,4071,IV SOLUTIONS AND SETS,MSHS-MEDLINE-COI,,900109,1,1,1,24,24,78.41,78.41,"TORRES, ERIKA E",BUYER   CONVERSION
MEDLINE INDUSTRIES INC,2022,"NURSING 3 NORTH M-S, 1237",MOUNT SINAI BROOKLYN,B BRAUN MEDICAL INC,MEDICAL EQUIPMENT AND ACCESSORIES AND SUPPLIES,TRUE,TRUE,PROCESSED,900109,"900109, IV SOLUTIONS AND SETS",MOUNT SINAI BROOKLYN,Yes,354212,B BRAUN MEDICAL INC,10/14/2022 0:00,1314152-18980,GOODS,ORAPOS,INTRAVENOUS OR ARTERIAL TUBING ADMINISTRATION SETS,MBB354212,NURSING 3 NORTH M-S,1237,IV SOLUTIONS AND SETS,MSHS-MEDLINE-COI,,900109,11,11,11,1,11,40.3744,40.3744,"INTERFACE, HIGHJUMP",BUYER   CONVERSION
MEDLINE INDUSTRIES INC,2022,"PHARMACY, 9400",MOUNT SINAI BROOKLYN,B BRAUN MEDICAL INC,MEDICAL EQUIPMENT AND ACCESSORIES AND SUPPLIES,TRUE,TRUE,PROCESSED,900109,"900109, IV SOLUTIONS AND SETS",MOUNT SINAI BROOKLYN,Yes,354212,B BRAUN MEDICAL INC,10/13/2022 0:00,1314152-18826,GOODS,ORAPOS,INTRAVENOUS OR ARTERIAL TUBING ADMINISTRATION SETS,BMG354212,PHARMACY,9400,IV SOLUTIONS AND SETS,MSHS-MEDLINE-COI,,900109,12,12,12,1,12,44.0448,44.0448,"INTERFACE, HIGHJUMP",BUYER   CONVERSION
MEDLINE INDUSTRIES INC,2022,"PHARMACY, 9400",MOUNT SINAI BROOKLYN,B BRAUN MEDICAL INC,MEDICAL EQUIPMENT AND ACCESSORIES AND SUPPLIES,TRUE,TRUE,PROCESSED,900109,"900109, IV SOLUTIONS AND SETS",MOUNT SINAI BROOKLYN,Yes,354212,B BRAUN MEDICAL INC,10/12/2022 0:00,1314152-18583,GOODS,ORAPOS,INTRAVENOUS OR ARTERIAL TUBING ADMINISTRATION SETS,BMG354212,PHARMACY,9400,IV SOLUTIONS AND SETS,MSHS-MEDLINE-COI,,900109,13,13,13,1,13,47.7152,47.7152,"INTERFACE, HIGHJUMP",BUYER   CONVERSION
MEDLINE INDUSTRIES INC,2022,"PHARMACY, 9400",MOUNT SINAI BROOKLYN,B BRAUN MEDICAL INC,MEDICAL EQUIPMENT AND ACCESSORIES AND SUPPLIES,TRUE,TRUE,PROCESSED,900109,"900109, IV SOLUTIONS AND SETS",MOUNT SINAI BROOKLYN,Yes,354212,B BRAUN MEDICAL INC,10/12/2022 0:00,1314152-18662,GOODS,ORAPOS,INTRAVENOUS OR ARTERIAL TUBING ADMINISTRATION SETS,BMG354212,PHARMACY,9400,IV SOLUTIONS AND SETS,MSHS-MEDLINE-COI,,900109,16,16,16,1,16,58.7264,58.7264,"INTERFACE, HIGHJUMP",BUYER   CONVERSION
MEDLINE INDUSTRIES INC,2022,"NURSING 3 NORTH M-S, 1237",MOUNT SINAI BROOKLYN,B BRAUN MEDICAL INC,MEDICAL EQUIPMENT AND ACCESSORIES AND SUPPLIES,TRUE,TRUE,PROCESSED,900109,"900109, IV SOLUTIONS AND SETS",MOUNT SINAI BROOKLYN,Yes,354212,B BRAUN MEDICAL INC,10/13/2022 0:00,1314152-18743,GOODS,ORAPOS,INTRAVENOUS OR ARTERIAL TUBING ADMINISTRATION SETS,MBB354212,NURSING 3 NORTH M-S,1237,IV SOLUTIONS AND SETS,MSHS-MEDLINE-COI,,900109,20,20,20,1,20,73.408,73.408,"INTERFACE, HIGHJUMP",BUYER   CONVERSION
MEDLINE INDUSTRIES INC,2022,"NURSING 2 NORTH M-S, 2117",MOUNT SINAI BROOKLYN,B BRAUN MEDICAL INC,MEDICAL EQUIPMENT AND ACCESSORIES AND SUPPLIES,TRUE,TRUE,PROCESSED,900109,"900109, IV SOLUTIONS AND SETS",MOUNT SINAI BROOKLYN,Yes,354212,B BRAUN MEDICAL INC,10/13/2022 0:00,1314152-18773,GOODS,ORAPOS,INTRAVENOUS OR ARTERIAL TUBING ADMINISTRATION SETS,BMG354212,NURSING 2 NORTH M-S,2117,IV SOLUTIONS AND SETS,MSHS-MEDLINE-COI,,900109,20,20,20,1,20,73.408,73.408,"INTERFACE, HIGHJUMP",BUYER   CONVERSION
MEDLINE INDUSTRIES INC,2022,"NURSING INTENSIVE CARE UNIT, 2307",MOUNT SINAI BROOKLYN,B BRAUN MEDICAL INC,MEDICAL EQUIPMENT AND ACCESSORIES AND SUPPLIES,TRUE,TRUE,PROCESSED,900109,"900109, IV SOLUTIONS AND SETS",MOUNT SINAI BROOKLYN,Yes,354212,B BRAUN MEDICAL INC,10/14/2022 0:00,1314152-18992,GOODS,ORAPOS,INTRAVENOUS OR ARTERIAL TUBING ADMINISTRATION SETS,BMG354212,NURSING INTENSIVE CARE UNIT,2307,IV SOLUTIONS AND SETS,MSHS-MEDLINE-COI,,900109,24,24,24,1,24,88.0896,88.0896,"INTERFACE, HIGHJUMP",BUYER   CONVERSION
MEDLINE INDUSTRIES INC,2023,"MATERIALS MANAGEMENT STORE ROOM, 8835",MOUNT SINAI BROOKLYN,B BRAUN MEDICAL INC,MEDICAL EQUIPMENT AND ACCESSORIES AND SUPPLIES,TRUE,TRUE,PROCESSED,900109,"900109, IV SOLUTIONS AND SETS",MOUNT SINAI BROOKLYN,Yes,354212,B BRAUN MEDICAL INC,4/20/2023 0:00,1314152-42446,GOODS,ORAPOS,INTRAVENOUS OR ARTERIAL TUBING ADMINISTRATION SETS,MBB354212,MATERIALS MANAGEMENT STORE ROOM,8835,IV SOLUTIONS AND SETS,MSHS-MEDLINE-COI,,900109,5,5,5,24,120,440.448,440.448,"GANGADYAL, CHATRADYAL",BUYER   CONVERSION
MEDLINE INDUSTRIES INC,2022,"MATERIALS MANAGEMENT STORE ROOM, 8835",MOUNT SINAI BROOKLYN,B BRAUN MEDICAL INC,MEDICAL EQUIPMENT AND ACCESSORIES AND SUPPLIES,TRUE,TRUE,PROCESSED,900109,"900109, IV SOLUTIONS AND SETS",MOUNT SINAI BROOKLYN,Yes,354212,B BRAUN MEDICAL INC,9/6/2022 0:00,1314152-14344,GOODS,ORAPOS,INTRAVENOUS OR ARTERIAL TUBING ADMINISTRATION SETS,MBB354212,MATERIALS MANAGEMENT STORE ROOM,8835,IV SOLUTIONS AND SETS,MSHS-MEDLINE-COI,,900109,7,7,7,24,168,548.87,548.87,"GANGADYAL, CHATRADYAL",BUYER   CONVERSION
MEDLINE INDUSTRIES INC,2023,"EMERGENCY DEPARTMENT ADMINISTRATION, 5700",MOUNT SINAI BROOKLYN,B BRAUN MEDICAL INC,MEDICAL EQUIPMENT AND ACCESSORIES AND SUPPLIES,TRUE,TRUE,PROCESSED,900109,"900109, IV SOLUTIONS AND SETS",MOUNT SINAI BROOKLYN,Yes,354212,B BRAUN MEDICAL INC,1/24/2023 0:00,1314152-30821,GOODS,ORAPOS,INTRAVENOUS OR ARTERIAL TUBING ADMINISTRATION SETS,MBB354212,EMERGENCY DEPARTMENT ADMINISTRATION,5700,IV SOLUTIONS AND SETS,MSHS-MEDLINE-COI,,900109,16,16,16,1,16,58.72,58.72,"INTERFACE, HIGHJUMP",BUYER   CONVERSION
MEDLINE INDUSTRIES INC,2022,"NURSING 9B M-S RVT, 1311",MOUNT SINAI WEST,B BRAUN MEDICAL INC,MEDICAL EQUIPMENT AND ACCESSORIES AND SUPPLIES,TRUE,TRUE,PROCESSED,900109,"900109, IV SOLUTIONS AND SETS",MOUNT SINAI WEST,Yes,354212,B BRAUN MEDICAL INC,9/15/2022 0:00,1314152-15545,GOODS,ORAPOS,INTRAVENOUS OR ARTERIAL TUBING ADMINISTRATION SETS,BMG354212,NURSING 9B M-S RVT,1311,IV SOLUTIONS AND SETS,MSHS-MEDLINE-COI,,900109,5,5,5,1,5,16.35,16.35,"INTERFACE, HIGHJUMP",BUYER   CONVERSION
MEDLINE INDUSTRIES INC,2022,"NURSING 8B M-S, 2321",MOUNT SINAI WEST,B BRAUN MEDICAL INC,MEDICAL EQUIPMENT AND ACCESSORIES AND SUPPLIES,TRUE,TRUE,PROCESSED,900109,"900109, IV SOLUTIONS AND SETS",MOUNT SINAI WEST,Yes,354212,B BRAUN MEDICAL INC,9/16/2022 0:00,1314152-15602,GOODS,ORAPOS,INTRAVENOUS OR ARTERIAL TUBING ADMINISTRATION SETS,BMG354212,NURSING 8B M-S,2321,IV SOLUTIONS AND SETS,MSHS-MEDLINE-COI,,900109,9,9,9,1,9,29.43,29.43,"INTERFACE, HIGHJUMP",BUYER   CONVERSION
MEDLINE INDUSTRIES INC,2022,"NURSING 8B M-S, 2321",MOUNT SINAI WEST,B BRAUN MEDICAL INC,MEDICAL EQUIPMENT AND ACCESSORIES AND SUPPLIES,TRUE,TRUE,PROCESSED,900109,"900109, IV SOLUTIONS AND SETS",MOUNT SINAI WEST,Yes,354212,B BRAUN MEDICAL INC,9/27/2022 0:00,1314152-16921,GOODS,ORAPOS,INTRAVENOUS OR ARTERIAL TUBING ADMINISTRATION SETS,BMG354212,NURSING 8B M-S,2321,IV SOLUTIONS AND SETS,MSHS-MEDLINE-COI,,900109,9,9,9,1,9,29.43,29.43,"INTERFACE, HIGHJUMP",BUYER   CONVERSION
MEDLINE INDUSTRIES INC,2022,"NURSING 8B M-S, 2321",MOUNT SINAI WEST,B BRAUN MEDICAL INC,MEDICAL EQUIPMENT AND ACCESSORIES AND SUPPLIES,TRUE,TRUE,PROCESSED,900109,"900109, IV SOLUTIONS AND SETS",MOUNT SINAI WEST,Yes,354212,B BRAUN MEDICAL INC,9/30/2022 0:00,1314152-17353,GOODS,ORAPOS,INTRAVENOUS OR ARTERIAL TUBING ADMINISTRATION SETS,BMG354212,NURSING 8B M-S,2321,IV SOLUTIONS AND SETS,MSHS-MEDLINE-COI,,900109,9,9,9,1,9,29.43,29.43,"INTERFACE, HIGHJUMP",BUYER   CONVERSION
MEDLINE INDUSTRIES INC,2022,"NURSING 9B M-S RVT, 1311",MOUNT SINAI WEST,B BRAUN MEDICAL INC,MEDICAL EQUIPMENT AND ACCESSORIES AND SUPPLIES,TRUE,TRUE,PROCESSED,900109,"900109, IV SOLUTIONS AND SETS",MOUNT SINAI WEST,Yes,354212,B BRAUN MEDICAL INC,9/21/2022 0:00,1314152-16216,GOODS,ORAPOS,INTRAVENOUS OR ARTERIAL TUBING ADMINISTRATION SETS,BMG354212,NURSING 9B M-S RVT,1311,IV SOLUTIONS AND SETS,MSHS-MEDLINE-COI,,900109,10,10,10,1,10,32.7,32.7,"INTERFACE, HIGHJUMP",BUYER   CONVERSION
MEDLINE INDUSTRIES INC,2022,"NURSING 9B M-S RVT, 1311",MOUNT SINAI WEST,B BRAUN MEDICAL INC,MEDICAL EQUIPMENT AND ACCESSORIES AND SUPPLIES,TRUE,TRUE,PROCESSED,900109,"900109, IV SOLUTIONS AND SETS",MOUNT SINAI WEST,Yes,354212,B BRAUN MEDICAL INC,9/12/2022 0:00,1314152-15097,GOODS,ORAPOS,INTRAVENOUS OR ARTERIAL TUBING ADMINISTRATION SETS,BMG354212,NURSING 9B M-S RVT,1311,IV SOLUTIONS AND SETS,MSHS-MEDLINE-COI,,900109,10,10,10,1,10,32.7,32.7,"INTERFACE, HIGHJUMP",BUYER   CONVERSION
MEDLINE INDUSTRIES INC,2022,"NURSING 14B M-S, 1251",MOUNT SINAI WEST,B BRAUN MEDICAL INC,MEDICAL EQUIPMENT AND ACCESSORIES AND SUPPLIES,TRUE,TRUE,PROCESSED,900109,"900109, IV SOLUTIONS AND SETS",MOUNT SINAI WEST,Yes,354212,B BRAUN MEDICAL INC,9/17/2022 0:00,1314152-15793,GOODS,ORAPOS,INTRAVENOUS OR ARTERIAL TUBING ADMINISTRATION SETS,BMG354212,NURSING 14B M-S,1251,IV SOLUTIONS AND SETS,MSHS-MEDLINE-COI,,900109,10,10,10,1,10,32.7,32.7,"INTERFACE, HIGHJUMP",BUYER   CONVERSION
MEDLINE INDUSTRIES INC,2022,"NURSING 9A M-S RVT, 1231",MOUNT SINAI WEST,B BRAUN MEDICAL INC,MEDICAL EQUIPMENT AND ACCESSORIES AND SUPPLIES,TRUE,TRUE,PROCESSED,900109,"900109, IV SOLUTIONS AND SETS",MOUNT SINAI WEST,Yes,354212,B BRAUN MEDICAL INC,9/16/2022 0:00,1314152-15709,GOODS,ORAPOS,INTRAVENOUS OR ARTERIAL TUBING ADMINISTRATION SETS,BMG354212,NURSING 9A M-S RVT,1231,IV SOLUTIONS AND SETS,MSHS-MEDLINE-COI,,900109,11,11,11,1,11,35.97,35.97,"INTERFACE, HIGHJUMP",BUYER   CONVERSION
MEDLINE INDUSTRIES INC,2022,"NURSING 14B M-S, 1251",MOUNT SINAI WEST,B BRAUN MEDICAL INC,MEDICAL EQUIPMENT AND ACCESSORIES AND SUPPLIES,TRUE,TRUE,PROCESSED,900109,"900109, IV SOLUTIONS AND SETS",MOUNT SINAI WEST,Yes,354212,B BRAUN MEDICAL INC,9/3/2022 0:00,1314152-14282,GOODS,ORAPOS,INTRAVENOUS OR ARTERIAL TUBING ADMINISTRATION SETS,BMG354212,NURSING 14B M-S,1251,IV SOLUTIONS AND SETS,MSHS-MEDLINE-COI,,900109,15,15,15,1,15,49.05,49.05,"INTERFACE, HIGHJUMP",BUYER   CONVERSION
MEDLINE INDUSTRIES INC,2022,"NURSING 10B M-S, 1301",MOUNT SINAI WEST,B BRAUN MEDICAL INC,MEDICAL EQUIPMENT AND ACCESSORIES AND SUPPLIES,TRUE,TRUE,PROCESSED,900109,"900109, IV SOLUTIONS AND SETS",MOUNT SINAI WEST,Yes,354212,B BRAUN MEDICAL INC,9/26/2022 0:00,1314152-16747,GOODS,ORAPOS,INTRAVENOUS OR ARTERIAL TUBING ADMINISTRATION SETS,BMG354212,NURSING 10B M-S,1301,IV SOLUTIONS AND SETS,MSHS-MEDLINE-COI,,900109,20,20,20,1,20,65.4,65.4,"INTERFACE, HIGHJUMP",BUYER   CONVERSION
MEDLINE INDUSTRIES INC,2022,"EMERGENCY DEPARTMENT ADMINISTRATION, 5700",MOUNT SINAI WEST,B BRAUN MEDICAL INC,MEDICAL EQUIPMENT AND ACCESSORIES AND SUPPLIES,TRUE,TRUE,PROCESSED,900109,"900109, IV SOLUTIONS AND SETS",MOUNT SINAI WEST,Yes,354212,B BRAUN MEDICAL INC,9/22/2022 0:00,1314152-16357,GOODS,ORAPOS,INTRAVENOUS OR ARTERIAL TUBING ADMINISTRATION SETS,BMG354212,EMERGENCY DEPARTMENT ADMINISTRATION,5700,IV SOLUTIONS AND SETS,MSHS-MEDLINE-COI,,900109,21,21,21,1,21,68.67,68.67,"INTERFACE, HIGHJUMP",BUYER   CONVERSION
MEDLINE INDUSTRIES INC,2022,"NURSING 14A M-S, 1241",MOUNT SINAI WEST,B BRAUN MEDICAL INC,MEDICAL EQUIPMENT AND ACCESSORIES AND SUPPLIES,TRUE,TRUE,PROCESSED,900109,"900109, IV SOLUTIONS AND SETS",MOUNT SINAI WEST,Yes,354212,B BRAUN MEDICAL INC,9/15/2022 0:00,1314152-15583,GOODS,ORAPOS,INTRAVENOUS OR ARTERIAL TUBING ADMINISTRATION SETS,BMG354212,NURSING 14A M-S,1241,IV SOLUTIONS AND SETS,MSHS-MEDLINE-COI,,900109,21,21,21,1,21,68.67,68.67,"INTERFACE, HIGHJUMP",BUYER   CONVERSION
MEDLINE INDUSTRIES INC,2022,"PACU, 2621",MOUNT SINAI WEST,B BRAUN MEDICAL INC,MEDICAL EQUIPMENT AND ACCESSORIES AND SUPPLIES,TRUE,TRUE,PROCESSED,900109,"900109, IV SOLUTIONS AND SETS",MOUNT SINAI WEST,Yes,354212,B BRAUN MEDICAL INC,9/19/2022 0:00,1314152-15950,GOODS,ORAPOS,INTRAVENOUS OR ARTERIAL TUBING ADMINISTRATION SETS,BMG354212,PACU,2621,IV SOLUTIONS AND SETS,MSHS-MEDLINE-COI,,900109,23,23,23,1,23,75.21,75.21,"INTERFACE, HIGHJUMP",BUYER   CONVERSION
MEDLINE INDUSTRIES INC,2022,"EMERGENCY DEPARTMENT ADMINISTRATION, 5700",MOUNT SINAI WEST,B BRAUN MEDICAL INC,MEDICAL EQUIPMENT AND ACCESSORIES AND SUPPLIES,TRUE,TRUE,PROCESSED,900109,"900109, IV SOLUTIONS AND SETS",MOUNT SINAI WEST,Yes,354212,B BRAUN MEDICAL INC,9/16/2022 0:00,1314152-15637,GOODS,ORAPOS,INTRAVENOUS OR ARTERIAL TUBING ADMINISTRATION SETS,BMG354212,EMERGENCY DEPARTMENT ADMINISTRATION,5700,IV SOLUTIONS AND SETS,MSHS-MEDLINE-COI,,900109,23,23,23,1,23,75.21,75.21,"INTERFACE, HIGHJUMP",BUYER   CONVERSION
MEDLINE INDUSTRIES INC,2022,"PACU, 2621",MOUNT SINAI WEST,B BRAUN MEDICAL INC,MEDICAL EQUIPMENT AND ACCESSORIES AND SUPPLIES,TRUE,TRUE,PROCESSED,900109,"900109, IV SOLUTIONS AND SETS",MOUNT SINAI WEST,Yes,354212,B BRAUN MEDICAL INC,9/22/2022 0:00,1314152-16392,GOODS,ORAPOS,INTRAVENOUS OR ARTERIAL TUBING ADMINISTRATION SETS,BMG354212,PACU,2621,IV SOLUTIONS AND SETS,MSHS-MEDLINE-COI,,900109,23,23,23,1,23,75.21,75.21,"INTERFACE, HIGHJUMP",BUYER   CONVERSION
MEDLINE INDUSTRIES INC,2022,"EMERGENCY DEPARTMENT ADMINISTRATION, 5700",MOUNT SINAI WEST,B BRAUN MEDICAL INC,MEDICAL EQUIPMENT AND ACCESSORIES AND SUPPLIES,TRUE,TRUE,PROCESSED,900109,"900109, IV SOLUTIONS AND SETS",MOUNT SINAI WEST,Yes,354212,B BRAUN MEDICAL INC,9/23/2022 0:00,1314152-16461,GOODS,ORAPOS,INTRAVENOUS OR ARTERIAL TUBING ADMINISTRATION SETS,BMG354212,EMERGENCY DEPARTMENT ADMINISTRATION,5700,IV SOLUTIONS AND SETS,MSHS-MEDLINE-COI,,900109,26,26,26,1,26,85.02,85.02,"INTERFACE, HIGHJUMP",BUYER   CONVERSION
MEDLINE INDUSTRIES INC,2022,"NURSING 10A M-S, 1221",MOUNT SINAI WEST,B BRAUN MEDICAL INC,MEDICAL EQUIPMENT AND ACCESSORIES AND SUPPLIES,TRUE,TRUE,PROCESSED,900109,"900109, IV SOLUTIONS AND SETS",MOUNT SINAI WEST,Yes,354212,B BRAUN MEDICAL INC,10/1/2022 0:00,1314152-17411,GOODS,ORAPOS,INTRAVENOUS OR ARTERIAL TUBING ADMINISTRATION SETS,MBB354212,NURSING 10A M-S,1221,IV SOLUTIONS AND SETS,MSHS-MEDLINE-COI,,900109,37,37,37,1,37,135.79,135.79,"INTERFACE, HIGHJUMP",BUYER   CONVERSION
MEDLINE INDUSTRIES INC,2022,"NURSING 8A SOUTH NEUROSURGICAL, 2331",MOUNT SINAI WEST,B BRAUN MEDICAL INC,MEDICAL EQUIPMENT AND ACCESSORIES AND SUPPLIES,TRUE,TRUE,PROCESSED,900109,"900109, IV SOLUTIONS AND SETS",MOUNT SINAI WEST,Yes,354212,B BRAUN MEDICAL INC,9/3/2022 0:00,1314152-14253,GOODS,ORAPOS,INTRAVENOUS OR ARTERIAL TUBING ADMINISTRATION SETS,BMG354212,NURSING 8A SOUTH NEUROSURGICAL,2331,IV SOLUTIONS AND SETS,MSHS-MEDLINE-COI,,900109,40,40,40,1,40,130.8,130.8,"INTERFACE, HIGHJUMP",BUYER   CONVERSION
MEDLINE INDUSTRIES INC,2022,"LABOR AND DELIVERY, 1901",MOUNT SINAI WEST,B BRAUN MEDICAL INC,MEDICAL EQUIPMENT AND ACCESSORIES AND SUPPLIES,TRUE,TRUE,PROCESSED,900109,"900109, IV SOLUTIONS AND SETS",MOUNT SINAI WEST,Yes,354212,B BRAUN MEDICAL INC,9/23/2022 0:00,1314152-16424,GOODS,ORAPOS,INTRAVENOUS OR ARTERIAL TUBING ADMINISTRATION SETS,BMG354212,LABOR AND DELIVERY,1901,IV SOLUTIONS AND SETS,MSHS-MEDLINE-COI,,900109,40,40,40,1,40,130.8,130.8,"INTERFACE, HIGHJUMP",BUYER   CONVERSION
MEDLINE INDUSTRIES INC,2022,"LABOR AND DELIVERY, 1901",MOUNT SINAI WEST,B BRAUN MEDICAL INC,MEDICAL EQUIPMENT AND ACCESSORIES AND SUPPLIES,TRUE,TRUE,PROCESSED,900109,"900109, IV SOLUTIONS AND SETS",MOUNT SINAI WEST,Yes,354212,B BRAUN MEDICAL INC,9/19/2022 0:00,1314152-15885,GOODS,ORAPOS,INTRAVENOUS OR ARTERIAL TUBING ADMINISTRATION SETS,BMG354212,LABOR AND DELIVERY,1901,IV SOLUTIONS AND SETS,MSHS-MEDLINE-COI,,900109,60,60,60,1,60,196.2,196.2,"INTERFACE, HIGHJUMP",BUYER   CONVERSION
MEDLINE INDUSTRIES INC,2022,"NURSING INTENSIVE CARE UNIT, 2301",MOUNT SINAI WEST,B BRAUN MEDICAL INC,MEDICAL EQUIPMENT AND ACCESSORIES AND SUPPLIES,TRUE,TRUE,PROCESSED,900109,"900109, IV SOLUTIONS AND SETS",MOUNT SINAI WEST,Yes,354212,B BRAUN MEDICAL INC,9/13/2022 0:00,1314152-15164,GOODS,ORAPOS,INTRAVENOUS OR ARTERIAL TUBING ADMINISTRATION SETS,BMG354212,NURSING INTENSIVE CARE UNIT,2301,IV SOLUTIONS AND SETS,MSHS-MEDLINE-COI,,900109,1,1,1,24,24,78.41,78.41,"INTERFACE, HIGHJUMP",BUYER   CONVERSION
MEDLINE INDUSTRIES INC,2022,"NURSING PEDIATRIC 3 ICU, 2401",MOUNT SINAI WEST,B BRAUN MEDICAL INC,MEDICAL EQUIPMENT AND ACCESSORIES AND SUPPLIES,TRUE,TRUE,PROCESSED,900109,"900109, IV SOLUTIONS AND SETS",MOUNT SINAI WEST,Yes,354212,B BRAUN MEDICAL INC,9/22/2022 0:00,1314152-16365,GOODS,ORAPOS,INTRAVENOUS OR ARTERIAL TUBING ADMINISTRATION SETS,BMG354212,NURSING PEDIATRIC 3 ICU,2401,IV SOLUTIONS AND SETS,MSHS-MEDLINE-COI,,900109,2,2,2,24,48,156.82,156.82,"INTERFACE, HIGHJUMP",BUYER   CONVERSION
MEDLINE INDUSTRIES INC,2022,"NURSING INTENSIVE CARE UNIT, 2301",MOUNT SINAI WEST,B BRAUN MEDICAL INC,MEDICAL EQUIPMENT AND ACCESSORIES AND SUPPLIES,TRUE,TRUE,PROCESSED,900109,"900109, IV SOLUTIONS AND SETS",MOUNT SINAI WEST,Yes,354212,B BRAUN MEDICAL INC,9/3/2022 0:00,1314152-14233,GOODS,ORAPOS,INTRAVENOUS OR ARTERIAL TUBING ADMINISTRATION SETS,BMG354212,NURSING INTENSIVE CARE UNIT,2301,IV SOLUTIONS AND SETS,MSHS-MEDLINE-COI,,900109,2,2,2,24,48,156.82,156.82,"INTERFACE, HIGHJUMP",BUYER   CONVERSION
MEDLINE INDUSTRIES INC,2022,"ANESTHESIOLOGY, 4280",MOUNT SINAI WEST,B BRAUN MEDICAL INC,MEDICAL EQUIPMENT AND ACCESSORIES AND SUPPLIES,TRUE,TRUE,PROCESSED,900109,"900109, IV SOLUTIONS AND SETS",MOUNT SINAI WEST,Yes,354212,B BRAUN MEDICAL INC,9/21/2022 0:00,1314152-16225,GOODS,ORAPOS,INTRAVENOUS OR ARTERIAL TUBING ADMINISTRATION SETS,BMG354212,ANESTHESIOLOGY,4280,IV SOLUTIONS AND SETS,MSHS-MEDLINE-COI,,900109,3,3,3,24,72,235.23,235.23,"INTERFACE, HIGHJUMP",BUYER   CONVERSION
MEDLINE INDUSTRIES INC,2022,"NURSING SURGICAL STEPDOWN UNIT, 1514",PETRIE,B BRAUN MEDICAL INC,MEDICAL EQUIPMENT AND ACCESSORIES AND SUPPLIES,TRUE,TRUE,PROCESSED,900109,"900109, IV SOLUTIONS AND SETS",PETRIE,Yes,354212,B BRAUN MEDICAL INC,9/21/2022 0:00,1314152-16159,GOODS,ORAPOS,INTRAVENOUS OR ARTERIAL TUBING ADMINISTRATION SETS,BMG354212,NURSING SURGICAL STEPDOWN UNIT,1514,IV SOLUTIONS AND SETS,MSHS-MEDLINE-COI,,900109,5,5,5,1,5,16.35,16.35,"INTERFACE, HIGHJUMP",BUYER   CONVERSION
MEDLINE INDUSTRIES INC,2022,"EMERGENCY DEPARTMENT ADMINISTRATION, 5700",PETRIE,B BRAUN MEDICAL INC,MEDICAL EQUIPMENT AND ACCESSORIES AND SUPPLIES,TRUE,TRUE,PROCESSED,900109,"900109, IV SOLUTIONS AND SETS",PETRIE,Yes,354212,B BRAUN MEDICAL INC,10/7/2022 0:00,1314152-18164,GOODS,ORAPOS,INTRAVENOUS OR ARTERIAL TUBING ADMINISTRATION SETS,BMG354212,EMERGENCY DEPARTMENT ADMINISTRATION,5700,IV SOLUTIONS AND SETS,MSHS-MEDLINE-COI,,900109,6,6,6,1,6,22.0224,22.0224,"INTERFACE, HIGHJUMP",BUYER   CONVERSION
MEDLINE INDUSTRIES INC,2022,"EMERGENCY DEPARTMENT ADMINISTRATION, 5700",PETRIE,B BRAUN MEDICAL INC,MEDICAL EQUIPMENT AND ACCESSORIES AND SUPPLIES,TRUE,TRUE,PROCESSED,900109,"900109, IV SOLUTIONS AND SETS",PETRIE,Yes,354212,B BRAUN MEDICAL INC,9/7/2022 0:00,1314152-14611,GOODS,ORAPOS,INTRAVENOUS OR ARTERIAL TUBING ADMINISTRATION SETS,BMG354212,EMERGENCY DEPARTMENT ADMINISTRATION,5700,IV SOLUTIONS AND SETS,MSHS-MEDLINE-COI,,900109,6,6,6,1,6,19.62,19.62,"INTERFACE, HIGHJUMP",BUYER   CONVERSION
MEDLINE INDUSTRIES INC,2022,"EMERGENCY DEPARTMENT ADMINISTRATION, 5700",PETRIE,B BRAUN MEDICAL INC,MEDICAL EQUIPMENT AND ACCESSORIES AND SUPPLIES,TRUE,TRUE,PROCESSED,900109,"900109, IV SOLUTIONS AND SETS",PETRIE,Yes,354212,B BRAUN MEDICAL INC,10/4/2022 0:00,1314152-17762,GOODS,ORAPOS,INTRAVENOUS OR ARTERIAL TUBING ADMINISTRATION SETS,BMG354212,EMERGENCY DEPARTMENT ADMINISTRATION,5700,IV SOLUTIONS AND SETS,MSHS-MEDLINE-COI,,900109,6,6,6,1,6,22.02,22.02,"INTERFACE, HIGHJUMP",BUYER   CONVERSION
MEDLINE INDUSTRIES INC,2022,"EMERGENCY DEPARTMENT ADMINISTRATION, 5700",PETRIE,B BRAUN MEDICAL INC,MEDICAL EQUIPMENT AND ACCESSORIES AND SUPPLIES,TRUE,TRUE,PROCESSED,900109,"900109, IV SOLUTIONS AND SETS",PETRIE,Yes,354212,B BRAUN MEDICAL INC,9/22/2022 0:00,1314152-16382,GOODS,ORAPOS,INTRAVENOUS OR ARTERIAL TUBING ADMINISTRATION SETS,MBB354212,EMERGENCY DEPARTMENT ADMINISTRATION,5700,IV SOLUTIONS AND SETS,MSHS-MEDLINE-COI,,900109,12,12,12,1,12,39.24,39.24,"INTERFACE, HIGHJUMP",BUYER   CONVERSION
MEDLINE INDUSTRIES INC,2022,"NURSING 8 SILVER PLANETREE M-S, 1294",PETRIE,B BRAUN MEDICAL INC,MEDICAL EQUIPMENT AND ACCESSORIES AND SUPPLIES,TRUE,TRUE,PROCESSED,900109,"900109, IV SOLUTIONS AND SETS",PETRIE,Yes,354212,B BRAUN MEDICAL INC,9/3/2022 0:00,1314152-14256,GOODS,ORAPOS,INTRAVENOUS OR ARTERIAL TUBING ADMINISTRATION SETS,BMG354212,NURSING 8 SILVER PLANETREE M-S,1294,IV SOLUTIONS AND SETS,MSHS-MEDLINE-COI,,900109,12,12,12,1,12,39.24,39.24,"INTERFACE, HIGHJUMP",BUYER   CONVERSION
MEDLINE INDUSTRIES INC,2022,"NURSING 8 SILVER PLANETREE M-S, 1294",PETRIE,B BRAUN MEDICAL INC,MEDICAL EQUIPMENT AND ACCESSORIES AND SUPPLIES,TRUE,TRUE,PROCESSED,900109,"900109, IV SOLUTIONS AND SETS",PETRIE,Yes,354212,B BRAUN MEDICAL INC,10/6/2022 0:00,1314152-17925,GOODS,ORAPOS,INTRAVENOUS OR ARTERIAL TUBING ADMINISTRATION SETS,BMG354212,NURSING 8 SILVER PLANETREE M-S,1294,IV SOLUTIONS AND SETS,MSHS-MEDLINE-COI,,900109,12,12,12,1,12,44.0448,44.0448,"INTERFACE, HIGHJUMP",BUYER   CONVERSION
MEDLINE INDUSTRIES INC,2022,"EMERGENCY DEPARTMENT ADMINISTRATION, 5700",PETRIE,B BRAUN MEDICAL INC,MEDICAL EQUIPMENT AND ACCESSORIES AND SUPPLIES,TRUE,TRUE,PROCESSED,900109,"900109, IV SOLUTIONS AND SETS",PETRIE,Yes,354212,B BRAUN MEDICAL INC,9/28/2022 0:00,1314152-17097,GOODS,ORAPOS,INTRAVENOUS OR ARTERIAL TUBING ADMINISTRATION SETS,BMG354212,EMERGENCY DEPARTMENT ADMINISTRATION,5700,IV SOLUTIONS AND SETS,MSHS-MEDLINE-COI,,900109,12,12,12,1,12,39.24,39.24,"INTERFACE, HIGHJUMP",BUYER   CONVERSION
MEDLINE INDUSTRIES INC,2022,"NURSING 7 SILVER ORTHOPEDICS, 1344",PETRIE,B BRAUN MEDICAL INC,MEDICAL EQUIPMENT AND ACCESSORIES AND SUPPLIES,TRUE,TRUE,PROCESSED,900109,"900109, IV SOLUTIONS AND SETS",PETRIE,Yes,354212,B BRAUN MEDICAL INC,9/27/2022 0:00,1314152-16814,GOODS,ORAPOS,INTRAVENOUS OR ARTERIAL TUBING ADMINISTRATION SETS,BMG354212,NURSING 7 SILVER ORTHOPEDICS,1344,IV SOLUTIONS AND SETS,MSHS-MEDLINE-COI,,900109,24,24,24,1,24,78.48,78.48,"INTERFACE, HIGHJUMP",BUYER   CONVERSION
MEDLINE INDUSTRIES INC,2022,"NURSING 9 SILVER M-S, 1264",PETRIE,B BRAUN MEDICAL INC,MEDICAL EQUIPMENT AND ACCESSORIES AND SUPPLIES,TRUE,TRUE,PROCESSED,900109,"900109, IV SOLUTIONS AND SETS",PETRIE,Yes,354212,B BRAUN MEDICAL INC,9/27/2022 0:00,1314152-16804,GOODS,ORAPOS,INTRAVENOUS OR ARTERIAL TUBING ADMINISTRATION SETS,BMG354212,NURSING 9 SILVER M-S,1264,IV SOLUTIONS AND SETS,MSHS-MEDLINE-COI,,900109,24,24,24,1,24,78.48,78.48,"INTERFACE, HIGHJUMP",BUYER   CONVERSION
MEDLINE INDUSTRIES INC,2022,"NURSING 8 SILVER PLANETREE M-S, 1294",PETRIE,B BRAUN MEDICAL INC,MEDICAL EQUIPMENT AND ACCESSORIES AND SUPPLIES,TRUE,TRUE,PROCESSED,900109,"900109, IV SOLUTIONS AND SETS",PETRIE,Yes,354212,B BRAUN MEDICAL INC,9/14/2022 0:00,1314152-15318,GOODS,ORAPOS,INTRAVENOUS OR ARTERIAL TUBING ADMINISTRATION SETS,BMG354212,NURSING 8 SILVER PLANETREE M-S,1294,IV SOLUTIONS AND SETS,MSHS-MEDLINE-COI,,900109,24,24,24,1,24,78.48,78.48,"INTERFACE, HIGHJUMP",BUYER   CONVERSION
MEDLINE INDUSTRIES INC,2022,"NURSING 9 SILVER M-S, 1264",PETRIE,B BRAUN MEDICAL INC,MEDICAL EQUIPMENT AND ACCESSORIES AND SUPPLIES,TRUE,TRUE,PROCESSED,900109,"900109, IV SOLUTIONS AND SETS",PETRIE,Yes,354212,B BRAUN MEDICAL INC,10/8/2022 0:00,1314152-18182,GOODS,ORAPOS,INTRAVENOUS OR ARTERIAL TUBING ADMINISTRATION SETS,BMG354212,NURSING 9 SILVER M-S,1264,IV SOLUTIONS AND SETS,MSHS-MEDLINE-COI,,900109,24,24,24,1,24,88.0896,88.0896,"INTERFACE, HIGHJUMP",BUYER   CONVERSION
MEDLINE INDUSTRIES INC,2022,"NURSING 10 SILVER SURGICAL, 1314",PETRIE,B BRAUN MEDICAL INC,MEDICAL EQUIPMENT AND ACCESSORIES AND SUPPLIES,TRUE,TRUE,PROCESSED,900109,"900109, IV SOLUTIONS AND SETS",PETRIE,Yes,354212,B BRAUN MEDICAL INC,10/3/2022 0:00,1314152-17463,GOODS,ORAPOS,INTRAVENOUS OR ARTERIAL TUBING ADMINISTRATION SETS,BMG354212,NURSING 10 SILVER SURGICAL,1314,IV SOLUTIONS AND SETS,MSHS-MEDLINE-COI,,900109,48,48,48,1,48,176.16,176.16,"INTERFACE, HIGHJUMP",BUYER   CONVERSION
MEDLINE INDUSTRIES INC,2022,"NURSING INTENSIVE CARE UNIT, 2304",PETRIE,B BRAUN MEDICAL INC,MEDICAL EQUIPMENT AND ACCESSORIES AND SUPPLIES,TRUE,TRUE,PROCESSED,900109,"900109, IV SOLUTIONS AND SETS",PETRIE,Yes,354212,B BRAUN MEDICAL INC,9/27/2022 0:00,1314152-16847,GOODS,ORAPOS,INTRAVENOUS OR ARTERIAL TUBING ADMINISTRATION SETS,BMG354212,NURSING INTENSIVE CARE UNIT,2304,IV SOLUTIONS AND SETS,MSHS-MEDLINE-COI,,900109,48,48,48,1,48,156.96,156.96,"INTERFACE, HIGHJUMP",BUYER   CONVERSION
MEDLINE INDUSTRIES INC,2022,"NURSING RAPID EVALUATION TREATMENT UNIT, 1304",PETRIE,B BRAUN MEDICAL INC,MEDICAL EQUIPMENT AND ACCESSORIES AND SUPPLIES,TRUE,TRUE,PROCESSED,900109,"900109, IV SOLUTIONS AND SETS",PETRIE,Yes,354212,B BRAUN MEDICAL INC,9/19/2022 0:00,1314152-15838,GOODS,ORAPOS,INTRAVENOUS OR ARTERIAL TUBING ADMINISTRATION SETS,BMG354212,NURSING RAPID EVALUATION TREATMENT UNIT,1304,IV SOLUTIONS AND SETS,MSHS-MEDLINE-COI,,900109,48,48,48,1,48,156.96,156.96,"INTERFACE, HIGHJUMP",BUYER   CONVERSION
MEDLINE INDUSTRIES INC,2022,"NURSING 10 SILVER SURGICAL, 1314",PETRIE,B BRAUN MEDICAL INC,MEDICAL EQUIPMENT AND ACCESSORIES AND SUPPLIES,TRUE,TRUE,PROCESSED,900109,"900109, IV SOLUTIONS AND SETS",PETRIE,Yes,354212,B BRAUN MEDICAL INC,9/7/2022 0:00,1314152-14472,GOODS,ORAPOS,INTRAVENOUS OR ARTERIAL TUBING ADMINISTRATION SETS,BMG354212,NURSING 10 SILVER SURGICAL,1314,IV SOLUTIONS AND SETS,MSHS-MEDLINE-COI,,900109,48,48,48,1,48,156.96,156.96,"INTERFACE, HIGHJUMP",BUYER   CONVERSION
MEDLINE INDUSTRIES INC,2022,"NURSING RAPID EVALUATION TREATMENT UNIT, 1304",PETRIE,B BRAUN MEDICAL INC,MEDICAL EQUIPMENT AND ACCESSORIES AND SUPPLIES,TRUE,TRUE,PROCESSED,900109,"900109, IV SOLUTIONS AND SETS",PETRIE,Yes,354212,B BRAUN MEDICAL INC,9/26/2022 0:00,1314152-16679,GOODS,ORAPOS,INTRAVENOUS OR ARTERIAL TUBING ADMINISTRATION SETS,BMG354212,NURSING RAPID EVALUATION TREATMENT UNIT,1304,IV SOLUTIONS AND SETS,MSHS-MEDLINE-COI,,900109,48,48,48,1,48,156.96,156.96,"INTERFACE, HIGHJUMP",BUYER   CONVERSION
MEDLINE INDUSTRIES INC,2022,"NURSING RAPID EVALUATION TREATMENT UNIT, 1304",PETRIE,B BRAUN MEDICAL INC,MEDICAL EQUIPMENT AND ACCESSORIES AND SUPPLIES,TRUE,TRUE,PROCESSED,900109,"900109, IV SOLUTIONS AND SETS",PETRIE,Yes,354212,B BRAUN MEDICAL INC,9/29/2022 0:00,1314152-17131,GOODS,ORAPOS,INTRAVENOUS OR ARTERIAL TUBING ADMINISTRATION SETS,BMG354212,NURSING RAPID EVALUATION TREATMENT UNIT,1304,IV SOLUTIONS AND SETS,MSHS-MEDLINE-COI,,900109,48,48,48,1,48,156.96,156.96,"INTERFACE, HIGHJUMP",BUYER   CONVERSION
MEDLINE INDUSTRIES INC,2022,"NURSING RAPID EVALUATION TREATMENT UNIT, 1304",PETRIE,B BRAUN MEDICAL INC,MEDICAL EQUIPMENT AND ACCESSORIES AND SUPPLIES,TRUE,TRUE,PROCESSED,900109,"900109, IV SOLUTIONS AND SETS",PETRIE,Yes,354212,B BRAUN MEDICAL INC,9/10/2022 0:00,1314152-14986,GOODS,ORAPOS,INTRAVENOUS OR ARTERIAL TUBING ADMINISTRATION SETS,BMG354212,NURSING RAPID EVALUATION TREATMENT UNIT,1304,IV SOLUTIONS AND SETS,MSHS-MEDLINE-COI,,900109,48,48,48,1,48,156.96,156.96,"INTERFACE, HIGHJUMP",BUYER   CONVERSION
MEDLINE INDUSTRIES INC,2022,"MATERIALS MANAGEMENT STORE ROOM, 8835",PETRIE,B BRAUN MEDICAL INC,MEDICAL EQUIPMENT AND ACCESSORIES AND SUPPLIES,TRUE,TRUE,PROCESSED,900109,"900109, IV SOLUTIONS AND SETS",PETRIE,Yes,354212,B BRAUN MEDICAL INC,9/25/2022 0:00,1314152-16634,GOODS,ORAPOS,INTRAVENOUS OR ARTERIAL TUBING ADMINISTRATION SETS,BMG354212,MATERIALS MANAGEMENT STORE ROOM,8835,IV SOLUTIONS AND SETS,MSHS-MEDLINE-COI,,900109,1,1,1,24,24,78.41,78.41,"INTERFACE, HIGHJUMP",BUYER   CONVERSION
MEDLINE INDUSTRIES INC,2022,"CARDIAC CATHERIZATION, 4058",PETRIE,B BRAUN MEDICAL INC,MEDICAL EQUIPMENT AND ACCESSORIES AND SUPPLIES,TRUE,TRUE,PROCESSED,900109,"900109, IV SOLUTIONS AND SETS",PETRIE,Yes,354212,B BRAUN MEDICAL INC,9/28/2022 0:00,1314152-17000,GOODS,ORAPOS,INTRAVENOUS OR ARTERIAL TUBING ADMINISTRATION SETS,BMG354212,CARDIAC CATHERIZATION,4058,IV SOLUTIONS AND SETS,MSHS-MEDLINE-COI,,900109,1,1,1,24,24,78.41,78.41,"RABELO, JOSE",BUYER   CONVERSION
MEDLINE INDUSTRIES INC,2022,"CARDIAC CATHERIZATION, 4058",PETRIE,B BRAUN MEDICAL INC,MEDICAL EQUIPMENT AND ACCESSORIES AND SUPPLIES,TRUE,TRUE,PROCESSED,900109,"900109, IV SOLUTIONS AND SETS",PETRIE,Yes,354212,B BRAUN MEDICAL INC,9/26/2022 0:00,1314152-16759,GOODS,ORAPOS,INTRAVENOUS OR ARTERIAL TUBING ADMINISTRATION SETS,BMG354212,CARDIAC CATHERIZATION,4058,IV SOLUTIONS AND SETS,MSHS-MEDLINE-COI,,900109,1,1,1,24,24,78.41,78.41,"RABELO, JOSE",BUYER   CONVERSION
MEDLINE INDUSTRIES INC,2023,"CHEMOTHERAPY SUITE, 5518",PHILIPS AMBULATORY CARE CENTER,B BRAUN MEDICAL INC,MEDICAL EQUIPMENT AND ACCESSORIES AND SUPPLIES,TRUE,TRUE,PROCESSED,900109,"900109, IV SOLUTIONS AND SETS",PHILIPS AMBULATORY CARE CENTER,Yes,354212,B BRAUN MEDICAL INC,2/13/2023 0:00,1314152-33473,GOODS,ORAPOS,INTRAVENOUS OR ARTERIAL TUBING ADMINISTRATION SETS,MBB354212,CHEMOTHERAPY SUITE,5518,IV SOLUTIONS AND SETS,MSHS-MEDLINE-COI,,900109,2,2,2,24,48,176.18,176.18,"INTERFACE, HIGHJUMP",BUYER   CONVERSION
MEDLINE INDUSTRIES INC,2022,"PHARMACY, 9400",PHILIPS AMBULATORY CARE CENTER,B BRAUN MEDICAL INC,MEDICAL EQUIPMENT AND ACCESSORIES AND SUPPLIES,TRUE,TRUE,PROCESSED,900109,"900109, IV SOLUTIONS AND SETS",PHILIPS AMBULATORY CARE CENTER,Yes,354212,B BRAUN MEDICAL INC,11/23/2022 0:00,1314152-23803,GOODS,ORAPOS,INTRAVENOUS OR ARTERIAL TUBING ADMINISTRATION SETS,BMG354212,PHARMACY,9400,IV SOLUTIONS AND SETS,MSHS-MEDLINE-COI,,900109,3,3,3,24,72,264.27,264.27,"MCCALLA, RACQUEL",BUYER   CONVERSION
MEDLINE INDUSTRIES INC,2022,"CHEMOTHERAPY SUITE, 5518",PHILIPS AMBULATORY CARE CENTER,B BRAUN MEDICAL INC,MEDICAL EQUIPMENT AND ACCESSORIES AND SUPPLIES,TRUE,TRUE,PROCESSED,900109,"900109, IV SOLUTIONS AND SETS",PHILIPS AMBULATORY CARE CENTER,Yes,354212,B BRAUN MEDICAL INC,11/16/2022 0:00,1314152-22877,GOODS,ORAPOS,INTRAVENOUS OR ARTERIAL TUBING ADMINISTRATION SETS,BMG354212,CHEMOTHERAPY SUITE,5518,IV SOLUTIONS AND SETS,MSHS-MEDLINE-COI,,900109,3,3,3,24,72,264.27,264.27,"INTERFACE, HIGHJUMP",BUYER   CONVERSION
MEDLINE INDUSTRIES INC,2022,"PHARMACY, 9400",PHILIPS AMBULATORY CARE CENTER,B BRAUN MEDICAL INC,MEDICAL EQUIPMENT AND ACCESSORIES AND SUPPLIES,TRUE,TRUE,PROCESSED,900109,"900109, IV SOLUTIONS AND SETS",PHILIPS AMBULATORY CARE CENTER,Yes,354212,B BRAUN MEDICAL INC,9/22/2022 0:00,1314152-16249,GOODS,ORAPOS,INTRAVENOUS OR ARTERIAL TUBING ADMINISTRATION SETS,BMG354212,PHARMACY,9400,IV SOLUTIONS AND SETS,MSHS-MEDLINE-COI,,900109,4,4,4,24,96,313.64,313.64,"MCCALLA, RACQUEL",BUYER   CONVERSION
MEDLINE INDUSTRIES INC,2022,"PHILLIPS AMB SURG-PRESURG TEST, 2652",PHILIPS AMBULATORY CARE CENTER,B BRAUN MEDICAL INC,MEDICAL EQUIPMENT AND ACCESSORIES AND SUPPLIES,TRUE,TRUE,PROCESSED,900109,"900109, IV SOLUTIONS AND SETS",PHILIPS AMBULATORY CARE CENTER,Yes,354212,B BRAUN MEDICAL INC,11/28/2022 0:00,1314152-24084,GOODS,ORAPOS,INTRAVENOUS OR ARTERIAL TUBING ADMINISTRATION SETS,BMG354212,PHILLIPS AMB SURG-PRESURG TEST,2652,IV SOLUTIONS AND SETS,MSHS-MEDLINE-COI,,900109,5,5,5,1,5,18.352,18.352,"TORRES, SANTIAGO J",BUYER   CONVERSION
MEDLINE INDUSTRIES INC,2023,"PHILLIPS AMBULATORY SURGERY PACU, 2623",PHILIPS AMBULATORY CARE CENTER,B BRAUN MEDICAL INC,MEDICAL EQUIPMENT AND ACCESSORIES AND SUPPLIES,TRUE,TRUE,PROCESSED,900109,"900109, IV SOLUTIONS AND SETS",PHILIPS AMBULATORY CARE CENTER,Yes,354212,B BRAUN MEDICAL INC,10/13/2023 0:00,1314152-64942,GOODS,ORAPOS,INTRAVENOUS OR ARTERIAL TUBING ADMINISTRATION SETS,MBB354212,PHILLIPS AMBULATORY SURGERY PACU,2623,IV SOLUTIONS AND SETS,MSHS-MEDLINE-COI,,900109,6,6,6,1,6,22.02,22.02,"DELGADO, YUBERKY",BUYER   CONVERSION
MEDLINE INDUSTRIES INC,2022,"NURSING CLARK 5 M-S, 1331",ST LUKES,B BRAUN MEDICAL INC,MEDICAL EQUIPMENT AND ACCESSORIES AND SUPPLIES,TRUE,TRUE,PROCESSED,900109,"900109, IV SOLUTIONS AND SETS",ST LUKES,Yes,354212,B BRAUN MEDICAL INC,9/12/2022 0:00,1314152-15003,GOODS,ORAPOS,INTRAVENOUS OR ARTERIAL TUBING ADMINISTRATION SETS,BMG354212,NURSING CLARK 5 M-S,1331,IV SOLUTIONS AND SETS,MSHS-MEDLINE-COI,,900109,10,10,10,1,10,32.7,32.7,"INTERFACE, HIGHJUMP",BUYER   CONVERSION
MEDLINE INDUSTRIES INC,2022,"NURSING 6E CCU CSICU, 1501",ST LUKES,B BRAUN MEDICAL INC,MEDICAL EQUIPMENT AND ACCESSORIES AND SUPPLIES,TRUE,TRUE,PROCESSED,900109,"900109, IV SOLUTIONS AND SETS",ST LUKES,Yes,354212,B BRAUN MEDICAL INC,9/2/2022 0:00,1314152-14174,GOODS,ORAPOS,INTRAVENOUS OR ARTERIAL TUBING ADMINISTRATION SETS,BMG354212,NURSING 6E CCU CSICU,1501,IV SOLUTIONS AND SETS,MSHS-MEDLINE-COI,,900109,12,12,12,1,12,39.24,39.24,"INTERFACE, HIGHJUMP",BUYER   CONVERSION
MEDLINE INDUSTRIES INC,2022,"NURSING 4W M S, 1361",ST LUKES,B BRAUN MEDICAL INC,MEDICAL EQUIPMENT AND ACCESSORIES AND SUPPLIES,TRUE,TRUE,PROCESSED,900109,"900109, IV SOLUTIONS AND SETS",ST LUKES,Yes,354212,B BRAUN MEDICAL INC,9/2/2022 0:00,1314152-14149,GOODS,ORAPOS,INTRAVENOUS OR ARTERIAL TUBING ADMINISTRATION SETS,BMG354212,NURSING 4W M S,1361,IV SOLUTIONS AND SETS,MSHS-MEDLINE-COI,,900109,12,12,12,1,12,39.24,39.24,"INTERFACE, HIGHJUMP",BUYER   CONVERSION
MEDLINE INDUSTRIES INC,2022,"NURSING 6E CCU CSICU, 1501",ST LUKES,B BRAUN MEDICAL INC,MEDICAL EQUIPMENT AND ACCESSORIES AND SUPPLIES,TRUE,TRUE,PROCESSED,900109,"900109, IV SOLUTIONS AND SETS",ST LUKES,Yes,354212,B BRAUN MEDICAL INC,9/7/2022 0:00,1314152-14534,GOODS,ORAPOS,INTRAVENOUS OR ARTERIAL TUBING ADMINISTRATION SETS,BMG354212,NURSING 6E CCU CSICU,1501,IV SOLUTIONS AND SETS,MSHS-MEDLINE-COI,,900109,12,12,12,1,12,39.24,39.24,"INTERFACE, HIGHJUMP",BUYER   CONVERSION
MEDLINE INDUSTRIES INC,2022,"NURSING STUY 6 REHAB, 1711",ST LUKES,B BRAUN MEDICAL INC,MEDICAL EQUIPMENT AND ACCESSORIES AND SUPPLIES,TRUE,TRUE,PROCESSED,900109,"900109, IV SOLUTIONS AND SETS",ST LUKES,Yes,354212,B BRAUN MEDICAL INC,9/7/2022 0:00,1314152-14457,GOODS,ORAPOS,INTRAVENOUS OR ARTERIAL TUBING ADMINISTRATION SETS,BMG354212,NURSING STUY 6 REHAB,1711,IV SOLUTIONS AND SETS,MSHS-MEDLINE-COI,,900109,12,12,12,1,12,39.24,39.24,"INTERFACE, HIGHJUMP",BUYER   CONVERSION
MEDLINE INDUSTRIES INC,2022,"NURSING 6E CCU CSICU, 1501",ST LUKES,B BRAUN MEDICAL INC,MEDICAL EQUIPMENT AND ACCESSORIES AND SUPPLIES,TRUE,TRUE,PROCESSED,900109,"900109, IV SOLUTIONS AND SETS",ST LUKES,Yes,354212,B BRAUN MEDICAL INC,9/9/2022 0:00,1314152-14857,GOODS,ORAPOS,INTRAVENOUS OR ARTERIAL TUBING ADMINISTRATION SETS,BMG354212,NURSING 6E CCU CSICU,1501,IV SOLUTIONS AND SETS,MSHS-MEDLINE-COI,,900109,12,12,12,1,12,39.24,39.24,"INTERFACE, HIGHJUMP",BUYER   CONVERSION
MEDLINE INDUSTRIES INC,2022,"NURSING 9W M S, 1351",ST LUKES,B BRAUN MEDICAL INC,MEDICAL EQUIPMENT AND ACCESSORIES AND SUPPLIES,TRUE,TRUE,PROCESSED,900109,"900109, IV SOLUTIONS AND SETS",ST LUKES,Yes,354212,B BRAUN MEDICAL INC,9/10/2022 0:00,1314152-14970,GOODS,ORAPOS,INTRAVENOUS OR ARTERIAL TUBING ADMINISTRATION SETS,BMG354212,NURSING 9W M S,1351,IV SOLUTIONS AND SETS,MSHS-MEDLINE-COI,,900109,12,12,12,1,12,39.24,39.24,"INTERFACE, HIGHJUMP",BUYER   CONVERSION
MEDLINE INDUSTRIES INC,2022,"NURSING 6W M S, 1601",ST LUKES,B BRAUN MEDICAL INC,MEDICAL EQUIPMENT AND ACCESSORIES AND SUPPLIES,TRUE,TRUE,PROCESSED,900109,"900109, IV SOLUTIONS AND SETS",ST LUKES,Yes,354212,B BRAUN MEDICAL INC,9/8/2022 0:00,1314152-14711,GOODS,ORAPOS,INTRAVENOUS OR ARTERIAL TUBING ADMINISTRATION SETS,MBB354212,NURSING 6W M S,1601,IV SOLUTIONS AND SETS,MSHS-MEDLINE-COI,,900109,15,15,15,1,15,49.05,49.05,"INTERFACE, HIGHJUMP",BUYER   CONVERSION
MEDLINE INDUSTRIES INC,2022,"NURSING 7W M S, 1341",ST LUKES,B BRAUN MEDICAL INC,MEDICAL EQUIPMENT AND ACCESSORIES AND SUPPLIES,TRUE,TRUE,PROCESSED,900109,"900109, IV SOLUTIONS AND SETS",ST LUKES,Yes,354212,B BRAUN MEDICAL INC,9/8/2022 0:00,1314152-14686,GOODS,ORAPOS,INTRAVENOUS OR ARTERIAL TUBING ADMINISTRATION SETS,BMG354212,NURSING 7W M S,1341,IV SOLUTIONS AND SETS,MSHS-MEDLINE-COI,,900109,15,15,15,1,15,49.05,49.05,"INTERFACE, HIGHJUMP",BUYER   CONVERSION
MEDLINE INDUSTRIES INC,2022,"GI UNIT, 4510",ST LUKES,B BRAUN MEDICAL INC,MEDICAL EQUIPMENT AND ACCESSORIES AND SUPPLIES,TRUE,TRUE,PROCESSED,900109,"900109, IV SOLUTIONS AND SETS",ST LUKES,Yes,354212,B BRAUN MEDICAL INC,9/13/2022 0:00,1314152-15238,GOODS,ORAPOS,INTRAVENOUS OR ARTERIAL TUBING ADMINISTRATION SETS,BMG354212,GI UNIT,4510,IV SOLUTIONS AND SETS,MSHS-MEDLINE-COI,,900109,15,15,15,1,15,49.05,49.05,"TORRES, ERIKA E",BUYER   CONVERSION
MEDLINE INDUSTRIES INC,2022,"PACU, 2621",ST LUKES,B BRAUN MEDICAL INC,MEDICAL EQUIPMENT AND ACCESSORIES AND SUPPLIES,TRUE,TRUE,PROCESSED,900109,"900109, IV SOLUTIONS AND SETS",ST LUKES,Yes,354212,B BRAUN MEDICAL INC,9/23/2022 0:00,1314152-16508,GOODS,ORAPOS,INTRAVENOUS OR ARTERIAL TUBING ADMINISTRATION SETS,BMG354212,PACU,2621,IV SOLUTIONS AND SETS,MSHS-MEDLINE-COI,,900109,19,19,19,1,19,62.13,62.13,"INTERFACE, HIGHJUMP",BUYER   CONVERSION
MEDLINE INDUSTRIES INC,2022,"HEMATOLOGY ONCOLOGY, 5513",ST LUKES,B BRAUN MEDICAL INC,MEDICAL EQUIPMENT AND ACCESSORIES AND SUPPLIES,TRUE,TRUE,PROCESSED,900109,"900109, IV SOLUTIONS AND SETS",ST LUKES,Yes,354212,B BRAUN MEDICAL INC,9/9/2022 0:00,1314152-14832,GOODS,ORAPOS,INTRAVENOUS OR ARTERIAL TUBING ADMINISTRATION SETS,BMG354212,HEMATOLOGY ONCOLOGY,5513,IV SOLUTIONS AND SETS,MSHS-MEDLINE-COI,,900109,24,24,24,1,24,78.48,78.48,"INTERFACE, HIGHJUMP",BUYER   CONVERSION
MEDLINE INDUSTRIES INC,2022,"HEMATOLOGY ONCOLOGY, 5513",ST LUKES,B BRAUN MEDICAL INC,MEDICAL EQUIPMENT AND ACCESSORIES AND SUPPLIES,TRUE,TRUE,PROCESSED,900109,"900109, IV SOLUTIONS AND SETS",ST LUKES,Yes,354212,B BRAUN MEDICAL INC,9/16/2022 0:00,1314152-15682,GOODS,ORAPOS,INTRAVENOUS OR ARTERIAL TUBING ADMINISTRATION SETS,BMG354212,HEMATOLOGY ONCOLOGY,5513,IV SOLUTIONS AND SETS,MSHS-MEDLINE-COI,,900109,24,24,24,1,24,78.48,78.48,"INTERFACE, HIGHJUMP",BUYER   CONVERSION
MEDLINE INDUSTRIES INC,2022,"NURSING 6E CCU CSICU, 1501",ST LUKES,B BRAUN MEDICAL INC,MEDICAL EQUIPMENT AND ACCESSORIES AND SUPPLIES,TRUE,TRUE,PROCESSED,900109,"900109, IV SOLUTIONS AND SETS",ST LUKES,Yes,354212,B BRAUN MEDICAL INC,9/14/2022 0:00,1314152-15362,GOODS,ORAPOS,INTRAVENOUS OR ARTERIAL TUBING ADMINISTRATION SETS,BMG354212,NURSING 6E CCU CSICU,1501,IV SOLUTIONS AND SETS,MSHS-MEDLINE-COI,,900109,24,24,24,1,24,78.48,78.48,"INTERFACE, HIGHJUMP",BUYER   CONVERSION
MEDLINE INDUSTRIES INC,2022,"NURSING 9E TELEMETRY, 1611",ST LUKES,B BRAUN MEDICAL INC,MEDICAL EQUIPMENT AND ACCESSORIES AND SUPPLIES,TRUE,TRUE,PROCESSED,900109,"900109, IV SOLUTIONS AND SETS",ST LUKES,Yes,354212,B BRAUN MEDICAL INC,9/21/2022 0:00,1314152-16190,GOODS,ORAPOS,INTRAVENOUS OR ARTERIAL TUBING ADMINISTRATION SETS,BMG354212,NURSING 9E TELEMETRY,1611,IV SOLUTIONS AND SETS,MSHS-MEDLINE-COI,,900109,30,30,30,1,30,98.1,98.1,"INTERFACE, HIGHJUMP",BUYER   CONVERSION
MEDLINE INDUSTRIES INC,2022,"GI UNIT, 4510",ST LUKES,B BRAUN MEDICAL INC,MEDICAL EQUIPMENT AND ACCESSORIES AND SUPPLIES,TRUE,TRUE,PROCESSED,900109,"900109, IV SOLUTIONS AND SETS",ST LUKES,Yes,354212,B BRAUN MEDICAL INC,9/7/2022 0:00,1314152-14518,GOODS,ORAPOS,INTRAVENOUS OR ARTERIAL TUBING ADMINISTRATION SETS,BMG354212,GI UNIT,4510,IV SOLUTIONS AND SETS,MSHS-MEDLINE-COI,,900109,30,30,30,1,30,98.1,98.1,"ROBINSON, EUGENE",BUYER   CONVERSION
MEDLINE INDUSTRIES INC,2022,"NURSING 7B MICU SICU STPDWN, 2311",ST LUKES,B BRAUN MEDICAL INC,MEDICAL EQUIPMENT AND ACCESSORIES AND SUPPLIES,TRUE,TRUE,PROCESSED,900109,"900109, IV SOLUTIONS AND SETS",ST LUKES,Yes,354212,B BRAUN MEDICAL INC,9/24/2022 0:00,1314152-16581,GOODS,ORAPOS,INTRAVENOUS OR ARTERIAL TUBING ADMINISTRATION SETS,BMG354212,NURSING 7B MICU SICU STPDWN,2311,IV SOLUTIONS AND SETS,MSHS-MEDLINE-COI,,900109,42,42,42,1,42,137.34,137.34,"INTERFACE, HIGHJUMP",BUYER   CONVERSION
MEDLINE INDUSTRIES INC,2022,"ANESTHESIOLOGY, 4280",ST LUKES,B BRAUN MEDICAL INC,MEDICAL EQUIPMENT AND ACCESSORIES AND SUPPLIES,TRUE,TRUE,PROCESSED,900109,"900109, IV SOLUTIONS AND SETS",ST LUKES,Yes,354212,B BRAUN MEDICAL INC,9/12/2022 0:00,1314152-15036,GOODS,ORAPOS,INTRAVENOUS OR ARTERIAL TUBING ADMINISTRATION SETS,BMG354212,ANESTHESIOLOGY,4280,IV SOLUTIONS AND SETS,MSHS-MEDLINE-COI,,900109,72,72,72,1,72,235.44,235.44,"INTERFACE, HIGHJUMP",BUYER   CONVERSION
MEDLINE INDUSTRIES INC,2022,"MATERIALS MANAGEMENT ADMINISTRATION, 8805",ST LUKES,B BRAUN MEDICAL INC,MEDICAL EQUIPMENT AND ACCESSORIES AND SUPPLIES,TRUE,TRUE,PROCESSED,900109,"900109, IV SOLUTIONS AND SETS",ST LUKES,Yes,354212,B BRAUN MEDICAL INC,9/23/2022 0:00,1314152-16430,GOODS,ORAPOS,INTRAVENOUS OR ARTERIAL TUBING ADMINISTRATION SETS,MBB354212,MATERIALS MANAGEMENT ADMINISTRATION,8805,IV SOLUTIONS AND SETS,MSHS-MEDLINE-COI,,900109,1,1,1,24,24,78.41,78.41,"INTERFACE, HIGHJUMP",BUYER   CONVERSION
MEDLINE INDUSTRIES INC,2022,"ARRHYTHMIA INSTITUTE, 4071",ST LUKES,B BRAUN MEDICAL INC,MEDICAL EQUIPMENT AND ACCESSORIES AND SUPPLIES,TRUE,TRUE,PROCESSED,900109,"900109, IV SOLUTIONS AND SETS",ST LUKES,Yes,354212,B BRAUN MEDICAL INC,9/19/2022 0:00,1314152-15896,GOODS,ORAPOS,INTRAVENOUS OR ARTERIAL TUBING ADMINISTRATION SETS,BMG354212,ARRHYTHMIA INSTITUTE,4071,IV SOLUTIONS AND SETS,MSHS-MEDLINE-COI,,900109,1,1,1,24,24,78.41,78.41,"LINTON, KAREN L",BUYER   CONVERSION
MEDLINE INDUSTRIES INC,2022,"ARRHYTHMIA INSTITUTE, 4071",ST LUKES,B BRAUN MEDICAL INC,MEDICAL EQUIPMENT AND ACCESSORIES AND SUPPLIES,TRUE,TRUE,PROCESSED,900109,"900109, IV SOLUTIONS AND SETS",ST LUKES,Yes,354212,B BRAUN MEDICAL INC,9/8/2022 0:00,1314152-14730,GOODS,ORAPOS,INTRAVENOUS OR ARTERIAL TUBING ADMINISTRATION SETS,BMG354212,ARRHYTHMIA INSTITUTE,4071,IV SOLUTIONS AND SETS,MSHS-MEDLINE-COI,,900109,2,2,2,24,48,156.82,156.82,"ROSARIO, LEYDI LAURA",BUYER   CONVERSION
MEDLINE INDUSTRIES INC,2024,"PHARMACY, 9400",MOUNT SINAI BROOKLYN,B. BRAUN MEDICAL,MEDICAL EQUIPMENT AND ACCESSORIES AND SUPPLIES,TRUE,TRUE,PROCESSED,900109,"900109, IV SOLUTIONS AND SETS",MOUNT SINAI BROOKLYN,Yes,354212,B. BRAUN MEDICAL,4/1/2024 0:00,1314152-85437,GOODS,ORAPOS,INTRAVENOUS OR ARTERIAL TUBING ADMINISTRATION SETS,MBB354212,PHARMACY,9400,IV SOLUTIONS AND SETS,MSHS-MEDLINE-COI,,900109,0,1,10,1,1,0.01,0.01,"INTERFACE, HIGHJUMP",BUYER   CONVERSION
MEDLINE INDUSTRIES INC,2022,"PHARMACY, 9400",MOUNT SINAI BROOKLYN,B BRAUN MEDICAL INC,MEDICAL EQUIPMENT AND ACCESSORIES AND SUPPLIES,TRUE,TRUE,PROCESSED,900109,"900109, IV SOLUTIONS AND SETS",MOUNT SINAI BROOKLYN,Yes,354212,B BRAUN MEDICAL INC,10/17/2022 0:00,1314152-19100,GOODS,ORAPOS,INTRAVENOUS OR ARTERIAL TUBING ADMINISTRATION SETS,BMG354212,PHARMACY,9400,IV SOLUTIONS AND SETS,MSHS-MEDLINE-COI,,900109,13,13,13,1,13,47.7152,47.7152,"INTERFACE, HIGHJUMP",BUYER   CONVERSION
MEDLINE INDUSTRIES INC,2022,"PHARMACY, 9400",MOUNT SINAI BROOKLYN,B BRAUN MEDICAL INC,MEDICAL EQUIPMENT AND ACCESSORIES AND SUPPLIES,TRUE,TRUE,PROCESSED,900109,"900109, IV SOLUTIONS AND SETS",MOUNT SINAI BROOKLYN,Yes,354212,B BRAUN MEDICAL INC,10/17/2022 0:00,1314152-19238,GOODS,ORAPOS,INTRAVENOUS OR ARTERIAL TUBING ADMINISTRATION SETS,BMG354212,PHARMACY,9400,IV SOLUTIONS AND SETS,MSHS-MEDLINE-COI,,900109,16,16,16,1,16,58.7264,58.7264,"INTERFACE, HIGHJUMP",BUYER   CONVERSION
MEDLINE INDUSTRIES INC,2022,"NURSING 3 NORTH M-S, 1237",MOUNT SINAI BROOKLYN,B BRAUN MEDICAL INC,MEDICAL EQUIPMENT AND ACCESSORIES AND SUPPLIES,TRUE,TRUE,PROCESSED,900109,"900109, IV SOLUTIONS AND SETS",MOUNT SINAI BROOKLYN,Yes,354212,B BRAUN MEDICAL INC,10/11/2022 0:00,1314152-18446,GOODS,ORAPOS,INTRAVENOUS OR ARTERIAL TUBING ADMINISTRATION SETS,BMG354212,NURSING 3 NORTH M-S,1237,IV SOLUTIONS AND SETS,MSHS-MEDLINE-COI,,900109,20,20,20,1,20,73.408,73.408,"INTERFACE, HIGHJUMP",BUYER   CONVERSION
MEDLINE INDUSTRIES INC,2022,"EMERGENCY DEPARTMENT ADMINISTRATION, 5700",MOUNT SINAI BROOKLYN,B BRAUN MEDICAL INC,MEDICAL EQUIPMENT AND ACCESSORIES AND SUPPLIES,TRUE,TRUE,PROCESSED,900109,"900109, IV SOLUTIONS AND SETS",MOUNT SINAI BROOKLYN,Yes,354212,B BRAUN MEDICAL INC,9/16/2022 0:00,1314152-15623,GOODS,ORAPOS,INTRAVENOUS OR ARTERIAL TUBING ADMINISTRATION SETS,MBB354212,EMERGENCY DEPARTMENT ADMINISTRATION,5700,IV SOLUTIONS AND SETS,MSHS-MEDLINE-COI,,900109,50,50,50,1,50,163.5,163.5,"INTERFACE, HIGHJUMP",BUYER   CONVERSION
MEDLINE INDUSTRIES INC,2023,"MATERIALS MANAGEMENT STORE ROOM, 8835",MOUNT SINAI BROOKLYN,B. BRAUN MEDICAL,MEDICAL EQUIPMENT AND ACCESSORIES AND SUPPLIES,TRUE,TRUE,PROCESSED,900109,"900109, IV SOLUTIONS AND SETS",MOUNT SINAI BROOKLYN,Yes,354212,B. BRAUN MEDICAL,9/20/2023 0:00,1314152-61750,GOODS,ORAPOS,INTRAVENOUS OR ARTERIAL TUBING ADMINISTRATION SETS,MBB354212,MATERIALS MANAGEMENT STORE ROOM,8835,IV SOLUTIONS AND SETS,MSHS-MEDLINE-COI,,900109,4,4,4,24,96,352.32,352.32,"GANGADYAL, CHATRADYAL",BUYER   CONVERSION
MEDLINE INDUSTRIES INC,2024,"MATERIALS MANAGEMENT STORE ROOM, 8835",MOUNT SINAI BROOKLYN,B. BRAUN MEDICAL,MEDICAL EQUIPMENT AND ACCESSORIES AND SUPPLIES,TRUE,TRUE,PROCESSED,900109,"900109, IV SOLUTIONS AND SETS",MOUNT SINAI BROOKLYN,Yes,354212,B. BRAUN MEDICAL,2/7/2024 0:00,1314152-78863,GOODS,ORAPOS,INTRAVENOUS OR ARTERIAL TUBING ADMINISTRATION SETS,MBB354212,MATERIALS MANAGEMENT STORE ROOM,8835,IV SOLUTIONS AND SETS,MSHS-MEDLINE-COI,,900109,5,5,5,24,120,440.448,440.448,"GANGADYAL, CHATRADYAL",BUYER   CONVERSION
MEDLINE INDUSTRIES INC,2022,"MATERIALS MANAGEMENT STORE ROOM, 8835",MOUNT SINAI BROOKLYN,B BRAUN MEDICAL INC,MEDICAL EQUIPMENT AND ACCESSORIES AND SUPPLIES,TRUE,TRUE,PROCESSED,900109,"900109, IV SOLUTIONS AND SETS",MOUNT SINAI BROOKLYN,Yes,354212,B BRAUN MEDICAL INC,9/26/2022 0:00,1314152-16674,GOODS,ORAPOS,INTRAVENOUS OR ARTERIAL TUBING ADMINISTRATION SETS,MBB354212,MATERIALS MANAGEMENT STORE ROOM,8835,IV SOLUTIONS AND SETS,MSHS-MEDLINE-COI,,900109,5,5,5,24,120,392.05,392.05,"GANGADYAL, CHATRADYAL",BUYER   CONVERSION
MEDLINE INDUSTRIES INC,2022,"MATERIALS MANAGEMENT STORE ROOM, 8835",MOUNT SINAI BROOKLYN,B BRAUN MEDICAL INC,MEDICAL EQUIPMENT AND ACCESSORIES AND SUPPLIES,TRUE,TRUE,PROCESSED,900109,"900109, IV SOLUTIONS AND SETS",MOUNT SINAI BROOKLYN,Yes,354212,B BRAUN MEDICAL INC,10/6/2022 0:00,1314152-17936,GOODS,ORAPOS,INTRAVENOUS OR ARTERIAL TUBING ADMINISTRATION SETS,MBB354212,MATERIALS MANAGEMENT STORE ROOM,8835,IV SOLUTIONS AND SETS,MSHS-MEDLINE-COI,,900109,7,7,7,24,168,616.63,616.63,"GANGADYAL, CHATRADYAL",BUYER   CONVERSION
MEDLINE INDUSTRIES INC,2023,"NURSING 2 NORTH M-S, 2117",MOUNT SINAI BROOKLYN,B BRAUN MEDICAL INC,MEDICAL EQUIPMENT AND ACCESSORIES AND SUPPLIES,TRUE,TRUE,PROCESSED,900109,"900109, IV SOLUTIONS AND SETS",MOUNT SINAI BROOKLYN,Yes,354212,B BRAUN MEDICAL INC,9/6/2023 0:00,1314152-60058,GOODS,ORAPOS,INTRAVENOUS OR ARTERIAL TUBING ADMINISTRATION SETS,MBB354212,NURSING 2 NORTH M-S,2117,IV SOLUTIONS AND SETS,MSHS-MEDLINE-COI,,900109,16,16,16,1,16,58.72,58.72,"INTERFACE, HIGHJUMP",BUYER   CONVERSION
MEDLINE INDUSTRIES INC,2022,"PHARMACY, 9400",MOUNT SINAI BROOKLYN,B BRAUN MEDICAL INC,MEDICAL EQUIPMENT AND ACCESSORIES AND SUPPLIES,TRUE,TRUE,PROCESSED,900109,"900109, IV SOLUTIONS AND SETS",MOUNT SINAI BROOKLYN,Yes,354212,B BRAUN MEDICAL INC,12/21/2022 0:00,1314152-27068,GOODS,ORAPOS,INTRAVENOUS OR ARTERIAL TUBING ADMINISTRATION SETS,MBB354212,PHARMACY,9400,IV SOLUTIONS AND SETS,MSHS-MEDLINE-COI,,900109,16,16,16,1,16,58.7264,58.7264,"INTERFACE, HIGHJUMP",BUYER   CONVERSION
MEDLINE INDUSTRIES INC,2022,"PHARMACY, 9400",MOUNT SINAI BROOKLYN,B BRAUN MEDICAL INC,MEDICAL EQUIPMENT AND ACCESSORIES AND SUPPLIES,TRUE,TRUE,PROCESSED,900109,"900109, IV SOLUTIONS AND SETS",MOUNT SINAI BROOKLYN,Yes,354212,B BRAUN MEDICAL INC,11/10/2022 0:00,1314152-22202,GOODS,ORAPOS,INTRAVENOUS OR ARTERIAL TUBING ADMINISTRATION SETS,BMG354212,PHARMACY,9400,IV SOLUTIONS AND SETS,MSHS-MEDLINE-COI,,900109,17,17,17,1,17,62.3968,62.3968,"INTERFACE, HIGHJUMP",BUYER   CONVERSION
MEDLINE INDUSTRIES INC,2022,"NURSING 14B M-S, 1251",MOUNT SINAI WEST,B BRAUN MEDICAL INC,MEDICAL EQUIPMENT AND ACCESSORIES AND SUPPLIES,TRUE,TRUE,PROCESSED,900109,"900109, IV SOLUTIONS AND SETS",MOUNT SINAI WEST,Yes,354212,B BRAUN MEDICAL INC,9/23/2022 0:00,1314152-16437,GOODS,ORAPOS,INTRAVENOUS OR ARTERIAL TUBING ADMINISTRATION SETS,BMG354212,NURSING 14B M-S,1251,IV SOLUTIONS AND SETS,MSHS-MEDLINE-COI,,900109,6,6,6,1,6,19.62,19.62,"INTERFACE, HIGHJUMP",BUYER   CONVERSION
MEDLINE INDUSTRIES INC,2022,"NURSING 8B M-S, 2321",MOUNT SINAI WEST,B BRAUN MEDICAL INC,MEDICAL EQUIPMENT AND ACCESSORIES AND SUPPLIES,TRUE,TRUE,PROCESSED,900109,"900109, IV SOLUTIONS AND SETS",MOUNT SINAI WEST,Yes,354212,B BRAUN MEDICAL INC,9/3/2022 0:00,1314152-14241,GOODS,ORAPOS,INTRAVENOUS OR ARTERIAL TUBING ADMINISTRATION SETS,BMG354212,NURSING 8B M-S,2321,IV SOLUTIONS AND SETS,MSHS-MEDLINE-COI,,900109,9,9,9,1,9,29.43,29.43,"INTERFACE, HIGHJUMP",BUYER   CONVERSION
MEDLINE INDUSTRIES INC,2022,"NURSING 9A M-S RVT, 1231",MOUNT SINAI WEST,B BRAUN MEDICAL INC,MEDICAL EQUIPMENT AND ACCESSORIES AND SUPPLIES,TRUE,TRUE,PROCESSED,900109,"900109, IV SOLUTIONS AND SETS",MOUNT SINAI WEST,Yes,354212,B BRAUN MEDICAL INC,9/19/2022 0:00,1314152-15862,GOODS,ORAPOS,INTRAVENOUS OR ARTERIAL TUBING ADMINISTRATION SETS,BMG354212,NURSING 9A M-S RVT,1231,IV SOLUTIONS AND SETS,MSHS-MEDLINE-COI,,900109,10,10,10,1,10,32.7,32.7,"INTERFACE, HIGHJUMP",BUYER   CONVERSION
MEDLINE INDUSTRIES INC,2022,"NURSING 10B M-S, 1301",MOUNT SINAI WEST,B BRAUN MEDICAL INC,MEDICAL EQUIPMENT AND ACCESSORIES AND SUPPLIES,TRUE,TRUE,PROCESSED,900109,"900109, IV SOLUTIONS AND SETS",MOUNT SINAI WEST,Yes,354212,B BRAUN MEDICAL INC,9/30/2022 0:00,1314152-17297,GOODS,ORAPOS,INTRAVENOUS OR ARTERIAL TUBING ADMINISTRATION SETS,BMG354212,NURSING 10B M-S,1301,IV SOLUTIONS AND SETS,MSHS-MEDLINE-COI,,900109,11,11,11,1,11,35.97,35.97,"INTERFACE, HIGHJUMP",BUYER   CONVERSION
MEDLINE INDUSTRIES INC,2022,"NURSING 14A M-S, 1241",MOUNT SINAI WEST,B BRAUN MEDICAL INC,MEDICAL EQUIPMENT AND ACCESSORIES AND SUPPLIES,TRUE,TRUE,PROCESSED,900109,"900109, IV SOLUTIONS AND SETS",MOUNT SINAI WEST,Yes,354212,B BRAUN MEDICAL INC,9/12/2022 0:00,1314152-15091,GOODS,ORAPOS,INTRAVENOUS OR ARTERIAL TUBING ADMINISTRATION SETS,BMG354212,NURSING 14A M-S,1241,IV SOLUTIONS AND SETS,MSHS-MEDLINE-COI,,900109,16,16,16,1,16,52.32,52.32,"INTERFACE, HIGHJUMP",BUYER   CONVERSION
MEDLINE INDUSTRIES INC,2022,"NURSING 9A M-S RVT, 1231",MOUNT SINAI WEST,B BRAUN MEDICAL INC,MEDICAL EQUIPMENT AND ACCESSORIES AND SUPPLIES,TRUE,TRUE,PROCESSED,900109,"900109, IV SOLUTIONS AND SETS",MOUNT SINAI WEST,Yes,354212,B BRAUN MEDICAL INC,9/30/2022 0:00,1314152-17383,GOODS,ORAPOS,INTRAVENOUS OR ARTERIAL TUBING ADMINISTRATION SETS,BMG354212,NURSING 9A M-S RVT,1231,IV SOLUTIONS AND SETS,MSHS-MEDLINE-COI,,900109,16,16,16,1,16,52.32,52.32,"INTERFACE, HIGHJUMP",BUYER   CONVERSION
MEDLINE INDUSTRIES INC,2022,"NURSING 14B M-S, 1251",MOUNT SINAI WEST,B BRAUN MEDICAL INC,MEDICAL EQUIPMENT AND ACCESSORIES AND SUPPLIES,TRUE,TRUE,PROCESSED,900109,"900109, IV SOLUTIONS AND SETS",MOUNT SINAI WEST,Yes,354212,B BRAUN MEDICAL INC,9/28/2022 0:00,1314152-17045,GOODS,ORAPOS,INTRAVENOUS OR ARTERIAL TUBING ADMINISTRATION SETS,BMG354212,NURSING 14B M-S,1251,IV SOLUTIONS AND SETS,MSHS-MEDLINE-COI,,900109,20,20,20,1,20,65.4,65.4,"INTERFACE, HIGHJUMP",BUYER   CONVERSION
MEDLINE INDUSTRIES INC,2022,"ANESTHESIOLOGY, 4280",MOUNT SINAI WEST,B BRAUN MEDICAL INC,MEDICAL EQUIPMENT AND ACCESSORIES AND SUPPLIES,TRUE,TRUE,PROCESSED,900109,"900109, IV SOLUTIONS AND SETS",MOUNT SINAI WEST,Yes,354212,B BRAUN MEDICAL INC,9/19/2022 0:00,1314152-15912,GOODS,ORAPOS,INTRAVENOUS OR ARTERIAL TUBING ADMINISTRATION SETS,BMG354212,ANESTHESIOLOGY,4280,IV SOLUTIONS AND SETS,MSHS-MEDLINE-COI,,900109,20,20,20,1,20,65.4,65.4,"INTERFACE, HIGHJUMP",BUYER   CONVERSION
MEDLINE INDUSTRIES INC,2022,"GI UNIT, 4510",MOUNT SINAI WEST,B BRAUN MEDICAL INC,MEDICAL EQUIPMENT AND ACCESSORIES AND SUPPLIES,TRUE,TRUE,PROCESSED,900109,"900109, IV SOLUTIONS AND SETS",MOUNT SINAI WEST,Yes,354212,B BRAUN MEDICAL INC,9/23/2022 0:00,1314152-16398,GOODS,ORAPOS,INTRAVENOUS OR ARTERIAL TUBING ADMINISTRATION SETS,BMG354212,GI UNIT,4510,IV SOLUTIONS AND SETS,MSHS-MEDLINE-COI,,900109,20,20,20,1,20,65.4,65.4,"INTERFACE, HIGHJUMP",BUYER   CONVERSION
MEDLINE INDUSTRIES INC,2022,"GI UNIT, 4510",MOUNT SINAI WEST,B BRAUN MEDICAL INC,MEDICAL EQUIPMENT AND ACCESSORIES AND SUPPLIES,TRUE,TRUE,PROCESSED,900109,"900109, IV SOLUTIONS AND SETS",MOUNT SINAI WEST,Yes,354212,B BRAUN MEDICAL INC,9/26/2022 0:00,1314152-16661,GOODS,ORAPOS,INTRAVENOUS OR ARTERIAL TUBING ADMINISTRATION SETS,BMG354212,GI UNIT,4510,IV SOLUTIONS AND SETS,MSHS-MEDLINE-COI,,900109,20,20,20,1,20,65.4,65.4,"INTERFACE, HIGHJUMP",BUYER   CONVERSION
MEDLINE INDUSTRIES INC,2022,"NURSING NEONATAL INTENSIVE CARE UNIT, 1801",MOUNT SINAI WEST,B BRAUN MEDICAL INC,MEDICAL EQUIPMENT AND ACCESSORIES AND SUPPLIES,TRUE,TRUE,PROCESSED,900109,"900109, IV SOLUTIONS AND SETS",MOUNT SINAI WEST,Yes,354212,B BRAUN MEDICAL INC,9/19/2022 0:00,1314152-15947,GOODS,ORAPOS,INTRAVENOUS OR ARTERIAL TUBING ADMINISTRATION SETS,BMG354212,NURSING NEONATAL INTENSIVE CARE UNIT,1801,IV SOLUTIONS AND SETS,MSHS-MEDLINE-COI,,900109,21,21,21,1,21,68.67,68.67,"INTERFACE, HIGHJUMP",BUYER   CONVERSION
MEDLINE INDUSTRIES INC,2022,"NURSING 9A M-S RVT, 1231",MOUNT SINAI WEST,B BRAUN MEDICAL INC,MEDICAL EQUIPMENT AND ACCESSORIES AND SUPPLIES,TRUE,TRUE,PROCESSED,900109,"900109, IV SOLUTIONS AND SETS",MOUNT SINAI WEST,Yes,354212,B BRAUN MEDICAL INC,9/6/2022 0:00,1314152-14391,GOODS,ORAPOS,INTRAVENOUS OR ARTERIAL TUBING ADMINISTRATION SETS,BMG354212,NURSING 9A M-S RVT,1231,IV SOLUTIONS AND SETS,MSHS-MEDLINE-COI,,900109,21,21,21,1,21,68.67,68.67,"INTERFACE, HIGHJUMP",BUYER   CONVERSION
MEDLINE INDUSTRIES INC,2022,"NURSING NEONATAL INTENSIVE CARE UNIT, 1801",MOUNT SINAI WEST,B BRAUN MEDICAL INC,MEDICAL EQUIPMENT AND ACCESSORIES AND SUPPLIES,TRUE,TRUE,PROCESSED,900109,"900109, IV SOLUTIONS AND SETS",MOUNT SINAI WEST,Yes,354212,B BRAUN MEDICAL INC,9/9/2022 0:00,1314152-14805,GOODS,ORAPOS,INTRAVENOUS OR ARTERIAL TUBING ADMINISTRATION SETS,BMG354212,NURSING NEONATAL INTENSIVE CARE UNIT,1801,IV SOLUTIONS AND SETS,MSHS-MEDLINE-COI,,900109,21,21,21,1,21,68.67,68.67,"INTERFACE, HIGHJUMP",BUYER   CONVERSION
MEDLINE INDUSTRIES INC,2022,"PACU, 2621",MOUNT SINAI WEST,B BRAUN MEDICAL INC,MEDICAL EQUIPMENT AND ACCESSORIES AND SUPPLIES,TRUE,TRUE,PROCESSED,900109,"900109, IV SOLUTIONS AND SETS",MOUNT SINAI WEST,Yes,354212,B BRAUN MEDICAL INC,9/14/2022 0:00,1314152-15441,GOODS,ORAPOS,INTRAVENOUS OR ARTERIAL TUBING ADMINISTRATION SETS,MBB354212,PACU,2621,IV SOLUTIONS AND SETS,MSHS-MEDLINE-COI,,900109,23,23,23,1,23,75.21,75.21,"INTERFACE, HIGHJUMP",BUYER   CONVERSION
MEDLINE INDUSTRIES INC,2022,"PACU, 2621",MOUNT SINAI WEST,B BRAUN MEDICAL INC,MEDICAL EQUIPMENT AND ACCESSORIES AND SUPPLIES,TRUE,TRUE,PROCESSED,900109,"900109, IV SOLUTIONS AND SETS",MOUNT SINAI WEST,Yes,354212,B BRAUN MEDICAL INC,9/8/2022 0:00,1314152-14735,GOODS,ORAPOS,INTRAVENOUS OR ARTERIAL TUBING ADMINISTRATION SETS,BMG354212,PACU,2621,IV SOLUTIONS AND SETS,MSHS-MEDLINE-COI,,900109,23,23,23,1,23,75.21,75.21,"INTERFACE, HIGHJUMP",BUYER   CONVERSION
MEDLINE INDUSTRIES INC,2022,"PACU, 2621",MOUNT SINAI WEST,B BRAUN MEDICAL INC,MEDICAL EQUIPMENT AND ACCESSORIES AND SUPPLIES,TRUE,TRUE,PROCESSED,900109,"900109, IV SOLUTIONS AND SETS",MOUNT SINAI WEST,Yes,354212,B BRAUN MEDICAL INC,9/1/2022 0:00,1314152-14019,GOODS,ORAPOS,INTRAVENOUS OR ARTERIAL TUBING ADMINISTRATION SETS,BMG354212,PACU,2621,IV SOLUTIONS AND SETS,MSHS-MEDLINE-COI,,900109,23,23,23,1,23,75.21,75.21,"INTERFACE, HIGHJUMP",BUYER   CONVERSION
MEDLINE INDUSTRIES INC,2022,"NURSING 11B MCH, 1951",MOUNT SINAI WEST,B BRAUN MEDICAL INC,MEDICAL EQUIPMENT AND ACCESSORIES AND SUPPLIES,TRUE,TRUE,PROCESSED,900109,"900109, IV SOLUTIONS AND SETS",MOUNT SINAI WEST,Yes,354212,B BRAUN MEDICAL INC,9/12/2022 0:00,1314152-15106,GOODS,ORAPOS,INTRAVENOUS OR ARTERIAL TUBING ADMINISTRATION SETS,BMG354212,NURSING 11B MCH,1951,IV SOLUTIONS AND SETS,MSHS-MEDLINE-COI,,900109,31,31,31,1,31,101.37,101.37,"INTERFACE, HIGHJUMP",BUYER   CONVERSION
MEDLINE INDUSTRIES INC,2022,"LABOR AND DELIVERY, 1901",MOUNT SINAI WEST,B BRAUN MEDICAL INC,MEDICAL EQUIPMENT AND ACCESSORIES AND SUPPLIES,TRUE,TRUE,PROCESSED,900109,"900109, IV SOLUTIONS AND SETS",MOUNT SINAI WEST,Yes,354212,B BRAUN MEDICAL INC,9/17/2022 0:00,1314152-15799,GOODS,ORAPOS,INTRAVENOUS OR ARTERIAL TUBING ADMINISTRATION SETS,MBB354212,LABOR AND DELIVERY,1901,IV SOLUTIONS AND SETS,MSHS-MEDLINE-COI,,900109,40,40,40,1,40,130.8,130.8,"INTERFACE, HIGHJUMP",BUYER   CONVERSION
MEDLINE INDUSTRIES INC,2022,"LABOR AND DELIVERY, 1901",MOUNT SINAI WEST,B BRAUN MEDICAL INC,MEDICAL EQUIPMENT AND ACCESSORIES AND SUPPLIES,TRUE,TRUE,PROCESSED,900109,"900109, IV SOLUTIONS AND SETS",MOUNT SINAI WEST,Yes,354212,B BRAUN MEDICAL INC,9/27/2022 0:00,1314152-16913,GOODS,ORAPOS,INTRAVENOUS OR ARTERIAL TUBING ADMINISTRATION SETS,BMG354212,LABOR AND DELIVERY,1901,IV SOLUTIONS AND SETS,MSHS-MEDLINE-COI,,900109,40,40,40,1,40,130.8,130.8,"INTERFACE, HIGHJUMP",BUYER   CONVERSION
MEDLINE INDUSTRIES INC,2022,"LABOR AND DELIVERY, 1901",MOUNT SINAI WEST,B BRAUN MEDICAL INC,MEDICAL EQUIPMENT AND ACCESSORIES AND SUPPLIES,TRUE,TRUE,PROCESSED,900109,"900109, IV SOLUTIONS AND SETS",MOUNT SINAI WEST,Yes,354212,B BRAUN MEDICAL INC,9/30/2022 0:00,1314152-17344,GOODS,ORAPOS,INTRAVENOUS OR ARTERIAL TUBING ADMINISTRATION SETS,BMG354212,LABOR AND DELIVERY,1901,IV SOLUTIONS AND SETS,MSHS-MEDLINE-COI,,900109,40,40,40,1,40,130.8,130.8,"INTERFACE, HIGHJUMP",BUYER   CONVERSION
MEDLINE INDUSTRIES INC,2022,"PACU, 2621",MOUNT SINAI WEST,B BRAUN MEDICAL INC,MEDICAL EQUIPMENT AND ACCESSORIES AND SUPPLIES,TRUE,TRUE,PROCESSED,900109,"900109, IV SOLUTIONS AND SETS",MOUNT SINAI WEST,Yes,354212,B BRAUN MEDICAL INC,9/7/2022 0:00,1314152-14612,GOODS,ORAPOS,INTRAVENOUS OR ARTERIAL TUBING ADMINISTRATION SETS,BMG354212,PACU,2621,IV SOLUTIONS AND SETS,MSHS-MEDLINE-COI,,900109,46,46,46,1,46,150.42,150.42,"INTERFACE, HIGHJUMP",BUYER   CONVERSION
MEDLINE INDUSTRIES INC,2022,"MEDICINE HEMATOLOGY, 4512",MOUNT SINAI WEST,B BRAUN MEDICAL INC,MEDICAL EQUIPMENT AND ACCESSORIES AND SUPPLIES,TRUE,TRUE,PROCESSED,900109,"900109, IV SOLUTIONS AND SETS",MOUNT SINAI WEST,Yes,354212,B BRAUN MEDICAL INC,9/2/2022 0:00,1314152-14158,GOODS,ORAPOS,INTRAVENOUS OR ARTERIAL TUBING ADMINISTRATION SETS,BMG354212,MEDICINE HEMATOLOGY,4512,IV SOLUTIONS AND SETS,MSHS-MEDLINE-COI,,900109,50,50,50,1,50,163.5,163.5,"INTERFACE, HIGHJUMP",BUYER   CONVERSION
MEDLINE INDUSTRIES INC,2022,"LABOR AND DELIVERY, 1901",MOUNT SINAI WEST,B BRAUN MEDICAL INC,MEDICAL EQUIPMENT AND ACCESSORIES AND SUPPLIES,TRUE,TRUE,PROCESSED,900109,"900109, IV SOLUTIONS AND SETS",MOUNT SINAI WEST,Yes,354212,B BRAUN MEDICAL INC,9/3/2022 0:00,1314152-14279,GOODS,ORAPOS,INTRAVENOUS OR ARTERIAL TUBING ADMINISTRATION SETS,BMG354212,LABOR AND DELIVERY,1901,IV SOLUTIONS AND SETS,MSHS-MEDLINE-COI,,900109,90,90,90,1,90,294.3,294.3,"INTERFACE, HIGHJUMP",BUYER   CONVERSION
MEDLINE INDUSTRIES INC,2022,"NURSING PEDIATRIC 3 ICU, 2401",MOUNT SINAI WEST,B BRAUN MEDICAL INC,MEDICAL EQUIPMENT AND ACCESSORIES AND SUPPLIES,TRUE,TRUE,PROCESSED,900109,"900109, IV SOLUTIONS AND SETS",MOUNT SINAI WEST,Yes,354212,B BRAUN MEDICAL INC,10/1/2022 0:00,1314152-17448,GOODS,ORAPOS,INTRAVENOUS OR ARTERIAL TUBING ADMINISTRATION SETS,MBB354212,NURSING PEDIATRIC 3 ICU,2401,IV SOLUTIONS AND SETS,MSHS-MEDLINE-COI,,900109,1,1,1,24,24,88.09,88.09,"INTERFACE, HIGHJUMP",BUYER   CONVERSION
MEDLINE INDUSTRIES INC,2022,"ANESTHESIOLOGY, 4280",MOUNT SINAI WEST,B BRAUN MEDICAL INC,MEDICAL EQUIPMENT AND ACCESSORIES AND SUPPLIES,TRUE,TRUE,PROCESSED,900109,"900109, IV SOLUTIONS AND SETS",MOUNT SINAI WEST,Yes,354212,B BRAUN MEDICAL INC,9/22/2022 0:00,1314152-16385,GOODS,ORAPOS,INTRAVENOUS OR ARTERIAL TUBING ADMINISTRATION SETS,BMG354212,ANESTHESIOLOGY,4280,IV SOLUTIONS AND SETS,MSHS-MEDLINE-COI,,900109,6,6,6,24,144,470.46,470.46,"INTERFACE, HIGHJUMP",BUYER   CONVERSION
MEDLINE INDUSTRIES INC,2022,"EMERGENCY DEPARTMENT ADMINISTRATION, 5700",PETRIE,B BRAUN MEDICAL INC,MEDICAL EQUIPMENT AND ACCESSORIES AND SUPPLIES,TRUE,TRUE,PROCESSED,900109,"900109, IV SOLUTIONS AND SETS",PETRIE,Yes,354212,B BRAUN MEDICAL INC,9/15/2022 0:00,1314152-15593,GOODS,ORAPOS,INTRAVENOUS OR ARTERIAL TUBING ADMINISTRATION SETS,MBB354212,EMERGENCY DEPARTMENT ADMINISTRATION,5700,IV SOLUTIONS AND SETS,MSHS-MEDLINE-COI,,900109,6,6,6,1,6,19.62,19.62,"INTERFACE, HIGHJUMP",BUYER   CONVERSION
MEDLINE INDUSTRIES INC,2022,"EMERGENCY DEPARTMENT ADMINISTRATION, 5700",PETRIE,B BRAUN MEDICAL INC,MEDICAL EQUIPMENT AND ACCESSORIES AND SUPPLIES,TRUE,TRUE,PROCESSED,900109,"900109, IV SOLUTIONS AND SETS",PETRIE,Yes,354212,B BRAUN MEDICAL INC,10/5/2022 0:00,1314152-17891,GOODS,ORAPOS,INTRAVENOUS OR ARTERIAL TUBING ADMINISTRATION SETS,BMG354212,EMERGENCY DEPARTMENT ADMINISTRATION,5700,IV SOLUTIONS AND SETS,MSHS-MEDLINE-COI,,900109,6,6,6,1,6,22.0224,22.0224,"INTERFACE, HIGHJUMP",BUYER   CONVERSION
MEDLINE INDUSTRIES INC,2022,"EMERGENCY DEPARTMENT ADMINISTRATION, 5700",PETRIE,B BRAUN MEDICAL INC,MEDICAL EQUIPMENT AND ACCESSORIES AND SUPPLIES,TRUE,TRUE,PROCESSED,900109,"900109, IV SOLUTIONS AND SETS",PETRIE,Yes,354212,B BRAUN MEDICAL INC,9/20/2022 0:00,1314152-16094,GOODS,ORAPOS,INTRAVENOUS OR ARTERIAL TUBING ADMINISTRATION SETS,BMG354212,EMERGENCY DEPARTMENT ADMINISTRATION,5700,IV SOLUTIONS AND SETS,MSHS-MEDLINE-COI,,900109,6,6,6,1,6,19.62,19.62,"INTERFACE, HIGHJUMP",BUYER   CONVERSION
MEDLINE INDUSTRIES INC,2022,"EMERGENCY DEPARTMENT ADMINISTRATION, 5700",PETRIE,B BRAUN MEDICAL INC,MEDICAL EQUIPMENT AND ACCESSORIES AND SUPPLIES,TRUE,TRUE,PROCESSED,900109,"900109, IV SOLUTIONS AND SETS",PETRIE,Yes,354212,B BRAUN MEDICAL INC,9/7/2022 0:00,1314152-14604,GOODS,ORAPOS,INTRAVENOUS OR ARTERIAL TUBING ADMINISTRATION SETS,BMG354212,EMERGENCY DEPARTMENT ADMINISTRATION,5700,IV SOLUTIONS AND SETS,MSHS-MEDLINE-COI,,900109,6,6,6,1,6,19.62,19.62,"INTERFACE, HIGHJUMP",BUYER   CONVERSION
MEDLINE INDUSTRIES INC,2022,"EMERGENCY DEPARTMENT ADMINISTRATION, 5700",PETRIE,B BRAUN MEDICAL INC,MEDICAL EQUIPMENT AND ACCESSORIES AND SUPPLIES,TRUE,TRUE,PROCESSED,900109,"900109, IV SOLUTIONS AND SETS",PETRIE,Yes,354212,B BRAUN MEDICAL INC,9/8/2022 0:00,1314152-14752,GOODS,ORAPOS,INTRAVENOUS OR ARTERIAL TUBING ADMINISTRATION SETS,BMG354212,EMERGENCY DEPARTMENT ADMINISTRATION,5700,IV SOLUTIONS AND SETS,MSHS-MEDLINE-COI,,900109,6,6,6,1,6,19.62,19.62,"INTERFACE, HIGHJUMP",BUYER   CONVERSION
MEDLINE INDUSTRIES INC,2022,"EMERGENCY DEPARTMENT ADMINISTRATION, 5700",PETRIE,B BRAUN MEDICAL INC,MEDICAL EQUIPMENT AND ACCESSORIES AND SUPPLIES,TRUE,TRUE,PROCESSED,900109,"900109, IV SOLUTIONS AND SETS",PETRIE,Yes,354212,B BRAUN MEDICAL INC,9/30/2022 0:00,1314152-17390,GOODS,ORAPOS,INTRAVENOUS OR ARTERIAL TUBING ADMINISTRATION SETS,BMG354212,EMERGENCY DEPARTMENT ADMINISTRATION,5700,IV SOLUTIONS AND SETS,MSHS-MEDLINE-COI,,900109,6,6,6,1,6,19.62,19.62,"INTERFACE, HIGHJUMP",BUYER   CONVERSION
MEDLINE INDUSTRIES INC,2022,"NURSING 8 SILVER PLANETREE M-S, 1294",PETRIE,B BRAUN MEDICAL INC,MEDICAL EQUIPMENT AND ACCESSORIES AND SUPPLIES,TRUE,TRUE,PROCESSED,900109,"900109, IV SOLUTIONS AND SETS",PETRIE,Yes,354212,B BRAUN MEDICAL INC,9/16/2022 0:00,1314152-15625,GOODS,ORAPOS,INTRAVENOUS OR ARTERIAL TUBING ADMINISTRATION SETS,BMG354212,NURSING 8 SILVER PLANETREE M-S,1294,IV SOLUTIONS AND SETS,MSHS-MEDLINE-COI,,900109,12,12,12,1,12,39.24,39.24,"INTERFACE, HIGHJUMP",BUYER   CONVERSION
MEDLINE INDUSTRIES INC,2022,"EMERGENCY DEPARTMENT ADMINISTRATION, 5700",PETRIE,B BRAUN MEDICAL INC,MEDICAL EQUIPMENT AND ACCESSORIES AND SUPPLIES,TRUE,TRUE,PROCESSED,900109,"900109, IV SOLUTIONS AND SETS",PETRIE,Yes,354212,B BRAUN MEDICAL INC,9/1/2022 0:00,1314152-14066,GOODS,ORAPOS,INTRAVENOUS OR ARTERIAL TUBING ADMINISTRATION SETS,BMG354212,EMERGENCY DEPARTMENT ADMINISTRATION,5700,IV SOLUTIONS AND SETS,MSHS-MEDLINE-COI,,900109,14,14,14,1,14,45.78,45.78,"INTERFACE, HIGHJUMP",BUYER   CONVERSION
MEDLINE INDUSTRIES INC,2022,"EMERGENCY DEPARTMENT ADMINISTRATION, 5700",PETRIE,B BRAUN MEDICAL INC,MEDICAL EQUIPMENT AND ACCESSORIES AND SUPPLIES,TRUE,TRUE,PROCESSED,900109,"900109, IV SOLUTIONS AND SETS",PETRIE,Yes,354212,B BRAUN MEDICAL INC,9/26/2022 0:00,1314152-16724,GOODS,ORAPOS,INTRAVENOUS OR ARTERIAL TUBING ADMINISTRATION SETS,BMG354212,EMERGENCY DEPARTMENT ADMINISTRATION,5700,IV SOLUTIONS AND SETS,MSHS-MEDLINE-COI,,900109,15,15,15,1,15,49.05,49.05,"INTERFACE, HIGHJUMP",BUYER   CONVERSION
MEDLINE INDUSTRIES INC,2022,"NURSING 7 SILVER ORTHOPEDICS, 1344",PETRIE,B BRAUN MEDICAL INC,MEDICAL EQUIPMENT AND ACCESSORIES AND SUPPLIES,TRUE,TRUE,PROCESSED,900109,"900109, IV SOLUTIONS AND SETS",PETRIE,Yes,354212,B BRAUN MEDICAL INC,10/7/2022 0:00,1314152-18071,GOODS,ORAPOS,INTRAVENOUS OR ARTERIAL TUBING ADMINISTRATION SETS,BMG354212,NURSING 7 SILVER ORTHOPEDICS,1344,IV SOLUTIONS AND SETS,MSHS-MEDLINE-COI,,900109,24,24,24,1,24,88.0896,88.0896,"INTERFACE, HIGHJUMP",BUYER   CONVERSION
MEDLINE INDUSTRIES INC,2022,"NURSING 7 SILVER ORTHOPEDICS, 1344",PETRIE,B BRAUN MEDICAL INC,MEDICAL EQUIPMENT AND ACCESSORIES AND SUPPLIES,TRUE,TRUE,PROCESSED,900109,"900109, IV SOLUTIONS AND SETS",PETRIE,Yes,354212,B BRAUN MEDICAL INC,9/16/2022 0:00,1314152-15630,GOODS,ORAPOS,INTRAVENOUS OR ARTERIAL TUBING ADMINISTRATION SETS,BMG354212,NURSING 7 SILVER ORTHOPEDICS,1344,IV SOLUTIONS AND SETS,MSHS-MEDLINE-COI,,900109,24,24,24,1,24,78.48,78.48,"INTERFACE, HIGHJUMP",BUYER   CONVERSION
MEDLINE INDUSTRIES INC,2022,"NURSING 10 SILVER SURGICAL, 1314",PETRIE,B BRAUN MEDICAL INC,MEDICAL EQUIPMENT AND ACCESSORIES AND SUPPLIES,TRUE,TRUE,PROCESSED,900109,"900109, IV SOLUTIONS AND SETS",PETRIE,Yes,354212,B BRAUN MEDICAL INC,9/24/2022 0:00,1314152-16558,GOODS,ORAPOS,INTRAVENOUS OR ARTERIAL TUBING ADMINISTRATION SETS,BMG354212,NURSING 10 SILVER SURGICAL,1314,IV SOLUTIONS AND SETS,MSHS-MEDLINE-COI,,900109,48,48,48,1,48,156.96,156.96,"INTERFACE, HIGHJUMP",BUYER   CONVERSION
MEDLINE INDUSTRIES INC,2022,"NURSING INTENSIVE CARE UNIT, 2304",PETRIE,B BRAUN MEDICAL INC,MEDICAL EQUIPMENT AND ACCESSORIES AND SUPPLIES,TRUE,TRUE,PROCESSED,900109,"900109, IV SOLUTIONS AND SETS",PETRIE,Yes,354212,B BRAUN MEDICAL INC,9/3/2022 0:00,1314152-14227,GOODS,ORAPOS,INTRAVENOUS OR ARTERIAL TUBING ADMINISTRATION SETS,BMG354212,NURSING INTENSIVE CARE UNIT,2304,IV SOLUTIONS AND SETS,MSHS-MEDLINE-COI,,900109,48,48,48,1,48,156.96,156.96,"INTERFACE, HIGHJUMP",BUYER   CONVERSION
MEDLINE INDUSTRIES INC,2022,"CARDIAC CATHERIZATION, 4058",PETRIE,B BRAUN MEDICAL INC,MEDICAL EQUIPMENT AND ACCESSORIES AND SUPPLIES,TRUE,TRUE,PROCESSED,900109,"900109, IV SOLUTIONS AND SETS",PETRIE,Yes,354212,B BRAUN MEDICAL INC,9/14/2022 0:00,1314152-15379,GOODS,ORAPOS,INTRAVENOUS OR ARTERIAL TUBING ADMINISTRATION SETS,BMG354212,CARDIAC CATHERIZATION,4058,IV SOLUTIONS AND SETS,MSHS-MEDLINE-COI,,900109,1,1,1,24,24,78.41,78.41,"RABELO, JOSE",BUYER   CONVERSION
MEDLINE INDUSTRIES INC,2022,"PHARMACY, 9400",PHILIPS AMBULATORY CARE CENTER,B BRAUN MEDICAL INC,MEDICAL EQUIPMENT AND ACCESSORIES AND SUPPLIES,TRUE,TRUE,PROCESSED,900109,"900109, IV SOLUTIONS AND SETS",PHILIPS AMBULATORY CARE CENTER,Yes,354212,B BRAUN MEDICAL INC,12/5/2022 0:00,1314152-24962,GOODS,ORAPOS,INTRAVENOUS OR ARTERIAL TUBING ADMINISTRATION SETS,MBB354212,PHARMACY,9400,IV SOLUTIONS AND SETS,MSHS-MEDLINE-COI,,900109,2,2,2,24,48,176.18,176.18,"MCCALLA, RACQUEL",BUYER   CONVERSION
MEDLINE INDUSTRIES INC,2022,"NURSING 9W M S, 1351",ST LUKES,B BRAUN MEDICAL INC,MEDICAL EQUIPMENT AND ACCESSORIES AND SUPPLIES,TRUE,TRUE,PROCESSED,900109,"900109, IV SOLUTIONS AND SETS",ST LUKES,Yes,354212,B BRAUN MEDICAL INC,9/9/2022 0:00,1314152-14853,GOODS,ORAPOS,INTRAVENOUS OR ARTERIAL TUBING ADMINISTRATION SETS,MBB354212,NURSING 9W M S,1351,IV SOLUTIONS AND SETS,MSHS-MEDLINE-COI,,900109,12,12,12,1,12,39.24,39.24,"INTERFACE, HIGHJUMP",BUYER   CONVERSION
MEDLINE INDUSTRIES INC,2022,"NURSING 9W M S, 1351",ST LUKES,B BRAUN MEDICAL INC,MEDICAL EQUIPMENT AND ACCESSORIES AND SUPPLIES,TRUE,TRUE,PROCESSED,900109,"900109, IV SOLUTIONS AND SETS",ST LUKES,Yes,354212,B BRAUN MEDICAL INC,9/13/2022 0:00,1314152-15224,GOODS,ORAPOS,INTRAVENOUS OR ARTERIAL TUBING ADMINISTRATION SETS,MBB354212,NURSING 9W M S,1351,IV SOLUTIONS AND SETS,MSHS-MEDLINE-COI,,900109,12,12,12,1,12,39.24,39.24,"INTERFACE, HIGHJUMP",BUYER   CONVERSION
MEDLINE INDUSTRIES INC,2022,"NURSING 10E, 1381",ST LUKES,B BRAUN MEDICAL INC,MEDICAL EQUIPMENT AND ACCESSORIES AND SUPPLIES,TRUE,TRUE,PROCESSED,900109,"900109, IV SOLUTIONS AND SETS",ST LUKES,Yes,354212,B BRAUN MEDICAL INC,9/15/2022 0:00,1314152-15517,GOODS,ORAPOS,INTRAVENOUS OR ARTERIAL TUBING ADMINISTRATION SETS,MBB354212,NURSING 10E,1381,IV SOLUTIONS AND SETS,MSHS-MEDLINE-COI,,900109,15,15,15,1,15,49.05,49.05,"INTERFACE, HIGHJUMP",BUYER   CONVERSION
MEDLINE INDUSTRIES INC,2022,"NURSING 6W M S, 1601",ST LUKES,B BRAUN MEDICAL INC,MEDICAL EQUIPMENT AND ACCESSORIES AND SUPPLIES,TRUE,TRUE,PROCESSED,900109,"900109, IV SOLUTIONS AND SETS",ST LUKES,Yes,354212,B BRAUN MEDICAL INC,9/22/2022 0:00,1314152-16305,GOODS,ORAPOS,INTRAVENOUS OR ARTERIAL TUBING ADMINISTRATION SETS,MBB354212,NURSING 6W M S,1601,IV SOLUTIONS AND SETS,MSHS-MEDLINE-COI,,900109,15,15,15,1,15,49.05,49.05,"INTERFACE, HIGHJUMP",BUYER   CONVERSION
MEDLINE INDUSTRIES INC,2022,"NURSING 6W M S, 1601",ST LUKES,B BRAUN MEDICAL INC,MEDICAL EQUIPMENT AND ACCESSORIES AND SUPPLIES,TRUE,TRUE,PROCESSED,900109,"900109, IV SOLUTIONS AND SETS",ST LUKES,Yes,354212,B BRAUN MEDICAL INC,9/23/2022 0:00,1314152-16537,GOODS,ORAPOS,INTRAVENOUS OR ARTERIAL TUBING ADMINISTRATION SETS,BMG354212,NURSING 6W M S,1601,IV SOLUTIONS AND SETS,MSHS-MEDLINE-COI,,900109,15,15,15,1,15,49.05,49.05,"INTERFACE, HIGHJUMP",BUYER   CONVERSION
MEDLINE INDUSTRIES INC,2022,"NURSING 7W M S, 1341",ST LUKES,B BRAUN MEDICAL INC,MEDICAL EQUIPMENT AND ACCESSORIES AND SUPPLIES,TRUE,TRUE,PROCESSED,900109,"900109, IV SOLUTIONS AND SETS",ST LUKES,Yes,354212,B BRAUN MEDICAL INC,9/16/2022 0:00,1314152-15687,GOODS,ORAPOS,INTRAVENOUS OR ARTERIAL TUBING ADMINISTRATION SETS,BMG354212,NURSING 7W M S,1341,IV SOLUTIONS AND SETS,MSHS-MEDLINE-COI,,900109,15,15,15,1,15,49.05,49.05,"INTERFACE, HIGHJUMP",BUYER   CONVERSION
MEDLINE INDUSTRIES INC,2022,"PACU, 2621",ST LUKES,B BRAUN MEDICAL INC,MEDICAL EQUIPMENT AND ACCESSORIES AND SUPPLIES,TRUE,TRUE,PROCESSED,900109,"900109, IV SOLUTIONS AND SETS",ST LUKES,Yes,354212,B BRAUN MEDICAL INC,9/9/2022 0:00,1314152-14876,GOODS,ORAPOS,INTRAVENOUS OR ARTERIAL TUBING ADMINISTRATION SETS,BMG354212,PACU,2621,IV SOLUTIONS AND SETS,MSHS-MEDLINE-COI,,900109,19,19,19,1,19,62.13,62.13,"INTERFACE, HIGHJUMP",BUYER   CONVERSION
MEDLINE INDUSTRIES INC,2022,"PACU, 2621",ST LUKES,B BRAUN MEDICAL INC,MEDICAL EQUIPMENT AND ACCESSORIES AND SUPPLIES,TRUE,TRUE,PROCESSED,900109,"900109, IV SOLUTIONS AND SETS",ST LUKES,Yes,354212,B BRAUN MEDICAL INC,9/16/2022 0:00,1314152-15671,GOODS,ORAPOS,INTRAVENOUS OR ARTERIAL TUBING ADMINISTRATION SETS,BMG354212,PACU,2621,IV SOLUTIONS AND SETS,MSHS-MEDLINE-COI,,900109,19,19,19,1,19,62.13,62.13,"INTERFACE, HIGHJUMP",BUYER   CONVERSION
MEDLINE INDUSTRIES INC,2022,"PACU, 2621",ST LUKES,B BRAUN MEDICAL INC,MEDICAL EQUIPMENT AND ACCESSORIES AND SUPPLIES,TRUE,TRUE,PROCESSED,900109,"900109, IV SOLUTIONS AND SETS",ST LUKES,Yes,354212,B BRAUN MEDICAL INC,9/13/2022 0:00,1314152-15268,GOODS,ORAPOS,INTRAVENOUS OR ARTERIAL TUBING ADMINISTRATION SETS,BMG354212,PACU,2621,IV SOLUTIONS AND SETS,MSHS-MEDLINE-COI,,900109,19,19,19,1,19,62.13,62.13,"INTERFACE, HIGHJUMP",BUYER   CONVERSION
MEDLINE INDUSTRIES INC,2022,"NURSING 8E M S, 1371",ST LUKES,B BRAUN MEDICAL INC,MEDICAL EQUIPMENT AND ACCESSORIES AND SUPPLIES,TRUE,TRUE,PROCESSED,900109,"900109, IV SOLUTIONS AND SETS",ST LUKES,Yes,354212,B BRAUN MEDICAL INC,9/19/2022 0:00,1314152-15878,GOODS,ORAPOS,INTRAVENOUS OR ARTERIAL TUBING ADMINISTRATION SETS,BMG354212,NURSING 8E M S,1371,IV SOLUTIONS AND SETS,MSHS-MEDLINE-COI,,900109,20,20,20,1,20,65.4,65.4,"INTERFACE, HIGHJUMP",BUYER   CONVERSION
MEDLINE INDUSTRIES INC,2022,"CARDIAC CATHERIZATION, 4058",ST LUKES,B BRAUN MEDICAL INC,MEDICAL EQUIPMENT AND ACCESSORIES AND SUPPLIES,TRUE,TRUE,PROCESSED,900109,"900109, IV SOLUTIONS AND SETS",ST LUKES,Yes,354212,B BRAUN MEDICAL INC,9/14/2022 0:00,1314152-15366,GOODS,ORAPOS,INTRAVENOUS OR ARTERIAL TUBING ADMINISTRATION SETS,BMG354212,CARDIAC CATHERIZATION,4058,IV SOLUTIONS AND SETS,MSHS-MEDLINE-COI,,900109,20,20,20,1,20,65.4,65.4,"TORRES, ERIKA E",BUYER   CONVERSION
MEDLINE INDUSTRIES INC,2022,"NURSING 6E CCU CSICU, 1501",ST LUKES,B BRAUN MEDICAL INC,MEDICAL EQUIPMENT AND ACCESSORIES AND SUPPLIES,TRUE,TRUE,PROCESSED,900109,"900109, IV SOLUTIONS AND SETS",ST LUKES,Yes,354212,B BRAUN MEDICAL INC,9/15/2022 0:00,1314152-15539,GOODS,ORAPOS,INTRAVENOUS OR ARTERIAL TUBING ADMINISTRATION SETS,BMG354212,NURSING 6E CCU CSICU,1501,IV SOLUTIONS AND SETS,MSHS-MEDLINE-COI,,900109,24,24,24,1,24,78.48,78.48,"INTERFACE, HIGHJUMP",BUYER   CONVERSION
MEDLINE INDUSTRIES INC,2022,"NURSING 6E CCU CSICU, 1501",ST LUKES,B BRAUN MEDICAL INC,MEDICAL EQUIPMENT AND ACCESSORIES AND SUPPLIES,TRUE,TRUE,PROCESSED,900109,"900109, IV SOLUTIONS AND SETS",ST LUKES,Yes,354212,B BRAUN MEDICAL INC,9/19/2022 0:00,1314152-15874,GOODS,ORAPOS,INTRAVENOUS OR ARTERIAL TUBING ADMINISTRATION SETS,BMG354212,NURSING 6E CCU CSICU,1501,IV SOLUTIONS AND SETS,MSHS-MEDLINE-COI,,900109,24,24,24,1,24,78.48,78.48,"INTERFACE, HIGHJUMP",BUYER   CONVERSION
MEDLINE INDUSTRIES INC,2022,"NURSING 6E CCU CSICU, 1501",ST LUKES,B BRAUN MEDICAL INC,MEDICAL EQUIPMENT AND ACCESSORIES AND SUPPLIES,TRUE,TRUE,PROCESSED,900109,"900109, IV SOLUTIONS AND SETS",ST LUKES,Yes,354212,B BRAUN MEDICAL INC,9/24/2022 0:00,1314152-16604,GOODS,ORAPOS,INTRAVENOUS OR ARTERIAL TUBING ADMINISTRATION SETS,BMG354212,NURSING 6E CCU CSICU,1501,IV SOLUTIONS AND SETS,MSHS-MEDLINE-COI,,900109,24,24,24,1,24,78.48,78.48,"INTERFACE, HIGHJUMP",BUYER   CONVERSION
MEDLINE INDUSTRIES INC,2022,"ARRHYTHMIA INSTITUTE, 4071",ST LUKES,B BRAUN MEDICAL INC,MEDICAL EQUIPMENT AND ACCESSORIES AND SUPPLIES,TRUE,TRUE,PROCESSED,900109,"900109, IV SOLUTIONS AND SETS",ST LUKES,Yes,354212,B BRAUN MEDICAL INC,9/2/2022 0:00,1314152-14168,GOODS,ORAPOS,INTRAVENOUS OR ARTERIAL TUBING ADMINISTRATION SETS,BMG354212,ARRHYTHMIA INSTITUTE,4071,IV SOLUTIONS AND SETS,MSHS-MEDLINE-COI,,900109,25,25,25,1,25,81.75,81.75,"LINTON, KAREN L",BUYER   CONVERSION
MEDLINE INDUSTRIES INC,2022,"NURSING 7W M S, 1341",ST LUKES,B BRAUN MEDICAL INC,MEDICAL EQUIPMENT AND ACCESSORIES AND SUPPLIES,TRUE,TRUE,PROCESSED,900109,"900109, IV SOLUTIONS AND SETS",ST LUKES,Yes,354212,B BRAUN MEDICAL INC,9/17/2022 0:00,1314152-15784,GOODS,ORAPOS,INTRAVENOUS OR ARTERIAL TUBING ADMINISTRATION SETS,BMG354212,NURSING 7W M S,1341,IV SOLUTIONS AND SETS,MSHS-MEDLINE-COI,,900109,30,30,30,1,30,98.1,98.1,"INTERFACE, HIGHJUMP",BUYER   CONVERSION
MEDLINE INDUSTRIES INC,2022,"NURSING 7B MICU SICU STPDWN, 2311",ST LUKES,B BRAUN MEDICAL INC,MEDICAL EQUIPMENT AND ACCESSORIES AND SUPPLIES,TRUE,TRUE,PROCESSED,900109,"900109, IV SOLUTIONS AND SETS",ST LUKES,Yes,354212,B BRAUN MEDICAL INC,9/10/2022 0:00,1314152-14975,GOODS,ORAPOS,INTRAVENOUS OR ARTERIAL TUBING ADMINISTRATION SETS,BMG354212,NURSING 7B MICU SICU STPDWN,2311,IV SOLUTIONS AND SETS,MSHS-MEDLINE-COI,,900109,42,42,42,1,42,137.34,137.34,"INTERFACE, HIGHJUMP",BUYER   CONVERSION
MEDLINE INDUSTRIES INC,2022,"NURSING 9E TELEMETRY, 1611",ST LUKES,B BRAUN MEDICAL INC,MEDICAL EQUIPMENT AND ACCESSORIES AND SUPPLIES,TRUE,TRUE,PROCESSED,900109,"900109, IV SOLUTIONS AND SETS",ST LUKES,Yes,354212,B BRAUN MEDICAL INC,9/12/2022 0:00,1314152-15078,GOODS,ORAPOS,INTRAVENOUS OR ARTERIAL TUBING ADMINISTRATION SETS,BMG354212,NURSING 9E TELEMETRY,1611,IV SOLUTIONS AND SETS,MSHS-MEDLINE-COI,,900109,60,60,60,1,60,196.2,196.2,"INTERFACE, HIGHJUMP",BUYER   CONVERSION
MEDLINE INDUSTRIES INC,2022,"ARRHYTHMIA INSTITUTE, 4071",ST LUKES,B BRAUN MEDICAL INC,MEDICAL EQUIPMENT AND ACCESSORIES AND SUPPLIES,TRUE,TRUE,PROCESSED,900109,"900109, IV SOLUTIONS AND SETS",ST LUKES,Yes,354212,B BRAUN MEDICAL INC,9/16/2022 0:00,1314152-15685,GOODS,ORAPOS,INTRAVENOUS OR ARTERIAL TUBING ADMINISTRATION SETS,BMG354212,ARRHYTHMIA INSTITUTE,4071,IV SOLUTIONS AND SETS,MSHS-MEDLINE-COI,,900109,1,1,1,24,24,78.41,78.41,"LINTON, KAREN L",BUYER   CONVERSION
MEDLINE INDUSTRIES INC,2023,"MATERIALS MANAGEMENT STORE ROOM, 8835",PETRIE,B. BRAUN MEDICAL,MEDICAL EQUIPMENT AND ACCESSORIES AND SUPPLIES,TRUE,TRUE,PROCESSED,900109,"900109, IV SOLUTIONS AND SETS",PETRIE,Yes,354212,B. BRAUN MEDICAL,6/23/2023 0:00,1392518,GOODS,ORAPOS,INTRAVENOUS OR ARTERIAL TUBING ADMINISTRATION SETS,MBB354212,MATERIALS MANAGEMENT STORE ROOM,8835,IV SOLUTIONS AND SETS,MSHS-MEDLINE-COI,,900109,0,2,2,24,48,176.16,176.16,"INTERFACE, HIGHJUMP",CAPATULA   ALICIA
MEDLINE INDUSTRIES INC,2022,"NURSING INTENSIVE CARE UNIT, 2307",MOUNT SINAI BROOKLYN,B BRAUN MEDICAL INC,MEDICAL EQUIPMENT AND ACCESSORIES AND SUPPLIES,TRUE,TRUE,PROCESSED,900109,"900109, IV SOLUTIONS AND SETS",MOUNT SINAI BROOKLYN,Yes,354212,B BRAUN MEDICAL INC,10/13/2022 0:00,1314152-18795,GOODS,ORAPOS,INTRAVENOUS OR ARTERIAL TUBING ADMINISTRATION SETS,BMG354212,NURSING INTENSIVE CARE UNIT,2307,IV SOLUTIONS AND SETS,MSHS-MEDLINE-COI,,900109,24,24,24,1,24,88.0896,88.0896,"INTERFACE, HIGHJUMP",BUYER   CONVERSION
MEDLINE INDUSTRIES INC,2022,"PHARMACY, 9400",MOUNT SINAI BROOKLYN,B BRAUN MEDICAL INC,MEDICAL EQUIPMENT AND ACCESSORIES AND SUPPLIES,TRUE,TRUE,PROCESSED,900109,"900109, IV SOLUTIONS AND SETS",MOUNT SINAI BROOKLYN,Yes,354212,B BRAUN MEDICAL INC,10/14/2022 0:00,1314152-18872,GOODS,ORAPOS,INTRAVENOUS OR ARTERIAL TUBING ADMINISTRATION SETS,BMG354212,PHARMACY,9400,IV SOLUTIONS AND SETS,MSHS-MEDLINE-COI,,900109,16,16,16,1,16,58.7264,58.7264,"INTERFACE, HIGHJUMP",BUYER   CONVERSION
MEDLINE INDUSTRIES INC,2022,"PHARMACY, 9400",MOUNT SINAI BROOKLYN,B BRAUN MEDICAL INC,MEDICAL EQUIPMENT AND ACCESSORIES AND SUPPLIES,TRUE,TRUE,PROCESSED,900109,"900109, IV SOLUTIONS AND SETS",MOUNT SINAI BROOKLYN,Yes,354212,B BRAUN MEDICAL INC,10/12/2022 0:00,1314152-18599,GOODS,ORAPOS,INTRAVENOUS OR ARTERIAL TUBING ADMINISTRATION SETS,BMG354212,PHARMACY,9400,IV SOLUTIONS AND SETS,MSHS-MEDLINE-COI,,900109,25,25,25,1,25,91.76,91.76,"INTERFACE, HIGHJUMP",BUYER   CONVERSION
MEDLINE INDUSTRIES INC,2022,"NURSING 2 NORTH M-S, 2117",MOUNT SINAI BROOKLYN,B BRAUN MEDICAL INC,MEDICAL EQUIPMENT AND ACCESSORIES AND SUPPLIES,TRUE,TRUE,PROCESSED,900109,"900109, IV SOLUTIONS AND SETS",MOUNT SINAI BROOKLYN,Yes,354212,B BRAUN MEDICAL INC,10/14/2022 0:00,1314152-18991,GOODS,ORAPOS,INTRAVENOUS OR ARTERIAL TUBING ADMINISTRATION SETS,BMG354212,NURSING 2 NORTH M-S,2117,IV SOLUTIONS AND SETS,MSHS-MEDLINE-COI,,900109,6,6,6,1,6,22.0224,22.0224,"INTERFACE, HIGHJUMP",BUYER   CONVERSION
MEDLINE INDUSTRIES INC,2022,"PHARMACY, 9400",MOUNT SINAI BROOKLYN,B BRAUN MEDICAL INC,MEDICAL EQUIPMENT AND ACCESSORIES AND SUPPLIES,TRUE,TRUE,PROCESSED,900109,"900109, IV SOLUTIONS AND SETS",MOUNT SINAI BROOKLYN,Yes,354212,B BRAUN MEDICAL INC,10/21/2022 0:00,1314152-19870,GOODS,ORAPOS,INTRAVENOUS OR ARTERIAL TUBING ADMINISTRATION SETS,BMG354212,PHARMACY,9400,IV SOLUTIONS AND SETS,MSHS-MEDLINE-COI,,900109,5,5,5,1,5,18.352,18.352,"INTERFACE, HIGHJUMP",BUYER   CONVERSION
MEDLINE INDUSTRIES INC,2022,"MATERIALS MANAGEMENT RECEIVING, 8840",MOUNT SINAI BROOKLYN,B BRAUN MEDICAL INC,MEDICAL EQUIPMENT AND ACCESSORIES AND SUPPLIES,TRUE,TRUE,PROCESSED,900109,"900109, IV SOLUTIONS AND SETS",MOUNT SINAI BROOKLYN,Yes,354212,B BRAUN MEDICAL INC,9/2/2022 0:00,1314152-14175,GOODS,ORAPOS,INTRAVENOUS OR ARTERIAL TUBING ADMINISTRATION SETS,MBB354212,MATERIALS MANAGEMENT RECEIVING,8840,IV SOLUTIONS AND SETS,MSHS-MEDLINE-COI,,900109,5,5,5,24,120,392.05,392.05,"ZAMOR, KEVIN",BUYER   CONVERSION
MEDLINE INDUSTRIES INC,2022,"MATERIALS MANAGEMENT STORE ROOM, 8835",MOUNT SINAI BROOKLYN,B BRAUN MEDICAL INC,MEDICAL EQUIPMENT AND ACCESSORIES AND SUPPLIES,TRUE,TRUE,PROCESSED,900109,"900109, IV SOLUTIONS AND SETS",MOUNT SINAI BROOKLYN,Yes,354212,B BRAUN MEDICAL INC,9/19/2022 0:00,1314152-15833,GOODS,ORAPOS,INTRAVENOUS OR ARTERIAL TUBING ADMINISTRATION SETS,MBB354212,MATERIALS MANAGEMENT STORE ROOM,8835,IV SOLUTIONS AND SETS,MSHS-MEDLINE-COI,,900109,6,6,6,24,144,470.46,470.46,"GANGADYAL, CHATRADYAL",BUYER   CONVERSION
MEDLINE INDUSTRIES INC,2022,"MATERIALS MANAGEMENT STORE ROOM, 8835",MOUNT SINAI BROOKLYN,B BRAUN MEDICAL INC,MEDICAL EQUIPMENT AND ACCESSORIES AND SUPPLIES,TRUE,TRUE,PROCESSED,900109,"900109, IV SOLUTIONS AND SETS",MOUNT SINAI BROOKLYN,Yes,354212,B BRAUN MEDICAL INC,9/23/2022 0:00,1314152-16426,GOODS,ORAPOS,INTRAVENOUS OR ARTERIAL TUBING ADMINISTRATION SETS,BMG354212,MATERIALS MANAGEMENT STORE ROOM,8835,IV SOLUTIONS AND SETS,MSHS-MEDLINE-COI,,900109,6,6,6,24,144,470.46,470.46,"GANGADYAL, CHATRADYAL",BUYER   CONVERSION
MEDLINE INDUSTRIES INC,2022,"NURSING INTENSIVE CARE UNIT, 2307",MOUNT SINAI BROOKLYN,B BRAUN MEDICAL INC,MEDICAL EQUIPMENT AND ACCESSORIES AND SUPPLIES,TRUE,TRUE,PROCESSED,900109,"900109, IV SOLUTIONS AND SETS",MOUNT SINAI BROOKLYN,Yes,354212,B BRAUN MEDICAL INC,12/27/2022 0:00,1314152-27562,GOODS,ORAPOS,INTRAVENOUS OR ARTERIAL TUBING ADMINISTRATION SETS,MBB354212,NURSING INTENSIVE CARE UNIT,2307,IV SOLUTIONS AND SETS,MSHS-MEDLINE-COI,,900109,20,20,20,1,20,73.408,73.408,"INTERFACE, HIGHJUMP",BUYER   CONVERSION
MEDLINE INDUSTRIES INC,2022,"PACU, 2621",MOUNT SINAI WEST,B BRAUN MEDICAL INC,MEDICAL EQUIPMENT AND ACCESSORIES AND SUPPLIES,TRUE,TRUE,PROCESSED,900109,"900109, IV SOLUTIONS AND SETS",MOUNT SINAI WEST,Yes,354212,B BRAUN MEDICAL INC,9/9/2022 0:00,1314152-14866,GOODS,ORAPOS,INTRAVENOUS OR ARTERIAL TUBING ADMINISTRATION SETS,MBB354212,PACU,2621,IV SOLUTIONS AND SETS,MSHS-MEDLINE-COI,,900109,23,23,23,1,23,75.21,75.21,"INTERFACE, HIGHJUMP",BUYER   CONVERSION
MEDLINE INDUSTRIES INC,2022,"GI UNIT, 4510",MOUNT SINAI WEST,B BRAUN MEDICAL INC,MEDICAL EQUIPMENT AND ACCESSORIES AND SUPPLIES,TRUE,TRUE,PROCESSED,900109,"900109, IV SOLUTIONS AND SETS",MOUNT SINAI WEST,Yes,354212,B BRAUN MEDICAL INC,10/3/2022 0:00,1314152-17454,GOODS,ORAPOS,INTRAVENOUS OR ARTERIAL TUBING ADMINISTRATION SETS,MBB354212,GI UNIT,4510,IV SOLUTIONS AND SETS,MSHS-MEDLINE-COI,,900109,20,20,20,1,20,73.4,73.4,"INTERFACE, HIGHJUMP",BUYER   CONVERSION
MEDLINE INDUSTRIES INC,2022,"GI UNIT, 4510",MOUNT SINAI WEST,B BRAUN MEDICAL INC,MEDICAL EQUIPMENT AND ACCESSORIES AND SUPPLIES,TRUE,TRUE,PROCESSED,900109,"900109, IV SOLUTIONS AND SETS",MOUNT SINAI WEST,Yes,354212,B BRAUN MEDICAL INC,9/21/2022 0:00,1314152-16112,GOODS,ORAPOS,INTRAVENOUS OR ARTERIAL TUBING ADMINISTRATION SETS,BMG354212,GI UNIT,4510,IV SOLUTIONS AND SETS,MSHS-MEDLINE-COI,,900109,20,20,20,1,20,65.4,65.4,"INTERFACE, HIGHJUMP",BUYER   CONVERSION
MEDLINE INDUSTRIES INC,2022,"GI UNIT, 4510",MOUNT SINAI WEST,B BRAUN MEDICAL INC,MEDICAL EQUIPMENT AND ACCESSORIES AND SUPPLIES,TRUE,TRUE,PROCESSED,900109,"900109, IV SOLUTIONS AND SETS",MOUNT SINAI WEST,Yes,354212,B BRAUN MEDICAL INC,9/19/2022 0:00,1314152-15819,GOODS,ORAPOS,INTRAVENOUS OR ARTERIAL TUBING ADMINISTRATION SETS,BMG354212,GI UNIT,4510,IV SOLUTIONS AND SETS,MSHS-MEDLINE-COI,,900109,10,10,10,1,10,32.7,32.7,"INTERFACE, HIGHJUMP",BUYER   CONVERSION
MEDLINE INDUSTRIES INC,2022,"GI UNIT, 4510",MOUNT SINAI WEST,B BRAUN MEDICAL INC,MEDICAL EQUIPMENT AND ACCESSORIES AND SUPPLIES,TRUE,TRUE,PROCESSED,900109,"900109, IV SOLUTIONS AND SETS",MOUNT SINAI WEST,Yes,354212,B BRAUN MEDICAL INC,9/27/2022 0:00,1314152-16803,GOODS,ORAPOS,INTRAVENOUS OR ARTERIAL TUBING ADMINISTRATION SETS,BMG354212,GI UNIT,4510,IV SOLUTIONS AND SETS,MSHS-MEDLINE-COI,,900109,15,15,15,1,15,49.05,49.05,"INTERFACE, HIGHJUMP",BUYER   CONVERSION
MEDLINE INDUSTRIES INC,2022,"NURSING 9B M-S RVT, 1311",MOUNT SINAI WEST,B BRAUN MEDICAL INC,MEDICAL EQUIPMENT AND ACCESSORIES AND SUPPLIES,TRUE,TRUE,PROCESSED,900109,"900109, IV SOLUTIONS AND SETS",MOUNT SINAI WEST,Yes,354212,B BRAUN MEDICAL INC,9/27/2022 0:00,1314152-16903,GOODS,ORAPOS,INTRAVENOUS OR ARTERIAL TUBING ADMINISTRATION SETS,BMG354212,NURSING 9B M-S RVT,1311,IV SOLUTIONS AND SETS,MSHS-MEDLINE-COI,,900109,6,6,6,1,6,19.62,19.62,"INTERFACE, HIGHJUMP",BUYER   CONVERSION
MEDLINE INDUSTRIES INC,2022,"NURSING 8A SOUTH NEUROSURGICAL, 2331",MOUNT SINAI WEST,B BRAUN MEDICAL INC,MEDICAL EQUIPMENT AND ACCESSORIES AND SUPPLIES,TRUE,TRUE,PROCESSED,900109,"900109, IV SOLUTIONS AND SETS",MOUNT SINAI WEST,Yes,354212,B BRAUN MEDICAL INC,9/19/2022 0:00,1314152-15946,GOODS,ORAPOS,INTRAVENOUS OR ARTERIAL TUBING ADMINISTRATION SETS,BMG354212,NURSING 8A SOUTH NEUROSURGICAL,2331,IV SOLUTIONS AND SETS,MSHS-MEDLINE-COI,,900109,70,70,70,1,70,228.9,228.9,"INTERFACE, HIGHJUMP",BUYER   CONVERSION
MEDLINE INDUSTRIES INC,2022,"NURSING NEONATAL INTENSIVE CARE UNIT, 1801",MOUNT SINAI WEST,B BRAUN MEDICAL INC,MEDICAL EQUIPMENT AND ACCESSORIES AND SUPPLIES,TRUE,TRUE,PROCESSED,900109,"900109, IV SOLUTIONS AND SETS",MOUNT SINAI WEST,Yes,354212,B BRAUN MEDICAL INC,9/24/2022 0:00,1314152-16615,GOODS,ORAPOS,INTRAVENOUS OR ARTERIAL TUBING ADMINISTRATION SETS,BMG354212,NURSING NEONATAL INTENSIVE CARE UNIT,1801,IV SOLUTIONS AND SETS,MSHS-MEDLINE-COI,,900109,10,10,10,1,10,32.7,32.7,"INTERFACE, HIGHJUMP",BUYER   CONVERSION
MEDLINE INDUSTRIES INC,2022,"NURSING 10A M-S, 1221",MOUNT SINAI WEST,B BRAUN MEDICAL INC,MEDICAL EQUIPMENT AND ACCESSORIES AND SUPPLIES,TRUE,TRUE,PROCESSED,900109,"900109, IV SOLUTIONS AND SETS",MOUNT SINAI WEST,Yes,354212,B BRAUN MEDICAL INC,9/1/2022 0:00,1314152-13983,GOODS,ORAPOS,INTRAVENOUS OR ARTERIAL TUBING ADMINISTRATION SETS,BMG354212,NURSING 10A M-S,1221,IV SOLUTIONS AND SETS,MSHS-MEDLINE-COI,,900109,27,27,27,1,27,88.29,88.29,"INTERFACE, HIGHJUMP",BUYER   CONVERSION
MEDLINE INDUSTRIES INC,2022,"ANESTHESIOLOGY, 4280",MOUNT SINAI WEST,B BRAUN MEDICAL INC,MEDICAL EQUIPMENT AND ACCESSORIES AND SUPPLIES,TRUE,TRUE,PROCESSED,900109,"900109, IV SOLUTIONS AND SETS",MOUNT SINAI WEST,Yes,354212,B BRAUN MEDICAL INC,9/21/2022 0:00,1314152-16220,GOODS,ORAPOS,INTRAVENOUS OR ARTERIAL TUBING ADMINISTRATION SETS,BMG354212,ANESTHESIOLOGY,4280,IV SOLUTIONS AND SETS,MSHS-MEDLINE-COI,,900109,20,20,20,1,20,65.4,65.4,"INTERFACE, HIGHJUMP",BUYER   CONVERSION
MEDLINE INDUSTRIES INC,2022,"NURSING 9B M-S RVT, 1311",MOUNT SINAI WEST,B BRAUN MEDICAL INC,MEDICAL EQUIPMENT AND ACCESSORIES AND SUPPLIES,TRUE,TRUE,PROCESSED,900109,"900109, IV SOLUTIONS AND SETS",MOUNT SINAI WEST,Yes,354212,B BRAUN MEDICAL INC,9/7/2022 0:00,1314152-14563,GOODS,ORAPOS,INTRAVENOUS OR ARTERIAL TUBING ADMINISTRATION SETS,BMG354212,NURSING 9B M-S RVT,1311,IV SOLUTIONS AND SETS,MSHS-MEDLINE-COI,,900109,10,10,10,1,10,32.7,32.7,"INTERFACE, HIGHJUMP",BUYER   CONVERSION
MEDLINE INDUSTRIES INC,2022,"GI UNIT, 4510",MOUNT SINAI WEST,B BRAUN MEDICAL INC,MEDICAL EQUIPMENT AND ACCESSORIES AND SUPPLIES,TRUE,TRUE,PROCESSED,900109,"900109, IV SOLUTIONS AND SETS",MOUNT SINAI WEST,Yes,354212,B BRAUN MEDICAL INC,9/1/2022 0:00,1314152-13948,GOODS,ORAPOS,INTRAVENOUS OR ARTERIAL TUBING ADMINISTRATION SETS,BMG354212,GI UNIT,4510,IV SOLUTIONS AND SETS,MSHS-MEDLINE-COI,,900109,15,15,15,1,15,49.05,49.05,"INTERFACE, HIGHJUMP",BUYER   CONVERSION
MEDLINE INDUSTRIES INC,2022,"NURSING 8B M-S, 2321",MOUNT SINAI WEST,B BRAUN MEDICAL INC,MEDICAL EQUIPMENT AND ACCESSORIES AND SUPPLIES,TRUE,TRUE,PROCESSED,900109,"900109, IV SOLUTIONS AND SETS",MOUNT SINAI WEST,Yes,354212,B BRAUN MEDICAL INC,9/21/2022 0:00,1314152-16212,GOODS,ORAPOS,INTRAVENOUS OR ARTERIAL TUBING ADMINISTRATION SETS,BMG354212,NURSING 8B M-S,2321,IV SOLUTIONS AND SETS,MSHS-MEDLINE-COI,,900109,9,9,9,1,9,29.43,29.43,"INTERFACE, HIGHJUMP",BUYER   CONVERSION
MEDLINE INDUSTRIES INC,2022,"PACU, 2621",MOUNT SINAI WEST,B BRAUN MEDICAL INC,MEDICAL EQUIPMENT AND ACCESSORIES AND SUPPLIES,TRUE,TRUE,PROCESSED,900109,"900109, IV SOLUTIONS AND SETS",MOUNT SINAI WEST,Yes,354212,B BRAUN MEDICAL INC,9/21/2022 0:00,1314152-16242,GOODS,ORAPOS,INTRAVENOUS OR ARTERIAL TUBING ADMINISTRATION SETS,BMG354212,PACU,2621,IV SOLUTIONS AND SETS,MSHS-MEDLINE-COI,,900109,23,23,23,1,23,75.21,75.21,"INTERFACE, HIGHJUMP",BUYER   CONVERSION
MEDLINE INDUSTRIES INC,2022,"NURSING 14A M-S, 1241",MOUNT SINAI WEST,B BRAUN MEDICAL INC,MEDICAL EQUIPMENT AND ACCESSORIES AND SUPPLIES,TRUE,TRUE,PROCESSED,900109,"900109, IV SOLUTIONS AND SETS",MOUNT SINAI WEST,Yes,354212,B BRAUN MEDICAL INC,9/19/2022 0:00,1314152-15936,GOODS,ORAPOS,INTRAVENOUS OR ARTERIAL TUBING ADMINISTRATION SETS,BMG354212,NURSING 14A M-S,1241,IV SOLUTIONS AND SETS,MSHS-MEDLINE-COI,,900109,21,21,21,1,21,68.67,68.67,"INTERFACE, HIGHJUMP",BUYER   CONVERSION
MEDLINE INDUSTRIES INC,2022,"EMERGENCY DEPARTMENT ADMINISTRATION, 5700",MOUNT SINAI WEST,B BRAUN MEDICAL INC,MEDICAL EQUIPMENT AND ACCESSORIES AND SUPPLIES,TRUE,TRUE,PROCESSED,900109,"900109, IV SOLUTIONS AND SETS",MOUNT SINAI WEST,Yes,354212,B BRAUN MEDICAL INC,9/8/2022 0:00,1314152-14715,GOODS,ORAPOS,INTRAVENOUS OR ARTERIAL TUBING ADMINISTRATION SETS,BMG354212,EMERGENCY DEPARTMENT ADMINISTRATION,5700,IV SOLUTIONS AND SETS,MSHS-MEDLINE-COI,,900109,16,16,16,1,16,52.32,52.32,"INTERFACE, HIGHJUMP",BUYER   CONVERSION
MEDLINE INDUSTRIES INC,2022,"NURSING 10A M-S, 1221",MOUNT SINAI WEST,B BRAUN MEDICAL INC,MEDICAL EQUIPMENT AND ACCESSORIES AND SUPPLIES,TRUE,TRUE,PROCESSED,900109,"900109, IV SOLUTIONS AND SETS",MOUNT SINAI WEST,Yes,354212,B BRAUN MEDICAL INC,9/9/2022 0:00,1314152-14770,GOODS,ORAPOS,INTRAVENOUS OR ARTERIAL TUBING ADMINISTRATION SETS,BMG354212,NURSING 10A M-S,1221,IV SOLUTIONS AND SETS,MSHS-MEDLINE-COI,,900109,37,37,37,1,37,120.99,120.99,"INTERFACE, HIGHJUMP",BUYER   CONVERSION
MEDLINE INDUSTRIES INC,2022,"NURSING 9B M-S RVT, 1311",MOUNT SINAI WEST,B BRAUN MEDICAL INC,MEDICAL EQUIPMENT AND ACCESSORIES AND SUPPLIES,TRUE,TRUE,PROCESSED,900109,"900109, IV SOLUTIONS AND SETS",MOUNT SINAI WEST,Yes,354212,B BRAUN MEDICAL INC,9/26/2022 0:00,1314152-16777,GOODS,ORAPOS,INTRAVENOUS OR ARTERIAL TUBING ADMINISTRATION SETS,BMG354212,NURSING 9B M-S RVT,1311,IV SOLUTIONS AND SETS,MSHS-MEDLINE-COI,,900109,16,16,16,1,16,52.32,52.32,"INTERFACE, HIGHJUMP",BUYER   CONVERSION
MEDLINE INDUSTRIES INC,2022,"NURSING NEONATAL INTENSIVE CARE UNIT, 1801",MOUNT SINAI WEST,B BRAUN MEDICAL INC,MEDICAL EQUIPMENT AND ACCESSORIES AND SUPPLIES,TRUE,TRUE,PROCESSED,900109,"900109, IV SOLUTIONS AND SETS",MOUNT SINAI WEST,Yes,354212,B BRAUN MEDICAL INC,9/30/2022 0:00,1314152-17289,GOODS,ORAPOS,INTRAVENOUS OR ARTERIAL TUBING ADMINISTRATION SETS,BMG354212,NURSING NEONATAL INTENSIVE CARE UNIT,1801,IV SOLUTIONS AND SETS,MSHS-MEDLINE-COI,,900109,10,10,10,1,10,32.7,32.7,"INTERFACE, HIGHJUMP",BUYER   CONVERSION
MEDLINE INDUSTRIES INC,2022,"NURSING 14A M-S, 1241",MOUNT SINAI WEST,B BRAUN MEDICAL INC,MEDICAL EQUIPMENT AND ACCESSORIES AND SUPPLIES,TRUE,TRUE,PROCESSED,900109,"900109, IV SOLUTIONS AND SETS",MOUNT SINAI WEST,Yes,354212,B BRAUN MEDICAL INC,9/27/2022 0:00,1314152-16901,GOODS,ORAPOS,INTRAVENOUS OR ARTERIAL TUBING ADMINISTRATION SETS,BMG354212,NURSING 14A M-S,1241,IV SOLUTIONS AND SETS,MSHS-MEDLINE-COI,,900109,10,10,10,1,10,32.7,32.7,"INTERFACE, HIGHJUMP",BUYER   CONVERSION
MEDLINE INDUSTRIES INC,2022,"NURSING 8B M-S, 2321",MOUNT SINAI WEST,B BRAUN MEDICAL INC,MEDICAL EQUIPMENT AND ACCESSORIES AND SUPPLIES,TRUE,TRUE,PROCESSED,900109,"900109, IV SOLUTIONS AND SETS",MOUNT SINAI WEST,Yes,354212,B BRAUN MEDICAL INC,9/12/2022 0:00,1314152-15123,GOODS,ORAPOS,INTRAVENOUS OR ARTERIAL TUBING ADMINISTRATION SETS,BMG354212,NURSING 8B M-S,2321,IV SOLUTIONS AND SETS,MSHS-MEDLINE-COI,,900109,9,9,9,1,9,29.43,29.43,"INTERFACE, HIGHJUMP",BUYER   CONVERSION
MEDLINE INDUSTRIES INC,2022,"MEDICINE HEMATOLOGY, 4512",MOUNT SINAI WEST,B BRAUN MEDICAL INC,MEDICAL EQUIPMENT AND ACCESSORIES AND SUPPLIES,TRUE,TRUE,PROCESSED,900109,"900109, IV SOLUTIONS AND SETS",MOUNT SINAI WEST,Yes,354212,B BRAUN MEDICAL INC,9/7/2022 0:00,1314152-14505,GOODS,ORAPOS,INTRAVENOUS OR ARTERIAL TUBING ADMINISTRATION SETS,BMG354212,MEDICINE HEMATOLOGY,4512,IV SOLUTIONS AND SETS,MSHS-MEDLINE-COI,,900109,100,100,100,1,100,327,327,"INTERFACE, HIGHJUMP",BUYER   CONVERSION
MEDLINE INDUSTRIES INC,2022,"PACU, 2621",MOUNT SINAI WEST,B BRAUN MEDICAL INC,MEDICAL EQUIPMENT AND ACCESSORIES AND SUPPLIES,TRUE,TRUE,PROCESSED,900109,"900109, IV SOLUTIONS AND SETS",MOUNT SINAI WEST,Yes,354212,B BRAUN MEDICAL INC,9/23/2022 0:00,1314152-16550,GOODS,ORAPOS,INTRAVENOUS OR ARTERIAL TUBING ADMINISTRATION SETS,BMG354212,PACU,2621,IV SOLUTIONS AND SETS,MSHS-MEDLINE-COI,,900109,23,23,23,1,23,75.21,75.21,"INTERFACE, HIGHJUMP",BUYER   CONVERSION
MEDLINE INDUSTRIES INC,2022,"NURSING NEONATAL INTENSIVE CARE UNIT, 1801",MOUNT SINAI WEST,B BRAUN MEDICAL INC,MEDICAL EQUIPMENT AND ACCESSORIES AND SUPPLIES,TRUE,TRUE,PROCESSED,900109,"900109, IV SOLUTIONS AND SETS",MOUNT SINAI WEST,Yes,354212,B BRAUN MEDICAL INC,9/14/2022 0:00,1314152-15306,GOODS,ORAPOS,INTRAVENOUS OR ARTERIAL TUBING ADMINISTRATION SETS,BMG354212,NURSING NEONATAL INTENSIVE CARE UNIT,1801,IV SOLUTIONS AND SETS,MSHS-MEDLINE-COI,,900109,21,21,21,1,21,68.67,68.67,"INTERFACE, HIGHJUMP",BUYER   CONVERSION
MEDLINE INDUSTRIES INC,2022,"NURSING 8B M-S, 2321",MOUNT SINAI WEST,B BRAUN MEDICAL INC,MEDICAL EQUIPMENT AND ACCESSORIES AND SUPPLIES,TRUE,TRUE,PROCESSED,900109,"900109, IV SOLUTIONS AND SETS",MOUNT SINAI WEST,Yes,354212,B BRAUN MEDICAL INC,9/10/2022 0:00,1314152-14939,GOODS,ORAPOS,INTRAVENOUS OR ARTERIAL TUBING ADMINISTRATION SETS,BMG354212,NURSING 8B M-S,2321,IV SOLUTIONS AND SETS,MSHS-MEDLINE-COI,,900109,9,9,9,1,9,29.43,29.43,"INTERFACE, HIGHJUMP",BUYER   CONVERSION
MEDLINE INDUSTRIES INC,2022,"ANESTHESIOLOGY, 4280",MOUNT SINAI WEST,B BRAUN MEDICAL INC,MEDICAL EQUIPMENT AND ACCESSORIES AND SUPPLIES,TRUE,TRUE,PROCESSED,900109,"900109, IV SOLUTIONS AND SETS",MOUNT SINAI WEST,Yes,354212,B BRAUN MEDICAL INC,9/23/2022 0:00,1314152-16523,GOODS,ORAPOS,INTRAVENOUS OR ARTERIAL TUBING ADMINISTRATION SETS,BMG354212,ANESTHESIOLOGY,4280,IV SOLUTIONS AND SETS,MSHS-MEDLINE-COI,,900109,20,20,20,1,20,65.4,65.4,"INTERFACE, HIGHJUMP",BUYER   CONVERSION
MEDLINE INDUSTRIES INC,2022,"NURSING 8A SOUTH NEUROSURGICAL, 2331",MOUNT SINAI WEST,B BRAUN MEDICAL INC,MEDICAL EQUIPMENT AND ACCESSORIES AND SUPPLIES,TRUE,TRUE,PROCESSED,900109,"900109, IV SOLUTIONS AND SETS",MOUNT SINAI WEST,Yes,354212,B BRAUN MEDICAL INC,9/24/2022 0:00,1314152-16566,GOODS,ORAPOS,INTRAVENOUS OR ARTERIAL TUBING ADMINISTRATION SETS,BMG354212,NURSING 8A SOUTH NEUROSURGICAL,2331,IV SOLUTIONS AND SETS,MSHS-MEDLINE-COI,,900109,70,70,70,1,70,228.9,228.9,"INTERFACE, HIGHJUMP",BUYER   CONVERSION
MEDLINE INDUSTRIES INC,2022,"NURSING 10A M-S, 1221",MOUNT SINAI WEST,B BRAUN MEDICAL INC,MEDICAL EQUIPMENT AND ACCESSORIES AND SUPPLIES,TRUE,TRUE,PROCESSED,900109,"900109, IV SOLUTIONS AND SETS",MOUNT SINAI WEST,Yes,354212,B BRAUN MEDICAL INC,9/23/2022 0:00,1314152-16520,GOODS,ORAPOS,INTRAVENOUS OR ARTERIAL TUBING ADMINISTRATION SETS,BMG354212,NURSING 10A M-S,1221,IV SOLUTIONS AND SETS,MSHS-MEDLINE-COI,,900109,17,17,17,1,17,55.59,55.59,"INTERFACE, HIGHJUMP",BUYER   CONVERSION
MEDLINE INDUSTRIES INC,2022,"NURSING INTENSIVE CARE UNIT, 2301",MOUNT SINAI WEST,B BRAUN MEDICAL INC,MEDICAL EQUIPMENT AND ACCESSORIES AND SUPPLIES,TRUE,TRUE,PROCESSED,900109,"900109, IV SOLUTIONS AND SETS",MOUNT SINAI WEST,Yes,354212,B BRAUN MEDICAL INC,10/1/2022 0:00,1314152-17445,GOODS,ORAPOS,INTRAVENOUS OR ARTERIAL TUBING ADMINISTRATION SETS,MBB354212,NURSING INTENSIVE CARE UNIT,2301,IV SOLUTIONS AND SETS,MSHS-MEDLINE-COI,,900109,1,1,1,24,24,88.09,88.09,"INTERFACE, HIGHJUMP",BUYER   CONVERSION
MEDLINE INDUSTRIES INC,2022,"NURSING INTENSIVE CARE UNIT, 2301",MOUNT SINAI WEST,B BRAUN MEDICAL INC,MEDICAL EQUIPMENT AND ACCESSORIES AND SUPPLIES,TRUE,TRUE,PROCESSED,900109,"900109, IV SOLUTIONS AND SETS",MOUNT SINAI WEST,Yes,354212,B BRAUN MEDICAL INC,9/8/2022 0:00,1314152-14718,GOODS,ORAPOS,INTRAVENOUS OR ARTERIAL TUBING ADMINISTRATION SETS,BMG354212,NURSING INTENSIVE CARE UNIT,2301,IV SOLUTIONS AND SETS,MSHS-MEDLINE-COI,,900109,1,1,1,24,24,78.41,78.41,"INTERFACE, HIGHJUMP",BUYER   CONVERSION
MEDLINE INDUSTRIES INC,2022,"EMERGENCY DEPARTMENT ADMINISTRATION, 5700",PETRIE,B BRAUN MEDICAL INC,MEDICAL EQUIPMENT AND ACCESSORIES AND SUPPLIES,TRUE,TRUE,PROCESSED,900109,"900109, IV SOLUTIONS AND SETS",PETRIE,Yes,354212,B BRAUN MEDICAL INC,9/6/2022 0:00,1314152-14437,GOODS,ORAPOS,INTRAVENOUS OR ARTERIAL TUBING ADMINISTRATION SETS,MBB354212,EMERGENCY DEPARTMENT ADMINISTRATION,5700,IV SOLUTIONS AND SETS,MSHS-MEDLINE-COI,,900109,12,12,12,1,12,39.24,39.24,"INTERFACE, HIGHJUMP",BUYER   CONVERSION
MEDLINE INDUSTRIES INC,2022,"NURSING 8 SILVER PLANETREE M-S, 1294",PETRIE,B BRAUN MEDICAL INC,MEDICAL EQUIPMENT AND ACCESSORIES AND SUPPLIES,TRUE,TRUE,PROCESSED,900109,"900109, IV SOLUTIONS AND SETS",PETRIE,Yes,354212,B BRAUN MEDICAL INC,9/21/2022 0:00,1314152-16143,GOODS,ORAPOS,INTRAVENOUS OR ARTERIAL TUBING ADMINISTRATION SETS,BMG354212,NURSING 8 SILVER PLANETREE M-S,1294,IV SOLUTIONS AND SETS,MSHS-MEDLINE-COI,,900109,12,12,12,1,12,39.24,39.24,"INTERFACE, HIGHJUMP",BUYER   CONVERSION
MEDLINE INDUSTRIES INC,2022,"NURSING 7 SILVER ORTHOPEDICS, 1344",PETRIE,B BRAUN MEDICAL INC,MEDICAL EQUIPMENT AND ACCESSORIES AND SUPPLIES,TRUE,TRUE,PROCESSED,900109,"900109, IV SOLUTIONS AND SETS",PETRIE,Yes,354212,B BRAUN MEDICAL INC,9/15/2022 0:00,1314152-15466,GOODS,ORAPOS,INTRAVENOUS OR ARTERIAL TUBING ADMINISTRATION SETS,BMG354212,NURSING 7 SILVER ORTHOPEDICS,1344,IV SOLUTIONS AND SETS,MSHS-MEDLINE-COI,,900109,24,24,24,1,24,78.48,78.48,"INTERFACE, HIGHJUMP",BUYER   CONVERSION
MEDLINE INDUSTRIES INC,2022,"EMERGENCY DEPARTMENT ADMINISTRATION, 5700",PETRIE,B BRAUN MEDICAL INC,MEDICAL EQUIPMENT AND ACCESSORIES AND SUPPLIES,TRUE,TRUE,PROCESSED,900109,"900109, IV SOLUTIONS AND SETS",PETRIE,Yes,354212,B BRAUN MEDICAL INC,9/29/2022 0:00,1314152-17199,GOODS,ORAPOS,INTRAVENOUS OR ARTERIAL TUBING ADMINISTRATION SETS,BMG354212,EMERGENCY DEPARTMENT ADMINISTRATION,5700,IV SOLUTIONS AND SETS,MSHS-MEDLINE-COI,,900109,12,12,12,1,12,39.24,39.24,"INTERFACE, HIGHJUMP",BUYER   CONVERSION
MEDLINE INDUSTRIES INC,2022,"EMERGENCY DEPARTMENT ADMINISTRATION, 5700",PETRIE,B BRAUN MEDICAL INC,MEDICAL EQUIPMENT AND ACCESSORIES AND SUPPLIES,TRUE,TRUE,PROCESSED,900109,"900109, IV SOLUTIONS AND SETS",PETRIE,Yes,354212,B BRAUN MEDICAL INC,9/1/2022 0:00,1314152-14065,GOODS,ORAPOS,INTRAVENOUS OR ARTERIAL TUBING ADMINISTRATION SETS,BMG354212,EMERGENCY DEPARTMENT ADMINISTRATION,5700,IV SOLUTIONS AND SETS,MSHS-MEDLINE-COI,,900109,6,6,6,1,6,19.62,19.62,"INTERFACE, HIGHJUMP",BUYER   CONVERSION
MEDLINE INDUSTRIES INC,2022,"NURSING 9 SILVER M-S, 1264",PETRIE,B BRAUN MEDICAL INC,MEDICAL EQUIPMENT AND ACCESSORIES AND SUPPLIES,TRUE,TRUE,PROCESSED,900109,"900109, IV SOLUTIONS AND SETS",PETRIE,Yes,354212,B BRAUN MEDICAL INC,9/7/2022 0:00,1314152-14466,GOODS,ORAPOS,INTRAVENOUS OR ARTERIAL TUBING ADMINISTRATION SETS,BMG354212,NURSING 9 SILVER M-S,1264,IV SOLUTIONS AND SETS,MSHS-MEDLINE-COI,,900109,12,12,12,1,12,39.24,39.24,"INTERFACE, HIGHJUMP",BUYER   CONVERSION
MEDLINE INDUSTRIES INC,2022,"EMERGENCY DEPARTMENT ADMINISTRATION, 5700",PETRIE,B BRAUN MEDICAL INC,MEDICAL EQUIPMENT AND ACCESSORIES AND SUPPLIES,TRUE,TRUE,PROCESSED,900109,"900109, IV SOLUTIONS AND SETS",PETRIE,Yes,354212,B BRAUN MEDICAL INC,9/10/2022 0:00,1314152-14985,GOODS,ORAPOS,INTRAVENOUS OR ARTERIAL TUBING ADMINISTRATION SETS,BMG354212,EMERGENCY DEPARTMENT ADMINISTRATION,5700,IV SOLUTIONS AND SETS,MSHS-MEDLINE-COI,,900109,6,6,6,1,6,19.62,19.62,"INTERFACE, HIGHJUMP",BUYER   CONVERSION
MEDLINE INDUSTRIES INC,2022,"NURSING SURGICAL STEPDOWN UNIT, 1514",PETRIE,B BRAUN MEDICAL INC,MEDICAL EQUIPMENT AND ACCESSORIES AND SUPPLIES,TRUE,TRUE,PROCESSED,900109,"900109, IV SOLUTIONS AND SETS",PETRIE,Yes,354212,B BRAUN MEDICAL INC,9/9/2022 0:00,1314152-14782,GOODS,ORAPOS,INTRAVENOUS OR ARTERIAL TUBING ADMINISTRATION SETS,BMG354212,NURSING SURGICAL STEPDOWN UNIT,1514,IV SOLUTIONS AND SETS,MSHS-MEDLINE-COI,,900109,8,8,8,1,8,26.16,26.16,"INTERFACE, HIGHJUMP",BUYER   CONVERSION
MEDLINE INDUSTRIES INC,2022,"EMERGENCY DEPARTMENT ADMINISTRATION, 5700",PETRIE,B BRAUN MEDICAL INC,MEDICAL EQUIPMENT AND ACCESSORIES AND SUPPLIES,TRUE,TRUE,PROCESSED,900109,"900109, IV SOLUTIONS AND SETS",PETRIE,Yes,354212,B BRAUN MEDICAL INC,9/20/2022 0:00,1314152-16093,GOODS,ORAPOS,INTRAVENOUS OR ARTERIAL TUBING ADMINISTRATION SETS,BMG354212,EMERGENCY DEPARTMENT ADMINISTRATION,5700,IV SOLUTIONS AND SETS,MSHS-MEDLINE-COI,,900109,6,6,6,1,6,19.62,19.62,"INTERFACE, HIGHJUMP",BUYER   CONVERSION
MEDLINE INDUSTRIES INC,2022,"NURSING 9 SILVER M-S, 1264",PETRIE,B BRAUN MEDICAL INC,MEDICAL EQUIPMENT AND ACCESSORIES AND SUPPLIES,TRUE,TRUE,PROCESSED,900109,"900109, IV SOLUTIONS AND SETS",PETRIE,Yes,354212,B BRAUN MEDICAL INC,9/13/2022 0:00,1314152-15157,GOODS,ORAPOS,INTRAVENOUS OR ARTERIAL TUBING ADMINISTRATION SETS,BMG354212,NURSING 9 SILVER M-S,1264,IV SOLUTIONS AND SETS,MSHS-MEDLINE-COI,,900109,24,24,24,1,24,78.48,78.48,"INTERFACE, HIGHJUMP",BUYER   CONVERSION
MEDLINE INDUSTRIES INC,2022,"NURSING 9 SILVER M-S, 1264",PETRIE,B BRAUN MEDICAL INC,MEDICAL EQUIPMENT AND ACCESSORIES AND SUPPLIES,TRUE,TRUE,PROCESSED,900109,"900109, IV SOLUTIONS AND SETS",PETRIE,Yes,354212,B BRAUN MEDICAL INC,9/23/2022 0:00,1314152-16404,GOODS,ORAPOS,INTRAVENOUS OR ARTERIAL TUBING ADMINISTRATION SETS,BMG354212,NURSING 9 SILVER M-S,1264,IV SOLUTIONS AND SETS,MSHS-MEDLINE-COI,,900109,24,24,24,1,24,78.48,78.48,"INTERFACE, HIGHJUMP",BUYER   CONVERSION
MEDLINE INDUSTRIES INC,2022,"NURSING INTENSIVE CARE UNIT, 2304",PETRIE,B BRAUN MEDICAL INC,MEDICAL EQUIPMENT AND ACCESSORIES AND SUPPLIES,TRUE,TRUE,PROCESSED,900109,"900109, IV SOLUTIONS AND SETS",PETRIE,Yes,354212,B BRAUN MEDICAL INC,9/26/2022 0:00,1314152-16672,GOODS,ORAPOS,INTRAVENOUS OR ARTERIAL TUBING ADMINISTRATION SETS,BMG354212,NURSING INTENSIVE CARE UNIT,2304,IV SOLUTIONS AND SETS,MSHS-MEDLINE-COI,,900109,48,48,48,1,48,156.96,156.96,"INTERFACE, HIGHJUMP",BUYER   CONVERSION
MEDLINE INDUSTRIES INC,2022,"EMERGENCY DEPARTMENT ADMINISTRATION, 5700",PETRIE,B BRAUN MEDICAL INC,MEDICAL EQUIPMENT AND ACCESSORIES AND SUPPLIES,TRUE,TRUE,PROCESSED,900109,"900109, IV SOLUTIONS AND SETS",PETRIE,Yes,354212,B BRAUN MEDICAL INC,10/26/2022 0:00,1314152-20391,GOODS,ORAPOS,INTRAVENOUS OR ARTERIAL TUBING ADMINISTRATION SETS,BMG354212,EMERGENCY DEPARTMENT ADMINISTRATION,5700,IV SOLUTIONS AND SETS,MSHS-MEDLINE-COI,,900109,12,12,12,1,12,44.0448,44.0448,"SANTAMARIA, ZACHARY D",BUYER   CONVERSION
MEDLINE INDUSTRIES INC,2022,"MATERIALS MANAGEMENT STORE ROOM, 8835",PETRIE,B BRAUN MEDICAL INC,MEDICAL EQUIPMENT AND ACCESSORIES AND SUPPLIES,TRUE,TRUE,PROCESSED,900109,"900109, IV SOLUTIONS AND SETS",PETRIE,Yes,354212,B BRAUN MEDICAL INC,9/5/2022 0:00,1314152-14309,GOODS,ORAPOS,INTRAVENOUS OR ARTERIAL TUBING ADMINISTRATION SETS,MBB354212,MATERIALS MANAGEMENT STORE ROOM,8835,IV SOLUTIONS AND SETS,MSHS-MEDLINE-COI,,900109,1,1,1,24,24,78.41,78.41,"INTERFACE, HIGHJUMP",BUYER   CONVERSION
MEDLINE INDUSTRIES INC,2022,"CARDIAC CATHERIZATION, 4058",PETRIE,B BRAUN MEDICAL INC,MEDICAL EQUIPMENT AND ACCESSORIES AND SUPPLIES,TRUE,TRUE,PROCESSED,900109,"900109, IV SOLUTIONS AND SETS",PETRIE,Yes,354212,B BRAUN MEDICAL INC,9/8/2022 0:00,1314152-14666,GOODS,ORAPOS,INTRAVENOUS OR ARTERIAL TUBING ADMINISTRATION SETS,MBB354212,CARDIAC CATHERIZATION,4058,IV SOLUTIONS AND SETS,MSHS-MEDLINE-COI,,900109,1,1,1,24,24,78.41,78.41,"RABELO, JOSE",BUYER   CONVERSION
MEDLINE INDUSTRIES INC,2022,"CARDIAC CATHERIZATION, 4058",PETRIE,B BRAUN MEDICAL INC,MEDICAL EQUIPMENT AND ACCESSORIES AND SUPPLIES,TRUE,TRUE,PROCESSED,900109,"900109, IV SOLUTIONS AND SETS",PETRIE,Yes,354212,B BRAUN MEDICAL INC,9/6/2022 0:00,1314152-14431,GOODS,ORAPOS,INTRAVENOUS OR ARTERIAL TUBING ADMINISTRATION SETS,MBB354212,CARDIAC CATHERIZATION,4058,IV SOLUTIONS AND SETS,MSHS-MEDLINE-COI,,900109,1,1,1,24,24,78.41,78.41,"RABELO, JOSE",BUYER   CONVERSION
MEDLINE INDUSTRIES INC,2022,"CARDIAC CATHERIZATION, 4058",PETRIE,B BRAUN MEDICAL INC,MEDICAL EQUIPMENT AND ACCESSORIES AND SUPPLIES,TRUE,TRUE,PROCESSED,900109,"900109, IV SOLUTIONS AND SETS",PETRIE,Yes,354212,B BRAUN MEDICAL INC,9/23/2022 0:00,1314152-16510,GOODS,ORAPOS,INTRAVENOUS OR ARTERIAL TUBING ADMINISTRATION SETS,MBB354212,CARDIAC CATHERIZATION,4058,IV SOLUTIONS AND SETS,MSHS-MEDLINE-COI,,900109,1,1,1,24,24,78.41,78.41,"RABELO, JOSE",BUYER   CONVERSION
MEDLINE INDUSTRIES INC,2022,"POST ANESTHESIA CARE UNIT, 2624",PETRIE,B BRAUN MEDICAL INC,MEDICAL EQUIPMENT AND ACCESSORIES AND SUPPLIES,TRUE,TRUE,PROCESSED,900109,"900109, IV SOLUTIONS AND SETS",PETRIE,Yes,354212,B BRAUN MEDICAL INC,9/2/2022 0:00,1314152-14204,GOODS,ORAPOS,INTRAVENOUS OR ARTERIAL TUBING ADMINISTRATION SETS,BMG354212,POST ANESTHESIA CARE UNIT,2624,IV SOLUTIONS AND SETS,MSHS-MEDLINE-COI,,900109,1,1,1,24,24,78.41,78.41,"WILSON, DWAYNE L",BUYER   CONVERSION
MEDLINE INDUSTRIES INC,2022,"MATERIALS MANAGEMENT STORE ROOM, 8835",PETRIE,B BRAUN MEDICAL INC,MEDICAL EQUIPMENT AND ACCESSORIES AND SUPPLIES,TRUE,TRUE,PROCESSED,900109,"900109, IV SOLUTIONS AND SETS",PETRIE,Yes,354212,B BRAUN MEDICAL INC,9/5/2022 0:00,1314152-14313,GOODS,ORAPOS,INTRAVENOUS OR ARTERIAL TUBING ADMINISTRATION SETS,BMG354212,MATERIALS MANAGEMENT STORE ROOM,8835,IV SOLUTIONS AND SETS,MSHS-MEDLINE-COI,,900109,1,1,1,24,24,78.41,78.41,"INTERFACE, HIGHJUMP",BUYER   CONVERSION
MEDLINE INDUSTRIES INC,2022,"CENTRAL STERILE REPROCESSING, 9175",PETRIE,B BRAUN,MEDICAL EQUIPMENT AND ACCESSORIES AND SUPPLIES,TRUE,TRUE,PROCESSED,900110,"900110, DISPOSABLE MEDICAL-SURGICAL SUPPLIES",PETRIE,Yes,354212,B BRAUN,9/26/2022 0:00,1314088-12816,GOODS,ORAPOS,INTRAVENOUS OR ARTERIAL TUBING ADMINISTRATION SETS,SIN354212,CENTRAL STERILE REPROCESSING,9175,DISPOSABLE MEDICAL-SURGICAL SUPPLIES,MSHS-MEDLINE-COI,,900110,0,1,1,24,24,0.01,0.01,"TAHIRU, SALIM",BUYER   CONVERSION
MEDLINE INDUSTRIES INC,2023,"CHEMOTHERAPY SUITE, 5518",PHILIPS AMBULATORY CARE CENTER,B BRAUN MEDICAL INC,MEDICAL EQUIPMENT AND ACCESSORIES AND SUPPLIES,TRUE,TRUE,PROCESSED,900109,"900109, IV SOLUTIONS AND SETS",PHILIPS AMBULATORY CARE CENTER,Yes,354212,B BRAUN MEDICAL INC,1/31/2023 0:00,1314152-31707,GOODS,ORAPOS,INTRAVENOUS OR ARTERIAL TUBING ADMINISTRATION SETS,MBB354212,CHEMOTHERAPY SUITE,5518,IV SOLUTIONS AND SETS,MSHS-MEDLINE-COI,,900109,1,1,1,24,24,88.09,88.09,"INTERFACE, HIGHJUMP",BUYER   CONVERSION
MEDLINE INDUSTRIES INC,2022,"CHEMOTHERAPY SUITE, 5518",PHILIPS AMBULATORY CARE CENTER,B BRAUN MEDICAL INC,MEDICAL EQUIPMENT AND ACCESSORIES AND SUPPLIES,TRUE,TRUE,PROCESSED,900109,"900109, IV SOLUTIONS AND SETS",PHILIPS AMBULATORY CARE CENTER,Yes,354212,B BRAUN MEDICAL INC,11/28/2022 0:00,1314152-24113,GOODS,ORAPOS,INTRAVENOUS OR ARTERIAL TUBING ADMINISTRATION SETS,BMG354212,CHEMOTHERAPY SUITE,5518,IV SOLUTIONS AND SETS,MSHS-MEDLINE-COI,,900109,1,1,1,24,24,88.09,88.09,"INTERFACE, HIGHJUMP",BUYER   CONVERSION
MEDLINE INDUSTRIES INC,2023,"PHILLIPS AMB SURG-PRESURG TEST, 2652",PHILIPS AMBULATORY CARE CENTER,B BRAUN MEDICAL INC,MEDICAL EQUIPMENT AND ACCESSORIES AND SUPPLIES,TRUE,TRUE,PROCESSED,900109,"900109, IV SOLUTIONS AND SETS",PHILIPS AMBULATORY CARE CENTER,Yes,354212,B BRAUN MEDICAL INC,5/15/2023 0:00,1314152-45665,GOODS,ORAPOS,INTRAVENOUS OR ARTERIAL TUBING ADMINISTRATION SETS,MBB354212,PHILLIPS AMB SURG-PRESURG TEST,2652,IV SOLUTIONS AND SETS,MSHS-MEDLINE-COI,,900109,2,2,2,1,2,7.3408,7.3408,"DELGADO, YUBERKY",BUYER   CONVERSION
MEDLINE INDUSTRIES INC,2022,"NURSING 8E M S, 1371",ST LUKES,B BRAUN MEDICAL INC,MEDICAL EQUIPMENT AND ACCESSORIES AND SUPPLIES,TRUE,TRUE,PROCESSED,900109,"900109, IV SOLUTIONS AND SETS",ST LUKES,Yes,354212,B BRAUN MEDICAL INC,9/24/2022 0:00,1314152-16595,GOODS,ORAPOS,INTRAVENOUS OR ARTERIAL TUBING ADMINISTRATION SETS,MBB354212,NURSING 8E M S,1371,IV SOLUTIONS AND SETS,MSHS-MEDLINE-COI,,900109,20,20,20,1,20,65.4,65.4,"INTERFACE, HIGHJUMP",BUYER   CONVERSION
MEDLINE INDUSTRIES INC,2022,"NURSING 7B MICU SICU STPDWN, 2311",ST LUKES,B BRAUN MEDICAL INC,MEDICAL EQUIPMENT AND ACCESSORIES AND SUPPLIES,TRUE,TRUE,PROCESSED,900109,"900109, IV SOLUTIONS AND SETS",ST LUKES,Yes,354212,B BRAUN MEDICAL INC,9/2/2022 0:00,1314152-14127,GOODS,ORAPOS,INTRAVENOUS OR ARTERIAL TUBING ADMINISTRATION SETS,BMG354212,NURSING 7B MICU SICU STPDWN,2311,IV SOLUTIONS AND SETS,MSHS-MEDLINE-COI,,900109,42,42,42,1,42,137.34,137.34,"INTERFACE, HIGHJUMP",BUYER   CONVERSION
MEDLINE INDUSTRIES INC,2022,"NURSING 4W M S, 1361",ST LUKES,B BRAUN MEDICAL INC,MEDICAL EQUIPMENT AND ACCESSORIES AND SUPPLIES,TRUE,TRUE,PROCESSED,900109,"900109, IV SOLUTIONS AND SETS",ST LUKES,Yes,354212,B BRAUN MEDICAL INC,9/1/2022 0:00,1314152-13989,GOODS,ORAPOS,INTRAVENOUS OR ARTERIAL TUBING ADMINISTRATION SETS,BMG354212,NURSING 4W M S,1361,IV SOLUTIONS AND SETS,MSHS-MEDLINE-COI,,900109,12,12,12,1,12,39.24,39.24,"INTERFACE, HIGHJUMP",BUYER   CONVERSION
MEDLINE INDUSTRIES INC,2022,"NURSING 7B MICU SICU STPDWN, 2311",ST LUKES,B BRAUN MEDICAL INC,MEDICAL EQUIPMENT AND ACCESSORIES AND SUPPLIES,TRUE,TRUE,PROCESSED,900109,"900109, IV SOLUTIONS AND SETS",ST LUKES,Yes,354212,B BRAUN MEDICAL INC,9/3/2022 0:00,1314152-14259,GOODS,ORAPOS,INTRAVENOUS OR ARTERIAL TUBING ADMINISTRATION SETS,BMG354212,NURSING 7B MICU SICU STPDWN,2311,IV SOLUTIONS AND SETS,MSHS-MEDLINE-COI,,900109,84,84,84,1,84,274.68,274.68,"INTERFACE, HIGHJUMP",BUYER   CONVERSION
MEDLINE INDUSTRIES INC,2022,"HEMATOLOGY ONCOLOGY, 5513",ST LUKES,B BRAUN MEDICAL INC,MEDICAL EQUIPMENT AND ACCESSORIES AND SUPPLIES,TRUE,TRUE,PROCESSED,900109,"900109, IV SOLUTIONS AND SETS",ST LUKES,Yes,354212,B BRAUN MEDICAL INC,9/21/2022 0:00,1314152-16201,GOODS,ORAPOS,INTRAVENOUS OR ARTERIAL TUBING ADMINISTRATION SETS,BMG354212,HEMATOLOGY ONCOLOGY,5513,IV SOLUTIONS AND SETS,MSHS-MEDLINE-COI,,900109,12,12,12,1,12,39.24,39.24,"INTERFACE, HIGHJUMP",BUYER   CONVERSION
MEDLINE INDUSTRIES INC,2022,"GI UNIT, 4510",ST LUKES,B BRAUN MEDICAL INC,MEDICAL EQUIPMENT AND ACCESSORIES AND SUPPLIES,TRUE,TRUE,PROCESSED,900109,"900109, IV SOLUTIONS AND SETS",ST LUKES,Yes,354212,B BRAUN MEDICAL INC,9/6/2022 0:00,1314152-14416,GOODS,ORAPOS,INTRAVENOUS OR ARTERIAL TUBING ADMINISTRATION SETS,BMG354212,GI UNIT,4510,IV SOLUTIONS AND SETS,MSHS-MEDLINE-COI,,900109,30,30,30,1,30,98.1,98.1,"ROBINSON, EUGENE",BUYER   CONVERSION
MEDLINE INDUSTRIES INC,2022,"GI UNIT, 4510",ST LUKES,B BRAUN MEDICAL INC,MEDICAL EQUIPMENT AND ACCESSORIES AND SUPPLIES,TRUE,TRUE,PROCESSED,900109,"900109, IV SOLUTIONS AND SETS",ST LUKES,Yes,354212,B BRAUN MEDICAL INC,9/12/2022 0:00,1314152-15062,GOODS,ORAPOS,INTRAVENOUS OR ARTERIAL TUBING ADMINISTRATION SETS,BMG354212,GI UNIT,4510,IV SOLUTIONS AND SETS,MSHS-MEDLINE-COI,,900109,25,25,25,1,25,81.75,81.75,"ALGARIN, ROSA M",BUYER   CONVERSION
MEDLINE INDUSTRIES INC,2022,"NURSING 9E TELEMETRY, 1611",ST LUKES,B BRAUN MEDICAL INC,MEDICAL EQUIPMENT AND ACCESSORIES AND SUPPLIES,TRUE,TRUE,PROCESSED,900109,"900109, IV SOLUTIONS AND SETS",ST LUKES,Yes,354212,B BRAUN MEDICAL INC,9/3/2022 0:00,1314152-14262,GOODS,ORAPOS,INTRAVENOUS OR ARTERIAL TUBING ADMINISTRATION SETS,BMG354212,NURSING 9E TELEMETRY,1611,IV SOLUTIONS AND SETS,MSHS-MEDLINE-COI,,900109,30,30,30,1,30,98.1,98.1,"INTERFACE, HIGHJUMP",BUYER   CONVERSION
MEDLINE INDUSTRIES INC,2022,"ARRHYTHMIA INSTITUTE, 4071",ST LUKES,B BRAUN MEDICAL INC,MEDICAL EQUIPMENT AND ACCESSORIES AND SUPPLIES,TRUE,TRUE,PROCESSED,900109,"900109, IV SOLUTIONS AND SETS",ST LUKES,Yes,354212,B BRAUN MEDICAL INC,9/23/2022 0:00,1314152-16449,GOODS,ORAPOS,INTRAVENOUS OR ARTERIAL TUBING ADMINISTRATION SETS,BMG354212,ARRHYTHMIA INSTITUTE,4071,IV SOLUTIONS AND SETS,MSHS-MEDLINE-COI,,900109,24,24,24,1,24,78.48,78.48,"LINTON, KAREN L",BUYER   CONVERSION
MEDLINE INDUSTRIES INC,2022,"NURSING 6W M S, 1601",ST LUKES,B BRAUN MEDICAL INC,MEDICAL EQUIPMENT AND ACCESSORIES AND SUPPLIES,TRUE,TRUE,PROCESSED,900109,"900109, IV SOLUTIONS AND SETS",ST LUKES,Yes,354212,B BRAUN MEDICAL INC,9/13/2022 0:00,1314152-15222,GOODS,ORAPOS,INTRAVENOUS OR ARTERIAL TUBING ADMINISTRATION SETS,BMG354212,NURSING 6W M S,1601,IV SOLUTIONS AND SETS,MSHS-MEDLINE-COI,,900109,15,15,15,1,15,49.05,49.05,"INTERFACE, HIGHJUMP",BUYER   CONVERSION
MEDLINE INDUSTRIES INC,2022,"HEMATOLOGY ONCOLOGY, 5513",ST LUKES,B BRAUN MEDICAL INC,MEDICAL EQUIPMENT AND ACCESSORIES AND SUPPLIES,TRUE,TRUE,PROCESSED,900109,"900109, IV SOLUTIONS AND SETS",ST LUKES,Yes,354212,B BRAUN MEDICAL INC,9/13/2022 0:00,1314152-15217,GOODS,ORAPOS,INTRAVENOUS OR ARTERIAL TUBING ADMINISTRATION SETS,BMG354212,HEMATOLOGY ONCOLOGY,5513,IV SOLUTIONS AND SETS,MSHS-MEDLINE-COI,,900109,24,24,24,1,24,78.48,78.48,"INTERFACE, HIGHJUMP",BUYER   CONVERSION
MEDLINE INDUSTRIES INC,2022,"NURSING 6E CCU CSICU, 1501",ST LUKES,B BRAUN MEDICAL INC,MEDICAL EQUIPMENT AND ACCESSORIES AND SUPPLIES,TRUE,TRUE,PROCESSED,900109,"900109, IV SOLUTIONS AND SETS",ST LUKES,Yes,354212,B BRAUN MEDICAL INC,9/10/2022 0:00,1314152-14974,GOODS,ORAPOS,INTRAVENOUS OR ARTERIAL TUBING ADMINISTRATION SETS,BMG354212,NURSING 6E CCU CSICU,1501,IV SOLUTIONS AND SETS,MSHS-MEDLINE-COI,,900109,12,12,12,1,12,39.24,39.24,"INTERFACE, HIGHJUMP",BUYER   CONVERSION
MEDLINE INDUSTRIES INC,2022,"HEMODIALYSIS, 4573",ST LUKES,B BRAUN MEDICAL INC,MEDICAL EQUIPMENT AND ACCESSORIES AND SUPPLIES,TRUE,TRUE,PROCESSED,900109,"900109, IV SOLUTIONS AND SETS",ST LUKES,Yes,354212,B BRAUN MEDICAL INC,9/24/2022 0:00,1314152-16586,GOODS,ORAPOS,INTRAVENOUS OR ARTERIAL TUBING ADMINISTRATION SETS,BMG354212,HEMODIALYSIS,4573,IV SOLUTIONS AND SETS,MSHS-MEDLINE-COI,,900109,4,4,4,1,4,13.08,13.08,"INTERFACE, HIGHJUMP",BUYER   CONVERSION
MEDLINE INDUSTRIES INC,2022,"CARDIAC CATHERIZATION, 4058",ST LUKES,B BRAUN MEDICAL INC,MEDICAL EQUIPMENT AND ACCESSORIES AND SUPPLIES,TRUE,TRUE,PROCESSED,900109,"900109, IV SOLUTIONS AND SETS",ST LUKES,Yes,354212,B BRAUN MEDICAL INC,9/22/2022 0:00,1314152-16303,GOODS,ORAPOS,INTRAVENOUS OR ARTERIAL TUBING ADMINISTRATION SETS,BMG354212,CARDIAC CATHERIZATION,4058,IV SOLUTIONS AND SETS,MSHS-MEDLINE-COI,,900109,15,15,15,1,15,49.05,49.05,"ROSARIO, LEYDI LAURA",BUYER   CONVERSION
MEDLINE INDUSTRIES INC,2022,"NURSING CLARK 5 M-S, 1331",ST LUKES,B BRAUN MEDICAL INC,MEDICAL EQUIPMENT AND ACCESSORIES AND SUPPLIES,TRUE,TRUE,PROCESSED,900109,"900109, IV SOLUTIONS AND SETS",ST LUKES,Yes,354212,B BRAUN MEDICAL INC,10/4/2022 0:00,1314152-17664,GOODS,ORAPOS,INTRAVENOUS OR ARTERIAL TUBING ADMINISTRATION SETS,BMG354212,NURSING CLARK 5 M-S,1331,IV SOLUTIONS AND SETS,MSHS-MEDLINE-COI,,900109,20,20,20,1,20,73.4,73.4,"INTERFACE, HIGHJUMP",BUYER   CONVERSION
MEDLINE INDUSTRIES INC,2022,"NURSING 6W M S, 1601",ST LUKES,B BRAUN MEDICAL INC,MEDICAL EQUIPMENT AND ACCESSORIES AND SUPPLIES,TRUE,TRUE,PROCESSED,900109,"900109, IV SOLUTIONS AND SETS",ST LUKES,Yes,354212,B BRAUN MEDICAL INC,9/10/2022 0:00,1314152-14967,GOODS,ORAPOS,INTRAVENOUS OR ARTERIAL TUBING ADMINISTRATION SETS,BMG354212,NURSING 6W M S,1601,IV SOLUTIONS AND SETS,MSHS-MEDLINE-COI,,900109,15,15,15,1,15,49.05,49.05,"INTERFACE, HIGHJUMP",BUYER   CONVERSION
MEDLINE INDUSTRIES INC,2022,"NURSING 7W M S, 1341",ST LUKES,B BRAUN MEDICAL INC,MEDICAL EQUIPMENT AND ACCESSORIES AND SUPPLIES,TRUE,TRUE,PROCESSED,900109,"900109, IV SOLUTIONS AND SETS",ST LUKES,Yes,354212,B BRAUN MEDICAL INC,9/12/2022 0:00,1314152-15071,GOODS,ORAPOS,INTRAVENOUS OR ARTERIAL TUBING ADMINISTRATION SETS,BMG354212,NURSING 7W M S,1341,IV SOLUTIONS AND SETS,MSHS-MEDLINE-COI,,900109,15,15,15,1,15,49.05,49.05,"INTERFACE, HIGHJUMP",BUYER   CONVERSION
MEDLINE INDUSTRIES INC,2022,"ARRHYTHMIA INSTITUTE, 4071",ST LUKES,B BRAUN MEDICAL INC,MEDICAL EQUIPMENT AND ACCESSORIES AND SUPPLIES,TRUE,TRUE,PROCESSED,900109,"900109, IV SOLUTIONS AND SETS",ST LUKES,Yes,354212,B BRAUN MEDICAL INC,9/1/2022 0:00,1314152-14018,GOODS,ORAPOS,INTRAVENOUS OR ARTERIAL TUBING ADMINISTRATION SETS,MBB354212,ARRHYTHMIA INSTITUTE,4071,IV SOLUTIONS AND SETS,MSHS-MEDLINE-COI,,900109,1,1,1,24,24,78.41,78.41,"LINTON, KAREN L",BUYER   CONVERSION
MEDLINE INDUSTRIES INC,2022,"EMERGENCY DEPARTMENT ADMINISTRATION, 5700",ST LUKES,B BRAUN MEDICAL INC,MEDICAL EQUIPMENT AND ACCESSORIES AND SUPPLIES,TRUE,TRUE,PROCESSED,900109,"900109, IV SOLUTIONS AND SETS",ST LUKES,Yes,354212,B BRAUN MEDICAL INC,9/17/2022 0:00,1314152-15785,GOODS,ORAPOS,INTRAVENOUS OR ARTERIAL TUBING ADMINISTRATION SETS,MBB354212,EMERGENCY DEPARTMENT ADMINISTRATION,5700,IV SOLUTIONS AND SETS,MSHS-MEDLINE-COI,,900109,2,2,2,24,48,156.82,156.82,"INTERFACE, HIGHJUMP",BUYER   CONVERSION
MEDLINE INDUSTRIES INC,2022,"EMERGENCY DEPARTMENT ADMINISTRATION, 5700",ST LUKES,B BRAUN MEDICAL INC,MEDICAL EQUIPMENT AND ACCESSORIES AND SUPPLIES,TRUE,TRUE,PROCESSED,900109,"900109, IV SOLUTIONS AND SETS",ST LUKES,Yes,354212,B BRAUN MEDICAL INC,9/22/2022 0:00,1314152-16322,GOODS,ORAPOS,INTRAVENOUS OR ARTERIAL TUBING ADMINISTRATION SETS,BMG354212,EMERGENCY DEPARTMENT ADMINISTRATION,5700,IV SOLUTIONS AND SETS,MSHS-MEDLINE-COI,,900109,2,2,2,24,48,156.82,156.82,"INTERFACE, HIGHJUMP",BUYER   CONVERSION
MEDLINE INDUSTRIES INC,2022,"ARRHYTHMIA INSTITUTE, 4071",ST LUKES,B BRAUN MEDICAL INC,MEDICAL EQUIPMENT AND ACCESSORIES AND SUPPLIES,TRUE,TRUE,PROCESSED,900109,"900109, IV SOLUTIONS AND SETS",ST LUKES,Yes,354212,B BRAUN MEDICAL INC,9/14/2022 0:00,1314152-15426,GOODS,ORAPOS,INTRAVENOUS OR ARTERIAL TUBING ADMINISTRATION SETS,BMG354212,ARRHYTHMIA INSTITUTE,4071,IV SOLUTIONS AND SETS,MSHS-MEDLINE-COI,,900109,1,1,1,24,24,78.41,78.41,"LINTON, KAREN L",BUYER   CONVERSION
MEDLINE INDUSTRIES INC,2022,"MATERIALS MANAGEMENT STORE ROOM, 8835",MOUNT SINAI BROOKLYN,B. BRAUN MEDICAL,MEDICAL EQUIPMENT AND ACCESSORIES AND SUPPLIES,TRUE,TRUE,PROCESSED,900109,"900109, IV SOLUTIONS AND SETS",MOUNT SINAI BROOKLYN,Yes,354212,B. BRAUN MEDICAL,9/12/2022 0:00,1338782,GOODS,ORAPOS,INTRAVENOUS OR ARTERIAL TUBING ADMINISTRATION SETS,MBB354212,MATERIALS MANAGEMENT STORE ROOM,8835,IV SOLUTIONS AND SETS,MSHS-MEDLINE-COI,,900109,7,7,7,24,168,548.87,548.87,"GANGADYAL, CHATRADYAL",CAPATULA   ALICIA
MEDLINE INDUSTRIES INC,2022,"PHARMACY, 9400",MOUNT SINAI BROOKLYN,B BRAUN MEDICAL INC,MEDICAL EQUIPMENT AND ACCESSORIES AND SUPPLIES,TRUE,TRUE,PROCESSED,900109,"900109, IV SOLUTIONS AND SETS",MOUNT SINAI BROOKLYN,Yes,354212,B BRAUN MEDICAL INC,11/1/2022 0:00,1314152-21080,GOODS,ORAPOS,INTRAVENOUS OR ARTERIAL TUBING ADMINISTRATION SETS,BMG354212,PHARMACY,9400,IV SOLUTIONS AND SETS,MSHS-MEDLINE-COI,,900109,5,5,5,1,5,18.352,18.352,"INTERFACE, HIGHJUMP",BUYER   CONVERSION
MEDLINE INDUSTRIES INC,2022,"PHARMACY, 9400",MOUNT SINAI BROOKLYN,B BRAUN MEDICAL INC,MEDICAL EQUIPMENT AND ACCESSORIES AND SUPPLIES,TRUE,TRUE,PROCESSED,900109,"900109, IV SOLUTIONS AND SETS",MOUNT SINAI BROOKLYN,Yes,354212,B BRAUN MEDICAL INC,10/11/2022 0:00,1314152-18463,GOODS,ORAPOS,INTRAVENOUS OR ARTERIAL TUBING ADMINISTRATION SETS,BMG354212,PHARMACY,9400,IV SOLUTIONS AND SETS,MSHS-MEDLINE-COI,,900109,13,13,13,1,13,47.7152,47.7152,"INTERFACE, HIGHJUMP",BUYER   CONVERSION
MEDLINE INDUSTRIES INC,2022,"PHARMACY, 9400",MOUNT SINAI BROOKLYN,B BRAUN MEDICAL INC,MEDICAL EQUIPMENT AND ACCESSORIES AND SUPPLIES,TRUE,TRUE,PROCESSED,900109,"900109, IV SOLUTIONS AND SETS",MOUNT SINAI BROOKLYN,Yes,354212,B BRAUN MEDICAL INC,10/17/2022 0:00,1314152-19201,GOODS,ORAPOS,INTRAVENOUS OR ARTERIAL TUBING ADMINISTRATION SETS,BMG354212,PHARMACY,9400,IV SOLUTIONS AND SETS,MSHS-MEDLINE-COI,,900109,15,15,15,1,15,55.056,55.056,"INTERFACE, HIGHJUMP",BUYER   CONVERSION
MEDLINE INDUSTRIES INC,2022,"NURSING 3 NORTH M-S, 1237",MOUNT SINAI BROOKLYN,B BRAUN MEDICAL INC,MEDICAL EQUIPMENT AND ACCESSORIES AND SUPPLIES,TRUE,TRUE,PROCESSED,900109,"900109, IV SOLUTIONS AND SETS",MOUNT SINAI BROOKLYN,Yes,354212,B BRAUN MEDICAL INC,10/12/2022 0:00,1314152-18637,GOODS,ORAPOS,INTRAVENOUS OR ARTERIAL TUBING ADMINISTRATION SETS,MBB354212,NURSING 3 NORTH M-S,1237,IV SOLUTIONS AND SETS,MSHS-MEDLINE-COI,,900109,21,21,21,1,21,77.0784,77.0784,"INTERFACE, HIGHJUMP",BUYER   CONVERSION
MEDLINE INDUSTRIES INC,2022,"MATERIALS MANAGEMENT STORE ROOM, 8835",MOUNT SINAI BROOKLYN,B BRAUN MEDICAL INC,MEDICAL EQUIPMENT AND ACCESSORIES AND SUPPLIES,TRUE,TRUE,PROCESSED,900109,"900109, IV SOLUTIONS AND SETS",MOUNT SINAI BROOKLYN,Yes,354212,B BRAUN MEDICAL INC,9/15/2022 0:00,1314152-15498,GOODS,ORAPOS,INTRAVENOUS OR ARTERIAL TUBING ADMINISTRATION SETS,BMG354212,MATERIALS MANAGEMENT STORE ROOM,8835,IV SOLUTIONS AND SETS,MSHS-MEDLINE-COI,,900109,4,4,4,24,96,313.64,313.64,"GANGADYAL, CHATRADYAL",BUYER   CONVERSION
MEDLINE INDUSTRIES INC,2022,"MATERIALS MANAGEMENT RECEIVING, 8840",MOUNT SINAI BROOKLYN,B BRAUN MEDICAL INC,MEDICAL EQUIPMENT AND ACCESSORIES AND SUPPLIES,TRUE,TRUE,PROCESSED,900109,"900109, IV SOLUTIONS AND SETS",MOUNT SINAI BROOKLYN,Yes,354212,B BRAUN MEDICAL INC,9/29/2022 0:00,1314152-17186,GOODS,ORAPOS,INTRAVENOUS OR ARTERIAL TUBING ADMINISTRATION SETS,BMG354212,MATERIALS MANAGEMENT RECEIVING,8840,IV SOLUTIONS AND SETS,MSHS-MEDLINE-COI,,900109,4,4,4,24,96,313.64,313.64,"ZAMOR, KEVIN",BUYER   CONVERSION
MEDLINE INDUSTRIES INC,2022,"MATERIALS MANAGEMENT STORE ROOM, 8835",MOUNT SINAI BROOKLYN,B BRAUN MEDICAL INC,MEDICAL EQUIPMENT AND ACCESSORIES AND SUPPLIES,TRUE,TRUE,PROCESSED,900109,"900109, IV SOLUTIONS AND SETS",MOUNT SINAI BROOKLYN,Yes,354212,B BRAUN MEDICAL INC,9/14/2022 0:00,1314152-15374,GOODS,ORAPOS,INTRAVENOUS OR ARTERIAL TUBING ADMINISTRATION SETS,MBB354212,MATERIALS MANAGEMENT STORE ROOM,8835,IV SOLUTIONS AND SETS,MSHS-MEDLINE-COI,,900109,6,6,6,24,144,470.46,470.46,"GANGADYAL, CHATRADYAL",BUYER   CONVERSION
MEDLINE INDUSTRIES INC,2023,"PHARMACY, 9400",MOUNT SINAI BROOKLYN,B BRAUN MEDICAL INC,MEDICAL EQUIPMENT AND ACCESSORIES AND SUPPLIES,TRUE,TRUE,PROCESSED,900109,"900109, IV SOLUTIONS AND SETS",MOUNT SINAI BROOKLYN,Yes,354212,B BRAUN MEDICAL INC,3/30/2023 0:00,1314152-39746,GOODS,ORAPOS,INTRAVENOUS OR ARTERIAL TUBING ADMINISTRATION SETS,MBB354212,PHARMACY,9400,IV SOLUTIONS AND SETS,MSHS-MEDLINE-COI,,900109,20,20,20,1,20,73.408,73.408,"INTERFACE, HIGHJUMP",BUYER   CONVERSION
MEDLINE INDUSTRIES INC,2022,"NURSING 14B M-S, 1251",MOUNT SINAI WEST,B BRAUN MEDICAL INC,MEDICAL EQUIPMENT AND ACCESSORIES AND SUPPLIES,TRUE,TRUE,PROCESSED,900109,"900109, IV SOLUTIONS AND SETS",MOUNT SINAI WEST,Yes,354212,B BRAUN MEDICAL INC,9/7/2022 0:00,1314152-14607,GOODS,ORAPOS,INTRAVENOUS OR ARTERIAL TUBING ADMINISTRATION SETS,BMG354212,NURSING 14B M-S,1251,IV SOLUTIONS AND SETS,MSHS-MEDLINE-COI,,900109,5,5,5,1,5,16.35,16.35,"INTERFACE, HIGHJUMP",BUYER   CONVERSION
MEDLINE INDUSTRIES INC,2022,"NURSING 8B M-S, 2321",MOUNT SINAI WEST,B BRAUN MEDICAL INC,MEDICAL EQUIPMENT AND ACCESSORIES AND SUPPLIES,TRUE,TRUE,PROCESSED,900109,"900109, IV SOLUTIONS AND SETS",MOUNT SINAI WEST,Yes,354212,B BRAUN MEDICAL INC,9/9/2022 0:00,1314152-14813,GOODS,ORAPOS,INTRAVENOUS OR ARTERIAL TUBING ADMINISTRATION SETS,BMG354212,NURSING 8B M-S,2321,IV SOLUTIONS AND SETS,MSHS-MEDLINE-COI,,900109,9,9,9,1,9,29.43,29.43,"INTERFACE, HIGHJUMP",BUYER   CONVERSION
MEDLINE INDUSTRIES INC,2022,"NURSING 10A M-S, 1221",MOUNT SINAI WEST,B BRAUN MEDICAL INC,MEDICAL EQUIPMENT AND ACCESSORIES AND SUPPLIES,TRUE,TRUE,PROCESSED,900109,"900109, IV SOLUTIONS AND SETS",MOUNT SINAI WEST,Yes,354212,B BRAUN MEDICAL INC,9/16/2022 0:00,1314152-15641,GOODS,ORAPOS,INTRAVENOUS OR ARTERIAL TUBING ADMINISTRATION SETS,BMG354212,NURSING 10A M-S,1221,IV SOLUTIONS AND SETS,MSHS-MEDLINE-COI,,900109,10,10,10,1,10,32.7,32.7,"INTERFACE, HIGHJUMP",BUYER   CONVERSION
MEDLINE INDUSTRIES INC,2022,"NURSING 9A M-S RVT, 1231",MOUNT SINAI WEST,B BRAUN MEDICAL INC,MEDICAL EQUIPMENT AND ACCESSORIES AND SUPPLIES,TRUE,TRUE,PROCESSED,900109,"900109, IV SOLUTIONS AND SETS",MOUNT SINAI WEST,Yes,354212,B BRAUN MEDICAL INC,9/22/2022 0:00,1314152-16343,GOODS,ORAPOS,INTRAVENOUS OR ARTERIAL TUBING ADMINISTRATION SETS,BMG354212,NURSING 9A M-S RVT,1231,IV SOLUTIONS AND SETS,MSHS-MEDLINE-COI,,900109,10,10,10,1,10,32.7,32.7,"INTERFACE, HIGHJUMP",BUYER   CONVERSION
MEDLINE INDUSTRIES INC,2022,"NURSING 3G REHAB, 1701",MOUNT SINAI WEST,B BRAUN MEDICAL INC,MEDICAL EQUIPMENT AND ACCESSORIES AND SUPPLIES,TRUE,TRUE,PROCESSED,900109,"900109, IV SOLUTIONS AND SETS",MOUNT SINAI WEST,Yes,354212,B BRAUN MEDICAL INC,9/28/2022 0:00,1314152-17051,GOODS,ORAPOS,INTRAVENOUS OR ARTERIAL TUBING ADMINISTRATION SETS,BMG354212,NURSING 3G REHAB,1701,IV SOLUTIONS AND SETS,MSHS-MEDLINE-COI,,900109,10,10,10,1,10,32.7,32.7,"INTERFACE, HIGHJUMP",BUYER   CONVERSION
MEDLINE INDUSTRIES INC,2022,"NURSING 14B M-S, 1251",MOUNT SINAI WEST,B BRAUN MEDICAL INC,MEDICAL EQUIPMENT AND ACCESSORIES AND SUPPLIES,TRUE,TRUE,PROCESSED,900109,"900109, IV SOLUTIONS AND SETS",MOUNT SINAI WEST,Yes,354212,B BRAUN MEDICAL INC,9/6/2022 0:00,1314152-14387,GOODS,ORAPOS,INTRAVENOUS OR ARTERIAL TUBING ADMINISTRATION SETS,BMG354212,NURSING 14B M-S,1251,IV SOLUTIONS AND SETS,MSHS-MEDLINE-COI,,900109,12,12,12,1,12,39.24,39.24,"INTERFACE, HIGHJUMP",BUYER   CONVERSION
MEDLINE INDUSTRIES INC,2022,"GI UNIT, 4510",MOUNT SINAI WEST,B BRAUN MEDICAL INC,MEDICAL EQUIPMENT AND ACCESSORIES AND SUPPLIES,TRUE,TRUE,PROCESSED,900109,"900109, IV SOLUTIONS AND SETS",MOUNT SINAI WEST,Yes,354212,B BRAUN MEDICAL INC,9/2/2022 0:00,1314152-14075,GOODS,ORAPOS,INTRAVENOUS OR ARTERIAL TUBING ADMINISTRATION SETS,BMG354212,GI UNIT,4510,IV SOLUTIONS AND SETS,MSHS-MEDLINE-COI,,900109,16,16,16,1,16,52.32,52.32,"INTERFACE, HIGHJUMP",BUYER   CONVERSION
MEDLINE INDUSTRIES INC,2022,"NURSING 9A M-S RVT, 1231",MOUNT SINAI WEST,B BRAUN MEDICAL INC,MEDICAL EQUIPMENT AND ACCESSORIES AND SUPPLIES,TRUE,TRUE,PROCESSED,900109,"900109, IV SOLUTIONS AND SETS",MOUNT SINAI WEST,Yes,354212,B BRAUN MEDICAL INC,9/7/2022 0:00,1314152-14566,GOODS,ORAPOS,INTRAVENOUS OR ARTERIAL TUBING ADMINISTRATION SETS,BMG354212,NURSING 9A M-S RVT,1231,IV SOLUTIONS AND SETS,MSHS-MEDLINE-COI,,900109,16,16,16,1,16,52.32,52.32,"INTERFACE, HIGHJUMP",BUYER   CONVERSION
MEDLINE INDUSTRIES INC,2022,"NURSING 9A M-S RVT, 1231",MOUNT SINAI WEST,B BRAUN MEDICAL INC,MEDICAL EQUIPMENT AND ACCESSORIES AND SUPPLIES,TRUE,TRUE,PROCESSED,900109,"900109, IV SOLUTIONS AND SETS",MOUNT SINAI WEST,Yes,354212,B BRAUN MEDICAL INC,9/10/2022 0:00,1314152-14959,GOODS,ORAPOS,INTRAVENOUS OR ARTERIAL TUBING ADMINISTRATION SETS,BMG354212,NURSING 9A M-S RVT,1231,IV SOLUTIONS AND SETS,MSHS-MEDLINE-COI,,900109,16,16,16,1,16,52.32,52.32,"INTERFACE, HIGHJUMP",BUYER   CONVERSION
MEDLINE INDUSTRIES INC,2022,"GI UNIT, 4510",MOUNT SINAI WEST,B BRAUN MEDICAL INC,MEDICAL EQUIPMENT AND ACCESSORIES AND SUPPLIES,TRUE,TRUE,PROCESSED,900109,"900109, IV SOLUTIONS AND SETS",MOUNT SINAI WEST,Yes,354212,B BRAUN MEDICAL INC,9/29/2022 0:00,1314152-17105,GOODS,ORAPOS,INTRAVENOUS OR ARTERIAL TUBING ADMINISTRATION SETS,BMG354212,GI UNIT,4510,IV SOLUTIONS AND SETS,MSHS-MEDLINE-COI,,900109,16,16,16,1,16,52.32,52.32,"INTERFACE, HIGHJUMP",BUYER   CONVERSION
MEDLINE INDUSTRIES INC,2022,"NURSING 14B M-S, 1251",MOUNT SINAI WEST,B BRAUN MEDICAL INC,MEDICAL EQUIPMENT AND ACCESSORIES AND SUPPLIES,TRUE,TRUE,PROCESSED,900109,"900109, IV SOLUTIONS AND SETS",MOUNT SINAI WEST,Yes,354212,B BRAUN MEDICAL INC,9/15/2022 0:00,1314152-15590,GOODS,ORAPOS,INTRAVENOUS OR ARTERIAL TUBING ADMINISTRATION SETS,BMG354212,NURSING 14B M-S,1251,IV SOLUTIONS AND SETS,MSHS-MEDLINE-COI,,900109,20,20,20,1,20,65.4,65.4,"INTERFACE, HIGHJUMP",BUYER   CONVERSION
MEDLINE INDUSTRIES INC,2022,"NURSING 10B M-S, 1301",MOUNT SINAI WEST,B BRAUN MEDICAL INC,MEDICAL EQUIPMENT AND ACCESSORIES AND SUPPLIES,TRUE,TRUE,PROCESSED,900109,"900109, IV SOLUTIONS AND SETS",MOUNT SINAI WEST,Yes,354212,B BRAUN MEDICAL INC,9/17/2022 0:00,1314152-15797,GOODS,ORAPOS,INTRAVENOUS OR ARTERIAL TUBING ADMINISTRATION SETS,BMG354212,NURSING 10B M-S,1301,IV SOLUTIONS AND SETS,MSHS-MEDLINE-COI,,900109,20,20,20,1,20,65.4,65.4,"INTERFACE, HIGHJUMP",BUYER   CONVERSION
MEDLINE INDUSTRIES INC,2022,"NURSING 10B M-S, 1301",MOUNT SINAI WEST,B BRAUN MEDICAL INC,MEDICAL EQUIPMENT AND ACCESSORIES AND SUPPLIES,TRUE,TRUE,PROCESSED,900109,"900109, IV SOLUTIONS AND SETS",MOUNT SINAI WEST,Yes,354212,B BRAUN MEDICAL INC,9/14/2022 0:00,1314152-15420,GOODS,ORAPOS,INTRAVENOUS OR ARTERIAL TUBING ADMINISTRATION SETS,BMG354212,NURSING 10B M-S,1301,IV SOLUTIONS AND SETS,MSHS-MEDLINE-COI,,900109,20,20,20,1,20,65.4,65.4,"INTERFACE, HIGHJUMP",BUYER   CONVERSION
MEDLINE INDUSTRIES INC,2022,"ANESTHESIOLOGY, 4280",MOUNT SINAI WEST,B BRAUN MEDICAL INC,MEDICAL EQUIPMENT AND ACCESSORIES AND SUPPLIES,TRUE,TRUE,PROCESSED,900109,"900109, IV SOLUTIONS AND SETS",MOUNT SINAI WEST,Yes,354212,B BRAUN MEDICAL INC,9/14/2022 0:00,1314152-15328,GOODS,ORAPOS,INTRAVENOUS OR ARTERIAL TUBING ADMINISTRATION SETS,BMG354212,ANESTHESIOLOGY,4280,IV SOLUTIONS AND SETS,MSHS-MEDLINE-COI,,900109,20,20,20,1,20,65.4,65.4,"INTERFACE, HIGHJUMP",BUYER   CONVERSION
MEDLINE INDUSTRIES INC,2022,"EMERGENCY DEPARTMENT ADMINISTRATION, 5700",MOUNT SINAI WEST,B BRAUN MEDICAL INC,MEDICAL EQUIPMENT AND ACCESSORIES AND SUPPLIES,TRUE,TRUE,PROCESSED,900109,"900109, IV SOLUTIONS AND SETS",MOUNT SINAI WEST,Yes,354212,B BRAUN MEDICAL INC,9/28/2022 0:00,1314152-17090,GOODS,ORAPOS,INTRAVENOUS OR ARTERIAL TUBING ADMINISTRATION SETS,MBB354212,EMERGENCY DEPARTMENT ADMINISTRATION,5700,IV SOLUTIONS AND SETS,MSHS-MEDLINE-COI,,900109,21,21,21,1,21,68.67,68.67,"INTERFACE, HIGHJUMP",BUYER   CONVERSION
MEDLINE INDUSTRIES INC,2022,"GI UNIT, 4510",MOUNT SINAI WEST,B BRAUN MEDICAL INC,MEDICAL EQUIPMENT AND ACCESSORIES AND SUPPLIES,TRUE,TRUE,PROCESSED,900109,"900109, IV SOLUTIONS AND SETS",MOUNT SINAI WEST,Yes,354212,B BRAUN MEDICAL INC,9/8/2022 0:00,1314152-14626,GOODS,ORAPOS,INTRAVENOUS OR ARTERIAL TUBING ADMINISTRATION SETS,BMG354212,GI UNIT,4510,IV SOLUTIONS AND SETS,MSHS-MEDLINE-COI,,900109,26,26,26,1,26,85.02,85.02,"INTERFACE, HIGHJUMP",BUYER   CONVERSION
MEDLINE INDUSTRIES INC,2022,"GI UNIT, 4510",MOUNT SINAI WEST,B BRAUN MEDICAL INC,MEDICAL EQUIPMENT AND ACCESSORIES AND SUPPLIES,TRUE,TRUE,PROCESSED,900109,"900109, IV SOLUTIONS AND SETS",MOUNT SINAI WEST,Yes,354212,B BRAUN MEDICAL INC,9/16/2022 0:00,1314152-15598,GOODS,ORAPOS,INTRAVENOUS OR ARTERIAL TUBING ADMINISTRATION SETS,BMG354212,GI UNIT,4510,IV SOLUTIONS AND SETS,MSHS-MEDLINE-COI,,900109,26,26,26,1,26,85.02,85.02,"INTERFACE, HIGHJUMP",BUYER   CONVERSION
MEDLINE INDUSTRIES INC,2022,"NURSING 9A M-S RVT, 1231",MOUNT SINAI WEST,B BRAUN MEDICAL INC,MEDICAL EQUIPMENT AND ACCESSORIES AND SUPPLIES,TRUE,TRUE,PROCESSED,900109,"900109, IV SOLUTIONS AND SETS",MOUNT SINAI WEST,Yes,354212,B BRAUN MEDICAL INC,9/1/2022 0:00,1314152-14029,GOODS,ORAPOS,INTRAVENOUS OR ARTERIAL TUBING ADMINISTRATION SETS,BMG354212,NURSING 9A M-S RVT,1231,IV SOLUTIONS AND SETS,MSHS-MEDLINE-COI,,900109,31,31,31,1,31,101.37,101.37,"INTERFACE, HIGHJUMP",BUYER   CONVERSION
MEDLINE INDUSTRIES INC,2022,"LABOR AND DELIVERY, 1901",MOUNT SINAI WEST,B BRAUN MEDICAL INC,MEDICAL EQUIPMENT AND ACCESSORIES AND SUPPLIES,TRUE,TRUE,PROCESSED,900109,"900109, IV SOLUTIONS AND SETS",MOUNT SINAI WEST,Yes,354212,B BRAUN MEDICAL INC,9/12/2022 0:00,1314152-15092,GOODS,ORAPOS,INTRAVENOUS OR ARTERIAL TUBING ADMINISTRATION SETS,BMG354212,LABOR AND DELIVERY,1901,IV SOLUTIONS AND SETS,MSHS-MEDLINE-COI,,900109,40,40,40,1,40,130.8,130.8,"INTERFACE, HIGHJUMP",BUYER   CONVERSION
MEDLINE INDUSTRIES INC,2022,"LABOR AND DELIVERY, 1901",MOUNT SINAI WEST,B BRAUN MEDICAL INC,MEDICAL EQUIPMENT AND ACCESSORIES AND SUPPLIES,TRUE,TRUE,PROCESSED,900109,"900109, IV SOLUTIONS AND SETS",MOUNT SINAI WEST,Yes,354212,B BRAUN MEDICAL INC,9/7/2022 0:00,1314152-14571,GOODS,ORAPOS,INTRAVENOUS OR ARTERIAL TUBING ADMINISTRATION SETS,BMG354212,LABOR AND DELIVERY,1901,IV SOLUTIONS AND SETS,MSHS-MEDLINE-COI,,900109,40,40,40,1,40,130.8,130.8,"INTERFACE, HIGHJUMP",BUYER   CONVERSION
MEDLINE INDUSTRIES INC,2022,"ANESTHESIOLOGY, 4280",MOUNT SINAI WEST,B BRAUN MEDICAL INC,MEDICAL EQUIPMENT AND ACCESSORIES AND SUPPLIES,TRUE,TRUE,PROCESSED,900109,"900109, IV SOLUTIONS AND SETS",MOUNT SINAI WEST,Yes,354212,B BRAUN MEDICAL INC,9/29/2022 0:00,1314152-17223,GOODS,ORAPOS,INTRAVENOUS OR ARTERIAL TUBING ADMINISTRATION SETS,BMG354212,ANESTHESIOLOGY,4280,IV SOLUTIONS AND SETS,MSHS-MEDLINE-COI,,900109,40,40,40,1,40,130.8,130.8,"INTERFACE, HIGHJUMP",BUYER   CONVERSION
MEDLINE INDUSTRIES INC,2022,"LABOR AND DELIVERY, 1901",MOUNT SINAI WEST,B BRAUN MEDICAL INC,MEDICAL EQUIPMENT AND ACCESSORIES AND SUPPLIES,TRUE,TRUE,PROCESSED,900109,"900109, IV SOLUTIONS AND SETS",MOUNT SINAI WEST,Yes,354212,B BRAUN MEDICAL INC,9/29/2022 0:00,1314152-17204,GOODS,ORAPOS,INTRAVENOUS OR ARTERIAL TUBING ADMINISTRATION SETS,BMG354212,LABOR AND DELIVERY,1901,IV SOLUTIONS AND SETS,MSHS-MEDLINE-COI,,900109,40,40,40,1,40,130.8,130.8,"INTERFACE, HIGHJUMP",BUYER   CONVERSION
MEDLINE INDUSTRIES INC,2022,"LABOR AND DELIVERY, 1901",MOUNT SINAI WEST,B BRAUN MEDICAL INC,MEDICAL EQUIPMENT AND ACCESSORIES AND SUPPLIES,TRUE,TRUE,PROCESSED,900109,"900109, IV SOLUTIONS AND SETS",MOUNT SINAI WEST,Yes,354212,B BRAUN MEDICAL INC,9/14/2022 0:00,1314152-15378,GOODS,ORAPOS,INTRAVENOUS OR ARTERIAL TUBING ADMINISTRATION SETS,BMG354212,LABOR AND DELIVERY,1901,IV SOLUTIONS AND SETS,MSHS-MEDLINE-COI,,900109,60,60,60,1,60,196.2,196.2,"INTERFACE, HIGHJUMP",BUYER   CONVERSION
MEDLINE INDUSTRIES INC,2022,"PHARMACY, 9400",MOUNT SINAI WEST,B BRAUN MEDICAL INC,MEDICAL EQUIPMENT AND ACCESSORIES AND SUPPLIES,TRUE,TRUE,PROCESSED,900109,"900109, IV SOLUTIONS AND SETS",MOUNT SINAI WEST,Yes,354212,B BRAUN MEDICAL INC,9/16/2022 0:00,1314152-15614,GOODS,ORAPOS,INTRAVENOUS OR ARTERIAL TUBING ADMINISTRATION SETS,BMG354212,PHARMACY,9400,IV SOLUTIONS AND SETS,MSHS-MEDLINE-COI,,900109,2,2,2,24,48,156.82,156.82,"ZUASOLA, JOVILYN B",BUYER   CONVERSION
MEDLINE INDUSTRIES INC,2022,"ANESTHESIOLOGY, 4280",MOUNT SINAI WEST,B BRAUN MEDICAL INC,MEDICAL EQUIPMENT AND ACCESSORIES AND SUPPLIES,TRUE,TRUE,PROCESSED,900109,"900109, IV SOLUTIONS AND SETS",MOUNT SINAI WEST,Yes,354212,B BRAUN MEDICAL INC,9/9/2022 0:00,1314152-14874,GOODS,ORAPOS,INTRAVENOUS OR ARTERIAL TUBING ADMINISTRATION SETS,BMG354212,ANESTHESIOLOGY,4280,IV SOLUTIONS AND SETS,MSHS-MEDLINE-COI,,900109,3,3,3,24,72,235.23,235.23,"INTERFACE, HIGHJUMP",BUYER   CONVERSION
MEDLINE INDUSTRIES INC,2022,"ANESTHESIOLOGY, 4280",MOUNT SINAI WEST,B BRAUN MEDICAL INC,MEDICAL EQUIPMENT AND ACCESSORIES AND SUPPLIES,TRUE,TRUE,PROCESSED,900109,"900109, IV SOLUTIONS AND SETS",MOUNT SINAI WEST,Yes,354212,B BRAUN MEDICAL INC,9/27/2022 0:00,1314152-16832,GOODS,ORAPOS,INTRAVENOUS OR ARTERIAL TUBING ADMINISTRATION SETS,MBB354212,ANESTHESIOLOGY,4280,IV SOLUTIONS AND SETS,MSHS-MEDLINE-COI,,900109,6,6,6,24,144,470.46,470.46,"INTERFACE, HIGHJUMP",BUYER   CONVERSION
MEDLINE INDUSTRIES INC,2022,"ANESTHESIOLOGY, 4280",MOUNT SINAI WEST,B BRAUN MEDICAL INC,MEDICAL EQUIPMENT AND ACCESSORIES AND SUPPLIES,TRUE,TRUE,PROCESSED,900109,"900109, IV SOLUTIONS AND SETS",MOUNT SINAI WEST,Yes,354212,B BRAUN MEDICAL INC,9/13/2022 0:00,1314152-15233,GOODS,ORAPOS,INTRAVENOUS OR ARTERIAL TUBING ADMINISTRATION SETS,BMG354212,ANESTHESIOLOGY,4280,IV SOLUTIONS AND SETS,MSHS-MEDLINE-COI,,900109,6,6,6,24,144,470.46,470.46,"INTERFACE, HIGHJUMP",BUYER   CONVERSION
MEDLINE INDUSTRIES INC,2022,"EMERGENCY DEPARTMENT ADMINISTRATION, 5700",PETRIE,B BRAUN MEDICAL INC,MEDICAL EQUIPMENT AND ACCESSORIES AND SUPPLIES,TRUE,TRUE,PROCESSED,900109,"900109, IV SOLUTIONS AND SETS",PETRIE,Yes,354212,B BRAUN MEDICAL INC,9/29/2022 0:00,1314152-17205,GOODS,ORAPOS,INTRAVENOUS OR ARTERIAL TUBING ADMINISTRATION SETS,MBB354212,EMERGENCY DEPARTMENT ADMINISTRATION,5700,IV SOLUTIONS AND SETS,MSHS-MEDLINE-COI,,900109,6,6,6,1,6,19.62,19.62,"INTERFACE, HIGHJUMP",BUYER   CONVERSION
MEDLINE INDUSTRIES INC,2022,"EMERGENCY DEPARTMENT ADMINISTRATION, 5700",PETRIE,B BRAUN MEDICAL INC,MEDICAL EQUIPMENT AND ACCESSORIES AND SUPPLIES,TRUE,TRUE,PROCESSED,900109,"900109, IV SOLUTIONS AND SETS",PETRIE,Yes,354212,B BRAUN MEDICAL INC,9/2/2022 0:00,1314152-14206,GOODS,ORAPOS,INTRAVENOUS OR ARTERIAL TUBING ADMINISTRATION SETS,BMG354212,EMERGENCY DEPARTMENT ADMINISTRATION,5700,IV SOLUTIONS AND SETS,MSHS-MEDLINE-COI,,900109,6,6,6,1,6,19.62,19.62,"INTERFACE, HIGHJUMP",BUYER   CONVERSION
MEDLINE INDUSTRIES INC,2022,"EMERGENCY DEPARTMENT ADMINISTRATION, 5700",PETRIE,B BRAUN MEDICAL INC,MEDICAL EQUIPMENT AND ACCESSORIES AND SUPPLIES,TRUE,TRUE,PROCESSED,900109,"900109, IV SOLUTIONS AND SETS",PETRIE,Yes,354212,B BRAUN MEDICAL INC,9/8/2022 0:00,1314152-14740,GOODS,ORAPOS,INTRAVENOUS OR ARTERIAL TUBING ADMINISTRATION SETS,BMG354212,EMERGENCY DEPARTMENT ADMINISTRATION,5700,IV SOLUTIONS AND SETS,MSHS-MEDLINE-COI,,900109,6,6,6,1,6,19.62,19.62,"INTERFACE, HIGHJUMP",BUYER   CONVERSION
MEDLINE INDUSTRIES INC,2022,"EMERGENCY DEPARTMENT ADMINISTRATION, 5700",PETRIE,B BRAUN MEDICAL INC,MEDICAL EQUIPMENT AND ACCESSORIES AND SUPPLIES,TRUE,TRUE,PROCESSED,900109,"900109, IV SOLUTIONS AND SETS",PETRIE,Yes,354212,B BRAUN MEDICAL INC,9/30/2022 0:00,1314152-17382,GOODS,ORAPOS,INTRAVENOUS OR ARTERIAL TUBING ADMINISTRATION SETS,BMG354212,EMERGENCY DEPARTMENT ADMINISTRATION,5700,IV SOLUTIONS AND SETS,MSHS-MEDLINE-COI,,900109,6,6,6,1,6,19.62,19.62,"INTERFACE, HIGHJUMP",BUYER   CONVERSION
MEDLINE INDUSTRIES INC,2022,"NURSING 8 SILVER PLANETREE M-S, 1294",PETRIE,B BRAUN MEDICAL INC,MEDICAL EQUIPMENT AND ACCESSORIES AND SUPPLIES,TRUE,TRUE,PROCESSED,900109,"900109, IV SOLUTIONS AND SETS",PETRIE,Yes,354212,B BRAUN MEDICAL INC,9/7/2022 0:00,1314152-14477,GOODS,ORAPOS,INTRAVENOUS OR ARTERIAL TUBING ADMINISTRATION SETS,MBB354212,NURSING 8 SILVER PLANETREE M-S,1294,IV SOLUTIONS AND SETS,MSHS-MEDLINE-COI,,900109,12,12,12,1,12,39.24,39.24,"INTERFACE, HIGHJUMP",BUYER   CONVERSION
MEDLINE INDUSTRIES INC,2022,"NURSING 8 SILVER PLANETREE M-S, 1294",PETRIE,B BRAUN MEDICAL INC,MEDICAL EQUIPMENT AND ACCESSORIES AND SUPPLIES,TRUE,TRUE,PROCESSED,900109,"900109, IV SOLUTIONS AND SETS",PETRIE,Yes,354212,B BRAUN MEDICAL INC,10/1/2022 0:00,1314152-17417,GOODS,ORAPOS,INTRAVENOUS OR ARTERIAL TUBING ADMINISTRATION SETS,MBB354212,NURSING 8 SILVER PLANETREE M-S,1294,IV SOLUTIONS AND SETS,MSHS-MEDLINE-COI,,900109,12,12,12,1,12,44.04,44.04,"INTERFACE, HIGHJUMP",BUYER   CONVERSION
MEDLINE INDUSTRIES INC,2022,"EMERGENCY DEPARTMENT ADMINISTRATION, 5700",PETRIE,B BRAUN MEDICAL INC,MEDICAL EQUIPMENT AND ACCESSORIES AND SUPPLIES,TRUE,TRUE,PROCESSED,900109,"900109, IV SOLUTIONS AND SETS",PETRIE,Yes,354212,B BRAUN MEDICAL INC,10/4/2022 0:00,1314152-17764,GOODS,ORAPOS,INTRAVENOUS OR ARTERIAL TUBING ADMINISTRATION SETS,MBB354212,EMERGENCY DEPARTMENT ADMINISTRATION,5700,IV SOLUTIONS AND SETS,MSHS-MEDLINE-COI,,900109,12,12,12,1,12,44.04,44.04,"INTERFACE, HIGHJUMP",BUYER   CONVERSION
MEDLINE INDUSTRIES INC,2022,"NURSING 9 SILVER M-S, 1264",PETRIE,B BRAUN MEDICAL INC,MEDICAL EQUIPMENT AND ACCESSORIES AND SUPPLIES,TRUE,TRUE,PROCESSED,900109,"900109, IV SOLUTIONS AND SETS",PETRIE,Yes,354212,B BRAUN MEDICAL INC,9/1/2022 0:00,1314152-13950,GOODS,ORAPOS,INTRAVENOUS OR ARTERIAL TUBING ADMINISTRATION SETS,BMG354212,NURSING 9 SILVER M-S,1264,IV SOLUTIONS AND SETS,MSHS-MEDLINE-COI,,900109,12,12,12,1,12,39.24,39.24,"INTERFACE, HIGHJUMP",BUYER   CONVERSION
MEDLINE INDUSTRIES INC,2022,"NURSING 8 SILVER PLANETREE M-S, 1294",PETRIE,B BRAUN MEDICAL INC,MEDICAL EQUIPMENT AND ACCESSORIES AND SUPPLIES,TRUE,TRUE,PROCESSED,900109,"900109, IV SOLUTIONS AND SETS",PETRIE,Yes,354212,B BRAUN MEDICAL INC,10/8/2022 0:00,1314152-18194,GOODS,ORAPOS,INTRAVENOUS OR ARTERIAL TUBING ADMINISTRATION SETS,BMG354212,NURSING 8 SILVER PLANETREE M-S,1294,IV SOLUTIONS AND SETS,MSHS-MEDLINE-COI,,900109,12,12,12,1,12,44.0448,44.0448,"INTERFACE, HIGHJUMP",BUYER   CONVERSION
MEDLINE INDUSTRIES INC,2022,"NURSING 8 SILVER PLANETREE M-S, 1294",PETRIE,B BRAUN MEDICAL INC,MEDICAL EQUIPMENT AND ACCESSORIES AND SUPPLIES,TRUE,TRUE,PROCESSED,900109,"900109, IV SOLUTIONS AND SETS",PETRIE,Yes,354212,B BRAUN MEDICAL INC,9/9/2022 0:00,1314152-14778,GOODS,ORAPOS,INTRAVENOUS OR ARTERIAL TUBING ADMINISTRATION SETS,BMG354212,NURSING 8 SILVER PLANETREE M-S,1294,IV SOLUTIONS AND SETS,MSHS-MEDLINE-COI,,900109,12,12,12,1,12,39.24,39.24,"INTERFACE, HIGHJUMP",BUYER   CONVERSION
MEDLINE INDUSTRIES INC,2022,"NURSING 8 SILVER PLANETREE M-S, 1294",PETRIE,B BRAUN MEDICAL INC,MEDICAL EQUIPMENT AND ACCESSORIES AND SUPPLIES,TRUE,TRUE,PROCESSED,900109,"900109, IV SOLUTIONS AND SETS",PETRIE,Yes,354212,B BRAUN MEDICAL INC,9/19/2022 0:00,1314152-15834,GOODS,ORAPOS,INTRAVENOUS OR ARTERIAL TUBING ADMINISTRATION SETS,BMG354212,NURSING 8 SILVER PLANETREE M-S,1294,IV SOLUTIONS AND SETS,MSHS-MEDLINE-COI,,900109,24,24,24,1,24,78.48,78.48,"INTERFACE, HIGHJUMP",BUYER   CONVERSION
MEDLINE INDUSTRIES INC,2022,"NURSING 7 SILVER ORTHOPEDICS, 1344",PETRIE,B BRAUN MEDICAL INC,MEDICAL EQUIPMENT AND ACCESSORIES AND SUPPLIES,TRUE,TRUE,PROCESSED,900109,"900109, IV SOLUTIONS AND SETS",PETRIE,Yes,354212,B BRAUN MEDICAL INC,9/1/2022 0:00,1314152-13952,GOODS,ORAPOS,INTRAVENOUS OR ARTERIAL TUBING ADMINISTRATION SETS,BMG354212,NURSING 7 SILVER ORTHOPEDICS,1344,IV SOLUTIONS AND SETS,MSHS-MEDLINE-COI,,900109,24,24,24,1,24,78.48,78.48,"INTERFACE, HIGHJUMP",BUYER   CONVERSION
MEDLINE INDUSTRIES INC,2022,"NURSING 7 SILVER ORTHOPEDICS, 1344",PETRIE,B BRAUN MEDICAL INC,MEDICAL EQUIPMENT AND ACCESSORIES AND SUPPLIES,TRUE,TRUE,PROCESSED,900109,"900109, IV SOLUTIONS AND SETS",PETRIE,Yes,354212,B BRAUN MEDICAL INC,9/6/2022 0:00,1314152-14327,GOODS,ORAPOS,INTRAVENOUS OR ARTERIAL TUBING ADMINISTRATION SETS,BMG354212,NURSING 7 SILVER ORTHOPEDICS,1344,IV SOLUTIONS AND SETS,MSHS-MEDLINE-COI,,900109,24,24,24,1,24,78.48,78.48,"INTERFACE, HIGHJUMP",BUYER   CONVERSION
MEDLINE INDUSTRIES INC,2022,"NURSING SURGICAL STEPDOWN UNIT, 1514",PETRIE,B BRAUN MEDICAL INC,MEDICAL EQUIPMENT AND ACCESSORIES AND SUPPLIES,TRUE,TRUE,PROCESSED,900109,"900109, IV SOLUTIONS AND SETS",PETRIE,Yes,354212,B BRAUN MEDICAL INC,9/28/2022 0:00,1314152-16960,GOODS,ORAPOS,INTRAVENOUS OR ARTERIAL TUBING ADMINISTRATION SETS,BMG354212,NURSING SURGICAL STEPDOWN UNIT,1514,IV SOLUTIONS AND SETS,MSHS-MEDLINE-COI,,900109,24,24,24,1,24,78.48,78.48,"INTERFACE, HIGHJUMP",BUYER   CONVERSION
MEDLINE INDUSTRIES INC,2022,"NURSING 3 DAZIAN, 1404",PETRIE,B BRAUN MEDICAL INC,MEDICAL EQUIPMENT AND ACCESSORIES AND SUPPLIES,TRUE,TRUE,PROCESSED,900109,"900109, IV SOLUTIONS AND SETS",PETRIE,Yes,354212,B BRAUN MEDICAL INC,9/22/2022 0:00,1314152-16363,GOODS,ORAPOS,INTRAVENOUS OR ARTERIAL TUBING ADMINISTRATION SETS,BMG354212,NURSING 3 DAZIAN,1404,IV SOLUTIONS AND SETS,MSHS-MEDLINE-COI,,900109,25,25,25,1,25,81.75,81.75,"INTERFACE, HIGHJUMP",BUYER   CONVERSION
MEDLINE INDUSTRIES INC,2022,"NURSING INTENSIVE CARE UNIT, 2304",PETRIE,B BRAUN MEDICAL INC,MEDICAL EQUIPMENT AND ACCESSORIES AND SUPPLIES,TRUE,TRUE,PROCESSED,900109,"900109, IV SOLUTIONS AND SETS",PETRIE,Yes,354212,B BRAUN MEDICAL INC,9/15/2022 0:00,1314152-15495,GOODS,ORAPOS,INTRAVENOUS OR ARTERIAL TUBING ADMINISTRATION SETS,BMG354212,NURSING INTENSIVE CARE UNIT,2304,IV SOLUTIONS AND SETS,MSHS-MEDLINE-COI,,900109,48,48,48,1,48,156.96,156.96,"INTERFACE, HIGHJUMP",BUYER   CONVERSION
MEDLINE INDUSTRIES INC,2022,"NURSING INTENSIVE CARE UNIT, 2304",PETRIE,B BRAUN MEDICAL INC,MEDICAL EQUIPMENT AND ACCESSORIES AND SUPPLIES,TRUE,TRUE,PROCESSED,900109,"900109, IV SOLUTIONS AND SETS",PETRIE,Yes,354212,B BRAUN MEDICAL INC,9/12/2022 0:00,1314152-15035,GOODS,ORAPOS,INTRAVENOUS OR ARTERIAL TUBING ADMINISTRATION SETS,BMG354212,NURSING INTENSIVE CARE UNIT,2304,IV SOLUTIONS AND SETS,MSHS-MEDLINE-COI,,900109,48,48,48,1,48,156.96,156.96,"INTERFACE, HIGHJUMP",BUYER   CONVERSION
MEDLINE INDUSTRIES INC,2022,"NURSING INTENSIVE CARE UNIT, 2304",PETRIE,B BRAUN MEDICAL INC,MEDICAL EQUIPMENT AND ACCESSORIES AND SUPPLIES,TRUE,TRUE,PROCESSED,900109,"900109, IV SOLUTIONS AND SETS",PETRIE,Yes,354212,B BRAUN MEDICAL INC,9/29/2022 0:00,1314152-17129,GOODS,ORAPOS,INTRAVENOUS OR ARTERIAL TUBING ADMINISTRATION SETS,BMG354212,NURSING INTENSIVE CARE UNIT,2304,IV SOLUTIONS AND SETS,MSHS-MEDLINE-COI,,900109,48,48,48,1,48,156.96,156.96,"INTERFACE, HIGHJUMP",BUYER   CONVERSION
MEDLINE INDUSTRIES INC,2022,"NURSING 10 SILVER SURGICAL, 1314",PETRIE,B BRAUN MEDICAL INC,MEDICAL EQUIPMENT AND ACCESSORIES AND SUPPLIES,TRUE,TRUE,PROCESSED,900109,"900109, IV SOLUTIONS AND SETS",PETRIE,Yes,354212,B BRAUN MEDICAL INC,10/8/2022 0:00,1314152-18185,GOODS,ORAPOS,INTRAVENOUS OR ARTERIAL TUBING ADMINISTRATION SETS,BMG354212,NURSING 10 SILVER SURGICAL,1314,IV SOLUTIONS AND SETS,MSHS-MEDLINE-COI,,900109,48,48,48,1,48,176.1792,176.1792,"INTERFACE, HIGHJUMP",BUYER   CONVERSION
MEDLINE INDUSTRIES INC,2024,"PHARMACY, 9400",PETRIE,B. BRAUN MEDICAL,MEDICAL EQUIPMENT AND ACCESSORIES AND SUPPLIES,TRUE,TRUE,PROCESSED,900109,"900109, IV SOLUTIONS AND SETS",PETRIE,Yes,354212,B. BRAUN MEDICAL,1/24/2024 0:00,1314152-77273,GOODS,ORAPOS,INTRAVENOUS OR ARTERIAL TUBING ADMINISTRATION SETS,BMG354212,PHARMACY,9400,IV SOLUTIONS AND SETS,MSHS-MEDLINE-COI,,900109,1,1,1,24,24,88.0896,88.0896,"MCCALLA, RACQUEL",BUYER   CONVERSION
MEDLINE INDUSTRIES INC,2022,"MATERIALS MANAGEMENT STORE ROOM, 8835",PETRIE,B BRAUN MEDICAL INC,MEDICAL EQUIPMENT AND ACCESSORIES AND SUPPLIES,TRUE,TRUE,PROCESSED,900109,"900109, IV SOLUTIONS AND SETS",PETRIE,Yes,354212,B BRAUN MEDICAL INC,10/9/2022 0:00,1314152-18245,GOODS,ORAPOS,INTRAVENOUS OR ARTERIAL TUBING ADMINISTRATION SETS,MBB354212,MATERIALS MANAGEMENT STORE ROOM,8835,IV SOLUTIONS AND SETS,MSHS-MEDLINE-COI,,900109,1,1,1,24,24,88.09,88.09,"INTERFACE, HIGHJUMP",BUYER   CONVERSION
MEDLINE INDUSTRIES INC,2022,"CARDIAC CATHERIZATION, 4058",PETRIE,B BRAUN MEDICAL INC,MEDICAL EQUIPMENT AND ACCESSORIES AND SUPPLIES,TRUE,TRUE,PROCESSED,900109,"900109, IV SOLUTIONS AND SETS",PETRIE,Yes,354212,B BRAUN MEDICAL INC,9/12/2022 0:00,1314152-15007,GOODS,ORAPOS,INTRAVENOUS OR ARTERIAL TUBING ADMINISTRATION SETS,BMG354212,CARDIAC CATHERIZATION,4058,IV SOLUTIONS AND SETS,MSHS-MEDLINE-COI,,900109,1,1,1,24,24,78.41,78.41,"RABELO, JOSE",BUYER   CONVERSION
MEDLINE INDUSTRIES INC,2022,"CHEMOTHERAPY SUITE, 5518",PHILIPS AMBULATORY CARE CENTER,B BRAUN MEDICAL INC,MEDICAL EQUIPMENT AND ACCESSORIES AND SUPPLIES,TRUE,TRUE,PROCESSED,900109,"900109, IV SOLUTIONS AND SETS",PHILIPS AMBULATORY CARE CENTER,Yes,354212,B BRAUN MEDICAL INC,9/22/2022 0:00,1314152-16287,GOODS,ORAPOS,INTRAVENOUS OR ARTERIAL TUBING ADMINISTRATION SETS,BMG354212,CHEMOTHERAPY SUITE,5518,IV SOLUTIONS AND SETS,MSHS-MEDLINE-COI,,900109,26,26,26,1,26,85.02,85.02,"INTERFACE, HIGHJUMP",BUYER   CONVERSION
MEDLINE INDUSTRIES INC,2022,"PHARMACY, 9400",PHILIPS AMBULATORY CARE CENTER,B BRAUN MEDICAL INC,MEDICAL EQUIPMENT AND ACCESSORIES AND SUPPLIES,TRUE,TRUE,PROCESSED,900109,"900109, IV SOLUTIONS AND SETS",PHILIPS AMBULATORY CARE CENTER,Yes,354212,B BRAUN MEDICAL INC,11/4/2022 0:00,1314152-21547,GOODS,ORAPOS,INTRAVENOUS OR ARTERIAL TUBING ADMINISTRATION SETS,BMG354212,PHARMACY,9400,IV SOLUTIONS AND SETS,MSHS-MEDLINE-COI,,900109,3,3,3,24,72,264.27,264.27,"MCCALLA, RACQUEL",BUYER   CONVERSION
MEDLINE INDUSTRIES INC,2022,"PHARMACY, 9400",PHILIPS AMBULATORY CARE CENTER,B BRAUN MEDICAL INC,MEDICAL EQUIPMENT AND ACCESSORIES AND SUPPLIES,TRUE,TRUE,PROCESSED,900109,"900109, IV SOLUTIONS AND SETS",PHILIPS AMBULATORY CARE CENTER,Yes,354212,B BRAUN MEDICAL INC,10/12/2022 0:00,1314152-18573,GOODS,ORAPOS,INTRAVENOUS OR ARTERIAL TUBING ADMINISTRATION SETS,BMG354212,PHARMACY,9400,IV SOLUTIONS AND SETS,MSHS-MEDLINE-COI,,900109,4,4,4,24,96,352.36,352.36,"MCCALLA, RACQUEL",BUYER   CONVERSION
MEDLINE INDUSTRIES INC,2022,"NURSING CLARK 5 M-S, 1331",ST LUKES,B BRAUN MEDICAL INC,MEDICAL EQUIPMENT AND ACCESSORIES AND SUPPLIES,TRUE,TRUE,PROCESSED,900109,"900109, IV SOLUTIONS AND SETS",ST LUKES,Yes,354212,B BRAUN MEDICAL INC,9/23/2022 0:00,1314152-16485,GOODS,ORAPOS,INTRAVENOUS OR ARTERIAL TUBING ADMINISTRATION SETS,BMG354212,NURSING CLARK 5 M-S,1331,IV SOLUTIONS AND SETS,MSHS-MEDLINE-COI,,900109,10,10,10,1,10,32.7,32.7,"INTERFACE, HIGHJUMP",BUYER   CONVERSION
MEDLINE INDUSTRIES INC,2022,"NURSING 8W M S, 1401",ST LUKES,B BRAUN MEDICAL INC,MEDICAL EQUIPMENT AND ACCESSORIES AND SUPPLIES,TRUE,TRUE,PROCESSED,900109,"900109, IV SOLUTIONS AND SETS",ST LUKES,Yes,354212,B BRAUN MEDICAL INC,9/1/2022 0:00,1314152-14013,GOODS,ORAPOS,INTRAVENOUS OR ARTERIAL TUBING ADMINISTRATION SETS,BMG354212,NURSING 8W M S,1401,IV SOLUTIONS AND SETS,MSHS-MEDLINE-COI,,900109,12,12,12,1,12,39.24,39.24,"INTERFACE, HIGHJUMP",BUYER   CONVERSION
MEDLINE INDUSTRIES INC,2022,"NURSING 6E CCU CSICU, 1501",ST LUKES,B BRAUN MEDICAL INC,MEDICAL EQUIPMENT AND ACCESSORIES AND SUPPLIES,TRUE,TRUE,PROCESSED,900109,"900109, IV SOLUTIONS AND SETS",ST LUKES,Yes,354212,B BRAUN MEDICAL INC,9/17/2022 0:00,1314152-15771,GOODS,ORAPOS,INTRAVENOUS OR ARTERIAL TUBING ADMINISTRATION SETS,BMG354212,NURSING 6E CCU CSICU,1501,IV SOLUTIONS AND SETS,MSHS-MEDLINE-COI,,900109,12,12,12,1,12,39.24,39.24,"INTERFACE, HIGHJUMP",BUYER   CONVERSION
MEDLINE INDUSTRIES INC,2022,"NURSING 9W M S, 1351",ST LUKES,B BRAUN MEDICAL INC,MEDICAL EQUIPMENT AND ACCESSORIES AND SUPPLIES,TRUE,TRUE,PROCESSED,900109,"900109, IV SOLUTIONS AND SETS",ST LUKES,Yes,354212,B BRAUN MEDICAL INC,9/6/2022 0:00,1314152-14361,GOODS,ORAPOS,INTRAVENOUS OR ARTERIAL TUBING ADMINISTRATION SETS,BMG354212,NURSING 9W M S,1351,IV SOLUTIONS AND SETS,MSHS-MEDLINE-COI,,900109,12,12,12,1,12,39.24,39.24,"INTERFACE, HIGHJUMP",BUYER   CONVERSION
MEDLINE INDUSTRIES INC,2022,"NURSING 6E CCU CSICU, 1501",ST LUKES,B BRAUN MEDICAL INC,MEDICAL EQUIPMENT AND ACCESSORIES AND SUPPLIES,TRUE,TRUE,PROCESSED,900109,"900109, IV SOLUTIONS AND SETS",ST LUKES,Yes,354212,B BRAUN MEDICAL INC,9/22/2022 0:00,1314152-16314,GOODS,ORAPOS,INTRAVENOUS OR ARTERIAL TUBING ADMINISTRATION SETS,BMG354212,NURSING 6E CCU CSICU,1501,IV SOLUTIONS AND SETS,MSHS-MEDLINE-COI,,900109,12,12,12,1,12,39.24,39.24,"INTERFACE, HIGHJUMP",BUYER   CONVERSION
MEDLINE INDUSTRIES INC,2022,"NURSING 6E CCU CSICU, 1501",ST LUKES,B BRAUN MEDICAL INC,MEDICAL EQUIPMENT AND ACCESSORIES AND SUPPLIES,TRUE,TRUE,PROCESSED,900109,"900109, IV SOLUTIONS AND SETS",ST LUKES,Yes,354212,B BRAUN MEDICAL INC,9/13/2022 0:00,1314152-15226,GOODS,ORAPOS,INTRAVENOUS OR ARTERIAL TUBING ADMINISTRATION SETS,BMG354212,NURSING 6E CCU CSICU,1501,IV SOLUTIONS AND SETS,MSHS-MEDLINE-COI,,900109,12,12,12,1,12,39.24,39.24,"INTERFACE, HIGHJUMP",BUYER   CONVERSION
MEDLINE INDUSTRIES INC,2022,"NURSING 6E CCU CSICU, 1501",ST LUKES,B BRAUN MEDICAL INC,MEDICAL EQUIPMENT AND ACCESSORIES AND SUPPLIES,TRUE,TRUE,PROCESSED,900109,"900109, IV SOLUTIONS AND SETS",ST LUKES,Yes,354212,B BRAUN MEDICAL INC,9/24/2022 0:00,1314152-16600,GOODS,ORAPOS,INTRAVENOUS OR ARTERIAL TUBING ADMINISTRATION SETS,BMG354212,NURSING 6E CCU CSICU,1501,IV SOLUTIONS AND SETS,MSHS-MEDLINE-COI,,900109,12,12,12,1,12,39.24,39.24,"INTERFACE, HIGHJUMP",BUYER   CONVERSION
MEDLINE INDUSTRIES INC,2022,"HEMATOLOGY ONCOLOGY, 5513",ST LUKES,B BRAUN MEDICAL INC,MEDICAL EQUIPMENT AND ACCESSORIES AND SUPPLIES,TRUE,TRUE,PROCESSED,900109,"900109, IV SOLUTIONS AND SETS",ST LUKES,Yes,354212,B BRAUN MEDICAL INC,9/1/2022 0:00,1314152-13992,GOODS,ORAPOS,INTRAVENOUS OR ARTERIAL TUBING ADMINISTRATION SETS,BMG354212,HEMATOLOGY ONCOLOGY,5513,IV SOLUTIONS AND SETS,MSHS-MEDLINE-COI,,900109,12,12,12,1,12,39.24,39.24,"INTERFACE, HIGHJUMP",BUYER   CONVERSION
MEDLINE INDUSTRIES INC,2022,"EKG, 4059",ST LUKES,B BRAUN MEDICAL INC,MEDICAL EQUIPMENT AND ACCESSORIES AND SUPPLIES,TRUE,TRUE,PROCESSED,900109,"900109, IV SOLUTIONS AND SETS",ST LUKES,Yes,354212,B BRAUN MEDICAL INC,9/19/2022 0:00,1314152-15898,GOODS,ORAPOS,INTRAVENOUS OR ARTERIAL TUBING ADMINISTRATION SETS,BMG354212,EKG,4059,IV SOLUTIONS AND SETS,MSHS-MEDLINE-COI,,900109,15,15,15,1,15,49.05,49.05,"ROSARIO, LEYDI LAURA",BUYER   CONVERSION
MEDLINE INDUSTRIES INC,2022,"NURSING 7W M S, 1341",ST LUKES,B BRAUN MEDICAL INC,MEDICAL EQUIPMENT AND ACCESSORIES AND SUPPLIES,TRUE,TRUE,PROCESSED,900109,"900109, IV SOLUTIONS AND SETS",ST LUKES,Yes,354212,B BRAUN MEDICAL INC,9/9/2022 0:00,1314152-14822,GOODS,ORAPOS,INTRAVENOUS OR ARTERIAL TUBING ADMINISTRATION SETS,BMG354212,NURSING 7W M S,1341,IV SOLUTIONS AND SETS,MSHS-MEDLINE-COI,,900109,15,15,15,1,15,49.05,49.05,"INTERFACE, HIGHJUMP",BUYER   CONVERSION
MEDLINE INDUSTRIES INC,2022,"NURSING 6W M S, 1601",ST LUKES,B BRAUN MEDICAL INC,MEDICAL EQUIPMENT AND ACCESSORIES AND SUPPLIES,TRUE,TRUE,PROCESSED,900109,"900109, IV SOLUTIONS AND SETS",ST LUKES,Yes,354212,B BRAUN MEDICAL INC,9/17/2022 0:00,1314152-15780,GOODS,ORAPOS,INTRAVENOUS OR ARTERIAL TUBING ADMINISTRATION SETS,BMG354212,NURSING 6W M S,1601,IV SOLUTIONS AND SETS,MSHS-MEDLINE-COI,,900109,15,15,15,1,15,49.05,49.05,"INTERFACE, HIGHJUMP",BUYER   CONVERSION
MEDLINE INDUSTRIES INC,2022,"NURSING 8E M S, 1371",ST LUKES,B BRAUN MEDICAL INC,MEDICAL EQUIPMENT AND ACCESSORIES AND SUPPLIES,TRUE,TRUE,PROCESSED,900109,"900109, IV SOLUTIONS AND SETS",ST LUKES,Yes,354212,B BRAUN MEDICAL INC,9/23/2022 0:00,1314152-16526,GOODS,ORAPOS,INTRAVENOUS OR ARTERIAL TUBING ADMINISTRATION SETS,MBB354212,NURSING 8E M S,1371,IV SOLUTIONS AND SETS,MSHS-MEDLINE-COI,,900109,20,20,20,1,20,65.4,65.4,"INTERFACE, HIGHJUMP",BUYER   CONVERSION
MEDLINE INDUSTRIES INC,2022,"NURSING 6E CCU CSICU, 1501",ST LUKES,B BRAUN MEDICAL INC,MEDICAL EQUIPMENT AND ACCESSORIES AND SUPPLIES,TRUE,TRUE,PROCESSED,900109,"900109, IV SOLUTIONS AND SETS",ST LUKES,Yes,354212,B BRAUN MEDICAL INC,9/17/2022 0:00,1314152-15777,GOODS,ORAPOS,INTRAVENOUS OR ARTERIAL TUBING ADMINISTRATION SETS,BMG354212,NURSING 6E CCU CSICU,1501,IV SOLUTIONS AND SETS,MSHS-MEDLINE-COI,,900109,24,24,24,1,24,78.48,78.48,"INTERFACE, HIGHJUMP",BUYER   CONVERSION
MEDLINE INDUSTRIES INC,2022,"NURSING 6E CCU CSICU, 1501",ST LUKES,B BRAUN MEDICAL INC,MEDICAL EQUIPMENT AND ACCESSORIES AND SUPPLIES,TRUE,TRUE,PROCESSED,900109,"900109, IV SOLUTIONS AND SETS",ST LUKES,Yes,354212,B BRAUN MEDICAL INC,9/9/2022 0:00,1314152-14854,GOODS,ORAPOS,INTRAVENOUS OR ARTERIAL TUBING ADMINISTRATION SETS,BMG354212,NURSING 6E CCU CSICU,1501,IV SOLUTIONS AND SETS,MSHS-MEDLINE-COI,,900109,24,24,24,1,24,78.48,78.48,"INTERFACE, HIGHJUMP",BUYER   CONVERSION
MEDLINE INDUSTRIES INC,2022,"NURSING 4W M S, 1361",ST LUKES,B BRAUN MEDICAL INC,MEDICAL EQUIPMENT AND ACCESSORIES AND SUPPLIES,TRUE,TRUE,PROCESSED,900109,"900109, IV SOLUTIONS AND SETS",ST LUKES,Yes,354212,B BRAUN MEDICAL INC,9/8/2022 0:00,1314152-14683,GOODS,ORAPOS,INTRAVENOUS OR ARTERIAL TUBING ADMINISTRATION SETS,BMG354212,NURSING 4W M S,1361,IV SOLUTIONS AND SETS,MSHS-MEDLINE-COI,,900109,24,24,24,1,24,78.48,78.48,"INTERFACE, HIGHJUMP",BUYER   CONVERSION
MEDLINE INDUSTRIES INC,2022,"NURSING 6E CCU CSICU, 1501",ST LUKES,B BRAUN MEDICAL INC,MEDICAL EQUIPMENT AND ACCESSORIES AND SUPPLIES,TRUE,TRUE,PROCESSED,900109,"900109, IV SOLUTIONS AND SETS",ST LUKES,Yes,354212,B BRAUN MEDICAL INC,9/10/2022 0:00,1314152-14979,GOODS,ORAPOS,INTRAVENOUS OR ARTERIAL TUBING ADMINISTRATION SETS,BMG354212,NURSING 6E CCU CSICU,1501,IV SOLUTIONS AND SETS,MSHS-MEDLINE-COI,,900109,24,24,24,1,24,78.48,78.48,"INTERFACE, HIGHJUMP",BUYER   CONVERSION
MEDLINE INDUSTRIES INC,2022,"NURSING 7B MICU SICU STPDWN, 2311",ST LUKES,B BRAUN MEDICAL INC,MEDICAL EQUIPMENT AND ACCESSORIES AND SUPPLIES,TRUE,TRUE,PROCESSED,900109,"900109, IV SOLUTIONS AND SETS",ST LUKES,Yes,354212,B BRAUN MEDICAL INC,9/7/2022 0:00,1314152-14538,GOODS,ORAPOS,INTRAVENOUS OR ARTERIAL TUBING ADMINISTRATION SETS,BMG354212,NURSING 7B MICU SICU STPDWN,2311,IV SOLUTIONS AND SETS,MSHS-MEDLINE-COI,,900109,42,42,42,1,42,137.34,137.34,"INTERFACE, HIGHJUMP",BUYER   CONVERSION
MEDLINE INDUSTRIES INC,2022,"NURSING 7B MICU SICU STPDWN, 2311",ST LUKES,B BRAUN MEDICAL INC,MEDICAL EQUIPMENT AND ACCESSORIES AND SUPPLIES,TRUE,TRUE,PROCESSED,900109,"900109, IV SOLUTIONS AND SETS",ST LUKES,Yes,354212,B BRAUN MEDICAL INC,9/17/2022 0:00,1314152-15787,GOODS,ORAPOS,INTRAVENOUS OR ARTERIAL TUBING ADMINISTRATION SETS,BMG354212,NURSING 7B MICU SICU STPDWN,2311,IV SOLUTIONS AND SETS,MSHS-MEDLINE-COI,,900109,42,42,42,1,42,137.34,137.34,"INTERFACE, HIGHJUMP",BUYER   CONVERSION
MEDLINE INDUSTRIES INC,2022,"NURSING 9E TELEMETRY, 1611",ST LUKES,B BRAUN MEDICAL INC,MEDICAL EQUIPMENT AND ACCESSORIES AND SUPPLIES,TRUE,TRUE,PROCESSED,900109,"900109, IV SOLUTIONS AND SETS",ST LUKES,Yes,354212,B BRAUN MEDICAL INC,9/23/2022 0:00,1314152-16506,GOODS,ORAPOS,INTRAVENOUS OR ARTERIAL TUBING ADMINISTRATION SETS,BMG354212,NURSING 9E TELEMETRY,1611,IV SOLUTIONS AND SETS,MSHS-MEDLINE-COI,,900109,60,60,60,1,60,196.2,196.2,"INTERFACE, HIGHJUMP",BUYER   CONVERSION
MEDLINE INDUSTRIES INC,2022,"ANESTHESIOLOGY, 4280",ST LUKES,B BRAUN MEDICAL INC,MEDICAL EQUIPMENT AND ACCESSORIES AND SUPPLIES,TRUE,TRUE,PROCESSED,900109,"900109, IV SOLUTIONS AND SETS",ST LUKES,Yes,354212,B BRAUN MEDICAL INC,9/8/2022 0:00,1314152-14688,GOODS,ORAPOS,INTRAVENOUS OR ARTERIAL TUBING ADMINISTRATION SETS,BMG354212,ANESTHESIOLOGY,4280,IV SOLUTIONS AND SETS,MSHS-MEDLINE-COI,,900109,72,72,72,1,72,235.44,235.44,"INTERFACE, HIGHJUMP",BUYER   CONVERSION
MEDLINE INDUSTRIES INC,2022,"ANESTHESIOLOGY, 4280",ST LUKES,B BRAUN MEDICAL INC,MEDICAL EQUIPMENT AND ACCESSORIES AND SUPPLIES,TRUE,TRUE,PROCESSED,900109,"900109, IV SOLUTIONS AND SETS",ST LUKES,Yes,354212,B BRAUN MEDICAL INC,9/20/2022 0:00,1314152-16004,GOODS,ORAPOS,INTRAVENOUS OR ARTERIAL TUBING ADMINISTRATION SETS,BMG354212,ANESTHESIOLOGY,4280,IV SOLUTIONS AND SETS,MSHS-MEDLINE-COI,,900109,72,72,72,1,72,235.44,235.44,"INTERFACE, HIGHJUMP",BUYER   CONVERSION
MEDLINE INDUSTRIES INC,2022,"MATERIALS MANAGEMENT ADMINISTRATION, 8805",ST LUKES,B BRAUN MEDICAL INC,MEDICAL EQUIPMENT AND ACCESSORIES AND SUPPLIES,TRUE,TRUE,PROCESSED,900109,"900109, IV SOLUTIONS AND SETS",ST LUKES,Yes,354212,B BRAUN MEDICAL INC,9/15/2022 0:00,1314152-15588,GOODS,ORAPOS,INTRAVENOUS OR ARTERIAL TUBING ADMINISTRATION SETS,BMG354212,MATERIALS MANAGEMENT ADMINISTRATION,8805,IV SOLUTIONS AND SETS,MSHS-MEDLINE-COI,,900109,1,1,1,24,24,78.41,78.41,"INTERFACE, HIGHJUMP",BUYER   CONVERSION
MEDLINE INDUSTRIES INC,2022,"EMERGENCY DEPARTMENT ADMINISTRATION, 5700",PETRIE,B BRAUN MEDICAL INC,MEDICAL EQUIPMENT AND ACCESSORIES AND SUPPLIES,TRUE,TRUE,PROCESSED,900109,"900109, IV SOLUTIONS AND SETS",PETRIE,Yes,354212,B BRAUN MEDICAL INC,9/1/2022 0:00,1314152-14063,GOODS,ORAPOS,INTRAVENOUS OR ARTERIAL TUBING ADMINISTRATION SETS,MBB354212,EMERGENCY DEPARTMENT ADMINISTRATION,5700,IV SOLUTIONS AND SETS,MSHS-MEDLINE-COI,,900109,6,6,6,1,6,19.62,19.62,"INTERFACE, HIGHJUMP",BUYER   CONVERSION
MEDLINE INDUSTRIES INC,2022,"EMERGENCY DEPARTMENT ADMINISTRATION, 5700",PETRIE,B BRAUN MEDICAL INC,MEDICAL EQUIPMENT AND ACCESSORIES AND SUPPLIES,TRUE,TRUE,PROCESSED,900109,"900109, IV SOLUTIONS AND SETS",PETRIE,Yes,354212,B BRAUN MEDICAL INC,9/21/2022 0:00,1314152-16233,GOODS,ORAPOS,INTRAVENOUS OR ARTERIAL TUBING ADMINISTRATION SETS,BMG354212,EMERGENCY DEPARTMENT ADMINISTRATION,5700,IV SOLUTIONS AND SETS,MSHS-MEDLINE-COI,,900109,6,6,6,1,6,19.62,19.62,"INTERFACE, HIGHJUMP",BUYER   CONVERSION
MEDLINE INDUSTRIES INC,2022,"EMERGENCY DEPARTMENT ADMINISTRATION, 5700",PETRIE,B BRAUN MEDICAL INC,MEDICAL EQUIPMENT AND ACCESSORIES AND SUPPLIES,TRUE,TRUE,PROCESSED,900109,"900109, IV SOLUTIONS AND SETS",PETRIE,Yes,354212,B BRAUN MEDICAL INC,10/8/2022 0:00,1314152-18242,GOODS,ORAPOS,INTRAVENOUS OR ARTERIAL TUBING ADMINISTRATION SETS,BMG354212,EMERGENCY DEPARTMENT ADMINISTRATION,5700,IV SOLUTIONS AND SETS,MSHS-MEDLINE-COI,,900109,6,6,6,1,6,22.0224,22.0224,"INTERFACE, HIGHJUMP",BUYER   CONVERSION
MEDLINE INDUSTRIES INC,2022,"EMERGENCY DEPARTMENT ADMINISTRATION, 5700",PETRIE,B BRAUN MEDICAL INC,MEDICAL EQUIPMENT AND ACCESSORIES AND SUPPLIES,TRUE,TRUE,PROCESSED,900109,"900109, IV SOLUTIONS AND SETS",PETRIE,Yes,354212,B BRAUN MEDICAL INC,9/6/2022 0:00,1314152-14440,GOODS,ORAPOS,INTRAVENOUS OR ARTERIAL TUBING ADMINISTRATION SETS,BMG354212,EMERGENCY DEPARTMENT ADMINISTRATION,5700,IV SOLUTIONS AND SETS,MSHS-MEDLINE-COI,,900109,6,6,6,1,6,19.62,19.62,"INTERFACE, HIGHJUMP",BUYER   CONVERSION
MEDLINE INDUSTRIES INC,2022,"EMERGENCY DEPARTMENT ADMINISTRATION, 5700",PETRIE,B BRAUN MEDICAL INC,MEDICAL EQUIPMENT AND ACCESSORIES AND SUPPLIES,TRUE,TRUE,PROCESSED,900109,"900109, IV SOLUTIONS AND SETS",PETRIE,Yes,354212,B BRAUN MEDICAL INC,9/16/2022 0:00,1314152-15722,GOODS,ORAPOS,INTRAVENOUS OR ARTERIAL TUBING ADMINISTRATION SETS,BMG354212,EMERGENCY DEPARTMENT ADMINISTRATION,5700,IV SOLUTIONS AND SETS,MSHS-MEDLINE-COI,,900109,6,6,6,1,6,19.62,19.62,"INTERFACE, HIGHJUMP",BUYER   CONVERSION
MEDLINE INDUSTRIES INC,2022,"EMERGENCY DEPARTMENT ADMINISTRATION, 5700",PETRIE,B BRAUN MEDICAL INC,MEDICAL EQUIPMENT AND ACCESSORIES AND SUPPLIES,TRUE,TRUE,PROCESSED,900109,"900109, IV SOLUTIONS AND SETS",PETRIE,Yes,354212,B BRAUN MEDICAL INC,10/5/2022 0:00,1314152-17890,GOODS,ORAPOS,INTRAVENOUS OR ARTERIAL TUBING ADMINISTRATION SETS,BMG354212,EMERGENCY DEPARTMENT ADMINISTRATION,5700,IV SOLUTIONS AND SETS,MSHS-MEDLINE-COI,,900109,6,6,6,1,6,22.0224,22.0224,"INTERFACE, HIGHJUMP",BUYER   CONVERSION
MEDLINE INDUSTRIES INC,2022,"NURSING 9 SILVER M-S, 1264",PETRIE,B BRAUN MEDICAL INC,MEDICAL EQUIPMENT AND ACCESSORIES AND SUPPLIES,TRUE,TRUE,PROCESSED,900109,"900109, IV SOLUTIONS AND SETS",PETRIE,Yes,354212,B BRAUN MEDICAL INC,10/1/2022 0:00,1314152-17400,GOODS,ORAPOS,INTRAVENOUS OR ARTERIAL TUBING ADMINISTRATION SETS,MBB354212,NURSING 9 SILVER M-S,1264,IV SOLUTIONS AND SETS,MSHS-MEDLINE-COI,,900109,12,12,12,1,12,44.04,44.04,"INTERFACE, HIGHJUMP",BUYER   CONVERSION
MEDLINE INDUSTRIES INC,2022,"NURSING 8 SILVER PLANETREE M-S, 1294",PETRIE,B BRAUN MEDICAL INC,MEDICAL EQUIPMENT AND ACCESSORIES AND SUPPLIES,TRUE,TRUE,PROCESSED,900109,"900109, IV SOLUTIONS AND SETS",PETRIE,Yes,354212,B BRAUN MEDICAL INC,9/24/2022 0:00,1314152-16570,GOODS,ORAPOS,INTRAVENOUS OR ARTERIAL TUBING ADMINISTRATION SETS,BMG354212,NURSING 8 SILVER PLANETREE M-S,1294,IV SOLUTIONS AND SETS,MSHS-MEDLINE-COI,,900109,12,12,12,1,12,39.24,39.24,"INTERFACE, HIGHJUMP",BUYER   CONVERSION
MEDLINE INDUSTRIES INC,2022,"NURSING 8 SILVER PLANETREE M-S, 1294",PETRIE,B BRAUN MEDICAL INC,MEDICAL EQUIPMENT AND ACCESSORIES AND SUPPLIES,TRUE,TRUE,PROCESSED,900109,"900109, IV SOLUTIONS AND SETS",PETRIE,Yes,354212,B BRAUN MEDICAL INC,10/7/2022 0:00,1314152-18037,GOODS,ORAPOS,INTRAVENOUS OR ARTERIAL TUBING ADMINISTRATION SETS,BMG354212,NURSING 8 SILVER PLANETREE M-S,1294,IV SOLUTIONS AND SETS,MSHS-MEDLINE-COI,,900109,12,12,12,1,12,44.0448,44.0448,"INTERFACE, HIGHJUMP",BUYER   CONVERSION
MEDLINE INDUSTRIES INC,2022,"NURSING 8 SILVER PLANETREE M-S, 1294",PETRIE,B BRAUN MEDICAL INC,MEDICAL EQUIPMENT AND ACCESSORIES AND SUPPLIES,TRUE,TRUE,PROCESSED,900109,"900109, IV SOLUTIONS AND SETS",PETRIE,Yes,354212,B BRAUN MEDICAL INC,9/13/2022 0:00,1314152-15162,GOODS,ORAPOS,INTRAVENOUS OR ARTERIAL TUBING ADMINISTRATION SETS,BMG354212,NURSING 8 SILVER PLANETREE M-S,1294,IV SOLUTIONS AND SETS,MSHS-MEDLINE-COI,,900109,12,12,12,1,12,39.24,39.24,"INTERFACE, HIGHJUMP",BUYER   CONVERSION
MEDLINE INDUSTRIES INC,2022,"EMERGENCY DEPARTMENT ADMINISTRATION, 5700",PETRIE,B BRAUN MEDICAL INC,MEDICAL EQUIPMENT AND ACCESSORIES AND SUPPLIES,TRUE,TRUE,PROCESSED,900109,"900109, IV SOLUTIONS AND SETS",PETRIE,Yes,354212,B BRAUN MEDICAL INC,10/3/2022 0:00,1314152-17481,GOODS,ORAPOS,INTRAVENOUS OR ARTERIAL TUBING ADMINISTRATION SETS,BMG354212,EMERGENCY DEPARTMENT ADMINISTRATION,5700,IV SOLUTIONS AND SETS,MSHS-MEDLINE-COI,,900109,12,12,12,1,12,44.04,44.04,"INTERFACE, HIGHJUMP",BUYER   CONVERSION
MEDLINE INDUSTRIES INC,2022,"NURSING 8 SILVER PLANETREE M-S, 1294",PETRIE,B BRAUN MEDICAL INC,MEDICAL EQUIPMENT AND ACCESSORIES AND SUPPLIES,TRUE,TRUE,PROCESSED,900109,"900109, IV SOLUTIONS AND SETS",PETRIE,Yes,354212,B BRAUN MEDICAL INC,9/12/2022 0:00,1314152-15027,GOODS,ORAPOS,INTRAVENOUS OR ARTERIAL TUBING ADMINISTRATION SETS,BMG354212,NURSING 8 SILVER PLANETREE M-S,1294,IV SOLUTIONS AND SETS,MSHS-MEDLINE-COI,,900109,12,12,12,1,12,39.24,39.24,"INTERFACE, HIGHJUMP",BUYER   CONVERSION
MEDLINE INDUSTRIES INC,2022,"NURSING 9 SILVER M-S, 1264",PETRIE,B BRAUN MEDICAL INC,MEDICAL EQUIPMENT AND ACCESSORIES AND SUPPLIES,TRUE,TRUE,PROCESSED,900109,"900109, IV SOLUTIONS AND SETS",PETRIE,Yes,354212,B BRAUN MEDICAL INC,10/4/2022 0:00,1314152-17608,GOODS,ORAPOS,INTRAVENOUS OR ARTERIAL TUBING ADMINISTRATION SETS,MBB354212,NURSING 9 SILVER M-S,1264,IV SOLUTIONS AND SETS,MSHS-MEDLINE-COI,,900109,24,24,24,1,24,88.08,88.08,"INTERFACE, HIGHJUMP",BUYER   CONVERSION
MEDLINE INDUSTRIES INC,2022,"NURSING 9 SILVER M-S, 1264",PETRIE,B BRAUN MEDICAL INC,MEDICAL EQUIPMENT AND ACCESSORIES AND SUPPLIES,TRUE,TRUE,PROCESSED,900109,"900109, IV SOLUTIONS AND SETS",PETRIE,Yes,354212,B BRAUN MEDICAL INC,9/30/2022 0:00,1314152-17252,GOODS,ORAPOS,INTRAVENOUS OR ARTERIAL TUBING ADMINISTRATION SETS,BMG354212,NURSING 9 SILVER M-S,1264,IV SOLUTIONS AND SETS,MSHS-MEDLINE-COI,,900109,24,24,24,1,24,78.48,78.48,"INTERFACE, HIGHJUMP",BUYER   CONVERSION
MEDLINE INDUSTRIES INC,2022,"NURSING 7 SILVER ORTHOPEDICS, 1344",PETRIE,B BRAUN MEDICAL INC,MEDICAL EQUIPMENT AND ACCESSORIES AND SUPPLIES,TRUE,TRUE,PROCESSED,900109,"900109, IV SOLUTIONS AND SETS",PETRIE,Yes,354212,B BRAUN MEDICAL INC,9/30/2022 0:00,1314152-17272,GOODS,ORAPOS,INTRAVENOUS OR ARTERIAL TUBING ADMINISTRATION SETS,BMG354212,NURSING 7 SILVER ORTHOPEDICS,1344,IV SOLUTIONS AND SETS,MSHS-MEDLINE-COI,,900109,24,24,24,1,24,78.48,78.48,"INTERFACE, HIGHJUMP",BUYER   CONVERSION
MEDLINE INDUSTRIES INC,2022,"CARDIAC CATHERIZATION, 4058",PETRIE,B BRAUN MEDICAL INC,MEDICAL EQUIPMENT AND ACCESSORIES AND SUPPLIES,TRUE,TRUE,PROCESSED,900109,"900109, IV SOLUTIONS AND SETS",PETRIE,Yes,354212,B BRAUN MEDICAL INC,9/21/2022 0:00,1314152-16207,GOODS,ORAPOS,INTRAVENOUS OR ARTERIAL TUBING ADMINISTRATION SETS,BMG354212,CARDIAC CATHERIZATION,4058,IV SOLUTIONS AND SETS,MSHS-MEDLINE-COI,,900109,1,1,1,24,24,78.41,78.41,"RABELO, JOSE",BUYER   CONVERSION
MEDLINE INDUSTRIES INC,2022,"POST ANESTHESIA CARE UNIT, 2624",PETRIE,B BRAUN MEDICAL INC,MEDICAL EQUIPMENT AND ACCESSORIES AND SUPPLIES,TRUE,TRUE,PROCESSED,900109,"900109, IV SOLUTIONS AND SETS",PETRIE,Yes,354212,B BRAUN MEDICAL INC,10/11/2022 0:00,1314152-18501,GOODS,ORAPOS,INTRAVENOUS OR ARTERIAL TUBING ADMINISTRATION SETS,BMG354212,POST ANESTHESIA CARE UNIT,2624,IV SOLUTIONS AND SETS,MSHS-MEDLINE-COI,,900109,1,1,1,24,24,88.09,88.09,"WILSON, DWAYNE L",BUYER   CONVERSION
MEDLINE INDUSTRIES INC,2022,"PHARMACY, 9400",PETRIE,B BRAUN MEDICAL INC,MEDICAL EQUIPMENT AND ACCESSORIES AND SUPPLIES,TRUE,TRUE,PROCESSED,900109,"900109, IV SOLUTIONS AND SETS",PETRIE,Yes,354212,B BRAUN MEDICAL INC,11/14/2022 0:00,1314152-22547,GOODS,ORAPOS,INTRAVENOUS OR ARTERIAL TUBING ADMINISTRATION SETS,BMG354212,PHARMACY,9400,IV SOLUTIONS AND SETS,MSHS-MEDLINE-COI,,900109,2,2,2,24,48,176.18,176.18,"MCCALLA, RACQUEL",BUYER   CONVERSION
MEDLINE INDUSTRIES INC,2022,"CHEMOTHERAPY SUITE, 5518",PHILIPS AMBULATORY CARE CENTER,B BRAUN MEDICAL INC,MEDICAL EQUIPMENT AND ACCESSORIES AND SUPPLIES,TRUE,TRUE,PROCESSED,900109,"900109, IV SOLUTIONS AND SETS",PHILIPS AMBULATORY CARE CENTER,Yes,354212,B BRAUN MEDICAL INC,10/14/2022 0:00,1314152-18998,GOODS,ORAPOS,INTRAVENOUS OR ARTERIAL TUBING ADMINISTRATION SETS,BMG354212,CHEMOTHERAPY SUITE,5518,IV SOLUTIONS AND SETS,MSHS-MEDLINE-COI,,900109,3,3,3,24,72,264.27,264.27,"INTERFACE, HIGHJUMP",BUYER   CONVERSION
MEDLINE INDUSTRIES INC,2022,"EMERGENCY DEPARTMENT ADMINISTRATION, 5700",ST LUKES,B BRAUN MEDICAL INC,MEDICAL EQUIPMENT AND ACCESSORIES AND SUPPLIES,TRUE,TRUE,PROCESSED,900109,"900109, IV SOLUTIONS AND SETS",ST LUKES,Yes,354212,B BRAUN MEDICAL INC,9/13/2022 0:00,1314152-15216,GOODS,ORAPOS,INTRAVENOUS OR ARTERIAL TUBING ADMINISTRATION SETS,BMG354212,EMERGENCY DEPARTMENT ADMINISTRATION,5700,IV SOLUTIONS AND SETS,MSHS-MEDLINE-COI,,900109,5,5,5,1,5,16.35,16.35,"INTERFACE, HIGHJUMP",BUYER   CONVERSION
MEDLINE INDUSTRIES INC,2022,"NURSING STUY 6 REHAB, 1711",ST LUKES,B BRAUN MEDICAL INC,MEDICAL EQUIPMENT AND ACCESSORIES AND SUPPLIES,TRUE,TRUE,PROCESSED,900109,"900109, IV SOLUTIONS AND SETS",ST LUKES,Yes,354212,B BRAUN MEDICAL INC,9/2/2022 0:00,1314152-14156,GOODS,ORAPOS,INTRAVENOUS OR ARTERIAL TUBING ADMINISTRATION SETS,BMG354212,NURSING STUY 6 REHAB,1711,IV SOLUTIONS AND SETS,MSHS-MEDLINE-COI,,900109,6,6,6,1,6,19.62,19.62,"INTERFACE, HIGHJUMP",BUYER   CONVERSION
MEDLINE INDUSTRIES INC,2022,"NURSING CLARK 5 M-S, 1331",ST LUKES,B BRAUN MEDICAL INC,MEDICAL EQUIPMENT AND ACCESSORIES AND SUPPLIES,TRUE,TRUE,PROCESSED,900109,"900109, IV SOLUTIONS AND SETS",ST LUKES,Yes,354212,B BRAUN MEDICAL INC,9/9/2022 0:00,1314152-14763,GOODS,ORAPOS,INTRAVENOUS OR ARTERIAL TUBING ADMINISTRATION SETS,BMG354212,NURSING CLARK 5 M-S,1331,IV SOLUTIONS AND SETS,MSHS-MEDLINE-COI,,900109,10,10,10,1,10,32.7,32.7,"INTERFACE, HIGHJUMP",BUYER   CONVERSION
MEDLINE INDUSTRIES INC,2022,"HEMATOLOGY ONCOLOGY, 5513",ST LUKES,B BRAUN MEDICAL INC,MEDICAL EQUIPMENT AND ACCESSORIES AND SUPPLIES,TRUE,TRUE,PROCESSED,900109,"900109, IV SOLUTIONS AND SETS",ST LUKES,Yes,354212,B BRAUN MEDICAL INC,9/2/2022 0:00,1314152-14154,GOODS,ORAPOS,INTRAVENOUS OR ARTERIAL TUBING ADMINISTRATION SETS,BMG354212,HEMATOLOGY ONCOLOGY,5513,IV SOLUTIONS AND SETS,MSHS-MEDLINE-COI,,900109,12,12,12,1,12,39.24,39.24,"INTERFACE, HIGHJUMP",BUYER   CONVERSION
MEDLINE INDUSTRIES INC,2022,"NURSING 8W M S, 1401",ST LUKES,B BRAUN MEDICAL INC,MEDICAL EQUIPMENT AND ACCESSORIES AND SUPPLIES,TRUE,TRUE,PROCESSED,900109,"900109, IV SOLUTIONS AND SETS",ST LUKES,Yes,354212,B BRAUN MEDICAL INC,9/20/2022 0:00,1314152-16012,GOODS,ORAPOS,INTRAVENOUS OR ARTERIAL TUBING ADMINISTRATION SETS,BMG354212,NURSING 8W M S,1401,IV SOLUTIONS AND SETS,MSHS-MEDLINE-COI,,900109,12,12,12,1,12,39.24,39.24,"INTERFACE, HIGHJUMP",BUYER   CONVERSION
MEDLINE INDUSTRIES INC,2022,"NURSING 9W M S, 1351",ST LUKES,B BRAUN MEDICAL INC,MEDICAL EQUIPMENT AND ACCESSORIES AND SUPPLIES,TRUE,TRUE,PROCESSED,900109,"900109, IV SOLUTIONS AND SETS",ST LUKES,Yes,354212,B BRAUN MEDICAL INC,9/24/2022 0:00,1314152-16596,GOODS,ORAPOS,INTRAVENOUS OR ARTERIAL TUBING ADMINISTRATION SETS,BMG354212,NURSING 9W M S,1351,IV SOLUTIONS AND SETS,MSHS-MEDLINE-COI,,900109,12,12,12,1,12,39.24,39.24,"INTERFACE, HIGHJUMP",BUYER   CONVERSION
MEDLINE INDUSTRIES INC,2022,"NURSING 6W M S, 1601",ST LUKES,B BRAUN MEDICAL INC,MEDICAL EQUIPMENT AND ACCESSORIES AND SUPPLIES,TRUE,TRUE,PROCESSED,900109,"900109, IV SOLUTIONS AND SETS",ST LUKES,Yes,354212,B BRAUN MEDICAL INC,9/24/2022 0:00,1314152-16594,GOODS,ORAPOS,INTRAVENOUS OR ARTERIAL TUBING ADMINISTRATION SETS,MBB354212,NURSING 6W M S,1601,IV SOLUTIONS AND SETS,MSHS-MEDLINE-COI,,900109,15,15,15,1,15,49.05,49.05,"INTERFACE, HIGHJUMP",BUYER   CONVERSION
MEDLINE INDUSTRIES INC,2022,"CARDIAC CATHERIZATION, 4058",ST LUKES,B BRAUN MEDICAL INC,MEDICAL EQUIPMENT AND ACCESSORIES AND SUPPLIES,TRUE,TRUE,PROCESSED,900109,"900109, IV SOLUTIONS AND SETS",ST LUKES,Yes,354212,B BRAUN MEDICAL INC,9/1/2022 0:00,1314152-13995,GOODS,ORAPOS,INTRAVENOUS OR ARTERIAL TUBING ADMINISTRATION SETS,BMG354212,CARDIAC CATHERIZATION,4058,IV SOLUTIONS AND SETS,MSHS-MEDLINE-COI,,900109,15,15,15,1,15,49.05,49.05,"TORRES, ERIKA E",BUYER   CONVERSION
MEDLINE INDUSTRIES INC,2022,"NURSING 7W M S, 1341",ST LUKES,B BRAUN MEDICAL INC,MEDICAL EQUIPMENT AND ACCESSORIES AND SUPPLIES,TRUE,TRUE,PROCESSED,900109,"900109, IV SOLUTIONS AND SETS",ST LUKES,Yes,354212,B BRAUN MEDICAL INC,9/20/2022 0:00,1314152-16007,GOODS,ORAPOS,INTRAVENOUS OR ARTERIAL TUBING ADMINISTRATION SETS,BMG354212,NURSING 7W M S,1341,IV SOLUTIONS AND SETS,MSHS-MEDLINE-COI,,900109,15,15,15,1,15,49.05,49.05,"INTERFACE, HIGHJUMP",BUYER   CONVERSION
MEDLINE INDUSTRIES INC,2022,"NURSING 6W M S, 1601",ST LUKES,B BRAUN MEDICAL INC,MEDICAL EQUIPMENT AND ACCESSORIES AND SUPPLIES,TRUE,TRUE,PROCESSED,900109,"900109, IV SOLUTIONS AND SETS",ST LUKES,Yes,354212,B BRAUN MEDICAL INC,9/3/2022 0:00,1314152-14275,GOODS,ORAPOS,INTRAVENOUS OR ARTERIAL TUBING ADMINISTRATION SETS,BMG354212,NURSING 6W M S,1601,IV SOLUTIONS AND SETS,MSHS-MEDLINE-COI,,900109,15,15,15,1,15,49.05,49.05,"INTERFACE, HIGHJUMP",BUYER   CONVERSION
MEDLINE INDUSTRIES INC,2022,"NURSING 10E, 1381",ST LUKES,B BRAUN MEDICAL INC,MEDICAL EQUIPMENT AND ACCESSORIES AND SUPPLIES,TRUE,TRUE,PROCESSED,900109,"900109, IV SOLUTIONS AND SETS",ST LUKES,Yes,354212,B BRAUN MEDICAL INC,9/13/2022 0:00,1314152-15213,GOODS,ORAPOS,INTRAVENOUS OR ARTERIAL TUBING ADMINISTRATION SETS,BMG354212,NURSING 10E,1381,IV SOLUTIONS AND SETS,MSHS-MEDLINE-COI,,900109,15,15,15,1,15,49.05,49.05,"INTERFACE, HIGHJUMP",BUYER   CONVERSION
MEDLINE INDUSTRIES INC,2022,"NURSING 7W M S, 1341",ST LUKES,B BRAUN MEDICAL INC,MEDICAL EQUIPMENT AND ACCESSORIES AND SUPPLIES,TRUE,TRUE,PROCESSED,900109,"900109, IV SOLUTIONS AND SETS",ST LUKES,Yes,354212,B BRAUN MEDICAL INC,9/23/2022 0:00,1314152-16451,GOODS,ORAPOS,INTRAVENOUS OR ARTERIAL TUBING ADMINISTRATION SETS,BMG354212,NURSING 7W M S,1341,IV SOLUTIONS AND SETS,MSHS-MEDLINE-COI,,900109,15,15,15,1,15,49.05,49.05,"INTERFACE, HIGHJUMP",BUYER   CONVERSION
MEDLINE INDUSTRIES INC,2022,"NURSING 10E, 1381",ST LUKES,B BRAUN MEDICAL INC,MEDICAL EQUIPMENT AND ACCESSORIES AND SUPPLIES,TRUE,TRUE,PROCESSED,900109,"900109, IV SOLUTIONS AND SETS",ST LUKES,Yes,354212,B BRAUN MEDICAL INC,9/12/2022 0:00,1314152-15129,GOODS,ORAPOS,INTRAVENOUS OR ARTERIAL TUBING ADMINISTRATION SETS,BMG354212,NURSING 10E,1381,IV SOLUTIONS AND SETS,MSHS-MEDLINE-COI,,900109,15,15,15,1,15,49.05,49.05,"INTERFACE, HIGHJUMP",BUYER   CONVERSION
MEDLINE INDUSTRIES INC,2022,"NURSING 8E M S, 1371",ST LUKES,B BRAUN MEDICAL INC,MEDICAL EQUIPMENT AND ACCESSORIES AND SUPPLIES,TRUE,TRUE,PROCESSED,900109,"900109, IV SOLUTIONS AND SETS",ST LUKES,Yes,354212,B BRAUN MEDICAL INC,9/16/2022 0:00,1314152-15669,GOODS,ORAPOS,INTRAVENOUS OR ARTERIAL TUBING ADMINISTRATION SETS,MBB354212,NURSING 8E M S,1371,IV SOLUTIONS AND SETS,MSHS-MEDLINE-COI,,900109,20,20,20,1,20,65.4,65.4,"INTERFACE, HIGHJUMP",BUYER   CONVERSION
MEDLINE INDUSTRIES INC,2022,"NURSING CLARK 5 M-S, 1331",ST LUKES,B BRAUN MEDICAL INC,MEDICAL EQUIPMENT AND ACCESSORIES AND SUPPLIES,TRUE,TRUE,PROCESSED,900109,"900109, IV SOLUTIONS AND SETS",ST LUKES,Yes,354212,B BRAUN MEDICAL INC,9/17/2022 0:00,1314152-15781,GOODS,ORAPOS,INTRAVENOUS OR ARTERIAL TUBING ADMINISTRATION SETS,MBB354212,NURSING CLARK 5 M-S,1331,IV SOLUTIONS AND SETS,MSHS-MEDLINE-COI,,900109,20,20,20,1,20,65.4,65.4,"INTERFACE, HIGHJUMP",BUYER   CONVERSION
MEDLINE INDUSTRIES INC,2022,"NURSING CLARK 5 M-S, 1331",ST LUKES,B BRAUN MEDICAL INC,MEDICAL EQUIPMENT AND ACCESSORIES AND SUPPLIES,TRUE,TRUE,PROCESSED,900109,"900109, IV SOLUTIONS AND SETS",ST LUKES,Yes,354212,B BRAUN MEDICAL INC,9/3/2022 0:00,1314152-14225,GOODS,ORAPOS,INTRAVENOUS OR ARTERIAL TUBING ADMINISTRATION SETS,BMG354212,NURSING CLARK 5 M-S,1331,IV SOLUTIONS AND SETS,MSHS-MEDLINE-COI,,900109,20,20,20,1,20,65.4,65.4,"INTERFACE, HIGHJUMP",BUYER   CONVERSION
MEDLINE INDUSTRIES INC,2022,"NURSING 6E CCU CSICU, 1501",ST LUKES,B BRAUN MEDICAL INC,MEDICAL EQUIPMENT AND ACCESSORIES AND SUPPLIES,TRUE,TRUE,PROCESSED,900109,"900109, IV SOLUTIONS AND SETS",ST LUKES,Yes,354212,B BRAUN MEDICAL INC,9/3/2022 0:00,1314152-14273,GOODS,ORAPOS,INTRAVENOUS OR ARTERIAL TUBING ADMINISTRATION SETS,BMG354212,NURSING 6E CCU CSICU,1501,IV SOLUTIONS AND SETS,MSHS-MEDLINE-COI,,900109,24,24,24,1,24,78.48,78.48,"INTERFACE, HIGHJUMP",BUYER   CONVERSION
MEDLINE INDUSTRIES INC,2022,"HEMATOLOGY ONCOLOGY, 5513",ST LUKES,B BRAUN MEDICAL INC,MEDICAL EQUIPMENT AND ACCESSORIES AND SUPPLIES,TRUE,TRUE,PROCESSED,900109,"900109, IV SOLUTIONS AND SETS",ST LUKES,Yes,354212,B BRAUN MEDICAL INC,9/14/2022 0:00,1314152-15381,GOODS,ORAPOS,INTRAVENOUS OR ARTERIAL TUBING ADMINISTRATION SETS,BMG354212,HEMATOLOGY ONCOLOGY,5513,IV SOLUTIONS AND SETS,MSHS-MEDLINE-COI,,900109,24,24,24,1,24,78.48,78.48,"INTERFACE, HIGHJUMP",BUYER   CONVERSION
MEDLINE INDUSTRIES INC,2022,"NURSING 10E, 1381",ST LUKES,B BRAUN MEDICAL INC,MEDICAL EQUIPMENT AND ACCESSORIES AND SUPPLIES,TRUE,TRUE,PROCESSED,900109,"900109, IV SOLUTIONS AND SETS",ST LUKES,Yes,354212,B BRAUN MEDICAL INC,9/1/2022 0:00,1314152-13988,GOODS,ORAPOS,INTRAVENOUS OR ARTERIAL TUBING ADMINISTRATION SETS,BMG354212,NURSING 10E,1381,IV SOLUTIONS AND SETS,MSHS-MEDLINE-COI,,900109,30,30,30,1,30,98.1,98.1,"INTERFACE, HIGHJUMP",BUYER   CONVERSION
MEDLINE INDUSTRIES INC,2022,"EKG, 4059",ST LUKES,B BRAUN MEDICAL INC,MEDICAL EQUIPMENT AND ACCESSORIES AND SUPPLIES,TRUE,TRUE,PROCESSED,900109,"900109, IV SOLUTIONS AND SETS",ST LUKES,Yes,354212,B BRAUN MEDICAL INC,9/6/2022 0:00,1314152-14417,GOODS,ORAPOS,INTRAVENOUS OR ARTERIAL TUBING ADMINISTRATION SETS,BMG354212,EKG,4059,IV SOLUTIONS AND SETS,MSHS-MEDLINE-COI,,900109,30,30,30,1,30,98.1,98.1,"ROBINSON, EUGENE",BUYER   CONVERSION
MEDLINE INDUSTRIES INC,2022,"NURSING 9E TELEMETRY, 1611",ST LUKES,B BRAUN MEDICAL INC,MEDICAL EQUIPMENT AND ACCESSORIES AND SUPPLIES,TRUE,TRUE,PROCESSED,900109,"900109, IV SOLUTIONS AND SETS",ST LUKES,Yes,354212,B BRAUN MEDICAL INC,9/16/2022 0:00,1314152-15696,GOODS,ORAPOS,INTRAVENOUS OR ARTERIAL TUBING ADMINISTRATION SETS,BMG354212,NURSING 9E TELEMETRY,1611,IV SOLUTIONS AND SETS,MSHS-MEDLINE-COI,,900109,30,30,30,1,30,98.1,98.1,"INTERFACE, HIGHJUMP",BUYER   CONVERSION
MEDLINE INDUSTRIES INC,2022,"NURSING 7B MICU SICU STPDWN, 2311",ST LUKES,B BRAUN MEDICAL INC,MEDICAL EQUIPMENT AND ACCESSORIES AND SUPPLIES,TRUE,TRUE,PROCESSED,900109,"900109, IV SOLUTIONS AND SETS",ST LUKES,Yes,354212,B BRAUN MEDICAL INC,9/20/2022 0:00,1314152-16015,GOODS,ORAPOS,INTRAVENOUS OR ARTERIAL TUBING ADMINISTRATION SETS,BMG354212,NURSING 7B MICU SICU STPDWN,2311,IV SOLUTIONS AND SETS,MSHS-MEDLINE-COI,,900109,42,42,42,1,42,137.34,137.34,"INTERFACE, HIGHJUMP",BUYER   CONVERSION
MEDLINE INDUSTRIES INC,2022,"NURSING 7B MICU SICU STPDWN, 2311",ST LUKES,B BRAUN MEDICAL INC,MEDICAL EQUIPMENT AND ACCESSORIES AND SUPPLIES,TRUE,TRUE,PROCESSED,900109,"900109, IV SOLUTIONS AND SETS",ST LUKES,Yes,354212,B BRAUN MEDICAL INC,9/12/2022 0:00,1314152-15074,GOODS,ORAPOS,INTRAVENOUS OR ARTERIAL TUBING ADMINISTRATION SETS,BMG354212,NURSING 7B MICU SICU STPDWN,2311,IV SOLUTIONS AND SETS,MSHS-MEDLINE-COI,,900109,42,42,42,1,42,137.34,137.34,"INTERFACE, HIGHJUMP",BUYER   CONVERSION
MEDLINE INDUSTRIES INC,2022,"GI UNIT, 4510",ST LUKES,B BRAUN MEDICAL INC,MEDICAL EQUIPMENT AND ACCESSORIES AND SUPPLIES,TRUE,TRUE,PROCESSED,900109,"900109, IV SOLUTIONS AND SETS",ST LUKES,Yes,354212,B BRAUN MEDICAL INC,9/21/2022 0:00,1314152-16139,GOODS,ORAPOS,INTRAVENOUS OR ARTERIAL TUBING ADMINISTRATION SETS,BMG354212,GI UNIT,4510,IV SOLUTIONS AND SETS,MSHS-MEDLINE-COI,,900109,60,60,60,1,60,196.2,196.2,"ROBINSON, EUGENE",BUYER   CONVERSION
MEDLINE INDUSTRIES INC,2022,"ANESTHESIOLOGY, 4280",ST LUKES,B BRAUN MEDICAL INC,MEDICAL EQUIPMENT AND ACCESSORIES AND SUPPLIES,TRUE,TRUE,PROCESSED,900109,"900109, IV SOLUTIONS AND SETS",ST LUKES,Yes,354212,B BRAUN MEDICAL INC,9/1/2022 0:00,1314152-14036,GOODS,ORAPOS,INTRAVENOUS OR ARTERIAL TUBING ADMINISTRATION SETS,BMG354212,ANESTHESIOLOGY,4280,IV SOLUTIONS AND SETS,MSHS-MEDLINE-COI,,900109,72,72,72,1,72,235.44,235.44,"INTERFACE, HIGHJUMP",BUYER   CONVERSION
MEDLINE INDUSTRIES INC,2022,"GI UNIT, 4510",ST LUKES,B BRAUN MEDICAL INC,MEDICAL EQUIPMENT AND ACCESSORIES AND SUPPLIES,TRUE,TRUE,PROCESSED,900109,"900109, IV SOLUTIONS AND SETS",ST LUKES,Yes,354212,B BRAUN MEDICAL INC,9/15/2022 0:00,1314152-15525,GOODS,ORAPOS,INTRAVENOUS OR ARTERIAL TUBING ADMINISTRATION SETS,MBB354212,GI UNIT,4510,IV SOLUTIONS AND SETS,MSHS-MEDLINE-COI,,900109,1,1,1,24,24,78.41,78.41,"ALGARIN, ROSA M",BUYER   CONVERSION
MEDLINE INDUSTRIES INC,2022,"ARRHYTHMIA INSTITUTE, 4071",ST LUKES,B BRAUN MEDICAL INC,MEDICAL EQUIPMENT AND ACCESSORIES AND SUPPLIES,TRUE,TRUE,PROCESSED,900109,"900109, IV SOLUTIONS AND SETS",ST LUKES,Yes,354212,B BRAUN MEDICAL INC,9/20/2022 0:00,1314152-16068,GOODS,ORAPOS,INTRAVENOUS OR ARTERIAL TUBING ADMINISTRATION SETS,BMG354212,ARRHYTHMIA INSTITUTE,4071,IV SOLUTIONS AND SETS,MSHS-MEDLINE-COI,,900109,1,1,1,24,24,78.41,78.41,"LINTON, KAREN L",BUYER   CONVERSION
MEDLINE INDUSTRIES INC,2022,"EMERGENCY DEPARTMENT ADMINISTRATION, 5700",ST LUKES,B BRAUN MEDICAL INC,MEDICAL EQUIPMENT AND ACCESSORIES AND SUPPLIES,TRUE,TRUE,PROCESSED,900109,"900109, IV SOLUTIONS AND SETS",ST LUKES,Yes,354212,B BRAUN MEDICAL INC,9/20/2022 0:00,1314152-16023,GOODS,ORAPOS,INTRAVENOUS OR ARTERIAL TUBING ADMINISTRATION SETS,MBB354212,EMERGENCY DEPARTMENT ADMINISTRATION,5700,IV SOLUTIONS AND SETS,MSHS-MEDLINE-COI,,900109,2,2,2,24,48,156.82,156.82,"INTERFACE, HIGHJUMP",BUYER   CONVERSION
MEDLINE INDUSTRIES INC,2022,"EMERGENCY DEPARTMENT ADMINISTRATION, 5700",ST LUKES,B BRAUN MEDICAL INC,MEDICAL EQUIPMENT AND ACCESSORIES AND SUPPLIES,TRUE,TRUE,PROCESSED,900109,"900109, IV SOLUTIONS AND SETS",ST LUKES,Yes,354212,B BRAUN MEDICAL INC,9/2/2022 0:00,1314152-14137,GOODS,ORAPOS,INTRAVENOUS OR ARTERIAL TUBING ADMINISTRATION SETS,BMG354212,EMERGENCY DEPARTMENT ADMINISTRATION,5700,IV SOLUTIONS AND SETS,MSHS-MEDLINE-COI,,900109,2,2,2,24,48,156.82,156.82,"INTERFACE, HIGHJUMP",BUYER   CONVERSION
MEDLINE INDUSTRIES INC,2022,"CHEMOTHERAPY SUITE, 5518",WEST VILLAGE,B BRAUN MEDICAL INC,MEDICAL EQUIPMENT AND ACCESSORIES AND SUPPLIES,TRUE,TRUE,PROCESSED,900109,"900109, IV SOLUTIONS AND SETS",WEST VILLAGE,Yes,354212,B BRAUN MEDICAL INC,9/22/2022 0:00,1314152-16381,GOODS,ORAPOS,INTRAVENOUS OR ARTERIAL TUBING ADMINISTRATION SETS,BMG354212,CHEMOTHERAPY SUITE,5518,IV SOLUTIONS AND SETS,MSHS-MEDLINE-COI,,900109,1,1,1,24,24,78.41,78.41,"YOUNG, MEI YEE",BUYER   CONVERSION
MEDLINE INDUSTRIES INC,2022,"PHARMACY, 9400",MOUNT SINAI BROOKLYN,B BRAUN MEDICAL INC,MEDICAL EQUIPMENT AND ACCESSORIES AND SUPPLIES,TRUE,TRUE,PROCESSED,900109,"900109, IV SOLUTIONS AND SETS",MOUNT SINAI BROOKLYN,Yes,354212,B BRAUN MEDICAL INC,10/26/2022 0:00,1314152-20368,GOODS,ORAPOS,INTRAVENOUS OR ARTERIAL TUBING ADMINISTRATION SETS,BMG354212,PHARMACY,9400,IV SOLUTIONS AND SETS,MSHS-MEDLINE-COI,,900109,3,3,3,1,3,11.0112,11.0112,"INTERFACE, HIGHJUMP",BUYER   CONVERSION
MEDLINE INDUSTRIES INC,2022,"PHARMACY, 9400",MOUNT SINAI BROOKLYN,B BRAUN MEDICAL INC,MEDICAL EQUIPMENT AND ACCESSORIES AND SUPPLIES,TRUE,TRUE,PROCESSED,900109,"900109, IV SOLUTIONS AND SETS",MOUNT SINAI BROOKLYN,Yes,354212,B BRAUN MEDICAL INC,10/28/2022 0:00,1314152-20702,GOODS,ORAPOS,INTRAVENOUS OR ARTERIAL TUBING ADMINISTRATION SETS,BMG354212,PHARMACY,9400,IV SOLUTIONS AND SETS,MSHS-MEDLINE-COI,,900109,6,6,6,1,6,22.0224,22.0224,"INTERFACE, HIGHJUMP",BUYER   CONVERSION
MEDLINE INDUSTRIES INC,2022,"PHARMACY, 9400",MOUNT SINAI BROOKLYN,B BRAUN MEDICAL INC,MEDICAL EQUIPMENT AND ACCESSORIES AND SUPPLIES,TRUE,TRUE,PROCESSED,900109,"900109, IV SOLUTIONS AND SETS",MOUNT SINAI BROOKLYN,Yes,354212,B BRAUN MEDICAL INC,10/18/2022 0:00,1314152-19387,GOODS,ORAPOS,INTRAVENOUS OR ARTERIAL TUBING ADMINISTRATION SETS,BMG354212,PHARMACY,9400,IV SOLUTIONS AND SETS,MSHS-MEDLINE-COI,,900109,8,8,8,1,8,29.3632,29.3632,"INTERFACE, HIGHJUMP",BUYER   CONVERSION
MEDLINE INDUSTRIES INC,2022,"PHARMACY, 9400",MOUNT SINAI BROOKLYN,B BRAUN MEDICAL INC,MEDICAL EQUIPMENT AND ACCESSORIES AND SUPPLIES,TRUE,TRUE,PROCESSED,900109,"900109, IV SOLUTIONS AND SETS",MOUNT SINAI BROOKLYN,Yes,354212,B BRAUN MEDICAL INC,12/5/2022 0:00,1314152-25077,GOODS,ORAPOS,INTRAVENOUS OR ARTERIAL TUBING ADMINISTRATION SETS,BMG354212,PHARMACY,9400,IV SOLUTIONS AND SETS,MSHS-MEDLINE-COI,,900109,12,12,12,1,12,44.0448,44.0448,"INTERFACE, HIGHJUMP",BUYER   CONVERSION
MEDLINE INDUSTRIES INC,2022,"NURSING INTENSIVE CARE UNIT, 2307",MOUNT SINAI BROOKLYN,B BRAUN MEDICAL INC,MEDICAL EQUIPMENT AND ACCESSORIES AND SUPPLIES,TRUE,TRUE,PROCESSED,900109,"900109, IV SOLUTIONS AND SETS",MOUNT SINAI BROOKLYN,Yes,354212,B BRAUN MEDICAL INC,10/12/2022 0:00,1314152-18677,GOODS,ORAPOS,INTRAVENOUS OR ARTERIAL TUBING ADMINISTRATION SETS,BMG354212,NURSING INTENSIVE CARE UNIT,2307,IV SOLUTIONS AND SETS,MSHS-MEDLINE-COI,,900109,25,25,25,1,25,91.76,91.76,"INTERFACE, HIGHJUMP",BUYER   CONVERSION
MEDLINE INDUSTRIES INC,2022,"PHARMACY, 9400",MOUNT SINAI BROOKLYN,B BRAUN MEDICAL INC,MEDICAL EQUIPMENT AND ACCESSORIES AND SUPPLIES,TRUE,TRUE,PROCESSED,900109,"900109, IV SOLUTIONS AND SETS",MOUNT SINAI BROOKLYN,Yes,354212,B BRAUN MEDICAL INC,10/12/2022 0:00,1314152-18628,GOODS,ORAPOS,INTRAVENOUS OR ARTERIAL TUBING ADMINISTRATION SETS,BMG354212,PHARMACY,9400,IV SOLUTIONS AND SETS,MSHS-MEDLINE-COI,,900109,1,1,1,24,24,88.09,88.09,"GANGADYAL, CHATRADYAL",BUYER   CONVERSION
MEDLINE INDUSTRIES INC,2022,"MATERIALS MANAGEMENT STORE ROOM, 8835",MOUNT SINAI BROOKLYN,B BRAUN MEDICAL INC,MEDICAL EQUIPMENT AND ACCESSORIES AND SUPPLIES,TRUE,TRUE,PROCESSED,900109,"900109, IV SOLUTIONS AND SETS",MOUNT SINAI BROOKLYN,Yes,354212,B BRAUN MEDICAL INC,9/8/2022 0:00,1314152-14647,GOODS,ORAPOS,INTRAVENOUS OR ARTERIAL TUBING ADMINISTRATION SETS,MBB354212,MATERIALS MANAGEMENT STORE ROOM,8835,IV SOLUTIONS AND SETS,MSHS-MEDLINE-COI,,900109,5,5,5,24,120,392.05,392.05,"GANGADYAL, CHATRADYAL",BUYER   CONVERSION
MEDLINE INDUSTRIES INC,2022,"MATERIALS MANAGEMENT STORE ROOM, 8835",MOUNT SINAI BROOKLYN,B BRAUN MEDICAL INC,MEDICAL EQUIPMENT AND ACCESSORIES AND SUPPLIES,TRUE,TRUE,PROCESSED,900109,"900109, IV SOLUTIONS AND SETS",MOUNT SINAI BROOKLYN,Yes,354212,B BRAUN MEDICAL INC,10/4/2022 0:00,1314152-17636,GOODS,ORAPOS,INTRAVENOUS OR ARTERIAL TUBING ADMINISTRATION SETS,MBB354212,MATERIALS MANAGEMENT STORE ROOM,8835,IV SOLUTIONS AND SETS,MSHS-MEDLINE-COI,,900109,8,8,8,24,192,704.72,704.72,"GANGADYAL, CHATRADYAL",BUYER   CONVERSION
MEDLINE INDUSTRIES INC,2023,"PHARMACY, 9400",MOUNT SINAI BROOKLYN,B BRAUN MEDICAL INC,MEDICAL EQUIPMENT AND ACCESSORIES AND SUPPLIES,TRUE,TRUE,PROCESSED,900109,"900109, IV SOLUTIONS AND SETS",MOUNT SINAI BROOKLYN,Yes,354212,B BRAUN MEDICAL INC,3/17/2023 0:00,1314152-37883,GOODS,ORAPOS,INTRAVENOUS OR ARTERIAL TUBING ADMINISTRATION SETS,MBB354212,PHARMACY,9400,IV SOLUTIONS AND SETS,MSHS-MEDLINE-COI,,900109,20,20,20,1,20,73.408,73.408,"INTERFACE, HIGHJUMP",BUYER   CONVERSION
MEDLINE INDUSTRIES INC,2023,"EMERGENCY DEPARTMENT ADMINISTRATION, 5700",MOUNT SINAI BROOKLYN,B BRAUN MEDICAL INC,MEDICAL EQUIPMENT AND ACCESSORIES AND SUPPLIES,TRUE,TRUE,PROCESSED,900109,"900109, IV SOLUTIONS AND SETS",MOUNT SINAI BROOKLYN,Yes,354212,B BRAUN MEDICAL INC,8/28/2023 0:00,1314152-58951,GOODS,ORAPOS,INTRAVENOUS OR ARTERIAL TUBING ADMINISTRATION SETS,MBB354212,EMERGENCY DEPARTMENT ADMINISTRATION,5700,IV SOLUTIONS AND SETS,MSHS-MEDLINE-COI,,900109,21,21,21,1,21,77.07,77.07,"INTERFACE, HIGHJUMP",BUYER   CONVERSION
MEDLINE INDUSTRIES INC,2022,"NURSING 8B M-S, 2321",MOUNT SINAI WEST,B BRAUN MEDICAL INC,MEDICAL EQUIPMENT AND ACCESSORIES AND SUPPLIES,TRUE,TRUE,PROCESSED,900109,"900109, IV SOLUTIONS AND SETS",MOUNT SINAI WEST,Yes,354212,B BRAUN MEDICAL INC,9/17/2022 0:00,1314152-15750,GOODS,ORAPOS,INTRAVENOUS OR ARTERIAL TUBING ADMINISTRATION SETS,BMG354212,NURSING 8B M-S,2321,IV SOLUTIONS AND SETS,MSHS-MEDLINE-COI,,900109,9,9,9,1,9,29.43,29.43,"INTERFACE, HIGHJUMP",BUYER   CONVERSION
MEDLINE INDUSTRIES INC,2022,"NURSING 9B M-S RVT, 1311",MOUNT SINAI WEST,B BRAUN MEDICAL INC,MEDICAL EQUIPMENT AND ACCESSORIES AND SUPPLIES,TRUE,TRUE,PROCESSED,900109,"900109, IV SOLUTIONS AND SETS",MOUNT SINAI WEST,Yes,354212,B BRAUN MEDICAL INC,9/16/2022 0:00,1314152-15676,GOODS,ORAPOS,INTRAVENOUS OR ARTERIAL TUBING ADMINISTRATION SETS,BMG354212,NURSING 9B M-S RVT,1311,IV SOLUTIONS AND SETS,MSHS-MEDLINE-COI,,900109,10,10,10,1,10,32.7,32.7,"INTERFACE, HIGHJUMP",BUYER   CONVERSION
MEDLINE INDUSTRIES INC,2022,"NURSING 10B M-S, 1301",MOUNT SINAI WEST,B BRAUN MEDICAL INC,MEDICAL EQUIPMENT AND ACCESSORIES AND SUPPLIES,TRUE,TRUE,PROCESSED,900109,"900109, IV SOLUTIONS AND SETS",MOUNT SINAI WEST,Yes,354212,B BRAUN MEDICAL INC,9/23/2022 0:00,1314152-16466,GOODS,ORAPOS,INTRAVENOUS OR ARTERIAL TUBING ADMINISTRATION SETS,BMG354212,NURSING 10B M-S,1301,IV SOLUTIONS AND SETS,MSHS-MEDLINE-COI,,900109,11,11,11,1,11,35.97,35.97,"INTERFACE, HIGHJUMP",BUYER   CONVERSION
MEDLINE INDUSTRIES INC,2022,"GI UNIT, 4510",MOUNT SINAI WEST,B BRAUN MEDICAL INC,MEDICAL EQUIPMENT AND ACCESSORIES AND SUPPLIES,TRUE,TRUE,PROCESSED,900109,"900109, IV SOLUTIONS AND SETS",MOUNT SINAI WEST,Yes,354212,B BRAUN MEDICAL INC,9/30/2022 0:00,1314152-17253,GOODS,ORAPOS,INTRAVENOUS OR ARTERIAL TUBING ADMINISTRATION SETS,BMG354212,GI UNIT,4510,IV SOLUTIONS AND SETS,MSHS-MEDLINE-COI,,900109,16,16,16,1,16,52.32,52.32,"INTERFACE, HIGHJUMP",BUYER   CONVERSION
MEDLINE INDUSTRIES INC,2022,"GI UNIT, 4510",MOUNT SINAI WEST,B BRAUN MEDICAL INC,MEDICAL EQUIPMENT AND ACCESSORIES AND SUPPLIES,TRUE,TRUE,PROCESSED,900109,"900109, IV SOLUTIONS AND SETS",MOUNT SINAI WEST,Yes,354212,B BRAUN MEDICAL INC,9/28/2022 0:00,1314152-16953,GOODS,ORAPOS,INTRAVENOUS OR ARTERIAL TUBING ADMINISTRATION SETS,BMG354212,GI UNIT,4510,IV SOLUTIONS AND SETS,MSHS-MEDLINE-COI,,900109,16,16,16,1,16,52.32,52.32,"INTERFACE, HIGHJUMP",BUYER   CONVERSION
MEDLINE INDUSTRIES INC,2022,"NURSING 8A SOUTH NEUROSURGICAL, 2331",MOUNT SINAI WEST,B BRAUN MEDICAL INC,MEDICAL EQUIPMENT AND ACCESSORIES AND SUPPLIES,TRUE,TRUE,PROCESSED,900109,"900109, IV SOLUTIONS AND SETS",MOUNT SINAI WEST,Yes,354212,B BRAUN MEDICAL INC,9/16/2022 0:00,1314152-15635,GOODS,ORAPOS,INTRAVENOUS OR ARTERIAL TUBING ADMINISTRATION SETS,BMG354212,NURSING 8A SOUTH NEUROSURGICAL,2331,IV SOLUTIONS AND SETS,MSHS-MEDLINE-COI,,900109,20,20,20,1,20,65.4,65.4,"INTERFACE, HIGHJUMP",BUYER   CONVERSION
MEDLINE INDUSTRIES INC,2022,"ANESTHESIOLOGY, 4280",MOUNT SINAI WEST,B BRAUN MEDICAL INC,MEDICAL EQUIPMENT AND ACCESSORIES AND SUPPLIES,TRUE,TRUE,PROCESSED,900109,"900109, IV SOLUTIONS AND SETS",MOUNT SINAI WEST,Yes,354212,B BRAUN MEDICAL INC,9/8/2022 0:00,1314152-14753,GOODS,ORAPOS,INTRAVENOUS OR ARTERIAL TUBING ADMINISTRATION SETS,BMG354212,ANESTHESIOLOGY,4280,IV SOLUTIONS AND SETS,MSHS-MEDLINE-COI,,900109,20,20,20,1,20,65.4,65.4,"INTERFACE, HIGHJUMP",BUYER   CONVERSION
MEDLINE INDUSTRIES INC,2022,"GI UNIT, 4510",MOUNT SINAI WEST,B BRAUN MEDICAL INC,MEDICAL EQUIPMENT AND ACCESSORIES AND SUPPLIES,TRUE,TRUE,PROCESSED,900109,"900109, IV SOLUTIONS AND SETS",MOUNT SINAI WEST,Yes,354212,B BRAUN MEDICAL INC,9/12/2022 0:00,1314152-14999,GOODS,ORAPOS,INTRAVENOUS OR ARTERIAL TUBING ADMINISTRATION SETS,BMG354212,GI UNIT,4510,IV SOLUTIONS AND SETS,MSHS-MEDLINE-COI,,900109,20,20,20,1,20,65.4,65.4,"INTERFACE, HIGHJUMP",BUYER   CONVERSION
MEDLINE INDUSTRIES INC,2022,"GI UNIT, 4510",MOUNT SINAI WEST,B BRAUN MEDICAL INC,MEDICAL EQUIPMENT AND ACCESSORIES AND SUPPLIES,TRUE,TRUE,PROCESSED,900109,"900109, IV SOLUTIONS AND SETS",MOUNT SINAI WEST,Yes,354212,B BRAUN MEDICAL INC,9/9/2022 0:00,1314152-14761,GOODS,ORAPOS,INTRAVENOUS OR ARTERIAL TUBING ADMINISTRATION SETS,BMG354212,GI UNIT,4510,IV SOLUTIONS AND SETS,MSHS-MEDLINE-COI,,900109,20,20,20,1,20,65.4,65.4,"INTERFACE, HIGHJUMP",BUYER   CONVERSION
MEDLINE INDUSTRIES INC,2022,"GI UNIT, 4510",MOUNT SINAI WEST,B BRAUN MEDICAL INC,MEDICAL EQUIPMENT AND ACCESSORIES AND SUPPLIES,TRUE,TRUE,PROCESSED,900109,"900109, IV SOLUTIONS AND SETS",MOUNT SINAI WEST,Yes,354212,B BRAUN MEDICAL INC,9/6/2022 0:00,1314152-14316,GOODS,ORAPOS,INTRAVENOUS OR ARTERIAL TUBING ADMINISTRATION SETS,BMG354212,GI UNIT,4510,IV SOLUTIONS AND SETS,MSHS-MEDLINE-COI,,900109,20,20,20,1,20,65.4,65.4,"INTERFACE, HIGHJUMP",BUYER   CONVERSION
MEDLINE INDUSTRIES INC,2022,"MATERIALS MANAGEMENT STORE ROOM, 8835",MOUNT SINAI WEST,B BRAUN MEDICAL INC,MEDICAL EQUIPMENT AND ACCESSORIES AND SUPPLIES,TRUE,TRUE,PROCESSED,900109,"900109, IV SOLUTIONS AND SETS",MOUNT SINAI WEST,Yes,354212,B BRAUN MEDICAL INC,9/28/2022 0:00,1314152-17016,GOODS,ORAPOS,INTRAVENOUS OR ARTERIAL TUBING ADMINISTRATION SETS,BMG354212,MATERIALS MANAGEMENT STORE ROOM,8835,IV SOLUTIONS AND SETS,MSHS-MEDLINE-COI,,900109,20,20,20,1,20,65.4,65.4,"INTERFACE, HIGHJUMP",BUYER   CONVERSION
MEDLINE INDUSTRIES INC,2022,"NURSING 14A M-S, 1241",MOUNT SINAI WEST,B BRAUN MEDICAL INC,MEDICAL EQUIPMENT AND ACCESSORIES AND SUPPLIES,TRUE,TRUE,PROCESSED,900109,"900109, IV SOLUTIONS AND SETS",MOUNT SINAI WEST,Yes,354212,B BRAUN MEDICAL INC,9/28/2022 0:00,1314152-17043,GOODS,ORAPOS,INTRAVENOUS OR ARTERIAL TUBING ADMINISTRATION SETS,BMG354212,NURSING 14A M-S,1241,IV SOLUTIONS AND SETS,MSHS-MEDLINE-COI,,900109,20,20,20,1,20,65.4,65.4,"INTERFACE, HIGHJUMP",BUYER   CONVERSION
MEDLINE INDUSTRIES INC,2022,"NURSING 11B MCH, 1951",MOUNT SINAI WEST,B BRAUN MEDICAL INC,MEDICAL EQUIPMENT AND ACCESSORIES AND SUPPLIES,TRUE,TRUE,PROCESSED,900109,"900109, IV SOLUTIONS AND SETS",MOUNT SINAI WEST,Yes,354212,B BRAUN MEDICAL INC,9/27/2022 0:00,1314152-16892,GOODS,ORAPOS,INTRAVENOUS OR ARTERIAL TUBING ADMINISTRATION SETS,BMG354212,NURSING 11B MCH,1951,IV SOLUTIONS AND SETS,MSHS-MEDLINE-COI,,900109,21,21,21,1,21,68.67,68.67,"INTERFACE, HIGHJUMP",BUYER   CONVERSION
MEDLINE INDUSTRIES INC,2022,"MEDICINE HEMATOLOGY, 4512",MOUNT SINAI WEST,B BRAUN MEDICAL INC,MEDICAL EQUIPMENT AND ACCESSORIES AND SUPPLIES,TRUE,TRUE,PROCESSED,900109,"900109, IV SOLUTIONS AND SETS",MOUNT SINAI WEST,Yes,354212,B BRAUN MEDICAL INC,9/28/2022 0:00,1314152-17093,GOODS,ORAPOS,INTRAVENOUS OR ARTERIAL TUBING ADMINISTRATION SETS,BMG354212,MEDICINE HEMATOLOGY,4512,IV SOLUTIONS AND SETS,MSHS-MEDLINE-COI,,900109,24,24,24,1,24,78.48,78.48,"INTERFACE, HIGHJUMP",BUYER   CONVERSION
MEDLINE INDUSTRIES INC,2022,"EMERGENCY DEPARTMENT ADMINISTRATION, 5700",MOUNT SINAI WEST,B BRAUN MEDICAL INC,MEDICAL EQUIPMENT AND ACCESSORIES AND SUPPLIES,TRUE,TRUE,PROCESSED,900109,"900109, IV SOLUTIONS AND SETS",MOUNT SINAI WEST,Yes,354212,B BRAUN MEDICAL INC,9/14/2022 0:00,1314152-15358,GOODS,ORAPOS,INTRAVENOUS OR ARTERIAL TUBING ADMINISTRATION SETS,BMG354212,EMERGENCY DEPARTMENT ADMINISTRATION,5700,IV SOLUTIONS AND SETS,MSHS-MEDLINE-COI,,900109,36,36,36,1,36,117.72,117.72,"INTERFACE, HIGHJUMP",BUYER   CONVERSION
MEDLINE INDUSTRIES INC,2022,"NURSING 10A M-S, 1221",MOUNT SINAI WEST,B BRAUN MEDICAL INC,MEDICAL EQUIPMENT AND ACCESSORIES AND SUPPLIES,TRUE,TRUE,PROCESSED,900109,"900109, IV SOLUTIONS AND SETS",MOUNT SINAI WEST,Yes,354212,B BRAUN MEDICAL INC,9/21/2022 0:00,1314152-16106,GOODS,ORAPOS,INTRAVENOUS OR ARTERIAL TUBING ADMINISTRATION SETS,BMG354212,NURSING 10A M-S,1221,IV SOLUTIONS AND SETS,MSHS-MEDLINE-COI,,900109,37,37,37,1,37,120.99,120.99,"INTERFACE, HIGHJUMP",BUYER   CONVERSION
MEDLINE INDUSTRIES INC,2022,"NURSING 10A M-S, 1221",MOUNT SINAI WEST,B BRAUN MEDICAL INC,MEDICAL EQUIPMENT AND ACCESSORIES AND SUPPLIES,TRUE,TRUE,PROCESSED,900109,"900109, IV SOLUTIONS AND SETS",MOUNT SINAI WEST,Yes,354212,B BRAUN MEDICAL INC,9/13/2022 0:00,1314152-15176,GOODS,ORAPOS,INTRAVENOUS OR ARTERIAL TUBING ADMINISTRATION SETS,BMG354212,NURSING 10A M-S,1221,IV SOLUTIONS AND SETS,MSHS-MEDLINE-COI,,900109,37,37,37,1,37,120.99,120.99,"INTERFACE, HIGHJUMP",BUYER   CONVERSION
MEDLINE INDUSTRIES INC,2022,"NURSING 8A SOUTH NEUROSURGICAL, 2331",MOUNT SINAI WEST,B BRAUN MEDICAL INC,MEDICAL EQUIPMENT AND ACCESSORIES AND SUPPLIES,TRUE,TRUE,PROCESSED,900109,"900109, IV SOLUTIONS AND SETS",MOUNT SINAI WEST,Yes,354212,B BRAUN MEDICAL INC,9/21/2022 0:00,1314152-16218,GOODS,ORAPOS,INTRAVENOUS OR ARTERIAL TUBING ADMINISTRATION SETS,BMG354212,NURSING 8A SOUTH NEUROSURGICAL,2331,IV SOLUTIONS AND SETS,MSHS-MEDLINE-COI,,900109,40,40,40,1,40,130.8,130.8,"INTERFACE, HIGHJUMP",BUYER   CONVERSION
MEDLINE INDUSTRIES INC,2022,"LABOR AND DELIVERY, 1901",MOUNT SINAI WEST,B BRAUN MEDICAL INC,MEDICAL EQUIPMENT AND ACCESSORIES AND SUPPLIES,TRUE,TRUE,PROCESSED,900109,"900109, IV SOLUTIONS AND SETS",MOUNT SINAI WEST,Yes,354212,B BRAUN MEDICAL INC,9/28/2022 0:00,1314152-17028,GOODS,ORAPOS,INTRAVENOUS OR ARTERIAL TUBING ADMINISTRATION SETS,BMG354212,LABOR AND DELIVERY,1901,IV SOLUTIONS AND SETS,MSHS-MEDLINE-COI,,900109,40,40,40,1,40,130.8,130.8,"INTERFACE, HIGHJUMP",BUYER   CONVERSION
MEDLINE INDUSTRIES INC,2022,"NURSING 10B M-S, 1301",MOUNT SINAI WEST,B BRAUN MEDICAL INC,MEDICAL EQUIPMENT AND ACCESSORIES AND SUPPLIES,TRUE,TRUE,PROCESSED,900109,"900109, IV SOLUTIONS AND SETS",MOUNT SINAI WEST,Yes,354212,B BRAUN MEDICAL INC,9/29/2022 0:00,1314152-17203,GOODS,ORAPOS,INTRAVENOUS OR ARTERIAL TUBING ADMINISTRATION SETS,BMG354212,NURSING 10B M-S,1301,IV SOLUTIONS AND SETS,MSHS-MEDLINE-COI,,900109,41,41,41,1,41,134.07,134.07,"INTERFACE, HIGHJUMP",BUYER   CONVERSION
MEDLINE INDUSTRIES INC,2022,"LABOR AND DELIVERY, 1901",MOUNT SINAI WEST,B BRAUN MEDICAL INC,MEDICAL EQUIPMENT AND ACCESSORIES AND SUPPLIES,TRUE,TRUE,PROCESSED,900109,"900109, IV SOLUTIONS AND SETS",MOUNT SINAI WEST,Yes,354212,B BRAUN MEDICAL INC,10/1/2022 0:00,1314152-17449,GOODS,ORAPOS,INTRAVENOUS OR ARTERIAL TUBING ADMINISTRATION SETS,MBB354212,LABOR AND DELIVERY,1901,IV SOLUTIONS AND SETS,MSHS-MEDLINE-COI,,900109,50,50,50,1,50,183.5,183.5,"INTERFACE, HIGHJUMP",BUYER   CONVERSION
MEDLINE INDUSTRIES INC,2022,"NURSING 8A SOUTH NEUROSURGICAL, 2331",MOUNT SINAI WEST,B BRAUN MEDICAL INC,MEDICAL EQUIPMENT AND ACCESSORIES AND SUPPLIES,TRUE,TRUE,PROCESSED,900109,"900109, IV SOLUTIONS AND SETS",MOUNT SINAI WEST,Yes,354212,B BRAUN MEDICAL INC,9/9/2022 0:00,1314152-14801,GOODS,ORAPOS,INTRAVENOUS OR ARTERIAL TUBING ADMINISTRATION SETS,BMG354212,NURSING 8A SOUTH NEUROSURGICAL,2331,IV SOLUTIONS AND SETS,MSHS-MEDLINE-COI,,900109,50,50,50,1,50,163.5,163.5,"INTERFACE, HIGHJUMP",BUYER   CONVERSION
MEDLINE INDUSTRIES INC,2022,"NURSING 8A SOUTH NEUROSURGICAL, 2331",MOUNT SINAI WEST,B BRAUN MEDICAL INC,MEDICAL EQUIPMENT AND ACCESSORIES AND SUPPLIES,TRUE,TRUE,PROCESSED,900109,"900109, IV SOLUTIONS AND SETS",MOUNT SINAI WEST,Yes,354212,B BRAUN MEDICAL INC,9/28/2022 0:00,1314152-17084,GOODS,ORAPOS,INTRAVENOUS OR ARTERIAL TUBING ADMINISTRATION SETS,BMG354212,NURSING 8A SOUTH NEUROSURGICAL,2331,IV SOLUTIONS AND SETS,MSHS-MEDLINE-COI,,900109,50,50,50,1,50,163.5,163.5,"INTERFACE, HIGHJUMP",BUYER   CONVERSION
MEDLINE INDUSTRIES INC,2022,"MEDICINE HEMATOLOGY, 4512",MOUNT SINAI WEST,B BRAUN MEDICAL INC,MEDICAL EQUIPMENT AND ACCESSORIES AND SUPPLIES,TRUE,TRUE,PROCESSED,900109,"900109, IV SOLUTIONS AND SETS",MOUNT SINAI WEST,Yes,354212,B BRAUN MEDICAL INC,9/21/2022 0:00,1314152-16171,GOODS,ORAPOS,INTRAVENOUS OR ARTERIAL TUBING ADMINISTRATION SETS,BMG354212,MEDICINE HEMATOLOGY,4512,IV SOLUTIONS AND SETS,MSHS-MEDLINE-COI,,900109,100,100,100,1,100,327,327,"INTERFACE, HIGHJUMP",BUYER   CONVERSION
MEDLINE INDUSTRIES INC,2022,"NURSING INTENSIVE CARE UNIT, 2301",MOUNT SINAI WEST,B BRAUN MEDICAL INC,MEDICAL EQUIPMENT AND ACCESSORIES AND SUPPLIES,TRUE,TRUE,PROCESSED,900109,"900109, IV SOLUTIONS AND SETS",MOUNT SINAI WEST,Yes,354212,B BRAUN MEDICAL INC,9/19/2022 0:00,1314152-15937,GOODS,ORAPOS,INTRAVENOUS OR ARTERIAL TUBING ADMINISTRATION SETS,BMG354212,NURSING INTENSIVE CARE UNIT,2301,IV SOLUTIONS AND SETS,MSHS-MEDLINE-COI,,900109,2,2,2,24,48,156.82,156.82,"INTERFACE, HIGHJUMP",BUYER   CONVERSION
MEDLINE INDUSTRIES INC,2022,"NURSING INTENSIVE CARE UNIT, 2301",MOUNT SINAI WEST,B BRAUN MEDICAL INC,MEDICAL EQUIPMENT AND ACCESSORIES AND SUPPLIES,TRUE,TRUE,PROCESSED,900109,"900109, IV SOLUTIONS AND SETS",MOUNT SINAI WEST,Yes,354212,B BRAUN MEDICAL INC,9/27/2022 0:00,1314152-16940,GOODS,ORAPOS,INTRAVENOUS OR ARTERIAL TUBING ADMINISTRATION SETS,BMG354212,NURSING INTENSIVE CARE UNIT,2301,IV SOLUTIONS AND SETS,MSHS-MEDLINE-COI,,900109,2,2,2,24,48,156.82,156.82,"INTERFACE, HIGHJUMP",BUYER   CONVERSION
MEDLINE INDUSTRIES INC,2022,"EMERGENCY DEPARTMENT ADMINISTRATION, 5700",PETRIE,B BRAUN MEDICAL INC,MEDICAL EQUIPMENT AND ACCESSORIES AND SUPPLIES,TRUE,TRUE,PROCESSED,900109,"900109, IV SOLUTIONS AND SETS",PETRIE,Yes,354212,B BRAUN MEDICAL INC,9/14/2022 0:00,1314152-15445,GOODS,ORAPOS,INTRAVENOUS OR ARTERIAL TUBING ADMINISTRATION SETS,BMG354212,EMERGENCY DEPARTMENT ADMINISTRATION,5700,IV SOLUTIONS AND SETS,MSHS-MEDLINE-COI,,900109,6,6,6,1,6,19.62,19.62,"INTERFACE, HIGHJUMP",BUYER   CONVERSION
MEDLINE INDUSTRIES INC,2022,"NURSING SURGICAL STEPDOWN UNIT, 1514",PETRIE,B BRAUN MEDICAL INC,MEDICAL EQUIPMENT AND ACCESSORIES AND SUPPLIES,TRUE,TRUE,PROCESSED,900109,"900109, IV SOLUTIONS AND SETS",PETRIE,Yes,354212,B BRAUN MEDICAL INC,9/5/2022 0:00,1314152-14310,GOODS,ORAPOS,INTRAVENOUS OR ARTERIAL TUBING ADMINISTRATION SETS,BMG354212,NURSING SURGICAL STEPDOWN UNIT,1514,IV SOLUTIONS AND SETS,MSHS-MEDLINE-COI,,900109,10,10,10,1,10,32.7,32.7,"INTERFACE, HIGHJUMP",BUYER   CONVERSION
MEDLINE INDUSTRIES INC,2022,"EMERGENCY DEPARTMENT ADMINISTRATION, 5700",PETRIE,B BRAUN MEDICAL INC,MEDICAL EQUIPMENT AND ACCESSORIES AND SUPPLIES,TRUE,TRUE,PROCESSED,900109,"900109, IV SOLUTIONS AND SETS",PETRIE,Yes,354212,B BRAUN MEDICAL INC,10/1/2022 0:00,1314152-17410,GOODS,ORAPOS,INTRAVENOUS OR ARTERIAL TUBING ADMINISTRATION SETS,MBB354212,EMERGENCY DEPARTMENT ADMINISTRATION,5700,IV SOLUTIONS AND SETS,MSHS-MEDLINE-COI,,900109,12,12,12,1,12,44.04,44.04,"INTERFACE, HIGHJUMP",BUYER   CONVERSION
MEDLINE INDUSTRIES INC,2022,"NURSING 8 SILVER PLANETREE M-S, 1294",PETRIE,B BRAUN MEDICAL INC,MEDICAL EQUIPMENT AND ACCESSORIES AND SUPPLIES,TRUE,TRUE,PROCESSED,900109,"900109, IV SOLUTIONS AND SETS",PETRIE,Yes,354212,B BRAUN MEDICAL INC,9/27/2022 0:00,1314152-16812,GOODS,ORAPOS,INTRAVENOUS OR ARTERIAL TUBING ADMINISTRATION SETS,BMG354212,NURSING 8 SILVER PLANETREE M-S,1294,IV SOLUTIONS AND SETS,MSHS-MEDLINE-COI,,900109,12,12,12,1,12,39.24,39.24,"INTERFACE, HIGHJUMP",BUYER   CONVERSION
MEDLINE INDUSTRIES INC,2022,"EMERGENCY DEPARTMENT ADMINISTRATION, 5700",PETRIE,B BRAUN MEDICAL INC,MEDICAL EQUIPMENT AND ACCESSORIES AND SUPPLIES,TRUE,TRUE,PROCESSED,900109,"900109, IV SOLUTIONS AND SETS",PETRIE,Yes,354212,B BRAUN MEDICAL INC,9/10/2022 0:00,1314152-14987,GOODS,ORAPOS,INTRAVENOUS OR ARTERIAL TUBING ADMINISTRATION SETS,BMG354212,EMERGENCY DEPARTMENT ADMINISTRATION,5700,IV SOLUTIONS AND SETS,MSHS-MEDLINE-COI,,900109,12,12,12,1,12,39.24,39.24,"INTERFACE, HIGHJUMP",BUYER   CONVERSION
MEDLINE INDUSTRIES INC,2022,"EMERGENCY DEPARTMENT ADMINISTRATION, 5700",PETRIE,B BRAUN MEDICAL INC,MEDICAL EQUIPMENT AND ACCESSORIES AND SUPPLIES,TRUE,TRUE,PROCESSED,900109,"900109, IV SOLUTIONS AND SETS",PETRIE,Yes,354212,B BRAUN MEDICAL INC,9/17/2022 0:00,1314152-15754,GOODS,ORAPOS,INTRAVENOUS OR ARTERIAL TUBING ADMINISTRATION SETS,BMG354212,EMERGENCY DEPARTMENT ADMINISTRATION,5700,IV SOLUTIONS AND SETS,MSHS-MEDLINE-COI,,900109,12,12,12,1,12,39.24,39.24,"INTERFACE, HIGHJUMP",BUYER   CONVERSION
MEDLINE INDUSTRIES INC,2022,"NURSING SURGICAL STEPDOWN UNIT, 1514",PETRIE,B BRAUN MEDICAL INC,MEDICAL EQUIPMENT AND ACCESSORIES AND SUPPLIES,TRUE,TRUE,PROCESSED,900109,"900109, IV SOLUTIONS AND SETS",PETRIE,Yes,354212,B BRAUN MEDICAL INC,9/19/2022 0:00,1314152-15818,GOODS,ORAPOS,INTRAVENOUS OR ARTERIAL TUBING ADMINISTRATION SETS,MBB354212,NURSING SURGICAL STEPDOWN UNIT,1514,IV SOLUTIONS AND SETS,MSHS-MEDLINE-COI,,900109,24,24,24,1,24,78.48,78.48,"INTERFACE, HIGHJUMP",BUYER   CONVERSION
MEDLINE INDUSTRIES INC,2022,"NURSING SURGICAL STEPDOWN UNIT, 1514",PETRIE,B BRAUN MEDICAL INC,MEDICAL EQUIPMENT AND ACCESSORIES AND SUPPLIES,TRUE,TRUE,PROCESSED,900109,"900109, IV SOLUTIONS AND SETS",PETRIE,Yes,354212,B BRAUN MEDICAL INC,10/3/2022 0:00,1314152-17461,GOODS,ORAPOS,INTRAVENOUS OR ARTERIAL TUBING ADMINISTRATION SETS,MBB354212,NURSING SURGICAL STEPDOWN UNIT,1514,IV SOLUTIONS AND SETS,MSHS-MEDLINE-COI,,900109,24,24,24,1,24,88.08,88.08,"INTERFACE, HIGHJUMP",BUYER   CONVERSION
MEDLINE INDUSTRIES INC,2022,"NURSING 7 SILVER ORTHOPEDICS, 1344",PETRIE,B BRAUN MEDICAL INC,MEDICAL EQUIPMENT AND ACCESSORIES AND SUPPLIES,TRUE,TRUE,PROCESSED,900109,"900109, IV SOLUTIONS AND SETS",PETRIE,Yes,354212,B BRAUN MEDICAL INC,10/5/2022 0:00,1314152-17781,GOODS,ORAPOS,INTRAVENOUS OR ARTERIAL TUBING ADMINISTRATION SETS,BMG354212,NURSING 7 SILVER ORTHOPEDICS,1344,IV SOLUTIONS AND SETS,MSHS-MEDLINE-COI,,900109,24,24,24,1,24,88.0896,88.0896,"INTERFACE, HIGHJUMP",BUYER   CONVERSION
MEDLINE INDUSTRIES INC,2022,"NURSING 7 SILVER ORTHOPEDICS, 1344",PETRIE,B BRAUN MEDICAL INC,MEDICAL EQUIPMENT AND ACCESSORIES AND SUPPLIES,TRUE,TRUE,PROCESSED,900109,"900109, IV SOLUTIONS AND SETS",PETRIE,Yes,354212,B BRAUN MEDICAL INC,9/7/2022 0:00,1314152-14462,GOODS,ORAPOS,INTRAVENOUS OR ARTERIAL TUBING ADMINISTRATION SETS,BMG354212,NURSING 7 SILVER ORTHOPEDICS,1344,IV SOLUTIONS AND SETS,MSHS-MEDLINE-COI,,900109,24,24,24,1,24,78.48,78.48,"INTERFACE, HIGHJUMP",BUYER   CONVERSION
MEDLINE INDUSTRIES INC,2022,"POST ANESTHESIA CARE UNIT, 2624",PETRIE,B BRAUN MEDICAL INC,MEDICAL EQUIPMENT AND ACCESSORIES AND SUPPLIES,TRUE,TRUE,PROCESSED,900109,"900109, IV SOLUTIONS AND SETS",PETRIE,Yes,354212,B BRAUN MEDICAL INC,9/21/2022 0:00,1314152-16160,GOODS,ORAPOS,INTRAVENOUS OR ARTERIAL TUBING ADMINISTRATION SETS,MBB354212,POST ANESTHESIA CARE UNIT,2624,IV SOLUTIONS AND SETS,MSHS-MEDLINE-COI,,900109,1,1,1,24,24,78.41,78.41,"WILSON, DWAYNE L",BUYER   CONVERSION
MEDLINE INDUSTRIES INC,2022,"POST ANESTHESIA CARE UNIT, 2624",PETRIE,B BRAUN MEDICAL INC,MEDICAL EQUIPMENT AND ACCESSORIES AND SUPPLIES,TRUE,TRUE,PROCESSED,900109,"900109, IV SOLUTIONS AND SETS",PETRIE,Yes,354212,B BRAUN MEDICAL INC,10/1/2022 0:00,1314152-17396,GOODS,ORAPOS,INTRAVENOUS OR ARTERIAL TUBING ADMINISTRATION SETS,MBB354212,POST ANESTHESIA CARE UNIT,2624,IV SOLUTIONS AND SETS,MSHS-MEDLINE-COI,,900109,1,1,1,24,24,88.09,88.09,"WILSON, DWAYNE L",BUYER   CONVERSION
MEDLINE INDUSTRIES INC,2022,"MATERIALS MANAGEMENT STORE ROOM, 8835",PETRIE,B BRAUN MEDICAL INC,MEDICAL EQUIPMENT AND ACCESSORIES AND SUPPLIES,TRUE,TRUE,PROCESSED,900109,"900109, IV SOLUTIONS AND SETS",PETRIE,Yes,354212,B BRAUN MEDICAL INC,9/24/2022 0:00,1314152-16587,GOODS,ORAPOS,INTRAVENOUS OR ARTERIAL TUBING ADMINISTRATION SETS,BMG354212,MATERIALS MANAGEMENT STORE ROOM,8835,IV SOLUTIONS AND SETS,MSHS-MEDLINE-COI,,900109,1,1,1,24,24,78.41,78.41,"INTERFACE, HIGHJUMP",BUYER   CONVERSION
MEDLINE INDUSTRIES INC,2022,"ECHOCARDIOGRAM, 4066",PETRIE,B BRAUN MEDICAL INC,MEDICAL EQUIPMENT AND ACCESSORIES AND SUPPLIES,TRUE,TRUE,PROCESSED,900109,"900109, IV SOLUTIONS AND SETS",PETRIE,Yes,354212,B BRAUN MEDICAL INC,9/21/2022 0:00,1314152-16206,GOODS,ORAPOS,INTRAVENOUS OR ARTERIAL TUBING ADMINISTRATION SETS,BMG354212,ECHOCARDIOGRAM,4066,IV SOLUTIONS AND SETS,MSHS-MEDLINE-COI,,900109,2,2,2,24,48,156.82,156.82,"BRACERO, DENISE",BUYER   CONVERSION
MEDLINE INDUSTRIES INC,2024,"URGENT CARE CENTER, 5720",PHILIPS AMBULATORY CARE CENTER,B. BRAUN MEDICAL,MEDICAL EQUIPMENT AND ACCESSORIES AND SUPPLIES,TRUE,TRUE,PROCESSED,900109,"900109, IV SOLUTIONS AND SETS",PHILIPS AMBULATORY CARE CENTER,Yes,354212,B. BRAUN MEDICAL,5/7/2024 0:00,1314152-89786,GOODS,ORAPOS,INTRAVENOUS OR ARTERIAL TUBING ADMINISTRATION SETS,MBB354212,URGENT CARE CENTER,5720,IV SOLUTIONS AND SETS,MSHS-MEDLINE-COI,,900109,13,13,13,1,13,47.71,47.71,"INTERFACE, HIGHJUMP",BUYER   CONVERSION
MEDLINE INDUSTRIES INC,2022,"CHEMOTHERAPY SUITE, 5518",PHILIPS AMBULATORY CARE CENTER,B BRAUN MEDICAL INC,MEDICAL EQUIPMENT AND ACCESSORIES AND SUPPLIES,TRUE,TRUE,PROCESSED,900109,"900109, IV SOLUTIONS AND SETS",PHILIPS AMBULATORY CARE CENTER,Yes,354212,B BRAUN MEDICAL INC,11/4/2022 0:00,1314152-21481,GOODS,ORAPOS,INTRAVENOUS OR ARTERIAL TUBING ADMINISTRATION SETS,BMG354212,CHEMOTHERAPY SUITE,5518,IV SOLUTIONS AND SETS,MSHS-MEDLINE-COI,,900109,1,1,1,24,24,88.09,88.09,"INTERFACE, HIGHJUMP",BUYER   CONVERSION
MEDLINE INDUSTRIES INC,2023,"PHARMACY, 9400",PHILIPS AMBULATORY CARE CENTER,B BRAUN MEDICAL INC,MEDICAL EQUIPMENT AND ACCESSORIES AND SUPPLIES,TRUE,TRUE,PROCESSED,900109,"900109, IV SOLUTIONS AND SETS",PHILIPS AMBULATORY CARE CENTER,Yes,354212,B BRAUN MEDICAL INC,2/2/2023 0:00,1314152-31979,GOODS,ORAPOS,INTRAVENOUS OR ARTERIAL TUBING ADMINISTRATION SETS,MBB354212,PHARMACY,9400,IV SOLUTIONS AND SETS,MSHS-MEDLINE-COI,,900109,3,3,3,24,72,264.27,264.27,"MCCALLA, RACQUEL",BUYER   CONVERSION
MEDLINE INDUSTRIES INC,2023,"PHARMACY, 9400",PHILIPS AMBULATORY CARE CENTER,B BRAUN MEDICAL INC,MEDICAL EQUIPMENT AND ACCESSORIES AND SUPPLIES,TRUE,TRUE,PROCESSED,900109,"900109, IV SOLUTIONS AND SETS",PHILIPS AMBULATORY CARE CENTER,Yes,354212,B BRAUN MEDICAL INC,1/25/2023 0:00,1314152-30977,GOODS,ORAPOS,INTRAVENOUS OR ARTERIAL TUBING ADMINISTRATION SETS,MBB354212,PHARMACY,9400,IV SOLUTIONS AND SETS,MSHS-MEDLINE-COI,,900109,3,3,3,24,72,264.27,264.27,"MCCALLA, RACQUEL",BUYER   CONVERSION
MEDLINE INDUSTRIES INC,2022,"NURSING 8E M S, 1371",ST LUKES,B BRAUN MEDICAL INC,MEDICAL EQUIPMENT AND ACCESSORIES AND SUPPLIES,TRUE,TRUE,PROCESSED,900109,"900109, IV SOLUTIONS AND SETS",ST LUKES,Yes,354212,B BRAUN MEDICAL INC,9/1/2022 0:00,1314152-14050,GOODS,ORAPOS,INTRAVENOUS OR ARTERIAL TUBING ADMINISTRATION SETS,MBB354212,NURSING 8E M S,1371,IV SOLUTIONS AND SETS,MSHS-MEDLINE-COI,,900109,8,20,20,1,8,26.16,26.16,"INTERFACE, HIGHJUMP",BUYER   CONVERSION
MEDLINE INDUSTRIES INC,2022,"NURSING CLARK 5 M-S, 1331",ST LUKES,B BRAUN MEDICAL INC,MEDICAL EQUIPMENT AND ACCESSORIES AND SUPPLIES,TRUE,TRUE,PROCESSED,900109,"900109, IV SOLUTIONS AND SETS",ST LUKES,Yes,354212,B BRAUN MEDICAL INC,9/21/2022 0:00,1314152-16188,GOODS,ORAPOS,INTRAVENOUS OR ARTERIAL TUBING ADMINISTRATION SETS,BMG354212,NURSING CLARK 5 M-S,1331,IV SOLUTIONS AND SETS,MSHS-MEDLINE-COI,,900109,10,10,10,1,10,32.7,32.7,"INTERFACE, HIGHJUMP",BUYER   CONVERSION
MEDLINE INDUSTRIES INC,2022,"NURSING CLARK 5 M-S, 1331",ST LUKES,B BRAUN MEDICAL INC,MEDICAL EQUIPMENT AND ACCESSORIES AND SUPPLIES,TRUE,TRUE,PROCESSED,900109,"900109, IV SOLUTIONS AND SETS",ST LUKES,Yes,354212,B BRAUN MEDICAL INC,9/7/2022 0:00,1314152-14465,GOODS,ORAPOS,INTRAVENOUS OR ARTERIAL TUBING ADMINISTRATION SETS,BMG354212,NURSING CLARK 5 M-S,1331,IV SOLUTIONS AND SETS,MSHS-MEDLINE-COI,,900109,10,10,10,1,10,32.7,32.7,"INTERFACE, HIGHJUMP",BUYER   CONVERSION
MEDLINE INDUSTRIES INC,2022,"HEMATOLOGY ONCOLOGY, 5513",ST LUKES,B BRAUN MEDICAL INC,MEDICAL EQUIPMENT AND ACCESSORIES AND SUPPLIES,TRUE,TRUE,PROCESSED,900109,"900109, IV SOLUTIONS AND SETS",ST LUKES,Yes,354212,B BRAUN MEDICAL INC,9/8/2022 0:00,1314152-14690,GOODS,ORAPOS,INTRAVENOUS OR ARTERIAL TUBING ADMINISTRATION SETS,BMG354212,HEMATOLOGY ONCOLOGY,5513,IV SOLUTIONS AND SETS,MSHS-MEDLINE-COI,,900109,12,12,12,1,12,39.24,39.24,"INTERFACE, HIGHJUMP",BUYER   CONVERSION
MEDLINE INDUSTRIES INC,2022,"NURSING 4W M S, 1361",ST LUKES,B BRAUN MEDICAL INC,MEDICAL EQUIPMENT AND ACCESSORIES AND SUPPLIES,TRUE,TRUE,PROCESSED,900109,"900109, IV SOLUTIONS AND SETS",ST LUKES,Yes,354212,B BRAUN MEDICAL INC,9/22/2022 0:00,1314152-16325,GOODS,ORAPOS,INTRAVENOUS OR ARTERIAL TUBING ADMINISTRATION SETS,BMG354212,NURSING 4W M S,1361,IV SOLUTIONS AND SETS,MSHS-MEDLINE-COI,,900109,12,12,12,1,12,39.24,39.24,"INTERFACE, HIGHJUMP",BUYER   CONVERSION
MEDLINE INDUSTRIES INC,2022,"NURSING 6E CCU CSICU, 1501",ST LUKES,B BRAUN MEDICAL INC,MEDICAL EQUIPMENT AND ACCESSORIES AND SUPPLIES,TRUE,TRUE,PROCESSED,900109,"900109, IV SOLUTIONS AND SETS",ST LUKES,Yes,354212,B BRAUN MEDICAL INC,9/1/2022 0:00,1314152-14051,GOODS,ORAPOS,INTRAVENOUS OR ARTERIAL TUBING ADMINISTRATION SETS,BMG354212,NURSING 6E CCU CSICU,1501,IV SOLUTIONS AND SETS,MSHS-MEDLINE-COI,,900109,12,12,12,1,12,39.24,39.24,"INTERFACE, HIGHJUMP",BUYER   CONVERSION
MEDLINE INDUSTRIES INC,2022,"NURSING 6W M S, 1601",ST LUKES,B BRAUN MEDICAL INC,MEDICAL EQUIPMENT AND ACCESSORIES AND SUPPLIES,TRUE,TRUE,PROCESSED,900109,"900109, IV SOLUTIONS AND SETS",ST LUKES,Yes,354212,B BRAUN MEDICAL INC,9/19/2022 0:00,1314152-15875,GOODS,ORAPOS,INTRAVENOUS OR ARTERIAL TUBING ADMINISTRATION SETS,MBB354212,NURSING 6W M S,1601,IV SOLUTIONS AND SETS,MSHS-MEDLINE-COI,,900109,15,15,15,1,15,49.05,49.05,"INTERFACE, HIGHJUMP",BUYER   CONVERSION
MEDLINE INDUSTRIES INC,2022,"NURSING 6W M S, 1601",ST LUKES,B BRAUN MEDICAL INC,MEDICAL EQUIPMENT AND ACCESSORIES AND SUPPLIES,TRUE,TRUE,PROCESSED,900109,"900109, IV SOLUTIONS AND SETS",ST LUKES,Yes,354212,B BRAUN MEDICAL INC,9/1/2022 0:00,1314152-14049,GOODS,ORAPOS,INTRAVENOUS OR ARTERIAL TUBING ADMINISTRATION SETS,BMG354212,NURSING 6W M S,1601,IV SOLUTIONS AND SETS,MSHS-MEDLINE-COI,,900109,15,15,15,1,15,49.05,49.05,"INTERFACE, HIGHJUMP",BUYER   CONVERSION
MEDLINE INDUSTRIES INC,2022,"NURSING 7W M S, 1341",ST LUKES,B BRAUN MEDICAL INC,MEDICAL EQUIPMENT AND ACCESSORIES AND SUPPLIES,TRUE,TRUE,PROCESSED,900109,"900109, IV SOLUTIONS AND SETS",ST LUKES,Yes,354212,B BRAUN MEDICAL INC,9/21/2022 0:00,1314152-16179,GOODS,ORAPOS,INTRAVENOUS OR ARTERIAL TUBING ADMINISTRATION SETS,BMG354212,NURSING 7W M S,1341,IV SOLUTIONS AND SETS,MSHS-MEDLINE-COI,,900109,15,15,15,1,15,49.05,49.05,"INTERFACE, HIGHJUMP",BUYER   CONVERSION
MEDLINE INDUSTRIES INC,2022,"NURSING 10E, 1381",ST LUKES,B BRAUN MEDICAL INC,MEDICAL EQUIPMENT AND ACCESSORIES AND SUPPLIES,TRUE,TRUE,PROCESSED,900109,"900109, IV SOLUTIONS AND SETS",ST LUKES,Yes,354212,B BRAUN MEDICAL INC,9/8/2022 0:00,1314152-14687,GOODS,ORAPOS,INTRAVENOUS OR ARTERIAL TUBING ADMINISTRATION SETS,BMG354212,NURSING 10E,1381,IV SOLUTIONS AND SETS,MSHS-MEDLINE-COI,,900109,15,15,15,1,15,49.05,49.05,"INTERFACE, HIGHJUMP",BUYER   CONVERSION
MEDLINE INDUSTRIES INC,2022,"NURSING 10E, 1381",ST LUKES,B BRAUN MEDICAL INC,MEDICAL EQUIPMENT AND ACCESSORIES AND SUPPLIES,TRUE,TRUE,PROCESSED,900109,"900109, IV SOLUTIONS AND SETS",ST LUKES,Yes,354212,B BRAUN MEDICAL INC,9/9/2022 0:00,1314152-14829,GOODS,ORAPOS,INTRAVENOUS OR ARTERIAL TUBING ADMINISTRATION SETS,BMG354212,NURSING 10E,1381,IV SOLUTIONS AND SETS,MSHS-MEDLINE-COI,,900109,15,15,15,1,15,49.05,49.05,"INTERFACE, HIGHJUMP",BUYER   CONVERSION
MEDLINE INDUSTRIES INC,2022,"NURSING 8E M S, 1371",ST LUKES,B BRAUN MEDICAL INC,MEDICAL EQUIPMENT AND ACCESSORIES AND SUPPLIES,TRUE,TRUE,PROCESSED,900109,"900109, IV SOLUTIONS AND SETS",ST LUKES,Yes,354212,B BRAUN MEDICAL INC,9/2/2022 0:00,1314152-14170,GOODS,ORAPOS,INTRAVENOUS OR ARTERIAL TUBING ADMINISTRATION SETS,MBB354212,NURSING 8E M S,1371,IV SOLUTIONS AND SETS,MSHS-MEDLINE-COI,,900109,20,20,20,1,20,65.4,65.4,"INTERFACE, HIGHJUMP",BUYER   CONVERSION
MEDLINE INDUSTRIES INC,2022,"NURSING 8E M S, 1371",ST LUKES,B BRAUN MEDICAL INC,MEDICAL EQUIPMENT AND ACCESSORIES AND SUPPLIES,TRUE,TRUE,PROCESSED,900109,"900109, IV SOLUTIONS AND SETS",ST LUKES,Yes,354212,B BRAUN MEDICAL INC,9/22/2022 0:00,1314152-16306,GOODS,ORAPOS,INTRAVENOUS OR ARTERIAL TUBING ADMINISTRATION SETS,BMG354212,NURSING 8E M S,1371,IV SOLUTIONS AND SETS,MSHS-MEDLINE-COI,,900109,20,20,20,1,20,65.4,65.4,"INTERFACE, HIGHJUMP",BUYER   CONVERSION
MEDLINE INDUSTRIES INC,2022,"NURSING 6E CCU CSICU, 1501",ST LUKES,B BRAUN MEDICAL INC,MEDICAL EQUIPMENT AND ACCESSORIES AND SUPPLIES,TRUE,TRUE,PROCESSED,900109,"900109, IV SOLUTIONS AND SETS",ST LUKES,Yes,354212,B BRAUN MEDICAL INC,9/22/2022 0:00,1314152-16316,GOODS,ORAPOS,INTRAVENOUS OR ARTERIAL TUBING ADMINISTRATION SETS,BMG354212,NURSING 6E CCU CSICU,1501,IV SOLUTIONS AND SETS,MSHS-MEDLINE-COI,,900109,24,24,24,1,24,78.48,78.48,"INTERFACE, HIGHJUMP",BUYER   CONVERSION
MEDLINE INDUSTRIES INC,2022,"HEMATOLOGY ONCOLOGY, 5513",ST LUKES,B BRAUN MEDICAL INC,MEDICAL EQUIPMENT AND ACCESSORIES AND SUPPLIES,TRUE,TRUE,PROCESSED,900109,"900109, IV SOLUTIONS AND SETS",ST LUKES,Yes,354212,B BRAUN MEDICAL INC,9/12/2022 0:00,1314152-15055,GOODS,ORAPOS,INTRAVENOUS OR ARTERIAL TUBING ADMINISTRATION SETS,BMG354212,HEMATOLOGY ONCOLOGY,5513,IV SOLUTIONS AND SETS,MSHS-MEDLINE-COI,,900109,24,24,24,1,24,78.48,78.48,"INTERFACE, HIGHJUMP",BUYER   CONVERSION
MEDLINE INDUSTRIES INC,2022,"NURSING 10E, 1381",ST LUKES,B BRAUN MEDICAL INC,MEDICAL EQUIPMENT AND ACCESSORIES AND SUPPLIES,TRUE,TRUE,PROCESSED,900109,"900109, IV SOLUTIONS AND SETS",ST LUKES,Yes,354212,B BRAUN MEDICAL INC,9/22/2022 0:00,1314152-16324,GOODS,ORAPOS,INTRAVENOUS OR ARTERIAL TUBING ADMINISTRATION SETS,MBB354212,NURSING 10E,1381,IV SOLUTIONS AND SETS,MSHS-MEDLINE-COI,,900109,30,30,30,1,30,98.1,98.1,"INTERFACE, HIGHJUMP",BUYER   CONVERSION
MEDLINE INDUSTRIES INC,2022,"NURSING 7W M S, 1341",ST LUKES,B BRAUN MEDICAL INC,MEDICAL EQUIPMENT AND ACCESSORIES AND SUPPLIES,TRUE,TRUE,PROCESSED,900109,"900109, IV SOLUTIONS AND SETS",ST LUKES,Yes,354212,B BRAUN MEDICAL INC,9/19/2022 0:00,1314152-15851,GOODS,ORAPOS,INTRAVENOUS OR ARTERIAL TUBING ADMINISTRATION SETS,BMG354212,NURSING 7W M S,1341,IV SOLUTIONS AND SETS,MSHS-MEDLINE-COI,,900109,30,30,30,1,30,98.1,98.1,"INTERFACE, HIGHJUMP",BUYER   CONVERSION
MEDLINE INDUSTRIES INC,2022,"NURSING 7W M S, 1341",ST LUKES,B BRAUN MEDICAL INC,MEDICAL EQUIPMENT AND ACCESSORIES AND SUPPLIES,TRUE,TRUE,PROCESSED,900109,"900109, IV SOLUTIONS AND SETS",ST LUKES,Yes,354212,B BRAUN MEDICAL INC,9/3/2022 0:00,1314152-14258,GOODS,ORAPOS,INTRAVENOUS OR ARTERIAL TUBING ADMINISTRATION SETS,BMG354212,NURSING 7W M S,1341,IV SOLUTIONS AND SETS,MSHS-MEDLINE-COI,,900109,30,30,30,1,30,98.1,98.1,"INTERFACE, HIGHJUMP",BUYER   CONVERSION
MEDLINE INDUSTRIES INC,2022,"NURSING 9E TELEMETRY, 1611",ST LUKES,B BRAUN MEDICAL INC,MEDICAL EQUIPMENT AND ACCESSORIES AND SUPPLIES,TRUE,TRUE,PROCESSED,900109,"900109, IV SOLUTIONS AND SETS",ST LUKES,Yes,354212,B BRAUN MEDICAL INC,9/9/2022 0:00,1314152-14820,GOODS,ORAPOS,INTRAVENOUS OR ARTERIAL TUBING ADMINISTRATION SETS,BMG354212,NURSING 9E TELEMETRY,1611,IV SOLUTIONS AND SETS,MSHS-MEDLINE-COI,,900109,30,30,30,1,30,98.1,98.1,"INTERFACE, HIGHJUMP",BUYER   CONVERSION
MEDLINE INDUSTRIES INC,2022,"NURSING 9E TELEMETRY, 1611",ST LUKES,B BRAUN MEDICAL INC,MEDICAL EQUIPMENT AND ACCESSORIES AND SUPPLIES,TRUE,TRUE,PROCESSED,900109,"900109, IV SOLUTIONS AND SETS",ST LUKES,Yes,354212,B BRAUN MEDICAL INC,9/1/2022 0:00,1314152-14011,GOODS,ORAPOS,INTRAVENOUS OR ARTERIAL TUBING ADMINISTRATION SETS,BMG354212,NURSING 9E TELEMETRY,1611,IV SOLUTIONS AND SETS,MSHS-MEDLINE-COI,,900109,30,30,30,1,30,98.1,98.1,"INTERFACE, HIGHJUMP",BUYER   CONVERSION
MEDLINE INDUSTRIES INC,2022,"NURSING 7B MICU SICU STPDWN, 2311",ST LUKES,B BRAUN MEDICAL INC,MEDICAL EQUIPMENT AND ACCESSORIES AND SUPPLIES,TRUE,TRUE,PROCESSED,900109,"900109, IV SOLUTIONS AND SETS",ST LUKES,Yes,354212,B BRAUN MEDICAL INC,9/14/2022 0:00,1314152-15350,GOODS,ORAPOS,INTRAVENOUS OR ARTERIAL TUBING ADMINISTRATION SETS,BMG354212,NURSING 7B MICU SICU STPDWN,2311,IV SOLUTIONS AND SETS,MSHS-MEDLINE-COI,,900109,42,42,42,1,42,137.34,137.34,"INTERFACE, HIGHJUMP",BUYER   CONVERSION
MEDLINE INDUSTRIES INC,2022,"NURSING 7B MICU SICU STPDWN, 2311",ST LUKES,B BRAUN MEDICAL INC,MEDICAL EQUIPMENT AND ACCESSORIES AND SUPPLIES,TRUE,TRUE,PROCESSED,900109,"900109, IV SOLUTIONS AND SETS",ST LUKES,Yes,354212,B BRAUN MEDICAL INC,9/9/2022 0:00,1314152-14823,GOODS,ORAPOS,INTRAVENOUS OR ARTERIAL TUBING ADMINISTRATION SETS,BMG354212,NURSING 7B MICU SICU STPDWN,2311,IV SOLUTIONS AND SETS,MSHS-MEDLINE-COI,,900109,84,84,84,1,84,274.68,274.68,"INTERFACE, HIGHJUMP",BUYER   CONVERSION
MEDLINE INDUSTRIES INC,2022,"EMERGENCY DEPARTMENT ADMINISTRATION, 5700",ST LUKES,B BRAUN MEDICAL INC,MEDICAL EQUIPMENT AND ACCESSORIES AND SUPPLIES,TRUE,TRUE,PROCESSED,900109,"900109, IV SOLUTIONS AND SETS",ST LUKES,Yes,354212,B BRAUN MEDICAL INC,9/16/2022 0:00,1314152-15661,GOODS,ORAPOS,INTRAVENOUS OR ARTERIAL TUBING ADMINISTRATION SETS,MBB354212,EMERGENCY DEPARTMENT ADMINISTRATION,5700,IV SOLUTIONS AND SETS,MSHS-MEDLINE-COI,,900109,2,2,2,24,48,156.82,156.82,"INTERFACE, HIGHJUMP",BUYER   CONVERSION
MEDLINE INDUSTRIES INC,2022,"ARRHYTHMIA INSTITUTE, 4071",ST LUKES,B BRAUN MEDICAL INC,MEDICAL EQUIPMENT AND ACCESSORIES AND SUPPLIES,TRUE,TRUE,PROCESSED,900109,"900109, IV SOLUTIONS AND SETS",ST LUKES,Yes,354212,B BRAUN MEDICAL INC,9/13/2022 0:00,1314152-15245,GOODS,ORAPOS,INTRAVENOUS OR ARTERIAL TUBING ADMINISTRATION SETS,BMG354212,ARRHYTHMIA INSTITUTE,4071,IV SOLUTIONS AND SETS,MSHS-MEDLINE-COI,,900109,2,2,2,24,48,156.82,156.82,"LINTON, KAREN L",BUYER   CONVERSION
MEDLINE INDUSTRIES INC,2022,"EMERGENCY DEPARTMENT ADMINISTRATION, 5700",ST LUKES,B BRAUN MEDICAL INC,MEDICAL EQUIPMENT AND ACCESSORIES AND SUPPLIES,TRUE,TRUE,PROCESSED,900109,"900109, IV SOLUTIONS AND SETS",ST LUKES,Yes,354212,B BRAUN MEDICAL INC,9/12/2022 0:00,1314152-15060,GOODS,ORAPOS,INTRAVENOUS OR ARTERIAL TUBING ADMINISTRATION SETS,BMG354212,EMERGENCY DEPARTMENT ADMINISTRATION,5700,IV SOLUTIONS AND SETS,MSHS-MEDLINE-COI,,900109,2,2,2,24,48,156.82,156.82,"INTERFACE, HIGHJUMP",BUYER   CONVERSION
MEDLINE INDUSTRIES INC,2023,"AMBULATORY SURGERY, 2633",WEST VILLAGE,B BRAUN MEDICAL INC,MEDICAL EQUIPMENT AND ACCESSORIES AND SUPPLIES,TRUE,TRUE,PROCESSED,900109,"900109, IV SOLUTIONS AND SETS",WEST VILLAGE,Yes,354212,B BRAUN MEDICAL INC,2/6/2023 0:00,1314152-32518,GOODS,ORAPOS,INTRAVENOUS OR ARTERIAL TUBING ADMINISTRATION SETS,MBB354212,AMBULATORY SURGERY,2633,IV SOLUTIONS AND SETS,MSHS-MEDLINE-COI,,900109,6,6,6,1,6,22.02,22.02,"YOUNG, MEI YEE",BUYER   CONVERSION
MEDLINE INDUSTRIES INC,2023,"MATERIALS MANAGEMENT STORE ROOM, 8835",PETRIE,B. BRAUN MEDICAL,MEDICAL EQUIPMENT AND ACCESSORIES AND SUPPLIES,TRUE,TRUE,NF,900109,"900109, IV SOLUTIONS AND SETS",PETRIE,Yes,354212,B. BRAUN MEDICAL,6/23/2023 0:00,1314152-50629,GOODS,ORAPOS,INTRAVENOUS OR ARTERIAL TUBING ADMINISTRATION SETS,MBB354212,MATERIALS MANAGEMENT STORE ROOM,8835,IV SOLUTIONS AND SETS,MSHS-MEDLINE-COI,,900109,2,2,2,24,48,277.46,277.46,"INTERFACE, HIGHJUMP",BUYER   CONVERSION
MEDLINE INDUSTRIES INC,2023,"MSHS WAREHOUSE, 01012919",MOUNT SINAI HOSPITAL,B BRAUN MEDICAL INC,MEDICAL EQUIPMENT AND ACCESSORIES AND SUPPLIES,TRUE,TRUE,CLOSED,4243,"4243, LAB SUPPLIES",MOUNT SINAI HOSPITAL,Yes,354212,B BRAUN MEDICAL INC,1/24/2023 0:00,M1923513,PURCHASE ORDER,PMMPOS,INTRAVENOUS OR ARTERIAL TUBING ADMINISTRATION SETS,SIN354212,MSHS WAREHOUSE,1012919,LAB SUPPLIES,MSHS-MEDLINE-COI,,4243,,161,161,24,3864,1.61,1.61,NF,IKRAM   UMAIR
MEDLINE INDUSTRIES INC,2023,"MSHS WAREHOUSE, 01012919",MOUNT SINAI HOSPITAL,B BRAUN MEDICAL INC,MEDICAL EQUIPMENT AND ACCESSORIES AND SUPPLIES,TRUE,TRUE,CLOSED,4220,"4220, MED/SURG DISPOSABLE",MOUNT SINAI HOSPITAL,Yes,354212,B BRAUN MEDICAL INC,1/30/2023 0:00,M1925641,PURCHASE ORDER,PMMPOS,INTRAVENOUS OR ARTERIAL TUBING ADMINISTRATION SETS,MBB354212,MSHS WAREHOUSE,1012919,MED/SURG DISPOSABLE,MSHS-MEDLINE-COI,,4220,,6,6,24,144,0.06,0.06,NF,VEGA   WILLIAM
MEDLINE INDUSTRIES INC,2022,"NURSING 3 NORTH M-S, 1237",MOUNT SINAI BROOKLYN,B BRAUN MEDICAL INC,MEDICAL EQUIPMENT AND ACCESSORIES AND SUPPLIES,TRUE,TRUE,PROCESSED,900109,"900109, IV SOLUTIONS AND SETS",MOUNT SINAI BROOKLYN,Yes,354212,B BRAUN MEDICAL INC,10/17/2022 0:00,1314152-19212,GOODS,ORAPOS,INTRAVENOUS OR ARTERIAL TUBING ADMINISTRATION SETS,MBB354212,NURSING 3 NORTH M-S,1237,IV SOLUTIONS AND SETS,MSHS-MEDLINE-COI,,900109,15,15,15,1,15,55.056,55.056,"INTERFACE, HIGHJUMP",BUYER   CONVERSION
MEDLINE INDUSTRIES INC,2022,"PHARMACY, 9400",MOUNT SINAI BROOKLYN,B BRAUN MEDICAL INC,MEDICAL EQUIPMENT AND ACCESSORIES AND SUPPLIES,TRUE,TRUE,PROCESSED,900109,"900109, IV SOLUTIONS AND SETS",MOUNT SINAI BROOKLYN,Yes,354212,B BRAUN MEDICAL INC,10/17/2022 0:00,1314152-19229,GOODS,ORAPOS,INTRAVENOUS OR ARTERIAL TUBING ADMINISTRATION SETS,MBB354212,PHARMACY,9400,IV SOLUTIONS AND SETS,MSHS-MEDLINE-COI,,900109,15,15,15,1,15,55.056,55.056,"INTERFACE, HIGHJUMP",BUYER   CONVERSION
MEDLINE INDUSTRIES INC,2022,"PHARMACY, 9400",MOUNT SINAI BROOKLYN,B BRAUN MEDICAL INC,MEDICAL EQUIPMENT AND ACCESSORIES AND SUPPLIES,TRUE,TRUE,PROCESSED,900109,"900109, IV SOLUTIONS AND SETS",MOUNT SINAI BROOKLYN,Yes,354212,B BRAUN MEDICAL INC,11/1/2022 0:00,1314152-21055,GOODS,ORAPOS,INTRAVENOUS OR ARTERIAL TUBING ADMINISTRATION SETS,BMG354212,PHARMACY,9400,IV SOLUTIONS AND SETS,MSHS-MEDLINE-COI,,900109,6,6,6,1,6,22.0224,22.0224,"INTERFACE, HIGHJUMP",BUYER   CONVERSION
MEDLINE INDUSTRIES INC,2022,"PHARMACY, 9400",MOUNT SINAI BROOKLYN,B BRAUN MEDICAL INC,MEDICAL EQUIPMENT AND ACCESSORIES AND SUPPLIES,TRUE,TRUE,PROCESSED,900109,"900109, IV SOLUTIONS AND SETS",MOUNT SINAI BROOKLYN,Yes,354212,B BRAUN MEDICAL INC,10/14/2022 0:00,1314152-18954,GOODS,ORAPOS,INTRAVENOUS OR ARTERIAL TUBING ADMINISTRATION SETS,BMG354212,PHARMACY,9400,IV SOLUTIONS AND SETS,MSHS-MEDLINE-COI,,900109,15,15,15,1,15,55.056,55.056,"INTERFACE, HIGHJUMP",BUYER   CONVERSION
MEDLINE INDUSTRIES INC,2022,"PHARMACY, 9400",MOUNT SINAI BROOKLYN,B BRAUN MEDICAL INC,MEDICAL EQUIPMENT AND ACCESSORIES AND SUPPLIES,TRUE,TRUE,PROCESSED,900109,"900109, IV SOLUTIONS AND SETS",MOUNT SINAI BROOKLYN,Yes,354212,B BRAUN MEDICAL INC,10/13/2022 0:00,1314152-18824,GOODS,ORAPOS,INTRAVENOUS OR ARTERIAL TUBING ADMINISTRATION SETS,BMG354212,PHARMACY,9400,IV SOLUTIONS AND SETS,MSHS-MEDLINE-COI,,900109,10,10,10,1,10,36.704,36.704,"INTERFACE, HIGHJUMP",BUYER   CONVERSION
MEDLINE INDUSTRIES INC,2022,"MATERIALS MANAGEMENT STORE ROOM, 8835",MOUNT SINAI BROOKLYN,B BRAUN MEDICAL INC,MEDICAL EQUIPMENT AND ACCESSORIES AND SUPPLIES,TRUE,TRUE,PROCESSED,900109,"900109, IV SOLUTIONS AND SETS",MOUNT SINAI BROOKLYN,Yes,354212,B BRAUN MEDICAL INC,9/22/2022 0:00,1314152-16269,GOODS,ORAPOS,INTRAVENOUS OR ARTERIAL TUBING ADMINISTRATION SETS,MBB354212,MATERIALS MANAGEMENT STORE ROOM,8835,IV SOLUTIONS AND SETS,MSHS-MEDLINE-COI,,900109,5,5,5,24,120,392.05,392.05,"GANGADYAL, CHATRADYAL",BUYER   CONVERSION
MEDLINE INDUSTRIES INC,2022,"MATERIALS MANAGEMENT STORE ROOM, 8835",MOUNT SINAI BROOKLYN,B BRAUN MEDICAL INC,MEDICAL EQUIPMENT AND ACCESSORIES AND SUPPLIES,TRUE,TRUE,PROCESSED,900109,"900109, IV SOLUTIONS AND SETS",MOUNT SINAI BROOKLYN,Yes,354212,B BRAUN MEDICAL INC,9/20/2022 0:00,1314152-15984,GOODS,ORAPOS,INTRAVENOUS OR ARTERIAL TUBING ADMINISTRATION SETS,MBB354212,MATERIALS MANAGEMENT STORE ROOM,8835,IV SOLUTIONS AND SETS,MSHS-MEDLINE-COI,,900109,5,5,5,24,120,392.05,392.05,"GANGADYAL, CHATRADYAL",BUYER   CONVERSION
MEDLINE INDUSTRIES INC,2023,"NURSING 2 NORTH M-S, 2117",MOUNT SINAI BROOKLYN,B BRAUN MEDICAL INC,MEDICAL EQUIPMENT AND ACCESSORIES AND SUPPLIES,TRUE,TRUE,PROCESSED,900109,"900109, IV SOLUTIONS AND SETS",MOUNT SINAI BROOKLYN,Yes,354212,B BRAUN MEDICAL INC,11/10/2023 0:00,1314152-68497,GOODS,ORAPOS,INTRAVENOUS OR ARTERIAL TUBING ADMINISTRATION SETS,MBB354212,NURSING 2 NORTH M-S,2117,IV SOLUTIONS AND SETS,MSHS-MEDLINE-COI,,900109,20,20,20,1,20,73.4,73.4,"INTERFACE, HIGHJUMP",BUYER   CONVERSION
MEDLINE INDUSTRIES INC,2023,"PHARMACY, 9400",MOUNT SINAI BROOKLYN,B BRAUN MEDICAL INC,MEDICAL EQUIPMENT AND ACCESSORIES AND SUPPLIES,TRUE,TRUE,PROCESSED,900109,"900109, IV SOLUTIONS AND SETS",MOUNT SINAI BROOKLYN,Yes,354212,B BRAUN MEDICAL INC,1/26/2023 0:00,1314152-31178,GOODS,ORAPOS,INTRAVENOUS OR ARTERIAL TUBING ADMINISTRATION SETS,MBB354212,PHARMACY,9400,IV SOLUTIONS AND SETS,MSHS-MEDLINE-COI,,900109,17,17,17,1,17,62.39,62.39,"INTERFACE, HIGHJUMP",BUYER   CONVERSION
MEDLINE INDUSTRIES INC,2022,"PACU, 2621",MOUNT SINAI WEST,B BRAUN MEDICAL INC,MEDICAL EQUIPMENT AND ACCESSORIES AND SUPPLIES,TRUE,TRUE,PROCESSED,900109,"900109, IV SOLUTIONS AND SETS",MOUNT SINAI WEST,Yes,354212,B BRAUN MEDICAL INC,9/13/2022 0:00,1314152-15274,GOODS,ORAPOS,INTRAVENOUS OR ARTERIAL TUBING ADMINISTRATION SETS,MBB354212,PACU,2621,IV SOLUTIONS AND SETS,MSHS-MEDLINE-COI,,900109,23,23,23,1,23,75.21,75.21,"INTERFACE, HIGHJUMP",BUYER   CONVERSION
MEDLINE INDUSTRIES INC,2022,"PACU, 2621",MOUNT SINAI WEST,B BRAUN MEDICAL INC,MEDICAL EQUIPMENT AND ACCESSORIES AND SUPPLIES,TRUE,TRUE,PROCESSED,900109,"900109, IV SOLUTIONS AND SETS",MOUNT SINAI WEST,Yes,354212,B BRAUN MEDICAL INC,9/12/2022 0:00,1314152-15111,GOODS,ORAPOS,INTRAVENOUS OR ARTERIAL TUBING ADMINISTRATION SETS,MBB354212,PACU,2621,IV SOLUTIONS AND SETS,MSHS-MEDLINE-COI,,900109,23,23,23,1,23,75.21,75.21,"INTERFACE, HIGHJUMP",BUYER   CONVERSION
MEDLINE INDUSTRIES INC,2022,"NURSING 9A M-S RVT, 1231",MOUNT SINAI WEST,B BRAUN MEDICAL INC,MEDICAL EQUIPMENT AND ACCESSORIES AND SUPPLIES,TRUE,TRUE,PROCESSED,900109,"900109, IV SOLUTIONS AND SETS",MOUNT SINAI WEST,Yes,354212,B BRAUN MEDICAL INC,9/9/2022 0:00,1314152-14898,GOODS,ORAPOS,INTRAVENOUS OR ARTERIAL TUBING ADMINISTRATION SETS,BMG354212,NURSING 9A M-S RVT,1231,IV SOLUTIONS AND SETS,MSHS-MEDLINE-COI,,900109,10,10,10,1,10,32.7,32.7,"INTERFACE, HIGHJUMP",BUYER   CONVERSION
MEDLINE INDUSTRIES INC,2022,"NURSING 10B M-S, 1301",MOUNT SINAI WEST,B BRAUN MEDICAL INC,MEDICAL EQUIPMENT AND ACCESSORIES AND SUPPLIES,TRUE,TRUE,PROCESSED,900109,"900109, IV SOLUTIONS AND SETS",MOUNT SINAI WEST,Yes,354212,B BRAUN MEDICAL INC,9/2/2022 0:00,1314152-14121,GOODS,ORAPOS,INTRAVENOUS OR ARTERIAL TUBING ADMINISTRATION SETS,BMG354212,NURSING 10B M-S,1301,IV SOLUTIONS AND SETS,MSHS-MEDLINE-COI,,900109,11,11,11,1,11,35.97,35.97,"INTERFACE, HIGHJUMP",BUYER   CONVERSION
MEDLINE INDUSTRIES INC,2022,"LABOR AND DELIVERY, 1901",MOUNT SINAI WEST,B BRAUN MEDICAL INC,MEDICAL EQUIPMENT AND ACCESSORIES AND SUPPLIES,TRUE,TRUE,PROCESSED,900109,"900109, IV SOLUTIONS AND SETS",MOUNT SINAI WEST,Yes,354212,B BRAUN MEDICAL INC,9/24/2022 0:00,1314152-16612,GOODS,ORAPOS,INTRAVENOUS OR ARTERIAL TUBING ADMINISTRATION SETS,BMG354212,LABOR AND DELIVERY,1901,IV SOLUTIONS AND SETS,MSHS-MEDLINE-COI,,900109,90,90,90,1,90,294.3,294.3,"INTERFACE, HIGHJUMP",BUYER   CONVERSION
MEDLINE INDUSTRIES INC,2022,"NURSING 8B M-S, 2321",MOUNT SINAI WEST,B BRAUN MEDICAL INC,MEDICAL EQUIPMENT AND ACCESSORIES AND SUPPLIES,TRUE,TRUE,PROCESSED,900109,"900109, IV SOLUTIONS AND SETS",MOUNT SINAI WEST,Yes,354212,B BRAUN MEDICAL INC,9/29/2022 0:00,1314152-17201,GOODS,ORAPOS,INTRAVENOUS OR ARTERIAL TUBING ADMINISTRATION SETS,BMG354212,NURSING 8B M-S,2321,IV SOLUTIONS AND SETS,MSHS-MEDLINE-COI,,900109,9,9,9,1,9,29.43,29.43,"INTERFACE, HIGHJUMP",BUYER   CONVERSION
MEDLINE INDUSTRIES INC,2022,"LABOR AND DELIVERY, 1901",MOUNT SINAI WEST,B BRAUN MEDICAL INC,MEDICAL EQUIPMENT AND ACCESSORIES AND SUPPLIES,TRUE,TRUE,PROCESSED,900109,"900109, IV SOLUTIONS AND SETS",MOUNT SINAI WEST,Yes,354212,B BRAUN MEDICAL INC,9/2/2022 0:00,1314152-14159,GOODS,ORAPOS,INTRAVENOUS OR ARTERIAL TUBING ADMINISTRATION SETS,BMG354212,LABOR AND DELIVERY,1901,IV SOLUTIONS AND SETS,MSHS-MEDLINE-COI,,900109,90,90,90,1,90,294.3,294.3,"INTERFACE, HIGHJUMP",BUYER   CONVERSION
MEDLINE INDUSTRIES INC,2022,"NURSING 10A M-S, 1221",MOUNT SINAI WEST,B BRAUN MEDICAL INC,MEDICAL EQUIPMENT AND ACCESSORIES AND SUPPLIES,TRUE,TRUE,PROCESSED,900109,"900109, IV SOLUTIONS AND SETS",MOUNT SINAI WEST,Yes,354212,B BRAUN MEDICAL INC,9/17/2022 0:00,1314152-15792,GOODS,ORAPOS,INTRAVENOUS OR ARTERIAL TUBING ADMINISTRATION SETS,BMG354212,NURSING 10A M-S,1221,IV SOLUTIONS AND SETS,MSHS-MEDLINE-COI,,900109,37,37,37,1,37,120.99,120.99,"INTERFACE, HIGHJUMP",BUYER   CONVERSION
MEDLINE INDUSTRIES INC,2022,"EMERGENCY DEPARTMENT ADMINISTRATION, 5700",MOUNT SINAI WEST,B BRAUN MEDICAL INC,MEDICAL EQUIPMENT AND ACCESSORIES AND SUPPLIES,TRUE,TRUE,PROCESSED,900109,"900109, IV SOLUTIONS AND SETS",MOUNT SINAI WEST,Yes,354212,B BRAUN MEDICAL INC,9/30/2022 0:00,1314152-17306,GOODS,ORAPOS,INTRAVENOUS OR ARTERIAL TUBING ADMINISTRATION SETS,BMG354212,EMERGENCY DEPARTMENT ADMINISTRATION,5700,IV SOLUTIONS AND SETS,MSHS-MEDLINE-COI,,900109,18,18,18,1,18,58.86,58.86,"INTERFACE, HIGHJUMP",BUYER   CONVERSION
MEDLINE INDUSTRIES INC,2022,"MEDICINE HEMATOLOGY, 4512",MOUNT SINAI WEST,B BRAUN MEDICAL INC,MEDICAL EQUIPMENT AND ACCESSORIES AND SUPPLIES,TRUE,TRUE,PROCESSED,900109,"900109, IV SOLUTIONS AND SETS",MOUNT SINAI WEST,Yes,354212,B BRAUN MEDICAL INC,9/19/2022 0:00,1314152-15914,GOODS,ORAPOS,INTRAVENOUS OR ARTERIAL TUBING ADMINISTRATION SETS,BMG354212,MEDICINE HEMATOLOGY,4512,IV SOLUTIONS AND SETS,MSHS-MEDLINE-COI,,900109,10,10,10,1,10,32.7,32.7,"INTERFACE, HIGHJUMP",BUYER   CONVERSION
MEDLINE INDUSTRIES INC,2022,"MEDICINE HEMATOLOGY, 4512",MOUNT SINAI WEST,B BRAUN MEDICAL INC,MEDICAL EQUIPMENT AND ACCESSORIES AND SUPPLIES,TRUE,TRUE,PROCESSED,900109,"900109, IV SOLUTIONS AND SETS",MOUNT SINAI WEST,Yes,354212,B BRAUN MEDICAL INC,9/30/2022 0:00,1314152-17292,GOODS,ORAPOS,INTRAVENOUS OR ARTERIAL TUBING ADMINISTRATION SETS,BMG354212,MEDICINE HEMATOLOGY,4512,IV SOLUTIONS AND SETS,MSHS-MEDLINE-COI,,900109,100,100,100,1,100,327,327,"INTERFACE, HIGHJUMP",BUYER   CONVERSION
MEDLINE INDUSTRIES INC,2022,"NURSING 9A M-S RVT, 1231",MOUNT SINAI WEST,B BRAUN MEDICAL INC,MEDICAL EQUIPMENT AND ACCESSORIES AND SUPPLIES,TRUE,TRUE,PROCESSED,900109,"900109, IV SOLUTIONS AND SETS",MOUNT SINAI WEST,Yes,354212,B BRAUN MEDICAL INC,9/8/2022 0:00,1314152-14712,GOODS,ORAPOS,INTRAVENOUS OR ARTERIAL TUBING ADMINISTRATION SETS,BMG354212,NURSING 9A M-S RVT,1231,IV SOLUTIONS AND SETS,MSHS-MEDLINE-COI,,900109,11,11,11,1,11,35.97,35.97,"INTERFACE, HIGHJUMP",BUYER   CONVERSION
MEDLINE INDUSTRIES INC,2022,"NURSING 8A SOUTH NEUROSURGICAL, 2331",MOUNT SINAI WEST,B BRAUN MEDICAL INC,MEDICAL EQUIPMENT AND ACCESSORIES AND SUPPLIES,TRUE,TRUE,PROCESSED,900109,"900109, IV SOLUTIONS AND SETS",MOUNT SINAI WEST,Yes,354212,B BRAUN MEDICAL INC,9/12/2022 0:00,1314152-15109,GOODS,ORAPOS,INTRAVENOUS OR ARTERIAL TUBING ADMINISTRATION SETS,BMG354212,NURSING 8A SOUTH NEUROSURGICAL,2331,IV SOLUTIONS AND SETS,MSHS-MEDLINE-COI,,900109,50,50,50,1,50,163.5,163.5,"INTERFACE, HIGHJUMP",BUYER   CONVERSION
MEDLINE INDUSTRIES INC,2022,"GI UNIT, 4510",MOUNT SINAI WEST,B BRAUN MEDICAL INC,MEDICAL EQUIPMENT AND ACCESSORIES AND SUPPLIES,TRUE,TRUE,PROCESSED,900109,"900109, IV SOLUTIONS AND SETS",MOUNT SINAI WEST,Yes,354212,B BRAUN MEDICAL INC,9/14/2022 0:00,1314152-15305,GOODS,ORAPOS,INTRAVENOUS OR ARTERIAL TUBING ADMINISTRATION SETS,BMG354212,GI UNIT,4510,IV SOLUTIONS AND SETS,MSHS-MEDLINE-COI,,900109,20,20,20,1,20,65.4,65.4,"INTERFACE, HIGHJUMP",BUYER   CONVERSION
MEDLINE INDUSTRIES INC,2022,"GI UNIT, 4510",MOUNT SINAI WEST,B BRAUN MEDICAL INC,MEDICAL EQUIPMENT AND ACCESSORIES AND SUPPLIES,TRUE,TRUE,PROCESSED,900109,"900109, IV SOLUTIONS AND SETS",MOUNT SINAI WEST,Yes,354212,B BRAUN MEDICAL INC,9/13/2022 0:00,1314152-15156,GOODS,ORAPOS,INTRAVENOUS OR ARTERIAL TUBING ADMINISTRATION SETS,BMG354212,GI UNIT,4510,IV SOLUTIONS AND SETS,MSHS-MEDLINE-COI,,900109,10,10,10,1,10,32.7,32.7,"INTERFACE, HIGHJUMP",BUYER   CONVERSION
MEDLINE INDUSTRIES INC,2022,"NURSING 14A M-S, 1241",MOUNT SINAI WEST,B BRAUN MEDICAL INC,MEDICAL EQUIPMENT AND ACCESSORIES AND SUPPLIES,TRUE,TRUE,PROCESSED,900109,"900109, IV SOLUTIONS AND SETS",MOUNT SINAI WEST,Yes,354212,B BRAUN MEDICAL INC,9/30/2022 0:00,1314152-17365,GOODS,ORAPOS,INTRAVENOUS OR ARTERIAL TUBING ADMINISTRATION SETS,BMG354212,NURSING 14A M-S,1241,IV SOLUTIONS AND SETS,MSHS-MEDLINE-COI,,900109,10,10,10,1,10,32.7,32.7,"INTERFACE, HIGHJUMP",BUYER   CONVERSION
MEDLINE INDUSTRIES INC,2022,"NURSING NEONATAL INTENSIVE CARE UNIT, 1801",MOUNT SINAI WEST,B BRAUN MEDICAL INC,MEDICAL EQUIPMENT AND ACCESSORIES AND SUPPLIES,TRUE,TRUE,PROCESSED,900109,"900109, IV SOLUTIONS AND SETS",MOUNT SINAI WEST,Yes,354212,B BRAUN MEDICAL INC,9/23/2022 0:00,1314152-16446,GOODS,ORAPOS,INTRAVENOUS OR ARTERIAL TUBING ADMINISTRATION SETS,BMG354212,NURSING NEONATAL INTENSIVE CARE UNIT,1801,IV SOLUTIONS AND SETS,MSHS-MEDLINE-COI,,900109,10,10,10,1,10,32.7,32.7,"INTERFACE, HIGHJUMP",BUYER   CONVERSION
MEDLINE INDUSTRIES INC,2022,"NURSING 10A M-S, 1221",MOUNT SINAI WEST,B BRAUN MEDICAL INC,MEDICAL EQUIPMENT AND ACCESSORIES AND SUPPLIES,TRUE,TRUE,PROCESSED,900109,"900109, IV SOLUTIONS AND SETS",MOUNT SINAI WEST,Yes,354212,B BRAUN MEDICAL INC,9/28/2022 0:00,1314152-16985,GOODS,ORAPOS,INTRAVENOUS OR ARTERIAL TUBING ADMINISTRATION SETS,BMG354212,NURSING 10A M-S,1221,IV SOLUTIONS AND SETS,MSHS-MEDLINE-COI,,900109,20,20,20,1,20,65.4,65.4,"INTERFACE, HIGHJUMP",BUYER   CONVERSION
MEDLINE INDUSTRIES INC,2022,"NURSING 11B MCH, 1951",MOUNT SINAI WEST,B BRAUN MEDICAL INC,MEDICAL EQUIPMENT AND ACCESSORIES AND SUPPLIES,TRUE,TRUE,PROCESSED,900109,"900109, IV SOLUTIONS AND SETS",MOUNT SINAI WEST,Yes,354212,B BRAUN MEDICAL INC,9/10/2022 0:00,1314152-14977,GOODS,ORAPOS,INTRAVENOUS OR ARTERIAL TUBING ADMINISTRATION SETS,BMG354212,NURSING 11B MCH,1951,IV SOLUTIONS AND SETS,MSHS-MEDLINE-COI,,900109,20,20,20,1,20,65.4,65.4,"INTERFACE, HIGHJUMP",BUYER   CONVERSION
MEDLINE INDUSTRIES INC,2022,"LABOR AND DELIVERY, 1901",MOUNT SINAI WEST,B BRAUN MEDICAL INC,MEDICAL EQUIPMENT AND ACCESSORIES AND SUPPLIES,TRUE,TRUE,PROCESSED,900109,"900109, IV SOLUTIONS AND SETS",MOUNT SINAI WEST,Yes,354212,B BRAUN MEDICAL INC,9/10/2022 0:00,1314152-14953,GOODS,ORAPOS,INTRAVENOUS OR ARTERIAL TUBING ADMINISTRATION SETS,BMG354212,LABOR AND DELIVERY,1901,IV SOLUTIONS AND SETS,MSHS-MEDLINE-COI,,900109,60,60,60,1,60,196.2,196.2,"INTERFACE, HIGHJUMP",BUYER   CONVERSION
MEDLINE INDUSTRIES INC,2022,"NURSING 14A M-S, 1241",MOUNT SINAI WEST,B BRAUN MEDICAL INC,MEDICAL EQUIPMENT AND ACCESSORIES AND SUPPLIES,TRUE,TRUE,PROCESSED,900109,"900109, IV SOLUTIONS AND SETS",MOUNT SINAI WEST,Yes,354212,B BRAUN MEDICAL INC,9/6/2022 0:00,1314152-14389,GOODS,ORAPOS,INTRAVENOUS OR ARTERIAL TUBING ADMINISTRATION SETS,BMG354212,NURSING 14A M-S,1241,IV SOLUTIONS AND SETS,MSHS-MEDLINE-COI,,900109,21,21,21,1,21,68.67,68.67,"INTERFACE, HIGHJUMP",BUYER   CONVERSION
MEDLINE INDUSTRIES INC,2022,"PACU, 2621",MOUNT SINAI WEST,B BRAUN MEDICAL INC,MEDICAL EQUIPMENT AND ACCESSORIES AND SUPPLIES,TRUE,TRUE,PROCESSED,900109,"900109, IV SOLUTIONS AND SETS",MOUNT SINAI WEST,Yes,354212,B BRAUN MEDICAL INC,9/26/2022 0:00,1314152-16767,GOODS,ORAPOS,INTRAVENOUS OR ARTERIAL TUBING ADMINISTRATION SETS,BMG354212,PACU,2621,IV SOLUTIONS AND SETS,MSHS-MEDLINE-COI,,900109,23,23,23,1,23,75.21,75.21,"INTERFACE, HIGHJUMP",BUYER   CONVERSION
MEDLINE INDUSTRIES INC,2022,"NURSING PEDIATRIC 3 ICU, 2401",MOUNT SINAI WEST,B BRAUN MEDICAL INC,MEDICAL EQUIPMENT AND ACCESSORIES AND SUPPLIES,TRUE,TRUE,PROCESSED,900109,"900109, IV SOLUTIONS AND SETS",MOUNT SINAI WEST,Yes,354212,B BRAUN MEDICAL INC,9/21/2022 0:00,1314152-16223,GOODS,ORAPOS,INTRAVENOUS OR ARTERIAL TUBING ADMINISTRATION SETS,MBB354212,NURSING PEDIATRIC 3 ICU,2401,IV SOLUTIONS AND SETS,MSHS-MEDLINE-COI,,900109,2,2,2,24,48,156.82,156.82,"INTERFACE, HIGHJUMP",BUYER   CONVERSION
MEDLINE INDUSTRIES INC,2022,"ANESTHESIOLOGY, 4280",MOUNT SINAI WEST,B BRAUN MEDICAL INC,MEDICAL EQUIPMENT AND ACCESSORIES AND SUPPLIES,TRUE,TRUE,PROCESSED,900109,"900109, IV SOLUTIONS AND SETS",MOUNT SINAI WEST,Yes,354212,B BRAUN MEDICAL INC,9/12/2022 0:00,1314152-15103,GOODS,ORAPOS,INTRAVENOUS OR ARTERIAL TUBING ADMINISTRATION SETS,MBB354212,ANESTHESIOLOGY,4280,IV SOLUTIONS AND SETS,MSHS-MEDLINE-COI,,900109,6,6,6,24,144,470.46,470.46,"INTERFACE, HIGHJUMP",BUYER   CONVERSION
MEDLINE INDUSTRIES INC,2022,"ANESTHESIOLOGY, 4280",MOUNT SINAI WEST,B BRAUN MEDICAL INC,MEDICAL EQUIPMENT AND ACCESSORIES AND SUPPLIES,TRUE,TRUE,PROCESSED,900109,"900109, IV SOLUTIONS AND SETS",MOUNT SINAI WEST,Yes,354212,B BRAUN MEDICAL INC,9/20/2022 0:00,1314152-16088,GOODS,ORAPOS,INTRAVENOUS OR ARTERIAL TUBING ADMINISTRATION SETS,BMG354212,ANESTHESIOLOGY,4280,IV SOLUTIONS AND SETS,MSHS-MEDLINE-COI,,900109,3,3,3,24,72,235.23,235.23,"INTERFACE, HIGHJUMP",BUYER   CONVERSION
MEDLINE INDUSTRIES INC,2022,"PHARMACY, 9400",MOUNT SINAI WEST,B BRAUN MEDICAL INC,MEDICAL EQUIPMENT AND ACCESSORIES AND SUPPLIES,TRUE,TRUE,PROCESSED,900109,"900109, IV SOLUTIONS AND SETS",MOUNT SINAI WEST,Yes,354212,B BRAUN MEDICAL INC,9/29/2022 0:00,1314152-17234,GOODS,ORAPOS,INTRAVENOUS OR ARTERIAL TUBING ADMINISTRATION SETS,BMG354212,PHARMACY,9400,IV SOLUTIONS AND SETS,MSHS-MEDLINE-COI,,900109,4,4,4,24,96,313.64,313.64,"ZUASOLA, JOVILYN B",BUYER   CONVERSION
MEDLINE INDUSTRIES INC,2022,"ANESTHESIOLOGY, 4280",MOUNT SINAI WEST,B BRAUN MEDICAL INC,MEDICAL EQUIPMENT AND ACCESSORIES AND SUPPLIES,TRUE,TRUE,PROCESSED,900109,"900109, IV SOLUTIONS AND SETS",MOUNT SINAI WEST,Yes,354212,B BRAUN MEDICAL INC,9/7/2022 0:00,1314152-14605,GOODS,ORAPOS,INTRAVENOUS OR ARTERIAL TUBING ADMINISTRATION SETS,BMG354212,ANESTHESIOLOGY,4280,IV SOLUTIONS AND SETS,MSHS-MEDLINE-COI,,900109,6,6,6,24,144,470.46,470.46,"INTERFACE, HIGHJUMP",BUYER   CONVERSION
MEDLINE INDUSTRIES INC,2022,"NURSING RAPID EVALUATION TREATMENT UNIT, 1304",PETRIE,B BRAUN MEDICAL INC,MEDICAL EQUIPMENT AND ACCESSORIES AND SUPPLIES,TRUE,TRUE,PROCESSED,900109,"900109, IV SOLUTIONS AND SETS",PETRIE,Yes,354212,B BRAUN MEDICAL INC,10/1/2022 0:00,1314152-17402,GOODS,ORAPOS,INTRAVENOUS OR ARTERIAL TUBING ADMINISTRATION SETS,MBB354212,NURSING RAPID EVALUATION TREATMENT UNIT,1304,IV SOLUTIONS AND SETS,MSHS-MEDLINE-COI,,900109,48,48,48,1,48,176.16,176.16,"INTERFACE, HIGHJUMP",BUYER   CONVERSION
MEDLINE INDUSTRIES INC,2022,"EMERGENCY DEPARTMENT ADMINISTRATION, 5700",PETRIE,B BRAUN MEDICAL INC,MEDICAL EQUIPMENT AND ACCESSORIES AND SUPPLIES,TRUE,TRUE,PROCESSED,900109,"900109, IV SOLUTIONS AND SETS",PETRIE,Yes,354212,B BRAUN MEDICAL INC,10/3/2022 0:00,1314152-17473,GOODS,ORAPOS,INTRAVENOUS OR ARTERIAL TUBING ADMINISTRATION SETS,MBB354212,EMERGENCY DEPARTMENT ADMINISTRATION,5700,IV SOLUTIONS AND SETS,MSHS-MEDLINE-COI,,900109,12,12,12,1,12,44.04,44.04,"PANEQUE, RUBY",BUYER   CONVERSION
MEDLINE INDUSTRIES INC,2022,"NURSING SURGICAL STEPDOWN UNIT, 1514",PETRIE,B BRAUN MEDICAL INC,MEDICAL EQUIPMENT AND ACCESSORIES AND SUPPLIES,TRUE,TRUE,PROCESSED,900109,"900109, IV SOLUTIONS AND SETS",PETRIE,Yes,354212,B BRAUN MEDICAL INC,10/5/2022 0:00,1314152-17801,GOODS,ORAPOS,INTRAVENOUS OR ARTERIAL TUBING ADMINISTRATION SETS,BMG354212,NURSING SURGICAL STEPDOWN UNIT,1514,IV SOLUTIONS AND SETS,MSHS-MEDLINE-COI,,900109,8,8,8,1,8,29.3632,29.3632,"INTERFACE, HIGHJUMP",BUYER   CONVERSION
MEDLINE INDUSTRIES INC,2022,"NURSING 9 SILVER M-S, 1264",PETRIE,B BRAUN MEDICAL INC,MEDICAL EQUIPMENT AND ACCESSORIES AND SUPPLIES,TRUE,TRUE,PROCESSED,900109,"900109, IV SOLUTIONS AND SETS",PETRIE,Yes,354212,B BRAUN MEDICAL INC,9/2/2022 0:00,1314152-14082,GOODS,ORAPOS,INTRAVENOUS OR ARTERIAL TUBING ADMINISTRATION SETS,BMG354212,NURSING 9 SILVER M-S,1264,IV SOLUTIONS AND SETS,MSHS-MEDLINE-COI,,900109,12,12,12,1,12,39.24,39.24,"INTERFACE, HIGHJUMP",BUYER   CONVERSION
MEDLINE INDUSTRIES INC,2022,"NURSING 8 SILVER PLANETREE M-S, 1294",PETRIE,B BRAUN MEDICAL INC,MEDICAL EQUIPMENT AND ACCESSORIES AND SUPPLIES,TRUE,TRUE,PROCESSED,900109,"900109, IV SOLUTIONS AND SETS",PETRIE,Yes,354212,B BRAUN MEDICAL INC,9/2/2022 0:00,1314152-14093,GOODS,ORAPOS,INTRAVENOUS OR ARTERIAL TUBING ADMINISTRATION SETS,BMG354212,NURSING 8 SILVER PLANETREE M-S,1294,IV SOLUTIONS AND SETS,MSHS-MEDLINE-COI,,900109,12,12,12,1,12,39.24,39.24,"INTERFACE, HIGHJUMP",BUYER   CONVERSION
MEDLINE INDUSTRIES INC,2022,"EMERGENCY DEPARTMENT ADMINISTRATION, 5700",PETRIE,B BRAUN MEDICAL INC,MEDICAL EQUIPMENT AND ACCESSORIES AND SUPPLIES,TRUE,TRUE,PROCESSED,900109,"900109, IV SOLUTIONS AND SETS",PETRIE,Yes,354212,B BRAUN MEDICAL INC,9/28/2022 0:00,1314152-17085,GOODS,ORAPOS,INTRAVENOUS OR ARTERIAL TUBING ADMINISTRATION SETS,BMG354212,EMERGENCY DEPARTMENT ADMINISTRATION,5700,IV SOLUTIONS AND SETS,MSHS-MEDLINE-COI,,900109,12,12,12,1,12,39.24,39.24,"INTERFACE, HIGHJUMP",BUYER   CONVERSION
MEDLINE INDUSTRIES INC,2022,"NURSING INTENSIVE CARE UNIT, 2304",PETRIE,B BRAUN MEDICAL INC,MEDICAL EQUIPMENT AND ACCESSORIES AND SUPPLIES,TRUE,TRUE,PROCESSED,900109,"900109, IV SOLUTIONS AND SETS",PETRIE,Yes,354212,B BRAUN MEDICAL INC,9/19/2022 0:00,1314152-15841,GOODS,ORAPOS,INTRAVENOUS OR ARTERIAL TUBING ADMINISTRATION SETS,BMG354212,NURSING INTENSIVE CARE UNIT,2304,IV SOLUTIONS AND SETS,MSHS-MEDLINE-COI,,900109,48,48,48,1,48,156.96,156.96,"INTERFACE, HIGHJUMP",BUYER   CONVERSION
MEDLINE INDUSTRIES INC,2022,"EMERGENCY DEPARTMENT ADMINISTRATION, 5700",PETRIE,B BRAUN MEDICAL INC,MEDICAL EQUIPMENT AND ACCESSORIES AND SUPPLIES,TRUE,TRUE,PROCESSED,900109,"900109, IV SOLUTIONS AND SETS",PETRIE,Yes,354212,B BRAUN MEDICAL INC,9/9/2022 0:00,1314152-14905,GOODS,ORAPOS,INTRAVENOUS OR ARTERIAL TUBING ADMINISTRATION SETS,BMG354212,EMERGENCY DEPARTMENT ADMINISTRATION,5700,IV SOLUTIONS AND SETS,MSHS-MEDLINE-COI,,900109,6,6,6,1,6,19.62,19.62,"INTERFACE, HIGHJUMP",BUYER   CONVERSION
MEDLINE INDUSTRIES INC,2022,"NURSING 7 SILVER ORTHOPEDICS, 1344",PETRIE,B BRAUN MEDICAL INC,MEDICAL EQUIPMENT AND ACCESSORIES AND SUPPLIES,TRUE,TRUE,PROCESSED,900109,"900109, IV SOLUTIONS AND SETS",PETRIE,Yes,354212,B BRAUN MEDICAL INC,10/1/2022 0:00,1314152-17408,GOODS,ORAPOS,INTRAVENOUS OR ARTERIAL TUBING ADMINISTRATION SETS,BMG354212,NURSING 7 SILVER ORTHOPEDICS,1344,IV SOLUTIONS AND SETS,MSHS-MEDLINE-COI,,900109,24,24,24,1,24,88.08,88.08,"INTERFACE, HIGHJUMP",BUYER   CONVERSION
MEDLINE INDUSTRIES INC,2022,"NURSING 8 SILVER PLANETREE M-S, 1294",PETRIE,B BRAUN MEDICAL INC,MEDICAL EQUIPMENT AND ACCESSORIES AND SUPPLIES,TRUE,TRUE,PROCESSED,900109,"900109, IV SOLUTIONS AND SETS",PETRIE,Yes,354212,B BRAUN MEDICAL INC,9/3/2022 0:00,1314152-14244,GOODS,ORAPOS,INTRAVENOUS OR ARTERIAL TUBING ADMINISTRATION SETS,BMG354212,NURSING 8 SILVER PLANETREE M-S,1294,IV SOLUTIONS AND SETS,MSHS-MEDLINE-COI,,900109,12,12,12,1,12,39.24,39.24,"INTERFACE, HIGHJUMP",BUYER   CONVERSION
MEDLINE INDUSTRIES INC,2022,"EMERGENCY DEPARTMENT ADMINISTRATION, 5700",PETRIE,B BRAUN MEDICAL INC,MEDICAL EQUIPMENT AND ACCESSORIES AND SUPPLIES,TRUE,TRUE,PROCESSED,900109,"900109, IV SOLUTIONS AND SETS",PETRIE,Yes,354212,B BRAUN MEDICAL INC,9/23/2022 0:00,1314152-16552,GOODS,ORAPOS,INTRAVENOUS OR ARTERIAL TUBING ADMINISTRATION SETS,BMG354212,EMERGENCY DEPARTMENT ADMINISTRATION,5700,IV SOLUTIONS AND SETS,MSHS-MEDLINE-COI,,900109,12,12,12,1,12,39.24,39.24,"INTERFACE, HIGHJUMP",BUYER   CONVERSION
MEDLINE INDUSTRIES INC,2022,"NURSING 7 SILVER ORTHOPEDICS, 1344",PETRIE,B BRAUN MEDICAL INC,MEDICAL EQUIPMENT AND ACCESSORIES AND SUPPLIES,TRUE,TRUE,PROCESSED,900109,"900109, IV SOLUTIONS AND SETS",PETRIE,Yes,354212,B BRAUN MEDICAL INC,10/8/2022 0:00,1314152-18188,GOODS,ORAPOS,INTRAVENOUS OR ARTERIAL TUBING ADMINISTRATION SETS,BMG354212,NURSING 7 SILVER ORTHOPEDICS,1344,IV SOLUTIONS AND SETS,MSHS-MEDLINE-COI,,900109,24,24,24,1,24,88.0896,88.0896,"INTERFACE, HIGHJUMP",BUYER   CONVERSION
MEDLINE INDUSTRIES INC,2022,"PHARMACY, 9400",PETRIE,B BRAUN MEDICAL INC,MEDICAL EQUIPMENT AND ACCESSORIES AND SUPPLIES,TRUE,TRUE,PROCESSED,900109,"900109, IV SOLUTIONS AND SETS",PETRIE,Yes,354212,B BRAUN MEDICAL INC,11/30/2022 0:00,1314152-24562,GOODS,ORAPOS,INTRAVENOUS OR ARTERIAL TUBING ADMINISTRATION SETS,BMG354212,PHARMACY,9400,IV SOLUTIONS AND SETS,MSHS-MEDLINE-COI,,900109,2,2,2,24,48,176.18,176.18,"HUI, ALISSA W",BUYER   CONVERSION
MEDLINE INDUSTRIES INC,2022,"POST ANESTHESIA CARE UNIT, 2624",PETRIE,B BRAUN MEDICAL INC,MEDICAL EQUIPMENT AND ACCESSORIES AND SUPPLIES,TRUE,TRUE,PROCESSED,900109,"900109, IV SOLUTIONS AND SETS",PETRIE,Yes,354212,B BRAUN MEDICAL INC,9/8/2022 0:00,1314152-14744,GOODS,ORAPOS,INTRAVENOUS OR ARTERIAL TUBING ADMINISTRATION SETS,BMG354212,POST ANESTHESIA CARE UNIT,2624,IV SOLUTIONS AND SETS,MSHS-MEDLINE-COI,,900109,1,1,1,24,24,78.41,78.41,"WILSON, DWAYNE L",BUYER   CONVERSION
MEDLINE INDUSTRIES INC,2022,"POST ANESTHESIA CARE UNIT, 2624",PETRIE,B BRAUN MEDICAL INC,MEDICAL EQUIPMENT AND ACCESSORIES AND SUPPLIES,TRUE,TRUE,PROCESSED,900109,"900109, IV SOLUTIONS AND SETS",PETRIE,Yes,354212,B BRAUN MEDICAL INC,9/14/2022 0:00,1314152-15444,GOODS,ORAPOS,INTRAVENOUS OR ARTERIAL TUBING ADMINISTRATION SETS,BMG354212,POST ANESTHESIA CARE UNIT,2624,IV SOLUTIONS AND SETS,MSHS-MEDLINE-COI,,900109,1,1,1,24,24,78.41,78.41,"WILSON, DWAYNE L",BUYER   CONVERSION
MEDLINE INDUSTRIES INC,2022,"CARDIAC CATHERIZATION, 4058",PETRIE,B BRAUN MEDICAL INC,MEDICAL EQUIPMENT AND ACCESSORIES AND SUPPLIES,TRUE,TRUE,PROCESSED,900109,"900109, IV SOLUTIONS AND SETS",PETRIE,Yes,354212,B BRAUN MEDICAL INC,10/5/2022 0:00,1314152-17834,GOODS,ORAPOS,INTRAVENOUS OR ARTERIAL TUBING ADMINISTRATION SETS,BMG354212,CARDIAC CATHERIZATION,4058,IV SOLUTIONS AND SETS,MSHS-MEDLINE-COI,,900109,1,1,1,24,24,88.09,88.09,"RABELO, JOSE",BUYER   CONVERSION
MEDLINE INDUSTRIES INC,2022,"POST ANESTHESIA CARE UNIT, 2624",PETRIE,B BRAUN MEDICAL INC,MEDICAL EQUIPMENT AND ACCESSORIES AND SUPPLIES,TRUE,TRUE,PROCESSED,900109,"900109, IV SOLUTIONS AND SETS",PETRIE,Yes,354212,B BRAUN MEDICAL INC,9/28/2022 0:00,1314152-17062,GOODS,ORAPOS,INTRAVENOUS OR ARTERIAL TUBING ADMINISTRATION SETS,BMG354212,POST ANESTHESIA CARE UNIT,2624,IV SOLUTIONS AND SETS,MSHS-MEDLINE-COI,,900109,1,1,1,24,24,78.41,78.41,"WILSON, DWAYNE L",BUYER   CONVERSION
MEDLINE INDUSTRIES INC,2023,"CHEMOTHERAPY SUITE, 5518",PHILIPS AMBULATORY CARE CENTER,B BRAUN MEDICAL INC,MEDICAL EQUIPMENT AND ACCESSORIES AND SUPPLIES,TRUE,TRUE,PROCESSED,900109,"900109, IV SOLUTIONS AND SETS",PHILIPS AMBULATORY CARE CENTER,Yes,354212,B BRAUN MEDICAL INC,1/5/2023 0:00,1314152-28544,GOODS,ORAPOS,INTRAVENOUS OR ARTERIAL TUBING ADMINISTRATION SETS,MBB354212,CHEMOTHERAPY SUITE,5518,IV SOLUTIONS AND SETS,MSHS-MEDLINE-COI,,900109,2,2,2,24,48,176.18,176.18,"FRASER, TRAVIS MURTLAND JR",BUYER   CONVERSION
MEDLINE INDUSTRIES INC,2023,"AMBULATORY SURGERY, 2633",PHILIPS AMBULATORY CARE CENTER,B BRAUN MEDICAL INC,MEDICAL EQUIPMENT AND ACCESSORIES AND SUPPLIES,TRUE,TRUE,PROCESSED,900109,"900109, IV SOLUTIONS AND SETS",PHILIPS AMBULATORY CARE CENTER,Yes,354212,B BRAUN MEDICAL INC,1/5/2023 0:00,1314152-28545,GOODS,ORAPOS,INTRAVENOUS OR ARTERIAL TUBING ADMINISTRATION SETS,MBB354212,AMBULATORY SURGERY,2633,IV SOLUTIONS AND SETS,MSHS-MEDLINE-COI,,900109,2,2,2,1,2,7.3408,7.3408,"TORRES, SANTIAGO J",BUYER   CONVERSION
MEDLINE INDUSTRIES INC,2023,"AMBULATORY SURGERY, 2633",PHILIPS AMBULATORY CARE CENTER,B BRAUN MEDICAL INC,MEDICAL EQUIPMENT AND ACCESSORIES AND SUPPLIES,TRUE,TRUE,PROCESSED,900109,"900109, IV SOLUTIONS AND SETS",PHILIPS AMBULATORY CARE CENTER,Yes,354212,B BRAUN MEDICAL INC,1/6/2023 0:00,1314152-28729,GOODS,ORAPOS,INTRAVENOUS OR ARTERIAL TUBING ADMINISTRATION SETS,MBB354212,AMBULATORY SURGERY,2633,IV SOLUTIONS AND SETS,MSHS-MEDLINE-COI,,900109,2,2,2,1,2,7.3408,7.3408,"TORRES, SANTIAGO J",BUYER   CONVERSION
MEDLINE INDUSTRIES INC,2022,"NURSING 8E M S, 1371",ST LUKES,B BRAUN MEDICAL INC,MEDICAL EQUIPMENT AND ACCESSORIES AND SUPPLIES,TRUE,TRUE,PROCESSED,900109,"900109, IV SOLUTIONS AND SETS",ST LUKES,Yes,354212,B BRAUN MEDICAL INC,9/9/2022 0:00,1314152-14852,GOODS,ORAPOS,INTRAVENOUS OR ARTERIAL TUBING ADMINISTRATION SETS,MBB354212,NURSING 8E M S,1371,IV SOLUTIONS AND SETS,MSHS-MEDLINE-COI,,900109,20,20,20,1,20,65.4,65.4,"INTERFACE, HIGHJUMP",BUYER   CONVERSION
MEDLINE INDUSTRIES INC,2022,"NURSING 9W M S, 1351",ST LUKES,B BRAUN MEDICAL INC,MEDICAL EQUIPMENT AND ACCESSORIES AND SUPPLIES,TRUE,TRUE,PROCESSED,900109,"900109, IV SOLUTIONS AND SETS",ST LUKES,Yes,354212,B BRAUN MEDICAL INC,9/22/2022 0:00,1314152-16310,GOODS,ORAPOS,INTRAVENOUS OR ARTERIAL TUBING ADMINISTRATION SETS,MBB354212,NURSING 9W M S,1351,IV SOLUTIONS AND SETS,MSHS-MEDLINE-COI,,900109,12,12,12,1,12,39.24,39.24,"INTERFACE, HIGHJUMP",BUYER   CONVERSION
MEDLINE INDUSTRIES INC,2022,"NURSING 8E M S, 1371",ST LUKES,B BRAUN MEDICAL INC,MEDICAL EQUIPMENT AND ACCESSORIES AND SUPPLIES,TRUE,TRUE,PROCESSED,900109,"900109, IV SOLUTIONS AND SETS",ST LUKES,Yes,354212,B BRAUN MEDICAL INC,9/13/2022 0:00,1314152-15223,GOODS,ORAPOS,INTRAVENOUS OR ARTERIAL TUBING ADMINISTRATION SETS,MBB354212,NURSING 8E M S,1371,IV SOLUTIONS AND SETS,MSHS-MEDLINE-COI,,900109,20,20,20,1,20,65.4,65.4,"INTERFACE, HIGHJUMP",BUYER   CONVERSION
MEDLINE INDUSTRIES INC,2022,"NURSING 8E M S, 1371",ST LUKES,B BRAUN MEDICAL INC,MEDICAL EQUIPMENT AND ACCESSORIES AND SUPPLIES,TRUE,TRUE,PROCESSED,900109,"900109, IV SOLUTIONS AND SETS",ST LUKES,Yes,354212,B BRAUN MEDICAL INC,9/10/2022 0:00,1314152-14969,GOODS,ORAPOS,INTRAVENOUS OR ARTERIAL TUBING ADMINISTRATION SETS,MBB354212,NURSING 8E M S,1371,IV SOLUTIONS AND SETS,MSHS-MEDLINE-COI,,900109,20,20,20,1,20,65.4,65.4,"INTERFACE, HIGHJUMP",BUYER   CONVERSION
MEDLINE INDUSTRIES INC,2022,"NURSING 10E, 1381",ST LUKES,B BRAUN MEDICAL INC,MEDICAL EQUIPMENT AND ACCESSORIES AND SUPPLIES,TRUE,TRUE,PROCESSED,900109,"900109, IV SOLUTIONS AND SETS",ST LUKES,Yes,354212,B BRAUN MEDICAL INC,9/19/2022 0:00,1314152-15866,GOODS,ORAPOS,INTRAVENOUS OR ARTERIAL TUBING ADMINISTRATION SETS,BMG354212,NURSING 10E,1381,IV SOLUTIONS AND SETS,MSHS-MEDLINE-COI,,900109,15,15,15,1,15,49.05,49.05,"INTERFACE, HIGHJUMP",BUYER   CONVERSION
MEDLINE INDUSTRIES INC,2022,"NURSING 8W M S, 1401",ST LUKES,B BRAUN MEDICAL INC,MEDICAL EQUIPMENT AND ACCESSORIES AND SUPPLIES,TRUE,TRUE,PROCESSED,900109,"900109, IV SOLUTIONS AND SETS",ST LUKES,Yes,354212,B BRAUN MEDICAL INC,9/3/2022 0:00,1314152-14264,GOODS,ORAPOS,INTRAVENOUS OR ARTERIAL TUBING ADMINISTRATION SETS,BMG354212,NURSING 8W M S,1401,IV SOLUTIONS AND SETS,MSHS-MEDLINE-COI,,900109,12,12,12,1,12,39.24,39.24,"INTERFACE, HIGHJUMP",BUYER   CONVERSION
MEDLINE INDUSTRIES INC,2022,"NURSING 7B MICU SICU STPDWN, 2311",ST LUKES,B BRAUN MEDICAL INC,MEDICAL EQUIPMENT AND ACCESSORIES AND SUPPLIES,TRUE,TRUE,PROCESSED,900109,"900109, IV SOLUTIONS AND SETS",ST LUKES,Yes,354212,B BRAUN MEDICAL INC,9/22/2022 0:00,1314152-16308,GOODS,ORAPOS,INTRAVENOUS OR ARTERIAL TUBING ADMINISTRATION SETS,BMG354212,NURSING 7B MICU SICU STPDWN,2311,IV SOLUTIONS AND SETS,MSHS-MEDLINE-COI,,900109,42,42,42,1,42,137.34,137.34,"INTERFACE, HIGHJUMP",BUYER   CONVERSION
MEDLINE INDUSTRIES INC,2022,"NURSING 6E CCU CSICU, 1501",ST LUKES,B BRAUN MEDICAL INC,MEDICAL EQUIPMENT AND ACCESSORIES AND SUPPLIES,TRUE,TRUE,PROCESSED,900109,"900109, IV SOLUTIONS AND SETS",ST LUKES,Yes,354212,B BRAUN MEDICAL INC,9/1/2022 0:00,1314152-14047,GOODS,ORAPOS,INTRAVENOUS OR ARTERIAL TUBING ADMINISTRATION SETS,BMG354212,NURSING 6E CCU CSICU,1501,IV SOLUTIONS AND SETS,MSHS-MEDLINE-COI,,900109,24,24,24,1,24,78.48,78.48,"INTERFACE, HIGHJUMP",BUYER   CONVERSION
MEDLINE INDUSTRIES INC,2022,"NURSING 6E CCU CSICU, 1501",ST LUKES,B BRAUN MEDICAL INC,MEDICAL EQUIPMENT AND ACCESSORIES AND SUPPLIES,TRUE,TRUE,PROCESSED,900109,"900109, IV SOLUTIONS AND SETS",ST LUKES,Yes,354212,B BRAUN MEDICAL INC,9/7/2022 0:00,1314152-14455,GOODS,ORAPOS,INTRAVENOUS OR ARTERIAL TUBING ADMINISTRATION SETS,BMG354212,NURSING 6E CCU CSICU,1501,IV SOLUTIONS AND SETS,MSHS-MEDLINE-COI,,900109,24,24,24,1,24,78.48,78.48,"INTERFACE, HIGHJUMP",BUYER   CONVERSION
MEDLINE INDUSTRIES INC,2022,"GI UNIT, 4510",ST LUKES,B BRAUN MEDICAL INC,MEDICAL EQUIPMENT AND ACCESSORIES AND SUPPLIES,TRUE,TRUE,PROCESSED,900109,"900109, IV SOLUTIONS AND SETS",ST LUKES,Yes,354212,B BRAUN MEDICAL INC,9/9/2022 0:00,1314152-14872,GOODS,ORAPOS,INTRAVENOUS OR ARTERIAL TUBING ADMINISTRATION SETS,BMG354212,GI UNIT,4510,IV SOLUTIONS AND SETS,MSHS-MEDLINE-COI,,900109,20,20,20,1,20,65.4,65.4,"ALGARIN, ROSA M",BUYER   CONVERSION
MEDLINE INDUSTRIES INC,2022,"NURSING 8E M S, 1371",ST LUKES,B BRAUN MEDICAL INC,MEDICAL EQUIPMENT AND ACCESSORIES AND SUPPLIES,TRUE,TRUE,PROCESSED,900109,"900109, IV SOLUTIONS AND SETS",ST LUKES,Yes,354212,B BRAUN MEDICAL INC,9/6/2022 0:00,1314152-14373,GOODS,ORAPOS,INTRAVENOUS OR ARTERIAL TUBING ADMINISTRATION SETS,BMG354212,NURSING 8E M S,1371,IV SOLUTIONS AND SETS,MSHS-MEDLINE-COI,,900109,20,20,20,1,20,65.4,65.4,"INTERFACE, HIGHJUMP",BUYER   CONVERSION
MEDLINE INDUSTRIES INC,2022,"NURSING 7W M S, 1341",ST LUKES,B BRAUN MEDICAL INC,MEDICAL EQUIPMENT AND ACCESSORIES AND SUPPLIES,TRUE,TRUE,PROCESSED,900109,"900109, IV SOLUTIONS AND SETS",ST LUKES,Yes,354212,B BRAUN MEDICAL INC,9/13/2022 0:00,1314152-15208,GOODS,ORAPOS,INTRAVENOUS OR ARTERIAL TUBING ADMINISTRATION SETS,BMG354212,NURSING 7W M S,1341,IV SOLUTIONS AND SETS,MSHS-MEDLINE-COI,,900109,15,15,15,1,15,49.05,49.05,"INTERFACE, HIGHJUMP",BUYER   CONVERSION
MEDLINE INDUSTRIES INC,2022,"CARDIAC CATHERIZATION, 4058",ST LUKES,B BRAUN MEDICAL INC,MEDICAL EQUIPMENT AND ACCESSORIES AND SUPPLIES,TRUE,TRUE,PROCESSED,900109,"900109, IV SOLUTIONS AND SETS",ST LUKES,Yes,354212,B BRAUN MEDICAL INC,10/12/2022 0:00,1314152-18672,GOODS,ORAPOS,INTRAVENOUS OR ARTERIAL TUBING ADMINISTRATION SETS,BMG354212,CARDIAC CATHERIZATION,4058,IV SOLUTIONS AND SETS,MSHS-MEDLINE-COI,,900109,15,15,15,1,15,55.056,55.056,"ROSARIO, LEYDI LAURA",BUYER   CONVERSION
MEDLINE INDUSTRIES INC,2022,"NURSING 7W M S, 1341",ST LUKES,B BRAUN MEDICAL INC,MEDICAL EQUIPMENT AND ACCESSORIES AND SUPPLIES,TRUE,TRUE,PROCESSED,900109,"900109, IV SOLUTIONS AND SETS",ST LUKES,Yes,354212,B BRAUN MEDICAL INC,9/14/2022 0:00,1314152-15348,GOODS,ORAPOS,INTRAVENOUS OR ARTERIAL TUBING ADMINISTRATION SETS,BMG354212,NURSING 7W M S,1341,IV SOLUTIONS AND SETS,MSHS-MEDLINE-COI,,900109,30,30,30,1,30,98.1,98.1,"INTERFACE, HIGHJUMP",BUYER   CONVERSION
MEDLINE INDUSTRIES INC,2022,"ANESTHESIOLOGY, 4280",ST LUKES,B BRAUN MEDICAL INC,MEDICAL EQUIPMENT AND ACCESSORIES AND SUPPLIES,TRUE,TRUE,PROCESSED,900109,"900109, IV SOLUTIONS AND SETS",ST LUKES,Yes,354212,B BRAUN MEDICAL INC,9/6/2022 0:00,1314152-14365,GOODS,ORAPOS,INTRAVENOUS OR ARTERIAL TUBING ADMINISTRATION SETS,BMG354212,ANESTHESIOLOGY,4280,IV SOLUTIONS AND SETS,MSHS-MEDLINE-COI,,900109,72,72,72,1,72,235.44,235.44,"INTERFACE, HIGHJUMP",BUYER   CONVERSION
MEDLINE INDUSTRIES INC,2022,"PACU, 2621",ST LUKES,B BRAUN MEDICAL INC,MEDICAL EQUIPMENT AND ACCESSORIES AND SUPPLIES,TRUE,TRUE,PROCESSED,900109,"900109, IV SOLUTIONS AND SETS",ST LUKES,Yes,354212,B BRAUN MEDICAL INC,9/6/2022 0:00,1314152-14412,GOODS,ORAPOS,INTRAVENOUS OR ARTERIAL TUBING ADMINISTRATION SETS,BMG354212,PACU,2621,IV SOLUTIONS AND SETS,MSHS-MEDLINE-COI,,900109,19,19,19,1,19,62.13,62.13,"INTERFACE, HIGHJUMP",BUYER   CONVERSION
MEDLINE INDUSTRIES INC,2022,"NURSING CLARK 5 M-S, 1331",ST LUKES,B BRAUN MEDICAL INC,MEDICAL EQUIPMENT AND ACCESSORIES AND SUPPLIES,TRUE,TRUE,PROCESSED,900109,"900109, IV SOLUTIONS AND SETS",ST LUKES,Yes,354212,B BRAUN MEDICAL INC,9/14/2022 0:00,1314152-15310,GOODS,ORAPOS,INTRAVENOUS OR ARTERIAL TUBING ADMINISTRATION SETS,BMG354212,NURSING CLARK 5 M-S,1331,IV SOLUTIONS AND SETS,MSHS-MEDLINE-COI,,900109,10,10,10,1,10,32.7,32.7,"INTERFACE, HIGHJUMP",BUYER   CONVERSION
MEDLINE INDUSTRIES INC,2022,"ARRHYTHMIA INSTITUTE, 4071",ST LUKES,B BRAUN MEDICAL INC,MEDICAL EQUIPMENT AND ACCESSORIES AND SUPPLIES,TRUE,TRUE,PROCESSED,900109,"900109, IV SOLUTIONS AND SETS",ST LUKES,Yes,354212,B BRAUN MEDICAL INC,9/22/2022 0:00,1314152-16301,GOODS,ORAPOS,INTRAVENOUS OR ARTERIAL TUBING ADMINISTRATION SETS,BMG354212,ARRHYTHMIA INSTITUTE,4071,IV SOLUTIONS AND SETS,MSHS-MEDLINE-COI,,900109,1,1,1,24,24,78.41,78.41,"LINTON, KAREN L",BUYER   CONVERSION
MEDLINE INDUSTRIES INC,2022,"EMERGENCY DEPARTMENT ADMINISTRATION, 5700",ST LUKES,B BRAUN MEDICAL INC,MEDICAL EQUIPMENT AND ACCESSORIES AND SUPPLIES,TRUE,TRUE,PROCESSED,900109,"900109, IV SOLUTIONS AND SETS",ST LUKES,Yes,354212,B BRAUN MEDICAL INC,9/24/2022 0:00,1314152-16589,GOODS,ORAPOS,INTRAVENOUS OR ARTERIAL TUBING ADMINISTRATION SETS,BMG354212,EMERGENCY DEPARTMENT ADMINISTRATION,5700,IV SOLUTIONS AND SETS,MSHS-MEDLINE-COI,,900109,4,4,4,24,96,313.64,313.64,"INTERFACE, HIGHJUMP",BUYER   CONVERSION
MEDLINE INDUSTRIES INC,2022,"MATERIALS MANAGEMENT ADMINISTRATION, 8805",ST LUKES,B BRAUN MEDICAL INC,MEDICAL EQUIPMENT AND ACCESSORIES AND SUPPLIES,TRUE,TRUE,PROCESSED,900109,"900109, IV SOLUTIONS AND SETS",ST LUKES,Yes,354212,B BRAUN MEDICAL INC,9/1/2022 0:00,1314152-14027,GOODS,ORAPOS,INTRAVENOUS OR ARTERIAL TUBING ADMINISTRATION SETS,BMG354212,MATERIALS MANAGEMENT ADMINISTRATION,8805,IV SOLUTIONS AND SETS,MSHS-MEDLINE-COI,,900109,3,3,3,24,72,235.23,235.23,"INTERFACE, HIGHJUMP",BUYER   CONVERSION
MEDLINE INDUSTRIES INC,2022,"EMERGENCY DEPARTMENT ADMINISTRATION, 5700",ST LUKES,B BRAUN MEDICAL INC,MEDICAL EQUIPMENT AND ACCESSORIES AND SUPPLIES,TRUE,TRUE,PROCESSED,900109,"900109, IV SOLUTIONS AND SETS",ST LUKES,Yes,354212,B BRAUN MEDICAL INC,9/14/2022 0:00,1314152-15449,GOODS,ORAPOS,INTRAVENOUS OR ARTERIAL TUBING ADMINISTRATION SETS,BMG354212,EMERGENCY DEPARTMENT ADMINISTRATION,5700,IV SOLUTIONS AND SETS,MSHS-MEDLINE-COI,,900109,2,2,2,24,48,156.82,156.82,"INTERFACE, HIGHJUMP",BUYER   CONVERSION
