Facility Dept,Year of Po Date,VendName,Dept Desc_Num   ,Dwh Po Status,Exp_Code,Exp_Code_Desc,Facility,Has Contract,Has Contract Old,MfrCatno,MfrName,Po Date,Pono Release,PoType,SEARCH,Source Code,Unspsc Commodity,VendCatno,Dept Description,Dept Number,Expense Code Descrip,GHX_CONT_ID1,GHX_CONT_ID2,ItemDesc,Mmis Obj Code,MnfrCatNo,Qty Invoiced,Qty Received,Po Qty,Qoe Conv Ea,Qty in EA,SPEND,SPEND_VALUE,ALIAS,And Filter,ATTRIBUTE49,Buyer,Buyer Name,Commodity+MFR,Creation Method,Deliverto,Dept Desc_Num,Direct Filter,Dwh Facility,Dwh Item Status,Dwh Po Line Status,Dwh Po Submit Type,Exp_Code_Filter_Check,Exp_Desc_Filter_Check,Ext Price,Facility Id,FacilityVend,Full Gl Account,GHX_CONT_ID1_1,GHX_CONT_ID1_CALC,Has Contract (1),INVAMT,Item#,Mfr Name,MFR_VEN Name,Mmis Pkg String,Mmis Qoe,MnfrName,NonContract PunchOut,Null,PACKS_CONT_ID,pick Exp_Code,pick Exp_Desc,Po Create Date,Po Line Status,Po Lineno,Po Price,Po Status,Po Uom,PO_DATE,PO_QTY_CALC,PunchOut Detail,Qty in EA test,Req Date,Reqno,Requisitioner,Service End,Service Start,Shipto,SPEND % (for Trend),Unspsc Class,Unspsc Code,Unspsc Family,Unspsc Segment,Vend Name,VendCode
MOUNT SINAI HOSPITAL,2025,MEDLINE INDUSTRIES INC,"NURSING EMERGENCY SERVICES, 12001",OPEN,903079,"903079, UROLOGY",MOUNT SINAI HOSPITAL,Yes,Yes,A303414A,BD,2/9/2025 12:00:00 AM,M3052055,GOODS,TRAY CATHETERIZATION COMPLETE CARE LUBRI-SIL IC STATLOCK SURESTEP 14FR FOLEY URINE METER STERILE LATEX FREE DISPOSABLEA303414ABRDA303414A,ORAPOS,UROLOGY,BRDA303414A,NURSING EMERGENCY SERVICES,12001,UROLOGY,PP-NS-2059,,TRAY CATHETERIZATION COMPLETE CARE LUBRI-SIL IC STATLOCK SURESTEP 14FR FOLEY URINE METER STERILE LATEX FREE DISPOSABLE,903079,A303414A,1,1,1,10,10,219.4,219.4,NF,True,NF,DIAZ VANESSA,DIAZ VANESSA,"UROLOGY 
 
BD",Y,12001 GPMC NM-220 ED CLN UTILITY 0785,"NURSING EMERGENCY SERVICES, 12001",True,MOUNT SINAI HOSPITAL,ACTIVE,CLOSED,EDI,TRUE,TRUE,219.4,MOUNT SINAI HOSPITAL,MOUNT SINAI HOSPITAL,101-101-11-12001-903079-00000000000-000-0000-000-00000-00000----,False,PP-NS-2059,Yes,219.4,8027729,BD,BD,NF,1,BD,No, ,NO,903079, UROLOGY,2/4/2025 12:00:00 AM,CLOSED,51-1-1,219.4,OPEN,CASE,2/9/2025 12:00:00 AM,1,NF,10,2/4/2025 12:00:00 AM,M28357,PARKES KEVIN,,,MOUNT SINAI HOSPITAL - RECVG MAIN,219.4,NF,NF,NF,UROLOGY,MEDLINE INDUSTRIES INC,12422
MOUNT SINAI HOSPITAL,2025,MEDLINE INDUSTRIES INC,"NURSING EMERGENCY SERVICES, 12001",CLOSED,903079,"903079, UROLOGY",MOUNT SINAI HOSPITAL,Yes,Yes,A303414A,BD,6/10/2025 12:00:00 AM,M3110404,GOODS,TRAY CATHETERIZATION COMPLETE CARE LUBRI-SIL IC STATLOCK SURESTEP 14FR FOLEY URINE METER STERILE LATEX FREE DISPOSABLEA303414ABRDA303414A,ORAPOS,UROLOGY,BRDA303414A,NURSING EMERGENCY SERVICES,12001,UROLOGY,PP-NS-2059,,TRAY CATHETERIZATION COMPLETE CARE LUBRI-SIL IC STATLOCK SURESTEP 14FR FOLEY URINE METER STERILE LATEX FREE DISPOSABLE,903079,A303414A,4,4,4,,,92.88,92.88,NF,True,NF,DIAZ VANESSA,DIAZ VANESSA,"UROLOGY 
 
BD",Y,12001 GPMC ED ACUTE1 A,"NURSING EMERGENCY SERVICES, 12001",True,MOUNT SINAI HOSPITAL,ACTIVE,CLOSED,EDI,TRUE,TRUE,92.88,MOUNT SINAI HOSPITAL,MOUNT SINAI HOSPITAL,101-101-11-12001-903079-00000000000-000-0000-000-00000-00000----,False,PP-NS-2059,Yes,92.88,8027729,BD,BD,NF,1,BD,No, ,NO,903079, UROLOGY,6/10/2025 12:00:00 AM,CLOSED,17-1-1,23.22,CLOSED,EACH,6/10/2025 12:00:00 AM,4,NF,,6/10/2025 12:00:00 AM,M59550,PASTUIZACA NICOLLAS,,,MOUNT SINAI HOSPITAL - RECVG MAIN,92.88,NF,NF,NF,UROLOGY,MEDLINE INDUSTRIES INC,12422
MOUNT SINAI MORNINGSIDE,2025,CR BARD INC,"OUTPATIENT CLINIC, 13608",CLOSED,903079,"903079, UROLOGY",MOUNT SINAI MORNINGSIDE,Yes,Yes,A303316A,BD,6/24/2025 12:00:00 AM,W1069075,GOODS,TRAY CATH FOLEY STABILIZATION SURESTEP LATEX 16FRA303316AA303316A,ORAPOS,UROLOGY,A303316A,OUTPATIENT CLINIC,13608,UROLOGY,PP-NS-2059,MSHS-BARD-UROLOGY-DIRECT-NC,TRAY CATH FOLEY STABILIZATION SURESTEP LATEX 16FR,903079,A303316A,1,1,1,10,10,225.84,225.84,NF,True,NF,FORERO PAULO,FORERO PAULO,"UROLOGY 
 
BD",Y,440 W 114TH ST 2ND FL STE 250 2ND FLOOR SUITE 250,"OUTPATIENT CLINIC, 13608",True,MOUNT SINAI MORNINGSIDE,ACTIVE,CLOSED,EDI,TRUE,TRUE,225.84,MOUNT SINAI MORNINGSIDE,MOUNT SINAI MORNINGSIDE,302-302-11-13608-903079-00000000000-000-0000-000-00000-00000----,False,PP-NS-2059,Yes,225.84,1936297,BD,BD,NF,10,BD,No, ,NO,903079, UROLOGY,6/24/2025 12:00:00 AM,CLOSED,1-1-1,225.84,CLOSED,CASE,6/24/2025 12:00:00 AM,1,NF,10,6/24/2025 12:00:00 AM,L25046,STEPHEN SHERRY,,,MOUNT SINAI MORNINGSIDE - RECVG MAIN,225.84,NF,NF,NF,UROLOGY,CR BARD INC,336358
MOUNT SINAI QUEENS,2025,MEDLINE INDUSTRIES INC,"OPERATING ROOM SUITE, 12200",CLOSED,903079,"903079, UROLOGY",MOUNT SINAI QUEENS,Yes,Yes,A303414A,BD,4/18/2025 12:00:00 AM,M3087689,GOODS,TRAY CATHETERIZATION COMPLETE CARE LUBRI-SIL IC STATLOCK SURESTEP 14FR FOLEY URINE METER STERILE LATEX FREE DISPOSABLEA303414ABRDA303414A,ORAPOS,UROLOGY,BRDA303414A,OPERATING ROOM SUITE,12200,UROLOGY,PP-NS-2059,,TRAY CATHETERIZATION COMPLETE CARE LUBRI-SIL IC STATLOCK SURESTEP 14FR FOLEY URINE METER STERILE LATEX FREE DISPOSABLE,903079,A303414A,1,1,1,10,10,232.2,232.2,NF,True,NF,GADSDEN CHONTE,GADSDEN CHONTE,"UROLOGY 
 
BD",Y,12200 OR SEMI-LUM 25-10 30TH AVE 5TH FL,"OPERATING ROOM SUITE, 12200",True,MOUNT SINAI QUEENS,ACTIVE,CLOSED,EDI,TRUE,TRUE,232.199,MOUNT SINAI QUEENS,MOUNT SINAI QUEENS,102-107-11-12200-903079-00000000000-000-0000-000-00000-00000----,False,PP-NS-2059,Yes,232.2,8027729,BD,BD,NF,1,BD,No, ,NO,903079, UROLOGY,4/18/2025 12:00:00 AM,CLOSED,2-1-1,232.199,CLOSED,CASE,4/18/2025 12:00:00 AM,1,NF,10,4/18/2025 12:00:00 AM,Q7871,PASION RENATO,,,MOUNT SINAI QUEENS - RECVG MAIN,232.199,NF,NF,NF,UROLOGY,MEDLINE INDUSTRIES INC,12422
MOUNT SINAI QUEENS,2025,MEDLINE INDUSTRIES INC,"OPERATING ROOM SUITE, 12200",OPEN,903079,"903079, UROLOGY",MOUNT SINAI QUEENS,Yes,Yes,A303414A,BD,7/2/2025 12:00:00 AM,M3119977,GOODS,TRAY CATHETERIZATION COMPLETE CARE LUBRI-SIL IC STATLOCK SURESTEP 14FR FOLEY URINE METER STERILE LATEX FREE DISPOSABLEA303414ABRDA303414A,ORAPOS,UROLOGY,BRDA303414A,OPERATING ROOM SUITE,12200,UROLOGY,PP-NS-2059,,TRAY CATHETERIZATION COMPLETE CARE LUBRI-SIL IC STATLOCK SURESTEP 14FR FOLEY URINE METER STERILE LATEX FREE DISPOSABLE,903079,A303414A,1,1,1,10,10,232.2,232.2,NF,True,NF,GADSDEN CHONTE,GADSDEN CHONTE,"UROLOGY 
 
BD",Y,12200 OR SEMI-LUM 25-10 30TH AVE 5TH FL,"OPERATING ROOM SUITE, 12200",True,MOUNT SINAI QUEENS,ACTIVE,CLOSED,EDI,TRUE,TRUE,232.199,MOUNT SINAI QUEENS,MOUNT SINAI QUEENS,102-107-11-12200-903079-00000000000-000-0000-000-00000-00000----,False,PP-NS-2059,Yes,232.2,8027729,BD,BD,NF,1,BD,No, ,NO,903079, UROLOGY,7/1/2025 12:00:00 AM,CLOSED,9-1-1,232.199,OPEN,CASE,7/2/2025 12:00:00 AM,1,NF,10,7/1/2025 12:00:00 AM,Q10638,PASION RENATO,,,MOUNT SINAI QUEENS - RECVG MAIN,232.199,NF,NF,NF,UROLOGY,MEDLINE INDUSTRIES INC,12422
MOUNT SINAI QUEENS,2025,MEDLINE INDUSTRIES INC,"EMERGENCY DEPARTMENT, 14100",OPEN,903079,"903079, UROLOGY",MOUNT SINAI QUEENS,Yes,Yes,A303414A,BD,6/25/2025 12:00:00 AM,M3116637,GOODS,TRAY CATHETERIZATION COMPLETE CARE LUBRI-SIL IC STATLOCK SURESTEP 14FR FOLEY URINE METER STERILE LATEX FREE DISPOSABLEA303414ABRDA303414A,ORAPOS,UROLOGY,BRDA303414A,EMERGENCY DEPARTMENT,14100,UROLOGY,PP-NS-2059,,TRAY CATHETERIZATION COMPLETE CARE LUBRI-SIL IC STATLOCK SURESTEP 14FR FOLEY URINE METER STERILE LATEX FREE DISPOSABLE,903079,A303414A,16,16,16,,,371.52,371.52,NF,True,NF,GADSDEN CHONTE,GADSDEN CHONTE,"UROLOGY 
 
BD",Y,14100 ED A1-218 25-10 30TH AVE 1FL,"EMERGENCY DEPARTMENT, 14100",True,MOUNT SINAI QUEENS,ACTIVE,CLOSED,EDI,TRUE,TRUE,371.52,MOUNT SINAI QUEENS,MOUNT SINAI QUEENS,102-107-11-14100-903079-00000000000-000-0000-000-00000-00000----,False,PP-NS-2059,Yes,371.52,8027729,BD,BD,NF,1,BD,No, ,NO,903079, UROLOGY,6/24/2025 12:00:00 AM,CLOSED,31-1-1,23.22,OPEN,EACH,6/25/2025 12:00:00 AM,16,NF,,6/24/2025 12:00:00 AM,Q10325,AQUINO CLAIRE,,,MOUNT SINAI QUEENS - RECVG MAIN,371.52,NF,NF,NF,UROLOGY,MEDLINE INDUSTRIES INC,12422
MOUNT SINAI WEST VILLAGE,2025,MEDLINE INDUSTRIES INC,"AMBULATORY SURGERY, 12152",OPEN,903079,"903079, UROLOGY",MOUNT SINAI WEST VILLAGE,Yes,Yes,A942216,BD,2/10/2025 12:00:00 AM,B1012932,GOODS,SILICONE UM FLY TRAY WITH FSD - COIA942216BRDA942216,ORAPOS,UROLOGY,BRDA942216,AMBULATORY SURGERY,12152,UROLOGY,PP-NS-2059,,SILICONE UM FLY TRAY WITH FSD - COI,903079,A942216,1,1,1,10,10,209.1,209.1,NF,True,NF,MELENDEZ REBECA,MELENDEZ REBECA,"UROLOGY 
 
BD",Y,325 W 15TH ST 1ST FL AMB SURG 1ST FLOOR AMBULATORY SURGER 1,"AMBULATORY SURGERY, 12152",True,MOUNT SINAI WEST VILLAGE,ACTIVE,CLOSED,EDI,TRUE,TRUE,209.1,MS CANCER CENTER WEST,MOUNT SINAI WEST VILLAGE,408-958-11-12152-903079-00000000000-000-0000-000-00000-00000----,False,PP-NS-2059,Yes,209.1,1926475,BD,BD,NF,10,BD,No, ,NO,903079, UROLOGY,2/5/2025 12:00:00 AM,CLOSED,11-1-1,209.1,OPEN,CASE,2/10/2025 12:00:00 AM,1,NF,10,2/5/2025 12:00:00 AM,C1247,WARE PAUL,,,MS CANCER CENTER WEST - RECVG MAIN,209.1,NF,NF,NF,UROLOGY,MEDLINE INDUSTRIES INC,12422
MOUNT SINAI QUEENS,2025,MEDLINE INDUSTRIES INC,"NURSING STATION 3E-MSQ, 10406",CLOSED,903079,"903079, UROLOGY",MOUNT SINAI QUEENS,Yes,Yes,A303414A,BD,7/19/2025 12:00:00 AM,M3127044,GOODS,TRAY CATHETERIZATION COMPLETE CARE LUBRI-SIL IC STATLOCK SURESTEP 14FR FOLEY URINE METER STERILE LATEX FREE DISPOSABLEA303414ABRDA303414A,ORAPOS,UROLOGY,BRDA303414A,NURSING STATION 3E-MSQ,10406,UROLOGY,PP-NS-2059,,TRAY CATHETERIZATION COMPLETE CARE LUBRI-SIL IC STATLOCK SURESTEP 14FR FOLEY URINE METER STERILE LATEX FREE DISPOSABLE,903079,A303414A,2,2,2,,,46.44,46.44,NF,True,NF,GADSDEN CHONTE,GADSDEN CHONTE,"UROLOGY 
 
BD",Y,10406 NSG STATION 3E 25-10 30TH AVE 3FL,"NURSING STATION 3E-MSQ, 10406",True,MOUNT SINAI QUEENS,ACTIVE,CLOSED,EDI,TRUE,TRUE,46.44,MOUNT SINAI QUEENS,MOUNT SINAI QUEENS,102-107-11-10406-903079-00000000000-000-0000-000-00000-00000----,False,PP-NS-2059,Yes,46.44,8027729,BD,BD,NF,1,BD,No, ,NO,903079, UROLOGY,7/18/2025 12:00:00 AM,CLOSED,8-1-1,23.22,CLOSED,EACH,7/19/2025 12:00:00 AM,2,NF,,7/18/2025 12:00:00 AM,Q11194,RUIZ JUNIOR NORMAN,,,MOUNT SINAI QUEENS - RECVG MAIN,46.44,NF,NF,NF,UROLOGY,MEDLINE INDUSTRIES INC,12422
MOUNT SINAI QUEENS,2025,MEDLINE INDUSTRIES INC,"NURSING STATION 4W-MSQ, 10409",CLOSED,903079,"903079, UROLOGY",MOUNT SINAI QUEENS,Yes,Yes,A303414A,BD,4/19/2025 12:00:00 AM,M3087279,GOODS,TRAY CATHETERIZATION COMPLETE CARE LUBRI-SIL IC STATLOCK SURESTEP 14FR FOLEY URINE METER STERILE LATEX FREE DISPOSABLEA303414ABRDA303414A,ORAPOS,UROLOGY,BRDA303414A,NURSING STATION 4W-MSQ,10409,UROLOGY,PP-NS-2059,,TRAY CATHETERIZATION COMPLETE CARE LUBRI-SIL IC STATLOCK SURESTEP 14FR FOLEY URINE METER STERILE LATEX FREE DISPOSABLE,903079,A303414A,2,2,2,,,46.44,46.44,NF,True,NF,GADSDEN CHONTE,GADSDEN CHONTE,"UROLOGY 
 
BD",Y,10409 NSG STATION 4W 25-10 30TH AVE 4FL,"NURSING STATION 4W-MSQ, 10409",True,MOUNT SINAI QUEENS,ACTIVE,CLOSED,EDI,TRUE,TRUE,46.4398,MOUNT SINAI QUEENS,MOUNT SINAI QUEENS,102-107-11-10409-903079-00000000000-000-0000-000-00000-00000----,False,PP-NS-2059,Yes,46.44,8027729,BD,BD,NF,1,BD,No, ,NO,903079, UROLOGY,4/18/2025 12:00:00 AM,CLOSED,11-1-1,23.2199,CLOSED FOR RECEIVING,EACH,4/19/2025 12:00:00 AM,2,NF,,4/18/2025 12:00:00 AM,Q7842,RUIZ JUNIOR NORMAN,,,MOUNT SINAI QUEENS - RECVG MAIN,46.4398,NF,NF,NF,UROLOGY,MEDLINE INDUSTRIES INC,12422
MOUNT SINAI HOSPITAL,2025,MEDLINE INDUSTRIES INC,"NURSING EMERGENCY SERVICES, 12001",OPEN,903079,"903079, UROLOGY",MOUNT SINAI HOSPITAL,Yes,Yes,A303414A,BD,2/23/2025 12:00:00 AM,M3061494,GOODS,TRAY CATHETERIZATION COMPLETE CARE LUBRI-SIL IC STATLOCK SURESTEP 14FR FOLEY URINE METER STERILE LATEX FREE DISPOSABLEA303414ABRDA303414A,ORAPOS,UROLOGY,BRDA303414A,NURSING EMERGENCY SERVICES,12001,UROLOGY,PP-NS-2059,,TRAY CATHETERIZATION COMPLETE CARE LUBRI-SIL IC STATLOCK SURESTEP 14FR FOLEY URINE METER STERILE LATEX FREE DISPOSABLE,903079,A303414A,1,1,1,10,10,219.4,219.4,NF,True,NF,DIAZ VANESSA,DIAZ VANESSA,"UROLOGY 
 
BD",Y,12001 GPMC NM-220 ED CLN UTILITY 0785,"NURSING EMERGENCY SERVICES, 12001",True,MOUNT SINAI HOSPITAL,ACTIVE,CLOSED,EDI,TRUE,TRUE,219.4,MOUNT SINAI HOSPITAL,MOUNT SINAI HOSPITAL,101-101-11-12001-903079-00000000000-000-0000-000-00000-00000----,False,PP-NS-2059,Yes,219.4,8027729,BD,BD,NF,1,BD,No, ,NO,903079, UROLOGY,2/22/2025 12:00:00 AM,CLOSED,30-1-1,219.4,OPEN,CASE,2/23/2025 12:00:00 AM,1,NF,10,2/22/2025 12:00:00 AM,M33185,PAGAN CHANTELL,,,MOUNT SINAI HOSPITAL - RECVG MAIN,219.4,NF,NF,NF,UROLOGY,MEDLINE INDUSTRIES INC,12422
MOUNT SINAI HOSPITAL,2025,MEDLINE INDUSTRIES INC,"NURSING EMERGENCY SERVICES, 12001",OPEN,903079,"903079, UROLOGY",MOUNT SINAI HOSPITAL,Yes,Yes,A303414A,BD,4/29/2025 12:00:00 AM,M3091536,GOODS,TRAY CATHETERIZATION COMPLETE CARE LUBRI-SIL IC STATLOCK SURESTEP 14FR FOLEY URINE METER STERILE LATEX FREE DISPOSABLEA303414ABRDA303414A,ORAPOS,UROLOGY,BRDA303414A,NURSING EMERGENCY SERVICES,12001,UROLOGY,PP-NS-2059,,TRAY CATHETERIZATION COMPLETE CARE LUBRI-SIL IC STATLOCK SURESTEP 14FR FOLEY URINE METER STERILE LATEX FREE DISPOSABLE,903079,A303414A,4,4,4,,,92.88,92.88,NF,True,NF,DIAZ VANESSA,DIAZ VANESSA,"UROLOGY 
 
BD",Y,12001 MED GP MC ED INTAKE,"NURSING EMERGENCY SERVICES, 12001",True,MOUNT SINAI HOSPITAL,ACTIVE,CLOSED,EDI,TRUE,TRUE,92.8796,MOUNT SINAI HOSPITAL,MOUNT SINAI HOSPITAL,101-101-11-12001-903079-00000000000-000-0000-000-00000-00000----,False,PP-NS-2059,Yes,92.88,8027729,BD,BD,NF,1,BD,No, ,NO,903079, UROLOGY,4/28/2025 12:00:00 AM,CLOSED,1-1-1,23.2199,OPEN,EACH,4/29/2025 12:00:00 AM,4,NF,,4/28/2025 12:00:00 AM,M49339,PAGAN CHANTELL,,,MOUNT SINAI HOSPITAL - RECVG MAIN,92.8796,NF,NF,NF,UROLOGY,MEDLINE INDUSTRIES INC,12422
MOUNT SINAI QUEENS,2025,MEDLINE INDUSTRIES INC,"NURSING STATION 3E-MSQ, 10406",OPEN,903079,"903079, UROLOGY",MOUNT SINAI QUEENS,Yes,Yes,A303414A,BD,3/27/2025 12:00:00 AM,M3076989,GOODS,TRAY CATHETERIZATION COMPLETE CARE LUBRI-SIL IC STATLOCK SURESTEP 14FR FOLEY URINE METER STERILE LATEX FREE DISPOSABLEA303414ABRDA303414A,ORAPOS,UROLOGY,BRDA303414A,NURSING STATION 3E-MSQ,10406,UROLOGY,PP-NS-2059,,TRAY CATHETERIZATION COMPLETE CARE LUBRI-SIL IC STATLOCK SURESTEP 14FR FOLEY URINE METER STERILE LATEX FREE DISPOSABLE,903079,A303414A,2,2,2,,,46.44,46.44,NF,True,NF,GADSDEN CHONTE,GADSDEN CHONTE,"UROLOGY 
 
BD",Y,10406 NSG STATION 3E 25-10 30TH AVE 3FL,"NURSING STATION 3E-MSQ, 10406",True,MOUNT SINAI QUEENS,ACTIVE,CLOSED,EDI,TRUE,TRUE,46.4398,MOUNT SINAI QUEENS,MOUNT SINAI QUEENS,102-107-11-10406-903079-00000000000-000-0000-000-00000-00000----,False,PP-NS-2059,Yes,46.44,8027729,BD,BD,NF,1,BD,No, ,NO,903079, UROLOGY,3/27/2025 12:00:00 AM,CLOSED,7-1-1,23.2199,OPEN,EACH,3/27/2025 12:00:00 AM,2,NF,,3/27/2025 12:00:00 AM,Q6894,RUIZ JUNIOR NORMAN,,,MOUNT SINAI QUEENS - RECVG MAIN,46.4398,NF,NF,NF,UROLOGY,MEDLINE INDUSTRIES INC,12422
MOUNT SINAI QUEENS,2025,MEDLINE INDUSTRIES INC,"NURSING STATION 3W-MSQ, 10407",OPEN,903079,"903079, UROLOGY",MOUNT SINAI QUEENS,Yes,Yes,A303414A,BD,7/21/2025 12:00:00 AM,M3127817,GOODS,TRAY CATHETERIZATION COMPLETE CARE LUBRI-SIL IC STATLOCK SURESTEP 14FR FOLEY URINE METER STERILE LATEX FREE DISPOSABLEA303414ABRDA303414A,ORAPOS,UROLOGY,BRDA303414A,NURSING STATION 3W-MSQ,10407,UROLOGY,PP-NS-2059,,TRAY CATHETERIZATION COMPLETE CARE LUBRI-SIL IC STATLOCK SURESTEP 14FR FOLEY URINE METER STERILE LATEX FREE DISPOSABLE,903079,A303414A,0,0,2,,,0,0,NF,True,NF,GADSDEN CHONTE,GADSDEN CHONTE,"UROLOGY 
 
BD",Y,10407 NSG STATION 3W 25-10 30TH AVE 3FL,"NURSING STATION 3W-MSQ, 10407",True,MOUNT SINAI QUEENS,ACTIVE,OPEN,EDI,TRUE,TRUE,46.44,MOUNT SINAI QUEENS,MOUNT SINAI QUEENS,102-107-11-10407-903079-00000000000-000-0000-000-00000-00000----,False,PP-NS-2059,Yes,0,8027729,BD,BD,NF,1,BD,No, ,NO,903079, UROLOGY,7/21/2025 12:00:00 AM,OPEN,5-1-1,23.22,OPEN,EACH,7/21/2025 12:00:00 AM,0,NF,0,7/21/2025 12:00:00 AM,Q11249,RUIZ JUNIOR NORMAN,,,MOUNT SINAI QUEENS - RECVG MAIN,0,NF,NF,NF,UROLOGY,MEDLINE INDUSTRIES INC,12422
MOUNT SINAI HOSPITAL,2025,MEDLINE INDUSTRIES INC,"NURSING EMERGENCY SERVICES, 12001",CLOSED,903079,"903079, UROLOGY",MOUNT SINAI HOSPITAL,Yes,Yes,A303414A,BD,3/20/2025 12:00:00 AM,M3072495,GOODS,TRAY CATHETERIZATION COMPLETE CARE LUBRI-SIL IC STATLOCK SURESTEP 14FR FOLEY URINE METER STERILE LATEX FREE DISPOSABLEA303414ABRDA303414A,ORAPOS,UROLOGY,BRDA303414A,NURSING EMERGENCY SERVICES,12001,UROLOGY,PP-NS-2059,,TRAY CATHETERIZATION COMPLETE CARE LUBRI-SIL IC STATLOCK SURESTEP 14FR FOLEY URINE METER STERILE LATEX FREE DISPOSABLE,903079,A303414A,6,6,6,,,139.32,139.32,NF,True,NF,DIAZ VANESSA,DIAZ VANESSA,"UROLOGY 
 
BD",Y,12001 GPMC ED ACUTE1 A,"NURSING EMERGENCY SERVICES, 12001",True,MOUNT SINAI HOSPITAL,ACTIVE,CLOSED,EDI,TRUE,TRUE,139.3194,MOUNT SINAI HOSPITAL,MOUNT SINAI HOSPITAL,101-101-11-12001-903079-00000000000-000-0000-000-00000-00000----,False,PP-NS-2059,Yes,139.32,8027729,BD,BD,NF,1,BD,No, ,NO,903079, UROLOGY,3/18/2025 12:00:00 AM,CLOSED,29-1-1,23.2199,CLOSED,EACH,3/20/2025 12:00:00 AM,6,NF,,3/18/2025 12:00:00 AM,M39086,PARKES KEVIN,,,MOUNT SINAI HOSPITAL - RECVG MAIN,139.3194,NF,NF,NF,UROLOGY,MEDLINE INDUSTRIES INC,12422
MOUNT SINAI HOSPITAL,2025,MEDLINE INDUSTRIES INC,"NURSING EMERGENCY SERVICES, 12001",CLOSED,903079,"903079, UROLOGY",MOUNT SINAI HOSPITAL,Yes,Yes,A303414A,BD,6/11/2025 12:00:00 AM,M3111198,GOODS,TRAY CATHETERIZATION COMPLETE CARE LUBRI-SIL IC STATLOCK SURESTEP 14FR FOLEY URINE METER STERILE LATEX FREE DISPOSABLEA303414ABRDA303414A,ORAPOS,UROLOGY,BRDA303414A,NURSING EMERGENCY SERVICES,12001,UROLOGY,PP-NS-2059,,TRAY CATHETERIZATION COMPLETE CARE LUBRI-SIL IC STATLOCK SURESTEP 14FR FOLEY URINE METER STERILE LATEX FREE DISPOSABLE,903079,A303414A,10,10,10,,,232.2,232.2,NF,True,NF,DIAZ VANESSA,DIAZ VANESSA,"UROLOGY 
 
BD",Y,12001 MED GP MC ED INTAKE,"NURSING EMERGENCY SERVICES, 12001",True,MOUNT SINAI HOSPITAL,ACTIVE,CLOSED,EDI,TRUE,TRUE,232.2,MOUNT SINAI HOSPITAL,MOUNT SINAI HOSPITAL,101-101-11-12001-903079-00000000000-000-0000-000-00000-00000----,False,PP-NS-2059,Yes,232.2,8027729,BD,BD,NF,1,BD,No, ,NO,903079, UROLOGY,6/11/2025 12:00:00 AM,CLOSED,27-1-1,23.22,CLOSED,EACH,6/11/2025 12:00:00 AM,10,NF,,6/11/2025 12:00:00 AM,M59975,PASTUIZACA NICOLLAS,,,MOUNT SINAI HOSPITAL - RECVG MAIN,232.2,NF,NF,NF,UROLOGY,MEDLINE INDUSTRIES INC,12422
MOUNT SINAI QUEENS,2025,MEDLINE INDUSTRIES INC,"NURSING STATION 3W-MSQ, 10407",CLOSED,903079,"903079, UROLOGY",MOUNT SINAI QUEENS,Yes,Yes,A303414A,BD,2/4/2025 12:00:00 AM,M3052356,GOODS,TRAY CATHETERIZATION COMPLETE CARE LUBRI-SIL IC STATLOCK SURESTEP 14FR FOLEY URINE METER STERILE LATEX FREE DISPOSABLEA303414ABRDA303414A,ORAPOS,UROLOGY,BRDA303414A,NURSING STATION 3W-MSQ,10407,UROLOGY,PP-NS-2059,,TRAY CATHETERIZATION COMPLETE CARE LUBRI-SIL IC STATLOCK SURESTEP 14FR FOLEY URINE METER STERILE LATEX FREE DISPOSABLE,903079,A303414A,2,2,2,,,43.88,43.88,NF,True,NF,GADSDEN CHONTE,GADSDEN CHONTE,"UROLOGY 
 
BD",Y,10407 NSG STATION 3W 25-10 30TH AVE 3FL,"NURSING STATION 3W-MSQ, 10407",True,MOUNT SINAI QUEENS,ACTIVE,CLOSED,EDI,TRUE,TRUE,43.88,MOUNT SINAI QUEENS,MOUNT SINAI QUEENS,102-107-11-10407-903079-00000000000-000-0000-000-00000-00000----,False,PP-NS-2059,Yes,43.88,8027729,BD,BD,NF,1,BD,No, ,NO,903079, UROLOGY,2/4/2025 12:00:00 AM,CLOSED,15-1-1,21.94,CLOSED,EACH,2/4/2025 12:00:00 AM,2,NF,,2/4/2025 12:00:00 AM,Q4887,RUIZ JUNIOR NORMAN,,,MOUNT SINAI QUEENS - RECVG MAIN,43.88,NF,NF,NF,UROLOGY,MEDLINE INDUSTRIES INC,12422
MOUNT SINAI WEST VILLAGE,2025,MEDLINE INDUSTRIES INC,"AMBULATORY SURGERY, 12152",CLOSED,903079,"903079, UROLOGY",MOUNT SINAI WEST VILLAGE,Yes,Yes,A942216,BD,4/3/2025 12:00:00 AM,B1018830,GOODS,SILICONE UM FLY TRAY WITH FSD - COIA942216BRDA942216,ORAPOS,UROLOGY,BRDA942216,AMBULATORY SURGERY,12152,UROLOGY,PP-NS-2059,,SILICONE UM FLY TRAY WITH FSD - COI,903079,A942216,1,1,1,10,10,223.4,223.4,NF,True,NF,MELENDEZ REBECA,MELENDEZ REBECA,"UROLOGY 
 
BD",Y,325 W 15TH ST 1ST FL AMB SURG 1ST FLOOR AMBULATORY SURGER 1,"AMBULATORY SURGERY, 12152",True,MOUNT SINAI WEST VILLAGE,ACTIVE,CLOSED,EDI,TRUE,TRUE,223.412,MS CANCER CENTER WEST,MOUNT SINAI WEST VILLAGE,408-958-11-12152-903079-00000000000-000-0000-000-00000-00000----,False,PP-NS-2059,Yes,223.4,1926475,BD,BD,NF,10,BD,No, ,NO,903079, UROLOGY,4/2/2025 12:00:00 AM,CLOSED,18-1-1,223.412,CLOSED,CASE,4/3/2025 12:00:00 AM,1,NF,10,4/2/2025 12:00:00 AM,C1924,WARE PAUL,,,MS CANCER CENTER WEST - RECVG MAIN,223.412,NF,NF,NF,UROLOGY,MEDLINE INDUSTRIES INC,12422
MOUNT SINAI WEST VILLAGE,2025,MEDLINE INDUSTRIES INC,"AMBULATORY SURGERY, 12152",CLOSED,903079,"903079, UROLOGY",MOUNT SINAI WEST VILLAGE,Yes,Yes,A942216,BD,6/13/2025 12:00:00 AM,B1026169,GOODS,SILICONE UM FLY TRAY WITH FSD - COIA942216BRDA942216,ORAPOS,UROLOGY,BRDA942216,AMBULATORY SURGERY,12152,UROLOGY,PP-NS-2059,,SILICONE UM FLY TRAY WITH FSD - COI,903079,A942216,1,1,1,10,10,223.41,223.41,NF,True,NF,MELENDEZ REBECA,MELENDEZ REBECA,"UROLOGY 
 
BD",Y,325 W 15TH ST 1ST FL AMB SURG 1ST FLOOR AMBULATORY SURGERY,"AMBULATORY SURGERY, 12152",True,MOUNT SINAI WEST VILLAGE,ACTIVE,CLOSED,EDI,TRUE,TRUE,223.412,MS CANCER CENTER WEST,MOUNT SINAI WEST VILLAGE,408-958-11-12152-903079-00000000000-000-0000-000-00000-00000----,False,PP-NS-2059,Yes,223.41,1926475,BD,BD,NF,10,BD,No, ,NO,903079, UROLOGY,6/13/2025 12:00:00 AM,CLOSED,3-1-1,223.412,CLOSED,CASE,6/13/2025 12:00:00 AM,1,NF,10,6/13/2025 12:00:00 AM,C2752,WARE PAUL,,,MS CANCER CENTER WEST - RECVG MAIN,223.412,NF,NF,NF,UROLOGY,MEDLINE INDUSTRIES INC,12422
MOUNT SINAI HOSPITAL,2025,MEDLINE INDUSTRIES INC,"NURSING LABOR & DELIV KP 2-MSH, 10263",CLOSED,903079,"903079, UROLOGY",MOUNT SINAI HOSPITAL,Yes,Yes,A303414A,BD,3/6/2025 12:00:00 AM,M3066856,GOODS,TRAY CATHETERIZATION COMPLETE CARE LUBRI-SIL IC STATLOCK SURESTEP 14FR FOLEY URINE METER STERILE LATEX FREE DISPOSABLEA303414ABRDA303414A,ORAPOS,UROLOGY,BRDA303414A,NURSING LABOR & DELIV KP 2-MSH,10263,UROLOGY,PP-NS-2059,,TRAY CATHETERIZATION COMPLETE CARE LUBRI-SIL IC STATLOCK SURESTEP 14FR FOLEY URINE METER STERILE LATEX FREE DISPOSABLE,903079,A303414A,0,3,3,10,30,696.6,696.6,NF,True,NF,ANDERSON   MRS. DEBORAH,"ANDERSON, MRS. DEBORAH","UROLOGY 
 
BD",Y,10263 MC KP2 L&D EAST,"NURSING LABOR & DELIV KP 2-MSH, 10263",True,MOUNT SINAI HOSPITAL,ACTIVE,CLOSED,EDI,TRUE,TRUE,696.597,MOUNT SINAI HOSPITAL,MOUNT SINAI HOSPITAL,101-101-11-10263-903079-00000000000-000-0000-000-00000-00000----,False,PP-NS-2059,Yes,696.6,8027729,BD,BD,NF,1,BD,No, ,NO,903079, UROLOGY,3/5/2025 12:00:00 AM,CLOSED FOR RECEIVING,12-1-1,232.199,CLOSED FOR RECEIVING,CASE,3/6/2025 12:00:00 AM,3,NF,30,3/5/2025 12:00:00 AM,M36071,CARTER MILES,,,MOUNT SINAI HOSPITAL - RECVG MAIN,696.597,NF,NF,NF,UROLOGY,MEDLINE INDUSTRIES INC,12422
MOUNT SINAI QUEENS,2025,MEDLINE INDUSTRIES INC,"EMERGENCY DEPARTMENT, 14100",CLOSED,903079,"903079, UROLOGY",MOUNT SINAI QUEENS,Yes,Yes,A303414A,BD,3/11/2025 12:00:00 AM,M3067632,GOODS,TRAY CATHETERIZATION COMPLETE CARE LUBRI-SIL IC STATLOCK SURESTEP 14FR FOLEY URINE METER STERILE LATEX FREE DISPOSABLEA303414ABRDA303414A,ORAPOS,UROLOGY,BRDA303414A,EMERGENCY DEPARTMENT,14100,UROLOGY,PP-NS-2059,,TRAY CATHETERIZATION COMPLETE CARE LUBRI-SIL IC STATLOCK SURESTEP 14FR FOLEY URINE METER STERILE LATEX FREE DISPOSABLE,903079,A303414A,0,16,16,,,371.52,371.52,NF,True,NF,GADSDEN CHONTE,GADSDEN CHONTE,"UROLOGY 
 
BD",Y,14100 ED A1-218 25-10 30TH AVE 1FL,"EMERGENCY DEPARTMENT, 14100",True,MOUNT SINAI QUEENS,ACTIVE,CLOSED,EDI,TRUE,TRUE,371.5184,MOUNT SINAI QUEENS,MOUNT SINAI QUEENS,102-107-11-14100-903079-00000000000-000-0000-000-00000-00000----,False,PP-NS-2059,Yes,371.52,8027729,BD,BD,NF,1,BD,No, ,NO,903079, UROLOGY,3/6/2025 12:00:00 AM,CLOSED FOR RECEIVING,11-1-1,23.2199,CLOSED FOR RECEIVING,EACH,3/11/2025 12:00:00 AM,16,NF,,3/6/2025 12:00:00 AM,Q6086,LUNA ALYJAH,,,MOUNT SINAI QUEENS - RECVG MAIN,371.5184,NF,NF,NF,UROLOGY,MEDLINE INDUSTRIES INC,12422
MOUNT SINAI HOSPITAL,2025,MEDLINE INDUSTRIES INC,"NURSING EMERGENCY SERVICES, 12001",OPEN,903079,"903079, UROLOGY",MOUNT SINAI HOSPITAL,Yes,Yes,A303414A,BD,6/18/2025 12:00:00 AM,M3114615,GOODS,TRAY CATHETERIZATION COMPLETE CARE LUBRI-SIL IC STATLOCK SURESTEP 14FR FOLEY URINE METER STERILE LATEX FREE DISPOSABLEA303414ABRDA303414A,ORAPOS,UROLOGY,BRDA303414A,NURSING EMERGENCY SERVICES,12001,UROLOGY,PP-NS-2059,,TRAY CATHETERIZATION COMPLETE CARE LUBRI-SIL IC STATLOCK SURESTEP 14FR FOLEY URINE METER STERILE LATEX FREE DISPOSABLE,903079,A303414A,6,6,6,,,139.32,139.32,NF,True,NF,DIAZ VANESSA,DIAZ VANESSA,"UROLOGY 
 
BD",Y,12001 GPMC ED ACUTE1 A,"NURSING EMERGENCY SERVICES, 12001",True,MOUNT SINAI HOSPITAL,ACTIVE,CLOSED,EDI,TRUE,TRUE,139.32,MOUNT SINAI HOSPITAL,MOUNT SINAI HOSPITAL,101-101-11-12001-903079-00000000000-000-0000-000-00000-00000----,False,PP-NS-2059,Yes,139.32,8027729,BD,BD,NF,1,BD,No, ,NO,903079, UROLOGY,6/18/2025 12:00:00 AM,CLOSED,37-1-1,23.22,OPEN,EACH,6/18/2025 12:00:00 AM,6,NF,,6/18/2025 12:00:00 AM,M61806,PASTUIZACA NICOLLAS,,,MOUNT SINAI HOSPITAL - RECVG MAIN,139.32,NF,NF,NF,UROLOGY,MEDLINE INDUSTRIES INC,12422
MOUNT SINAI HOSPITAL,2025,MEDLINE INDUSTRIES INC,"NURSING EMERGENCY SERVICES, 12001",OPEN,903079,"903079, UROLOGY",MOUNT SINAI HOSPITAL,Yes,Yes,A303414A,BD,2/19/2025 12:00:00 AM,M3058785,GOODS,TRAY CATHETERIZATION COMPLETE CARE LUBRI-SIL IC STATLOCK SURESTEP 14FR FOLEY URINE METER STERILE LATEX FREE DISPOSABLEA303414ABRDA303414A,ORAPOS,UROLOGY,BRDA303414A,NURSING EMERGENCY SERVICES,12001,UROLOGY,PP-NS-2059,,TRAY CATHETERIZATION COMPLETE CARE LUBRI-SIL IC STATLOCK SURESTEP 14FR FOLEY URINE METER STERILE LATEX FREE DISPOSABLE,903079,A303414A,10,10,10,,,219.4,219.4,NF,True,NF,DIAZ VANESSA,DIAZ VANESSA,"UROLOGY 
 
BD",Y,12001 GPMC ED ACUTE1 A,"NURSING EMERGENCY SERVICES, 12001",True,MOUNT SINAI HOSPITAL,ACTIVE,CLOSED,EDI,TRUE,TRUE,219.4,MOUNT SINAI HOSPITAL,MOUNT SINAI HOSPITAL,101-101-11-12001-903079-00000000000-000-0000-000-00000-00000----,False,PP-NS-2059,Yes,219.4,8027729,BD,BD,NF,1,BD,No, ,NO,903079, UROLOGY,2/18/2025 12:00:00 AM,CLOSED,55-1-1,21.94,OPEN,EACH,2/19/2025 12:00:00 AM,10,NF,,2/18/2025 12:00:00 AM,M31814,PARKES KEVIN,,,MOUNT SINAI HOSPITAL - RECVG MAIN,219.4,NF,NF,NF,UROLOGY,MEDLINE INDUSTRIES INC,12422
MOUNT SINAI QUEENS,2025,MEDLINE INDUSTRIES INC,"NURSING STATION 4W-MSQ, 10409",OPEN,903079,"903079, UROLOGY",MOUNT SINAI QUEENS,Yes,Yes,A303414A,BD,2/10/2025 12:00:00 AM,M3055359,GOODS,TRAY CATHETERIZATION COMPLETE CARE LUBRI-SIL IC STATLOCK SURESTEP 14FR FOLEY URINE METER STERILE LATEX FREE DISPOSABLEA303414ABRDA303414A,ORAPOS,UROLOGY,BRDA303414A,NURSING STATION 4W-MSQ,10409,UROLOGY,PP-NS-2059,,TRAY CATHETERIZATION COMPLETE CARE LUBRI-SIL IC STATLOCK SURESTEP 14FR FOLEY URINE METER STERILE LATEX FREE DISPOSABLE,903079,A303414A,2,2,2,,,43.88,43.88,NF,True,NF,GADSDEN CHONTE,GADSDEN CHONTE,"UROLOGY 
 
BD",Y,10409 NSG STATION 4W 25-10 30TH AVE 4FL,"NURSING STATION 4W-MSQ, 10409",True,MOUNT SINAI QUEENS,ACTIVE,CLOSED,EDI,TRUE,TRUE,43.88,MOUNT SINAI QUEENS,MOUNT SINAI QUEENS,102-107-11-10409-903079-00000000000-000-0000-000-00000-00000----,False,PP-NS-2059,Yes,43.88,8027729,BD,BD,NF,1,BD,No, ,NO,903079, UROLOGY,2/10/2025 12:00:00 AM,CLOSED,8-1-1,21.94,OPEN,EACH,2/10/2025 12:00:00 AM,2,NF,,2/10/2025 12:00:00 AM,Q5138,RUIZ JUNIOR NORMAN,,,MOUNT SINAI QUEENS - RECVG MAIN,43.88,NF,NF,NF,UROLOGY,MEDLINE INDUSTRIES INC,12422
MOUNT SINAI QUEENS,2025,MEDLINE INDUSTRIES INC,"NURSING STATION 6-TELEM-MSQ, 10411",OPEN,903079,"903079, UROLOGY",MOUNT SINAI QUEENS,Yes,Yes,A303414A,BD,4/29/2025 12:00:00 AM,M3092104,GOODS,TRAY CATHETERIZATION COMPLETE CARE LUBRI-SIL IC STATLOCK SURESTEP 14FR FOLEY URINE METER STERILE LATEX FREE DISPOSABLEA303414ABRDA303414A,ORAPOS,UROLOGY,BRDA303414A,NURSING STATION 6-TELEM-MSQ,10411,UROLOGY,PP-NS-2059,,TRAY CATHETERIZATION COMPLETE CARE LUBRI-SIL IC STATLOCK SURESTEP 14FR FOLEY URINE METER STERILE LATEX FREE DISPOSABLE,903079,A303414A,4,4,4,,,92.88,92.88,NF,True,NF,GADSDEN CHONTE,GADSDEN CHONTE,"UROLOGY 
 
BD",Y,10411 NSG STATION 6TEL 25-10 30TH AVE 6,"NURSING STATION 6-TELEM-MSQ, 10411",True,MOUNT SINAI QUEENS,ACTIVE,CLOSED,EDI,TRUE,TRUE,92.8796,MOUNT SINAI QUEENS,MOUNT SINAI QUEENS,102-107-11-10411-903079-00000000000-000-0000-000-00000-00000----,False,PP-NS-2059,Yes,92.88,8027729,BD,BD,NF,1,BD,No, ,NO,903079, UROLOGY,4/29/2025 12:00:00 AM,CLOSED,29-1-1,23.2199,OPEN,EACH,4/29/2025 12:00:00 AM,4,NF,,4/29/2025 12:00:00 AM,Q8215,CASTILLO DAVID,,,MOUNT SINAI QUEENS - RECVG MAIN,92.8796,NF,NF,NF,UROLOGY,MEDLINE INDUSTRIES INC,12422
MOUNT SINAI QUEENS,2025,MEDLINE INDUSTRIES INC,"NURSING STATION 2-MSQ, 10405",CLOSED,903079,"903079, UROLOGY",MOUNT SINAI QUEENS,Yes,Yes,A303414A,BD,5/9/2025 12:00:00 AM,M3097290,GOODS,TRAY CATHETERIZATION COMPLETE CARE LUBRI-SIL IC STATLOCK SURESTEP 14FR FOLEY URINE METER STERILE LATEX FREE DISPOSABLEA303414ABRDA303414A,ORAPOS,UROLOGY,BRDA303414A,NURSING STATION 2-MSQ,10405,UROLOGY,PP-NS-2059,,TRAY CATHETERIZATION COMPLETE CARE LUBRI-SIL IC STATLOCK SURESTEP 14FR FOLEY URINE METER STERILE LATEX FREE DISPOSABLE,903079,A303414A,2,2,2,,,46.44,46.44,NF,True,NF,GADSDEN CHONTE,GADSDEN CHONTE,"UROLOGY 
 
BD",Y,10405 NSG STATION 2 25-10 30TH AVE 2FL,"NURSING STATION 2-MSQ, 10405",True,MOUNT SINAI QUEENS,ACTIVE,CLOSED,EDI,TRUE,TRUE,46.4398,MOUNT SINAI QUEENS,MOUNT SINAI QUEENS,102-107-11-10405-903079-00000000000-000-0000-000-00000-00000----,False,PP-NS-2059,Yes,46.44,8027729,BD,BD,NF,1,BD,No, ,NO,903079, UROLOGY,5/9/2025 12:00:00 AM,CLOSED,5-1-1,23.2199,CLOSED,EACH,5/9/2025 12:00:00 AM,2,NF,,5/9/2025 12:00:00 AM,Q8746,RUIZ JUNIOR NORMAN,,,MOUNT SINAI QUEENS - RECVG MAIN,46.4398,NF,NF,NF,UROLOGY,MEDLINE INDUSTRIES INC,12422
MOUNT SINAI QUEENS,2025,MEDLINE INDUSTRIES INC,"NURSING STATION 4W-MSQ, 10409",CLOSED,903079,"903079, UROLOGY",MOUNT SINAI QUEENS,Yes,Yes,A303414A,BD,3/24/2025 12:00:00 AM,M3071851,GOODS,TRAY CATHETERIZATION COMPLETE CARE LUBRI-SIL IC STATLOCK SURESTEP 14FR FOLEY URINE METER STERILE LATEX FREE DISPOSABLEA303414ABRDA303414A,ORAPOS,UROLOGY,BRDA303414A,NURSING STATION 4W-MSQ,10409,UROLOGY,PP-NS-2059,,TRAY CATHETERIZATION COMPLETE CARE LUBRI-SIL IC STATLOCK SURESTEP 14FR FOLEY URINE METER STERILE LATEX FREE DISPOSABLE,903079,A303414A,2,2,2,,,46.44,46.44,NF,True,NF,GADSDEN CHONTE,GADSDEN CHONTE,"UROLOGY 
 
BD",Y,10409 NSG STATION 4W 25-10 30TH AVE 4FL,"NURSING STATION 4W-MSQ, 10409",True,MOUNT SINAI QUEENS,ACTIVE,CLOSED,EDI,TRUE,TRUE,46.4398,MOUNT SINAI QUEENS,MOUNT SINAI QUEENS,102-107-11-10409-903079-00000000000-000-0000-000-00000-00000----,False,PP-NS-2059,Yes,46.44,8027729,BD,BD,NF,1,BD,No, ,NO,903079, UROLOGY,3/17/2025 12:00:00 AM,CLOSED,28-1-1,23.2199,CLOSED,EACH,3/24/2025 12:00:00 AM,2,NF,,3/17/2025 12:00:00 AM,Q6486,RUIZ JUNIOR NORMAN,,,MOUNT SINAI QUEENS - RECVG MAIN,46.4398,NF,NF,NF,UROLOGY,MEDLINE INDUSTRIES INC,12422
MOUNT SINAI QUEENS,2025,MEDLINE INDUSTRIES INC,"NURSING STATION 4W-MSQ, 10409",CLOSED,903079,"903079, UROLOGY",MOUNT SINAI QUEENS,Yes,Yes,A303414A,BD,7/11/2025 12:00:00 AM,M3123992,GOODS,TRAY CATHETERIZATION COMPLETE CARE LUBRI-SIL IC STATLOCK SURESTEP 14FR FOLEY URINE METER STERILE LATEX FREE DISPOSABLEA303414ABRDA303414A,ORAPOS,UROLOGY,BRDA303414A,NURSING STATION 4W-MSQ,10409,UROLOGY,PP-NS-2059,,TRAY CATHETERIZATION COMPLETE CARE LUBRI-SIL IC STATLOCK SURESTEP 14FR FOLEY URINE METER STERILE LATEX FREE DISPOSABLE,903079,A303414A,2,2,2,,,46.44,46.44,NF,True,NF,GADSDEN CHONTE,GADSDEN CHONTE,"UROLOGY 
 
BD",Y,10409 NSG STATION 4W 25-10 30TH AVE 4FL,"NURSING STATION 4W-MSQ, 10409",True,MOUNT SINAI QUEENS,ACTIVE,CLOSED,EDI,TRUE,TRUE,46.44,MOUNT SINAI QUEENS,MOUNT SINAI QUEENS,102-107-11-10409-903079-00000000000-000-0000-000-00000-00000----,False,PP-NS-2059,Yes,46.44,8027729,BD,BD,NF,1,BD,No, ,NO,903079, UROLOGY,7/11/2025 12:00:00 AM,CLOSED,27-1-1,23.22,CLOSED,EACH,7/11/2025 12:00:00 AM,2,NF,,7/11/2025 12:00:00 AM,Q10954,RUIZ JUNIOR NORMAN,,,MOUNT SINAI QUEENS - RECVG MAIN,46.44,NF,NF,NF,UROLOGY,MEDLINE INDUSTRIES INC,12422
MOUNT SINAI QUEENS,2025,MEDLINE INDUSTRIES INC,"NURSING STATION 4W-MSQ, 10409",CLOSED,903079,"903079, UROLOGY",MOUNT SINAI QUEENS,Yes,Yes,A303414A,BD,3/24/2025 12:00:00 AM,M3075259,GOODS,TRAY CATHETERIZATION COMPLETE CARE LUBRI-SIL IC STATLOCK SURESTEP 14FR FOLEY URINE METER STERILE LATEX FREE DISPOSABLEA303414ABRDA303414A,ORAPOS,UROLOGY,BRDA303414A,NURSING STATION 4W-MSQ,10409,UROLOGY,PP-NS-2059,,TRAY CATHETERIZATION COMPLETE CARE LUBRI-SIL IC STATLOCK SURESTEP 14FR FOLEY URINE METER STERILE LATEX FREE DISPOSABLE,903079,A303414A,2,2,2,,,46.44,46.44,NF,True,NF,GADSDEN CHONTE,GADSDEN CHONTE,"UROLOGY 
 
BD",Y,10409 NSG STATION 4W 25-10 30TH AVE 4FL,"NURSING STATION 4W-MSQ, 10409",True,MOUNT SINAI QUEENS,ACTIVE,CLOSED,EDI,TRUE,TRUE,46.4398,MOUNT SINAI QUEENS,MOUNT SINAI QUEENS,102-107-11-10409-903079-00000000000-000-0000-000-00000-00000----,False,PP-NS-2059,Yes,46.44,8027729,BD,BD,NF,1,BD,No, ,NO,903079, UROLOGY,3/24/2025 12:00:00 AM,CLOSED,5-1-1,23.2199,CLOSED,EACH,3/24/2025 12:00:00 AM,2,NF,,3/24/2025 12:00:00 AM,Q6751,DIAZ DAVID,,,MOUNT SINAI QUEENS - RECVG MAIN,46.4398,NF,NF,NF,UROLOGY,MEDLINE INDUSTRIES INC,12422
MOUNT SINAI HOSPITAL,2025,MEDLINE INDUSTRIES INC,"CARDIAC CATH LAB, 12501",OPEN,903079,"903079, UROLOGY",MOUNT SINAI HOSPITAL,Yes,Yes,A303414A,BD,3/20/2025 12:00:00 AM,M3074092,GOODS,TRAY CATHETERIZATION COMPLETE CARE LUBRI-SIL IC STATLOCK SURESTEP 14FR FOLEY URINE METER STERILE LATEX FREE DISPOSABLEA303414ABRDA303414A,ORAPOS,UROLOGY,BRDA303414A,CARDIAC CATH LAB,12501,UROLOGY,PP-NS-2059,,TRAY CATHETERIZATION COMPLETE CARE LUBRI-SIL IC STATLOCK SURESTEP 14FR FOLEY URINE METER STERILE LATEX FREE DISPOSABLE,903079,A303414A,10,10,10,,,232.2,232.2,NF,True,NF,VEGA WILLIAM,VEGA WILLIAM,"UROLOGY 
 
BD",Y,12501 CARD CATH LAB GP5C RM280,"CARDIAC CATH LAB, 12501",True,MOUNT SINAI HOSPITAL,ACTIVE,CLOSED,EDI,TRUE,TRUE,232.199,MOUNT SINAI HOSPITAL,MOUNT SINAI HOSPITAL,101-101-11-12501-903079-00000000000-000-0000-000-00000-00000----,False,PP-NS-2059,Yes,232.2,8027729,BD,BD,NF,1,BD,No, ,NO,903079, UROLOGY,3/20/2025 12:00:00 AM,CLOSED,7-1-1,23.2199,OPEN,EACH,3/20/2025 12:00:00 AM,10,NF,,3/20/2025 12:00:00 AM,M40031,RODRIGUEZ JORDAN,,,MOUNT SINAI HOSPITAL - RECVG MAIN,232.199,NF,NF,NF,UROLOGY,MEDLINE INDUSTRIES INC,12422
MOUNT SINAI QUEENS,2025,MEDLINE INDUSTRIES INC,"NURSING STATION 2-MSQ, 10405",OPEN,903079,"903079, UROLOGY",MOUNT SINAI QUEENS,Yes,Yes,A303414A,BD,3/31/2025 12:00:00 AM,M3078370,GOODS,TRAY CATHETERIZATION COMPLETE CARE LUBRI-SIL IC STATLOCK SURESTEP 14FR FOLEY URINE METER STERILE LATEX FREE DISPOSABLEA303414ABRDA303414A,ORAPOS,UROLOGY,BRDA303414A,NURSING STATION 2-MSQ,10405,UROLOGY,PP-NS-2059,,TRAY CATHETERIZATION COMPLETE CARE LUBRI-SIL IC STATLOCK SURESTEP 14FR FOLEY URINE METER STERILE LATEX FREE DISPOSABLE,903079,A303414A,2,2,2,,,46.44,46.44,NF,True,NF,GADSDEN CHONTE,GADSDEN CHONTE,"UROLOGY 
 
BD",Y,10405 NSG STATION 2 25-10 30TH AVE 2FL,"NURSING STATION 2-MSQ, 10405",True,MOUNT SINAI QUEENS,ACTIVE,CLOSED,EDI,TRUE,TRUE,46.4398,MOUNT SINAI QUEENS,MOUNT SINAI QUEENS,102-107-11-10405-903079-00000000000-000-0000-000-00000-00000----,False,PP-NS-2059,Yes,46.44,8027729,BD,BD,NF,1,BD,No, ,NO,903079, UROLOGY,3/31/2025 12:00:00 AM,CLOSED,32-1-1,23.2199,OPEN,EACH,3/31/2025 12:00:00 AM,2,NF,,3/31/2025 12:00:00 AM,Q7012,RUIZ JUNIOR NORMAN,,,MOUNT SINAI QUEENS - RECVG MAIN,46.4398,NF,NF,NF,UROLOGY,MEDLINE INDUSTRIES INC,12422
MOUNT SINAI QUEENS,2025,MEDLINE INDUSTRIES INC,"NURSING STATION 3E-MSQ, 10406",OPEN,903079,"903079, UROLOGY",MOUNT SINAI QUEENS,Yes,Yes,A303414A,BD,4/29/2025 12:00:00 AM,M3092179,GOODS,TRAY CATHETERIZATION COMPLETE CARE LUBRI-SIL IC STATLOCK SURESTEP 14FR FOLEY URINE METER STERILE LATEX FREE DISPOSABLEA303414ABRDA303414A,ORAPOS,UROLOGY,BRDA303414A,NURSING STATION 3E-MSQ,10406,UROLOGY,PP-NS-2059,,TRAY CATHETERIZATION COMPLETE CARE LUBRI-SIL IC STATLOCK SURESTEP 14FR FOLEY URINE METER STERILE LATEX FREE DISPOSABLE,903079,A303414A,2,2,2,,,46.44,46.44,NF,True,NF,GADSDEN CHONTE,GADSDEN CHONTE,"UROLOGY 
 
BD",Y,10406 NSG STATION 3E 25-10 30TH AVE 3FL,"NURSING STATION 3E-MSQ, 10406",True,MOUNT SINAI QUEENS,ACTIVE,CLOSED,EDI,TRUE,TRUE,46.4398,MOUNT SINAI QUEENS,MOUNT SINAI QUEENS,102-107-11-10406-903079-00000000000-000-0000-000-00000-00000----,False,PP-NS-2059,Yes,46.44,8027729,BD,BD,NF,1,BD,No, ,NO,903079, UROLOGY,4/29/2025 12:00:00 AM,CLOSED,47-1-1,23.2199,OPEN,EACH,4/29/2025 12:00:00 AM,2,NF,,4/29/2025 12:00:00 AM,Q8223,GUPTA ANIL,,,MOUNT SINAI QUEENS - RECVG MAIN,46.4398,NF,NF,NF,UROLOGY,MEDLINE INDUSTRIES INC,12422
MOUNT SINAI HOSPITAL,2025,MEDLINE INDUSTRIES INC,"NURSING LABOR & DELIV KP 2-MSH, 10263",OPEN,903079,"903079, UROLOGY",MOUNT SINAI HOSPITAL,Yes,Yes,A303414A,BD,2/25/2025 12:00:00 AM,M3061878,GOODS,TRAY CATHETERIZATION COMPLETE CARE LUBRI-SIL IC STATLOCK SURESTEP 14FR FOLEY URINE METER STERILE LATEX FREE DISPOSABLEA303414ABRDA303414A,ORAPOS,UROLOGY,BRDA303414A,NURSING LABOR & DELIV KP 2-MSH,10263,UROLOGY,PP-NS-2059,,TRAY CATHETERIZATION COMPLETE CARE LUBRI-SIL IC STATLOCK SURESTEP 14FR FOLEY URINE METER STERILE LATEX FREE DISPOSABLE,903079,A303414A,5,5,5,10,50,1097,1097,NF,True,NF,ANDERSON   MRS. DEBORAH,"ANDERSON, MRS. DEBORAH","UROLOGY 
 
BD",Y,10263 MC KP2 L&D EAST,"NURSING LABOR & DELIV KP 2-MSH, 10263",True,MOUNT SINAI HOSPITAL,ACTIVE,CLOSED,EDI,TRUE,TRUE,1097,MOUNT SINAI HOSPITAL,MOUNT SINAI HOSPITAL,101-101-11-10263-903079-00000000000-000-0000-000-00000-00000----,False,PP-NS-2059,Yes,1097,8027729,BD,BD,NF,1,BD,No, ,NO,903079, UROLOGY,2/24/2025 12:00:00 AM,CLOSED,16-1-1,219.4,OPEN,CASE,2/25/2025 12:00:00 AM,5,NF,50,2/24/2025 12:00:00 AM,M33380,CARTER MILES,,,MOUNT SINAI HOSPITAL - RECVG MAIN,1097,NF,NF,NF,UROLOGY,MEDLINE INDUSTRIES INC,12422
MOUNT SINAI QUEENS,2025,MEDLINE INDUSTRIES INC,"NURSING STATION 3E-MSQ, 10406",OPEN,903079,"903079, UROLOGY",MOUNT SINAI QUEENS,Yes,Yes,A303414A,BD,4/28/2025 12:00:00 AM,M3091195,GOODS,TRAY CATHETERIZATION COMPLETE CARE LUBRI-SIL IC STATLOCK SURESTEP 14FR FOLEY URINE METER STERILE LATEX FREE DISPOSABLEA303414ABRDA303414A,ORAPOS,UROLOGY,BRDA303414A,NURSING STATION 3E-MSQ,10406,UROLOGY,PP-NS-2059,,TRAY CATHETERIZATION COMPLETE CARE LUBRI-SIL IC STATLOCK SURESTEP 14FR FOLEY URINE METER STERILE LATEX FREE DISPOSABLE,903079,A303414A,2,2,2,,,46.44,46.44,NF,True,NF,GADSDEN CHONTE,GADSDEN CHONTE,"UROLOGY 
 
BD",Y,10406 NSG STATION 3E 25-10 30TH AVE 3FL,"NURSING STATION 3E-MSQ, 10406",True,MOUNT SINAI QUEENS,ACTIVE,CLOSED,EDI,TRUE,TRUE,46.4398,MOUNT SINAI QUEENS,MOUNT SINAI QUEENS,102-107-11-10406-903079-00000000000-000-0000-000-00000-00000----,False,PP-NS-2059,Yes,46.44,8027729,BD,BD,NF,1,BD,No, ,NO,903079, UROLOGY,4/28/2025 12:00:00 AM,CLOSED,12-1-1,23.2199,OPEN,EACH,4/28/2025 12:00:00 AM,2,NF,,4/28/2025 12:00:00 AM,Q8154,RUIZ JUNIOR NORMAN,,,MOUNT SINAI QUEENS - RECVG MAIN,46.4398,NF,NF,NF,UROLOGY,MEDLINE INDUSTRIES INC,12422
MOUNT SINAI HOSPITAL,2025,MEDLINE INDUSTRIES INC,"CARDIAC CATH LAB, 12501",CLOSED,903079,"903079, UROLOGY",MOUNT SINAI HOSPITAL,Yes,Yes,A303414A,BD,3/20/2025 12:00:00 AM,M3073272,GOODS,TRAY CATHETERIZATION COMPLETE CARE LUBRI-SIL IC STATLOCK SURESTEP 14FR FOLEY URINE METER STERILE LATEX FREE DISPOSABLEA303414ABRDA303414A,ORAPOS,UROLOGY,BRDA303414A,CARDIAC CATH LAB,12501,UROLOGY,PP-NS-2059,,TRAY CATHETERIZATION COMPLETE CARE LUBRI-SIL IC STATLOCK SURESTEP 14FR FOLEY URINE METER STERILE LATEX FREE DISPOSABLE,903079,A303414A,10,10,10,,,232.2,232.2,NF,True,NF,VEGA WILLIAM,VEGA WILLIAM,"UROLOGY 
 
BD",Y,12501 CARD CATH LAB GP5C RM280,"CARDIAC CATH LAB, 12501",True,MOUNT SINAI HOSPITAL,ACTIVE,CLOSED,EDI,TRUE,TRUE,232.199,MOUNT SINAI HOSPITAL,MOUNT SINAI HOSPITAL,101-101-11-12501-903079-00000000000-000-0000-000-00000-00000----,False,PP-NS-2059,Yes,232.2,8027729,BD,BD,NF,1,BD,No, ,NO,903079, UROLOGY,3/19/2025 12:00:00 AM,CLOSED,2-1-1,23.2199,CLOSED,EACH,3/20/2025 12:00:00 AM,10,NF,,3/19/2025 12:00:00 AM,M39556,RODRIGUEZ JORDAN,,,MOUNT SINAI HOSPITAL - RECVG MAIN,232.199,NF,NF,NF,UROLOGY,MEDLINE INDUSTRIES INC,12422
MOUNT SINAI HOSPITAL,2025,MEDLINE INDUSTRIES INC,"NURSING EMERGENCY SERVICES, 12001",CLOSED,903079,"903079, UROLOGY",MOUNT SINAI HOSPITAL,Yes,Yes,A303414A,BD,2/13/2025 12:00:00 AM,M3057383,GOODS,TRAY CATHETERIZATION COMPLETE CARE LUBRI-SIL IC STATLOCK SURESTEP 14FR FOLEY URINE METER STERILE LATEX FREE DISPOSABLEA303414ABRDA303414A,ORAPOS,UROLOGY,BRDA303414A,NURSING EMERGENCY SERVICES,12001,UROLOGY,PP-NS-2059,,TRAY CATHETERIZATION COMPLETE CARE LUBRI-SIL IC STATLOCK SURESTEP 14FR FOLEY URINE METER STERILE LATEX FREE DISPOSABLE,903079,A303414A,6,6,6,,,131.64,131.64,NF,True,NF,DIAZ VANESSA,DIAZ VANESSA,"UROLOGY 
 
BD",Y,12001 GPMC ED ACUTE1 A,"NURSING EMERGENCY SERVICES, 12001",True,MOUNT SINAI HOSPITAL,ACTIVE,CLOSED,EDI,TRUE,TRUE,131.64,MOUNT SINAI HOSPITAL,MOUNT SINAI HOSPITAL,101-101-11-12001-903079-00000000000-000-0000-000-00000-00000----,False,PP-NS-2059,Yes,131.64,8027729,BD,BD,NF,1,BD,No, ,NO,903079, UROLOGY,2/13/2025 12:00:00 AM,CLOSED,41-1-1,21.94,CLOSED,EACH,2/13/2025 12:00:00 AM,6,NF,,2/13/2025 12:00:00 AM,M31092,PARKES KEVIN,,,MOUNT SINAI HOSPITAL - RECVG MAIN,131.64,NF,NF,NF,UROLOGY,MEDLINE INDUSTRIES INC,12422
MOUNT SINAI HOSPITAL,2025,MEDLINE INDUSTRIES INC,"NURSING LABOR & DELIV KP 2-MSH, 10263",CLOSED,903079,"903079, UROLOGY",MOUNT SINAI HOSPITAL,Yes,Yes,A303414A,BD,3/10/2025 12:00:00 AM,M3068437,GOODS,TRAY CATHETERIZATION COMPLETE CARE LUBRI-SIL IC STATLOCK SURESTEP 14FR FOLEY URINE METER STERILE LATEX FREE DISPOSABLEA303414ABRDA303414A,ORAPOS,UROLOGY,BRDA303414A,NURSING LABOR & DELIV KP 2-MSH,10263,UROLOGY,PP-NS-2059,,TRAY CATHETERIZATION COMPLETE CARE LUBRI-SIL IC STATLOCK SURESTEP 14FR FOLEY URINE METER STERILE LATEX FREE DISPOSABLE,903079,A303414A,0,2,2,10,20,464.4,464.4,NF,True,NF,ANDERSON   MRS. DEBORAH,"ANDERSON, MRS. DEBORAH","UROLOGY 
 
BD",Y,10263 MC KP2 L&D EAST,"NURSING LABOR & DELIV KP 2-MSH, 10263",True,MOUNT SINAI HOSPITAL,ACTIVE,CLOSED,EDI,TRUE,TRUE,464.398,MOUNT SINAI HOSPITAL,MOUNT SINAI HOSPITAL,101-101-11-10263-903079-00000000000-000-0000-000-00000-00000----,False,PP-NS-2059,Yes,464.4,8027729,BD,BD,NF,1,BD,No, ,NO,903079, UROLOGY,3/10/2025 12:00:00 AM,CLOSED FOR RECEIVING,9-1-1,232.199,CLOSED FOR RECEIVING,CASE,3/10/2025 12:00:00 AM,2,NF,20,3/10/2025 12:00:00 AM,M36909,CARTER MILES,,,MOUNT SINAI HOSPITAL - RECVG MAIN,464.398,NF,NF,NF,UROLOGY,MEDLINE INDUSTRIES INC,12422
MOUNT SINAI QUEENS,2025,MEDLINE INDUSTRIES INC,"EMERGENCY DEPARTMENT, 14100",OPEN,903079,"903079, UROLOGY",MOUNT SINAI QUEENS,Yes,Yes,A303414A,BD,2/11/2025 12:00:00 AM,M3056194,GOODS,TRAY CATHETERIZATION COMPLETE CARE LUBRI-SIL IC STATLOCK SURESTEP 14FR FOLEY URINE METER STERILE LATEX FREE DISPOSABLEA303414ABRDA303414A,ORAPOS,UROLOGY,BRDA303414A,EMERGENCY DEPARTMENT,14100,UROLOGY,PP-NS-2059,,TRAY CATHETERIZATION COMPLETE CARE LUBRI-SIL IC STATLOCK SURESTEP 14FR FOLEY URINE METER STERILE LATEX FREE DISPOSABLE,903079,A303414A,8,8,8,,,175.52,175.52,NF,True,NF,GADSDEN CHONTE,GADSDEN CHONTE,"UROLOGY 
 
BD",Y,14100 ED A1-218 25-10 30TH AVE 1FL,"EMERGENCY DEPARTMENT, 14100",True,MOUNT SINAI QUEENS,ACTIVE,CLOSED,EDI,TRUE,TRUE,175.52,MOUNT SINAI QUEENS,MOUNT SINAI QUEENS,102-107-11-14100-903079-00000000000-000-0000-000-00000-00000----,False,PP-NS-2059,Yes,175.52,8027729,BD,BD,NF,1,BD,No, ,NO,903079, UROLOGY,2/11/2025 12:00:00 AM,CLOSED,1-1-1,21.94,OPEN,EACH,2/11/2025 12:00:00 AM,8,NF,,2/11/2025 12:00:00 AM,Q5194,DIAZ DAVID,,,MOUNT SINAI QUEENS - RECVG MAIN,175.52,NF,NF,NF,UROLOGY,MEDLINE INDUSTRIES INC,12422
MOUNT SINAI QUEENS,2025,MEDLINE INDUSTRIES INC,"NURSING STATION 6-TELEM-MSQ, 10411",OPEN,903079,"903079, UROLOGY",MOUNT SINAI QUEENS,Yes,Yes,A303414A,BD,4/30/2025 12:00:00 AM,M3092301,GOODS,TRAY CATHETERIZATION COMPLETE CARE LUBRI-SIL IC STATLOCK SURESTEP 14FR FOLEY URINE METER STERILE LATEX FREE DISPOSABLEA303414ABRDA303414A,ORAPOS,UROLOGY,BRDA303414A,NURSING STATION 6-TELEM-MSQ,10411,UROLOGY,PP-NS-2059,,TRAY CATHETERIZATION COMPLETE CARE LUBRI-SIL IC STATLOCK SURESTEP 14FR FOLEY URINE METER STERILE LATEX FREE DISPOSABLE,903079,A303414A,2,2,2,,,46.44,46.44,NF,True,NF,GADSDEN CHONTE,GADSDEN CHONTE,"UROLOGY 
 
BD",Y,10411 NSG STATION 6TEL 25-10 30TH AVE 6,"NURSING STATION 6-TELEM-MSQ, 10411",True,MOUNT SINAI QUEENS,ACTIVE,CLOSED,EDI,TRUE,TRUE,46.4398,MOUNT SINAI QUEENS,MOUNT SINAI QUEENS,102-107-11-10411-903079-00000000000-000-0000-000-00000-00000----,False,PP-NS-2059,Yes,46.44,8027729,BD,BD,NF,1,BD,No, ,NO,903079, UROLOGY,4/29/2025 12:00:00 AM,CLOSED,33-1-1,23.2199,OPEN,EACH,4/30/2025 12:00:00 AM,2,NF,,4/29/2025 12:00:00 AM,Q8245,CASTILLO DAVID,,,MOUNT SINAI QUEENS - RECVG MAIN,46.4398,NF,NF,NF,UROLOGY,MEDLINE INDUSTRIES INC,12422
MOUNT SINAI QUEENS,2025,MEDLINE INDUSTRIES INC,"NURSING STATION 4W-MSQ, 10409",CLOSED,903079,"903079, UROLOGY",MOUNT SINAI QUEENS,Yes,Yes,A303414A,BD,3/24/2025 12:00:00 AM,M3065768,GOODS,TRAY CATHETERIZATION COMPLETE CARE LUBRI-SIL IC STATLOCK SURESTEP 14FR FOLEY URINE METER STERILE LATEX FREE DISPOSABLEA303414ABRDA303414A,ORAPOS,UROLOGY,BRDA303414A,NURSING STATION 4W-MSQ,10409,UROLOGY,PP-NS-2059,,TRAY CATHETERIZATION COMPLETE CARE LUBRI-SIL IC STATLOCK SURESTEP 14FR FOLEY URINE METER STERILE LATEX FREE DISPOSABLE,903079,A303414A,2,2,2,,,46.44,46.44,NF,True,NF,GADSDEN CHONTE,GADSDEN CHONTE,"UROLOGY 
 
BD",NF,10409 NSG STATION 4W 25-10 30TH AVE 4FL,"NURSING STATION 4W-MSQ, 10409",True,MOUNT SINAI QUEENS,ACTIVE,CLOSED,EDI,TRUE,TRUE,46.44,MOUNT SINAI QUEENS,MOUNT SINAI QUEENS,102-107-11-10409-903079-00000000000-000-0000-000-00000-00000----,False,PP-NS-2059,Yes,46.44,8027729,BD,BD,NF,1,BD,No, ,NO,903079, UROLOGY,3/3/2025 12:00:00 AM,CLOSED,1-1-1,23.22,CLOSED,EACH,3/24/2025 12:00:00 AM,2,NF,,3/3/2025 12:00:00 AM,Q5905,RUIZ JUNIOR NORMAN,,,MOUNT SINAI QUEENS - RECVG MAIN,46.44,NF,NF,NF,UROLOGY,MEDLINE INDUSTRIES INC,12422
MOUNT SINAI QUEENS,2025,MEDLINE INDUSTRIES INC,"NURSING STATION 2-MSQ, 10405",CLOSED,903079,"903079, UROLOGY",MOUNT SINAI QUEENS,Yes,Yes,A303414A,BD,3/24/2025 12:00:00 AM,M3075187,GOODS,TRAY CATHETERIZATION COMPLETE CARE LUBRI-SIL IC STATLOCK SURESTEP 14FR FOLEY URINE METER STERILE LATEX FREE DISPOSABLEA303414ABRDA303414A,ORAPOS,UROLOGY,BRDA303414A,NURSING STATION 2-MSQ,10405,UROLOGY,PP-NS-2059,,TRAY CATHETERIZATION COMPLETE CARE LUBRI-SIL IC STATLOCK SURESTEP 14FR FOLEY URINE METER STERILE LATEX FREE DISPOSABLE,903079,A303414A,2,2,2,,,46.44,46.44,NF,True,NF,GADSDEN CHONTE,GADSDEN CHONTE,"UROLOGY 
 
BD",Y,10405 NSG STATION 2 25-10 30TH AVE 2FL,"NURSING STATION 2-MSQ, 10405",True,MOUNT SINAI QUEENS,ACTIVE,CLOSED,EDI,TRUE,TRUE,46.4398,MOUNT SINAI QUEENS,MOUNT SINAI QUEENS,102-107-11-10405-903079-00000000000-000-0000-000-00000-00000----,False,PP-NS-2059,Yes,46.44,8027729,BD,BD,NF,1,BD,No, ,NO,903079, UROLOGY,3/24/2025 12:00:00 AM,CLOSED,7-1-1,23.2199,CLOSED,EACH,3/24/2025 12:00:00 AM,2,NF,,3/24/2025 12:00:00 AM,Q6747,DIAZ DAVID,,,MOUNT SINAI QUEENS - RECVG MAIN,46.4398,NF,NF,NF,UROLOGY,MEDLINE INDUSTRIES INC,12422
MOUNT SINAI QUEENS,2025,MEDLINE INDUSTRIES INC,"EMERGENCY DEPARTMENT, 14100",CLOSED,903079,"903079, UROLOGY",MOUNT SINAI QUEENS,Yes,Yes,A303414A,BD,7/16/2025 12:00:00 AM,M3125689,GOODS,TRAY CATHETERIZATION COMPLETE CARE LUBRI-SIL IC STATLOCK SURESTEP 14FR FOLEY URINE METER STERILE LATEX FREE DISPOSABLEA303414ABRDA303414A,ORAPOS,UROLOGY,BRDA303414A,EMERGENCY DEPARTMENT,14100,UROLOGY,PP-NS-2059,,TRAY CATHETERIZATION COMPLETE CARE LUBRI-SIL IC STATLOCK SURESTEP 14FR FOLEY URINE METER STERILE LATEX FREE DISPOSABLE,903079,A303414A,8,8,8,,,185.76,185.76,NF,True,NF,GADSDEN CHONTE,GADSDEN CHONTE,"UROLOGY 
 
BD",Y,14100 ED A1-218 25-10 30TH AVE 1FL,"EMERGENCY DEPARTMENT, 14100",True,MOUNT SINAI QUEENS,ACTIVE,CLOSED,EDI,TRUE,TRUE,185.76,MOUNT SINAI QUEENS,MOUNT SINAI QUEENS,102-107-11-14100-903079-00000000000-000-0000-000-00000-00000----,False,PP-NS-2059,Yes,185.76,8027729,BD,BD,NF,1,BD,No, ,NO,903079, UROLOGY,7/15/2025 12:00:00 AM,CLOSED,1-1-1,23.22,CLOSED FOR RECEIVING,EACH,7/16/2025 12:00:00 AM,8,NF,,7/15/2025 12:00:00 AM,Q11099,CANDELIER ELEANA,,,MOUNT SINAI QUEENS - RECVG MAIN,185.76,NF,NF,NF,UROLOGY,MEDLINE INDUSTRIES INC,12422
MOUNT SINAI QUEENS,2025,MEDLINE INDUSTRIES INC,"OPERATING ROOM SUITE, 12200",CLOSED,903079,"903079, UROLOGY",MOUNT SINAI QUEENS,Yes,Yes,A303414A,BD,3/7/2025 12:00:00 AM,M3067932,GOODS,TRAY CATHETERIZATION COMPLETE CARE LUBRI-SIL IC STATLOCK SURESTEP 14FR FOLEY URINE METER STERILE LATEX FREE DISPOSABLEA303414ABRDA303414A,ORAPOS,UROLOGY,BRDA303414A,OPERATING ROOM SUITE,12200,UROLOGY,PP-NS-2059,,TRAY CATHETERIZATION COMPLETE CARE LUBRI-SIL IC STATLOCK SURESTEP 14FR FOLEY URINE METER STERILE LATEX FREE DISPOSABLE,903079,A303414A,0,1,1,10,10,232.2,232.2,NF,True,NF,GADSDEN CHONTE,GADSDEN CHONTE,"UROLOGY 
 
BD",Y,12200 OR SEMI-LUM 25-10 30TH AVE 5TH FL,"OPERATING ROOM SUITE, 12200",True,MOUNT SINAI QUEENS,ACTIVE,CLOSED,EDI,TRUE,TRUE,232.199,MOUNT SINAI QUEENS,MOUNT SINAI QUEENS,102-107-11-12200-903079-00000000000-000-0000-000-00000-00000----,False,PP-NS-2059,Yes,232.2,8027729,BD,BD,NF,1,BD,No, ,NO,903079, UROLOGY,3/7/2025 12:00:00 AM,CLOSED FOR RECEIVING,18-1-1,232.199,CLOSED FOR RECEIVING,CASE,3/7/2025 12:00:00 AM,1,NF,10,3/7/2025 12:00:00 AM,Q6064,PASION RENATO,,,MOUNT SINAI QUEENS - RECVG MAIN,232.199,NF,NF,NF,UROLOGY,MEDLINE INDUSTRIES INC,12422
MOUNT SINAI QUEENS,2025,MEDLINE INDUSTRIES INC,"NURSING STATION 3W-MSQ, 10407",OPEN,903079,"903079, UROLOGY",MOUNT SINAI QUEENS,Yes,Yes,A303414A,BD,3/24/2025 12:00:00 AM,M3075268,GOODS,TRAY CATHETERIZATION COMPLETE CARE LUBRI-SIL IC STATLOCK SURESTEP 14FR FOLEY URINE METER STERILE LATEX FREE DISPOSABLEA303414ABRDA303414A,ORAPOS,UROLOGY,BRDA303414A,NURSING STATION 3W-MSQ,10407,UROLOGY,PP-NS-2059,,TRAY CATHETERIZATION COMPLETE CARE LUBRI-SIL IC STATLOCK SURESTEP 14FR FOLEY URINE METER STERILE LATEX FREE DISPOSABLE,903079,A303414A,2,2,2,,,46.44,46.44,NF,True,NF,GADSDEN CHONTE,GADSDEN CHONTE,"UROLOGY 
 
BD",Y,10407 NSG STATION 3W 25-10 30TH AVE 3FL,"NURSING STATION 3W-MSQ, 10407",True,MOUNT SINAI QUEENS,ACTIVE,CLOSED,EDI,TRUE,TRUE,46.4398,MOUNT SINAI QUEENS,MOUNT SINAI QUEENS,102-107-11-10407-903079-00000000000-000-0000-000-00000-00000----,False,PP-NS-2059,Yes,46.44,8027729,BD,BD,NF,1,BD,No, ,NO,903079, UROLOGY,3/24/2025 12:00:00 AM,CLOSED,10-1-1,23.2199,OPEN,EACH,3/24/2025 12:00:00 AM,2,NF,,3/24/2025 12:00:00 AM,Q6752,DIAZ DAVID,,,MOUNT SINAI QUEENS - RECVG MAIN,46.4398,NF,NF,NF,UROLOGY,MEDLINE INDUSTRIES INC,12422
MOUNT SINAI QUEENS,2025,MEDLINE INDUSTRIES INC,"NURSING STATION 4W-MSQ, 10409",OPEN,903079,"903079, UROLOGY",MOUNT SINAI QUEENS,Yes,Yes,A303414A,BD,3/21/2025 12:00:00 AM,M3074424,GOODS,TRAY CATHETERIZATION COMPLETE CARE LUBRI-SIL IC STATLOCK SURESTEP 14FR FOLEY URINE METER STERILE LATEX FREE DISPOSABLEA303414ABRDA303414A,ORAPOS,UROLOGY,BRDA303414A,NURSING STATION 4W-MSQ,10409,UROLOGY,PP-NS-2059,,TRAY CATHETERIZATION COMPLETE CARE LUBRI-SIL IC STATLOCK SURESTEP 14FR FOLEY URINE METER STERILE LATEX FREE DISPOSABLE,903079,A303414A,2,2,2,,,46.44,46.44,NF,True,NF,GADSDEN CHONTE,GADSDEN CHONTE,"UROLOGY 
 
BD",Y,10409 NSG STATION 4W 25-10 30TH AVE 4FL,"NURSING STATION 4W-MSQ, 10409",True,MOUNT SINAI QUEENS,ACTIVE,CLOSED,EDI,TRUE,TRUE,46.4398,MOUNT SINAI QUEENS,MOUNT SINAI QUEENS,102-107-11-10409-903079-00000000000-000-0000-000-00000-00000----,False,PP-NS-2059,Yes,46.44,8027729,BD,BD,NF,1,BD,No, ,NO,903079, UROLOGY,3/21/2025 12:00:00 AM,CLOSED,10-1-1,23.2199,OPEN,EACH,3/21/2025 12:00:00 AM,2,NF,,3/21/2025 12:00:00 AM,Q6687,RUIZ JUNIOR NORMAN,,,MOUNT SINAI QUEENS - RECVG MAIN,46.4398,NF,NF,NF,UROLOGY,MEDLINE INDUSTRIES INC,12422
MOUNT SINAI QUEENS,2025,MEDLINE INDUSTRIES INC,"NURSING STATION 2-MSQ, 10405",CLOSED,903079,"903079, UROLOGY",MOUNT SINAI QUEENS,Yes,Yes,A303414A,BD,3/24/2025 12:00:00 AM,M3065448,GOODS,TRAY CATHETERIZATION COMPLETE CARE LUBRI-SIL IC STATLOCK SURESTEP 14FR FOLEY URINE METER STERILE LATEX FREE DISPOSABLEA303414ABRDA303414A,ORAPOS,UROLOGY,BRDA303414A,NURSING STATION 2-MSQ,10405,UROLOGY,PP-NS-2059,,TRAY CATHETERIZATION COMPLETE CARE LUBRI-SIL IC STATLOCK SURESTEP 14FR FOLEY URINE METER STERILE LATEX FREE DISPOSABLE,903079,A303414A,2,2,2,,,46.44,46.44,NF,True,NF,GADSDEN CHONTE,GADSDEN CHONTE,"UROLOGY 
 
BD",NF,10405 NSG STATION 2 25-10 30TH AVE 2FL,"NURSING STATION 2-MSQ, 10405",True,MOUNT SINAI QUEENS,ACTIVE,CLOSED,EDI,TRUE,TRUE,46.44,MOUNT SINAI QUEENS,MOUNT SINAI QUEENS,102-107-11-10405-903079-00000000000-000-0000-000-00000-00000----,False,PP-NS-2059,Yes,46.44,8027729,BD,BD,NF,1,BD,No, ,NO,903079, UROLOGY,3/3/2025 12:00:00 AM,CLOSED,2-1-1,23.22,CLOSED,EACH,3/24/2025 12:00:00 AM,2,NF,,3/3/2025 12:00:00 AM,Q5914,RUIZ JUNIOR NORMAN,,,MOUNT SINAI QUEENS - RECVG MAIN,46.44,NF,NF,NF,UROLOGY,MEDLINE INDUSTRIES INC,12422
MOUNT SINAI QUEENS,2025,MEDLINE INDUSTRIES INC,"NURSING STATION 3W-MSQ, 10407",CLOSED,903079,"903079, UROLOGY",MOUNT SINAI QUEENS,Yes,Yes,A303414A,BD,2/17/2025 12:00:00 AM,M3058526,GOODS,TRAY CATHETERIZATION COMPLETE CARE LUBRI-SIL IC STATLOCK SURESTEP 14FR FOLEY URINE METER STERILE LATEX FREE DISPOSABLEA303414ABRDA303414A,ORAPOS,UROLOGY,BRDA303414A,NURSING STATION 3W-MSQ,10407,UROLOGY,PP-NS-2059,,TRAY CATHETERIZATION COMPLETE CARE LUBRI-SIL IC STATLOCK SURESTEP 14FR FOLEY URINE METER STERILE LATEX FREE DISPOSABLE,903079,A303414A,2,2,2,,,43.88,43.88,NF,True,NF,GADSDEN CHONTE,GADSDEN CHONTE,"UROLOGY 
 
BD",Y,10407 NSG STATION 3W 25-10 30TH AVE 3FL,"NURSING STATION 3W-MSQ, 10407",True,MOUNT SINAI QUEENS,ACTIVE,CLOSED,EDI,TRUE,TRUE,43.88,MOUNT SINAI QUEENS,MOUNT SINAI QUEENS,102-107-11-10407-903079-00000000000-000-0000-000-00000-00000----,False,PP-NS-2059,Yes,43.88,8027729,BD,BD,NF,1,BD,No, ,NO,903079, UROLOGY,2/17/2025 12:00:00 AM,CLOSED,12-1-1,21.94,CLOSED,EACH,2/17/2025 12:00:00 AM,2,NF,,2/17/2025 12:00:00 AM,Q5394,RUIZ JUNIOR NORMAN,,,MOUNT SINAI QUEENS - RECVG MAIN,43.88,NF,NF,NF,UROLOGY,MEDLINE INDUSTRIES INC,12422
MOUNT SINAI HOSPITAL,2025,MEDLINE INDUSTRIES INC,"NURSING EMERGENCY SERVICES, 12001",OPEN,903079,"903079, UROLOGY",MOUNT SINAI HOSPITAL,Yes,Yes,A303414A,BD,2/21/2025 12:00:00 AM,M3060829,GOODS,TRAY CATHETERIZATION COMPLETE CARE LUBRI-SIL IC STATLOCK SURESTEP 14FR FOLEY URINE METER STERILE LATEX FREE DISPOSABLEA303414ABRDA303414A,ORAPOS,UROLOGY,BRDA303414A,NURSING EMERGENCY SERVICES,12001,UROLOGY,PP-NS-2059,,TRAY CATHETERIZATION COMPLETE CARE LUBRI-SIL IC STATLOCK SURESTEP 14FR FOLEY URINE METER STERILE LATEX FREE DISPOSABLE,903079,A303414A,6,6,6,,,131.64,131.64,NF,True,NF,DIAZ VANESSA,DIAZ VANESSA,"UROLOGY 
 
BD",Y,12001 MED GP MC ED INTAKE,"NURSING EMERGENCY SERVICES, 12001",True,MOUNT SINAI HOSPITAL,ACTIVE,CLOSED,EDI,TRUE,TRUE,131.64,MOUNT SINAI HOSPITAL,MOUNT SINAI HOSPITAL,101-101-11-12001-903079-00000000000-000-0000-000-00000-00000----,False,PP-NS-2059,Yes,131.64,8027729,BD,BD,NF,1,BD,No, ,NO,903079, UROLOGY,2/21/2025 12:00:00 AM,CLOSED,32-1-1,21.94,OPEN,EACH,2/21/2025 12:00:00 AM,6,NF,,2/21/2025 12:00:00 AM,M32859,PARKES KEVIN,,,MOUNT SINAI HOSPITAL - RECVG MAIN,131.64,NF,NF,NF,UROLOGY,MEDLINE INDUSTRIES INC,12422
MOUNT SINAI QUEENS,2025,MEDLINE INDUSTRIES INC,"OPERATING ROOM SUITE, 12200",OPEN,903079,"903079, UROLOGY",MOUNT SINAI QUEENS,Yes,Yes,A303414A,BD,5/14/2025 12:00:00 AM,M3098966,GOODS,TRAY CATHETERIZATION COMPLETE CARE LUBRI-SIL IC STATLOCK SURESTEP 14FR FOLEY URINE METER STERILE LATEX FREE DISPOSABLEA303414ABRDA303414A,ORAPOS,UROLOGY,BRDA303414A,OPERATING ROOM SUITE,12200,UROLOGY,PP-NS-2059,,TRAY CATHETERIZATION COMPLETE CARE LUBRI-SIL IC STATLOCK SURESTEP 14FR FOLEY URINE METER STERILE LATEX FREE DISPOSABLE,903079,A303414A,1,1,1,10,10,232.2,232.2,NF,True,NF,GADSDEN CHONTE,GADSDEN CHONTE,"UROLOGY 
 
BD",Y,12200 OR SEMI-LUM 25-10 30TH AVE 5TH FL,"OPERATING ROOM SUITE, 12200",True,MOUNT SINAI QUEENS,ACTIVE,CLOSED,EDI,TRUE,TRUE,232.199,MOUNT SINAI QUEENS,MOUNT SINAI QUEENS,102-107-11-12200-903079-00000000000-000-0000-000-00000-00000----,False,PP-NS-2059,Yes,232.2,8027729,BD,BD,NF,1,BD,No, ,NO,903079, UROLOGY,5/14/2025 12:00:00 AM,CLOSED,5-1-1,232.199,OPEN,CASE,5/14/2025 12:00:00 AM,1,NF,10,5/14/2025 12:00:00 AM,Q8860,PASION RENATO,,,MOUNT SINAI QUEENS - RECVG MAIN,232.199,NF,NF,NF,UROLOGY,MEDLINE INDUSTRIES INC,12422
MOUNT SINAI QUEENS,2025,MEDLINE INDUSTRIES INC,"EMERGENCY DEPARTMENT, 14100",OPEN,903079,"903079, UROLOGY",MOUNT SINAI QUEENS,Yes,Yes,A303414A,BD,3/28/2025 12:00:00 AM,M3077778,GOODS,TRAY CATHETERIZATION COMPLETE CARE LUBRI-SIL IC STATLOCK SURESTEP 14FR FOLEY URINE METER STERILE LATEX FREE DISPOSABLEA303414ABRDA303414A,ORAPOS,UROLOGY,BRDA303414A,EMERGENCY DEPARTMENT,14100,UROLOGY,PP-NS-2059,,TRAY CATHETERIZATION COMPLETE CARE LUBRI-SIL IC STATLOCK SURESTEP 14FR FOLEY URINE METER STERILE LATEX FREE DISPOSABLE,903079,A303414A,8,8,8,,,185.76,185.76,NF,True,NF,GADSDEN CHONTE,GADSDEN CHONTE,"UROLOGY 
 
BD",Y,14100 ED A1-218 25-10 30TH AVE 1FL,"EMERGENCY DEPARTMENT, 14100",True,MOUNT SINAI QUEENS,ACTIVE,CLOSED,EDI,TRUE,TRUE,185.7592,MOUNT SINAI QUEENS,MOUNT SINAI QUEENS,102-107-11-14100-903079-00000000000-000-0000-000-00000-00000----,False,PP-NS-2059,Yes,185.76,8027729,BD,BD,NF,1,BD,No, ,NO,903079, UROLOGY,3/28/2025 12:00:00 AM,CLOSED,29-1-1,23.2199,OPEN,EACH,3/28/2025 12:00:00 AM,8,NF,,3/28/2025 12:00:00 AM,Q6971,MOISES GABRIEL,,,MOUNT SINAI QUEENS - RECVG MAIN,185.7592,NF,NF,NF,UROLOGY,MEDLINE INDUSTRIES INC,12422
MOUNT SINAI MORNINGSIDE,2025,CR BARD INC,"OUTPATIENT CLINIC, 13608",CLOSED,903079,"903079, UROLOGY",MOUNT SINAI MORNINGSIDE,Yes,Yes,A303316A,BD,5/5/2025 12:00:00 AM,W1055849,GOODS,TRAY CATH FOLEY STABILIZATION SURESTEP LATEX 16FRA303316AA303316A,ORAPOS,UROLOGY,A303316A,OUTPATIENT CLINIC,13608,UROLOGY,PP-NS-2059,MSHS-BARD-UROLOGY-DIRECT-NC,TRAY CATH FOLEY STABILIZATION SURESTEP LATEX 16FR,903079,A303316A,1,1,1,10,10,225.84,225.84,NF,True,NF,FORERO PAULO,FORERO PAULO,"UROLOGY 
 
BD",Y,440 W 114TH ST 2ND FL STE 250 2ND FLOOR SUITE 250,"OUTPATIENT CLINIC, 13608",True,MOUNT SINAI MORNINGSIDE,ACTIVE,CLOSED,EDI,TRUE,TRUE,225.836,MOUNT SINAI MORNINGSIDE,MOUNT SINAI MORNINGSIDE,302-302-11-13608-903079-00000000000-000-0000-000-00000-00000----,False,PP-NS-2059,Yes,225.84,1936297,BD,BD,NF,10,BD,No, ,NO,903079, UROLOGY,5/5/2025 12:00:00 AM,CLOSED,1-1-1,225.836,CLOSED,CASE,5/5/2025 12:00:00 AM,1,NF,10,5/5/2025 12:00:00 AM,L18830,STEPHEN SHERRY,,,MOUNT SINAI MORNINGSIDE - RECVG MAIN,225.836,NF,NF,NF,UROLOGY,CR BARD INC,336358
MOUNT SINAI QUEENS,2025,MEDLINE INDUSTRIES INC,"OPERATING ROOM SUITE, 12200",CLOSED,903079,"903079, UROLOGY",MOUNT SINAI QUEENS,Yes,Yes,A303414A,BD,6/18/2025 12:00:00 AM,M3114517,GOODS,TRAY CATHETERIZATION COMPLETE CARE LUBRI-SIL IC STATLOCK SURESTEP 14FR FOLEY URINE METER STERILE LATEX FREE DISPOSABLEA303414ABRDA303414A,ORAPOS,UROLOGY,BRDA303414A,OPERATING ROOM SUITE,12200,UROLOGY,PP-NS-2059,,TRAY CATHETERIZATION COMPLETE CARE LUBRI-SIL IC STATLOCK SURESTEP 14FR FOLEY URINE METER STERILE LATEX FREE DISPOSABLE,903079,A303414A,1,1,1,10,10,232.2,232.2,NF,True,NF,GADSDEN CHONTE,GADSDEN CHONTE,"UROLOGY 
 
BD",Y,12200 OR SEMI-LUM 25-10 30TH AVE 5TH FL,"OPERATING ROOM SUITE, 12200",True,MOUNT SINAI QUEENS,ACTIVE,CLOSED,EDI,TRUE,TRUE,232.199,MOUNT SINAI QUEENS,MOUNT SINAI QUEENS,102-107-11-12200-903079-00000000000-000-0000-000-00000-00000----,False,PP-NS-2059,Yes,232.2,8027729,BD,BD,NF,1,BD,No, ,NO,903079, UROLOGY,6/18/2025 12:00:00 AM,CLOSED,3-1-1,232.199,CLOSED,CASE,6/18/2025 12:00:00 AM,1,NF,10,6/18/2025 12:00:00 AM,Q10161,PASION RENATO,,,MOUNT SINAI QUEENS - RECVG MAIN,232.199,NF,NF,NF,UROLOGY,MEDLINE INDUSTRIES INC,12422
MOUNT SINAI WEST VILLAGE,2025,MEDLINE INDUSTRIES INC,"AMBULATORY SURGERY, 12152",CLOSED,903079,"903079, UROLOGY",MOUNT SINAI WEST VILLAGE,Yes,Yes,A942216,BD,3/24/2025 12:00:00 AM,B1017692,GOODS,SILICONE UM FLY TRAY WITH FSD - COIA942216BRDA942216,ORAPOS,UROLOGY,BRDA942216,AMBULATORY SURGERY,12152,UROLOGY,PP-NS-2059,,SILICONE UM FLY TRAY WITH FSD - COI,903079,A942216,1,1,1,10,10,223.4,223.4,NF,True,NF,MELENDEZ REBECA,MELENDEZ REBECA,"UROLOGY 
 
BD",Y,325 W 15TH ST 1ST FL AMB SURG 1ST FLOOR AMBULATORY SURGER 1,"AMBULATORY SURGERY, 12152",True,MOUNT SINAI WEST VILLAGE,ACTIVE,CLOSED,EDI,TRUE,TRUE,223.4,MS CANCER CENTER WEST,MOUNT SINAI WEST VILLAGE,408-958-11-12152-903079-00000000000-000-0000-000-00000-00000----,False,PP-NS-2059,Yes,223.4,1926475,BD,BD,NF,10,BD,No, ,NO,903079, UROLOGY,3/21/2025 12:00:00 AM,CLOSED,21-1-1,223.4,CLOSED,CASE,3/24/2025 12:00:00 AM,1,NF,10,3/21/2025 12:00:00 AM,C1783,WARE PAUL,,,MS CANCER CENTER WEST - RECVG MAIN,223.4,NF,NF,NF,UROLOGY,MEDLINE INDUSTRIES INC,12422
MOUNT SINAI HOSPITAL,2025,MEDLINE INDUSTRIES INC,"NURSING LABOR & DELIV KP 2-MSH, 10263",CLOSED,903079,"903079, UROLOGY",MOUNT SINAI HOSPITAL,Yes,Yes,A303414A,BD,3/6/2025 12:00:00 AM,M3067588,GOODS,TRAY CATHETERIZATION COMPLETE CARE LUBRI-SIL IC STATLOCK SURESTEP 14FR FOLEY URINE METER STERILE LATEX FREE DISPOSABLEA303414ABRDA303414A,ORAPOS,UROLOGY,BRDA303414A,NURSING LABOR & DELIV KP 2-MSH,10263,UROLOGY,PP-NS-2059,,TRAY CATHETERIZATION COMPLETE CARE LUBRI-SIL IC STATLOCK SURESTEP 14FR FOLEY URINE METER STERILE LATEX FREE DISPOSABLE,903079,A303414A,0,3,3,10,30,696.6,696.6,NF,True,NF,ANDERSON   MRS. DEBORAH,"ANDERSON, MRS. DEBORAH","UROLOGY 
 
BD",Y,10263 MC KP2 L&D EAST,"NURSING LABOR & DELIV KP 2-MSH, 10263",True,MOUNT SINAI HOSPITAL,ACTIVE,CLOSED,EDI,TRUE,TRUE,696.597,MOUNT SINAI HOSPITAL,MOUNT SINAI HOSPITAL,101-101-11-10263-903079-00000000000-000-0000-000-00000-00000----,False,PP-NS-2059,Yes,696.6,8027729,BD,BD,NF,1,BD,No, ,NO,903079, UROLOGY,3/6/2025 12:00:00 AM,CLOSED FOR RECEIVING,1-1-1,232.199,CLOSED FOR RECEIVING,CASE,3/6/2025 12:00:00 AM,3,NF,30,3/6/2025 12:00:00 AM,M36465,CARTER MILES,,,MOUNT SINAI HOSPITAL - RECVG MAIN,696.597,NF,NF,NF,UROLOGY,MEDLINE INDUSTRIES INC,12422
MOUNT SINAI HOSPITAL,2025,MEDLINE INDUSTRIES INC,"NURSING LABOR & DELIV KP 2-MSH, 10263",OPEN,903079,"903079, UROLOGY",MOUNT SINAI HOSPITAL,Yes,Yes,A303414A,BD,2/4/2025 12:00:00 AM,M3052495,GOODS,TRAY CATHETERIZATION COMPLETE CARE LUBRI-SIL IC STATLOCK SURESTEP 14FR FOLEY URINE METER STERILE LATEX FREE DISPOSABLEA303414ABRDA303414A,ORAPOS,UROLOGY,BRDA303414A,NURSING LABOR & DELIV KP 2-MSH,10263,UROLOGY,PP-NS-2059,,TRAY CATHETERIZATION COMPLETE CARE LUBRI-SIL IC STATLOCK SURESTEP 14FR FOLEY URINE METER STERILE LATEX FREE DISPOSABLE,903079,A303414A,1,1,1,10,10,219.4,219.4,NF,True,NF,DIAZ VANESSA,DIAZ VANESSA,"UROLOGY 
 
BD",Y,10263 MC KP2 L&D EAST,"NURSING LABOR & DELIV KP 2-MSH, 10263",True,MOUNT SINAI HOSPITAL,ACTIVE,CLOSED,EDI,TRUE,TRUE,219.4,MOUNT SINAI HOSPITAL,MOUNT SINAI HOSPITAL,101-101-11-10263-903079-00000000000-000-0000-000-00000-00000----,False,PP-NS-2059,Yes,219.4,8027729,BD,BD,NF,1,BD,No, ,NO,903079, UROLOGY,2/4/2025 12:00:00 AM,CLOSED,4-1-1,219.4,OPEN,CASE,2/4/2025 12:00:00 AM,1,NF,10,2/4/2025 12:00:00 AM,M28572,ROJAS BERNNIT,,,MOUNT SINAI HOSPITAL - RECVG MAIN,219.4,NF,NF,NF,UROLOGY,MEDLINE INDUSTRIES INC,12422
MOUNT SINAI QUEENS,2025,MEDLINE INDUSTRIES INC,"NURSING STATION 3E-MSQ, 10406",OPEN,903079,"903079, UROLOGY",MOUNT SINAI QUEENS,Yes,Yes,A303414A,BD,2/25/2025 12:00:00 AM,M3061730,GOODS,TRAY CATHETERIZATION COMPLETE CARE LUBRI-SIL IC STATLOCK SURESTEP 14FR FOLEY URINE METER STERILE LATEX FREE DISPOSABLEA303414ABRDA303414A,ORAPOS,UROLOGY,BRDA303414A,NURSING STATION 3E-MSQ,10406,UROLOGY,PP-NS-2059,,TRAY CATHETERIZATION COMPLETE CARE LUBRI-SIL IC STATLOCK SURESTEP 14FR FOLEY URINE METER STERILE LATEX FREE DISPOSABLE,903079,A303414A,2,2,2,,,43.88,43.88,NF,True,NF,GADSDEN CHONTE,GADSDEN CHONTE,"UROLOGY 
 
BD",Y,10406 NSG STATION 3E 25-10 30TH AVE 3FL,"NURSING STATION 3E-MSQ, 10406",True,MOUNT SINAI QUEENS,ACTIVE,CLOSED,EDI,TRUE,TRUE,43.88,MOUNT SINAI QUEENS,MOUNT SINAI QUEENS,102-107-11-10406-903079-00000000000-000-0000-000-00000-00000----,False,PP-NS-2059,Yes,43.88,8027729,BD,BD,NF,1,BD,No, ,NO,903079, UROLOGY,2/24/2025 12:00:00 AM,CLOSED,33-1-1,21.94,OPEN,EACH,2/25/2025 12:00:00 AM,2,NF,,2/24/2025 12:00:00 AM,Q5609,RUIZ JUNIOR NORMAN,,,MOUNT SINAI QUEENS - RECVG MAIN,43.88,NF,NF,NF,UROLOGY,MEDLINE INDUSTRIES INC,12422
MOUNT SINAI QUEENS,2025,MEDLINE INDUSTRIES INC,"NURSING STATION 3W-MSQ, 10407",CLOSED,903079,"903079, UROLOGY",MOUNT SINAI QUEENS,Yes,Yes,A303414A,BD,7/11/2025 12:00:00 AM,M3124087,GOODS,TRAY CATHETERIZATION COMPLETE CARE LUBRI-SIL IC STATLOCK SURESTEP 14FR FOLEY URINE METER STERILE LATEX FREE DISPOSABLEA303414ABRDA303414A,ORAPOS,UROLOGY,BRDA303414A,NURSING STATION 3W-MSQ,10407,UROLOGY,PP-NS-2059,,TRAY CATHETERIZATION COMPLETE CARE LUBRI-SIL IC STATLOCK SURESTEP 14FR FOLEY URINE METER STERILE LATEX FREE DISPOSABLE,903079,A303414A,2,2,2,,,46.44,46.44,NF,True,NF,GADSDEN CHONTE,GADSDEN CHONTE,"UROLOGY 
 
BD",Y,10407 NSG STATION 3W 25-10 30TH AVE 3FL,"NURSING STATION 3W-MSQ, 10407",True,MOUNT SINAI QUEENS,ACTIVE,CLOSED,EDI,TRUE,TRUE,46.44,MOUNT SINAI QUEENS,MOUNT SINAI QUEENS,102-107-11-10407-903079-00000000000-000-0000-000-00000-00000----,False,PP-NS-2059,Yes,46.44,8027729,BD,BD,NF,1,BD,No, ,NO,903079, UROLOGY,7/11/2025 12:00:00 AM,CLOSED,30-1-1,23.22,CLOSED,EACH,7/11/2025 12:00:00 AM,2,NF,,7/11/2025 12:00:00 AM,Q10960,RUIZ JUNIOR NORMAN,,,MOUNT SINAI QUEENS - RECVG MAIN,46.44,NF,NF,NF,UROLOGY,MEDLINE INDUSTRIES INC,12422
MOUNT SINAI HOSPITAL,2025,MEDLINE INDUSTRIES INC,"NURSING LABOR & DELIV KP 2-MSH, 10263",CLOSED,903079,"903079, UROLOGY",MOUNT SINAI HOSPITAL,Yes,Yes,A303414A,BD,2/6/2025 12:00:00 AM,M3053788,GOODS,TRAY CATHETERIZATION COMPLETE CARE LUBRI-SIL IC STATLOCK SURESTEP 14FR FOLEY URINE METER STERILE LATEX FREE DISPOSABLEA303414ABRDA303414A,ORAPOS,UROLOGY,BRDA303414A,NURSING LABOR & DELIV KP 2-MSH,10263,UROLOGY,PP-NS-2059,,TRAY CATHETERIZATION COMPLETE CARE LUBRI-SIL IC STATLOCK SURESTEP 14FR FOLEY URINE METER STERILE LATEX FREE DISPOSABLE,903079,A303414A,1,1,1,10,10,219.4,219.4,NF,True,NF,DIAZ VANESSA,DIAZ VANESSA,"UROLOGY 
 
BD",Y,10263 MC KP2 L&D EAST,"NURSING LABOR & DELIV KP 2-MSH, 10263",True,MOUNT SINAI HOSPITAL,ACTIVE,CLOSED,EDI,TRUE,TRUE,219.4,MOUNT SINAI HOSPITAL,MOUNT SINAI HOSPITAL,101-101-11-10263-903079-00000000000-000-0000-000-00000-00000----,False,PP-NS-2059,Yes,219.4,8027729,BD,BD,NF,1,BD,No, ,NO,903079, UROLOGY,2/6/2025 12:00:00 AM,CLOSED,24-1-1,219.4,CLOSED,CASE,2/6/2025 12:00:00 AM,1,NF,10,2/6/2025 12:00:00 AM,M29252,ROJAS BERNNIT,,,MOUNT SINAI HOSPITAL - RECVG MAIN,219.4,NF,NF,NF,UROLOGY,MEDLINE INDUSTRIES INC,12422
MOUNT SINAI QUEENS,2025,MEDLINE INDUSTRIES INC,"NURSING STATION 3E-MSQ, 10406",CLOSED,903079,"903079, UROLOGY",MOUNT SINAI QUEENS,Yes,Yes,A303414A,BD,4/19/2025 12:00:00 AM,M3087363,GOODS,TRAY CATHETERIZATION COMPLETE CARE LUBRI-SIL IC STATLOCK SURESTEP 14FR FOLEY URINE METER STERILE LATEX FREE DISPOSABLEA303414ABRDA303414A,ORAPOS,UROLOGY,BRDA303414A,NURSING STATION 3E-MSQ,10406,UROLOGY,PP-NS-2059,,TRAY CATHETERIZATION COMPLETE CARE LUBRI-SIL IC STATLOCK SURESTEP 14FR FOLEY URINE METER STERILE LATEX FREE DISPOSABLE,903079,A303414A,2,2,2,,,46.44,46.44,NF,True,NF,GADSDEN CHONTE,GADSDEN CHONTE,"UROLOGY 
 
BD",Y,10406 NSG STATION 3E 25-10 30TH AVE 3FL,"NURSING STATION 3E-MSQ, 10406",True,MOUNT SINAI QUEENS,ACTIVE,CLOSED,EDI,TRUE,TRUE,46.4398,MOUNT SINAI QUEENS,MOUNT SINAI QUEENS,102-107-11-10406-903079-00000000000-000-0000-000-00000-00000----,False,PP-NS-2059,Yes,46.44,8027729,BD,BD,NF,1,BD,No, ,NO,903079, UROLOGY,4/18/2025 12:00:00 AM,CLOSED,9-1-1,23.2199,CLOSED,EACH,4/19/2025 12:00:00 AM,2,NF,,4/18/2025 12:00:00 AM,Q7847,RUIZ JUNIOR NORMAN,,,MOUNT SINAI QUEENS - RECVG MAIN,46.4398,NF,NF,NF,UROLOGY,MEDLINE INDUSTRIES INC,12422
MOUNT SINAI QUEENS,2025,MEDLINE INDUSTRIES INC,"NURSING STATION 6-TELEM-MSQ, 10411",CLOSED,903079,"903079, UROLOGY",MOUNT SINAI QUEENS,Yes,Yes,A303414A,BD,5/28/2025 12:00:00 AM,M3104959,GOODS,TRAY CATHETERIZATION COMPLETE CARE LUBRI-SIL IC STATLOCK SURESTEP 14FR FOLEY URINE METER STERILE LATEX FREE DISPOSABLEA303414ABRDA303414A,ORAPOS,UROLOGY,BRDA303414A,NURSING STATION 6-TELEM-MSQ,10411,UROLOGY,PP-NS-2059,,TRAY CATHETERIZATION COMPLETE CARE LUBRI-SIL IC STATLOCK SURESTEP 14FR FOLEY URINE METER STERILE LATEX FREE DISPOSABLE,903079,A303414A,2,2,2,,,46.44,46.44,NF,True,NF,GADSDEN CHONTE,GADSDEN CHONTE,"UROLOGY 
 
BD",Y,10411 NSG STATION 6TEL 25-10 30TH AVE 6,"NURSING STATION 6-TELEM-MSQ, 10411",True,MOUNT SINAI QUEENS,ACTIVE,CLOSED,EDI,TRUE,TRUE,46.44,MOUNT SINAI QUEENS,MOUNT SINAI QUEENS,102-107-11-10411-903079-00000000000-000-0000-000-00000-00000----,False,PP-NS-2059,Yes,46.44,8027729,BD,BD,NF,1,BD,No, ,NO,903079, UROLOGY,5/28/2025 12:00:00 AM,CLOSED,14-1-1,23.22,CLOSED,EACH,5/28/2025 12:00:00 AM,2,NF,,5/28/2025 12:00:00 AM,Q9403,CASTILLO DAVID,,,MOUNT SINAI QUEENS - RECVG MAIN,46.44,NF,NF,NF,UROLOGY,MEDLINE INDUSTRIES INC,12422
MOUNT SINAI QUEENS,2025,MEDLINE INDUSTRIES INC,"NURSING STATION 3W-MSQ, 10407",OPEN,903079,"903079, UROLOGY",MOUNT SINAI QUEENS,Yes,Yes,A303414A,BD,6/30/2025 12:00:00 AM,M3118963,GOODS,TRAY CATHETERIZATION COMPLETE CARE LUBRI-SIL IC STATLOCK SURESTEP 14FR FOLEY URINE METER STERILE LATEX FREE DISPOSABLEA303414ABRDA303414A,ORAPOS,UROLOGY,BRDA303414A,NURSING STATION 3W-MSQ,10407,UROLOGY,PP-NS-2059,,TRAY CATHETERIZATION COMPLETE CARE LUBRI-SIL IC STATLOCK SURESTEP 14FR FOLEY URINE METER STERILE LATEX FREE DISPOSABLE,903079,A303414A,2,2,2,,,46.44,46.44,NF,True,NF,GADSDEN CHONTE,GADSDEN CHONTE,"UROLOGY 
 
BD",Y,10407 NSG STATION 3W 25-10 30TH AVE 3FL,"NURSING STATION 3W-MSQ, 10407",True,MOUNT SINAI QUEENS,ACTIVE,CLOSED,EDI,TRUE,TRUE,46.44,MOUNT SINAI QUEENS,MOUNT SINAI QUEENS,102-107-11-10407-903079-00000000000-000-0000-000-00000-00000----,False,PP-NS-2059,Yes,46.44,8027729,BD,BD,NF,1,BD,No, ,NO,903079, UROLOGY,6/30/2025 12:00:00 AM,CLOSED,28-1-1,23.22,OPEN,EACH,6/30/2025 12:00:00 AM,2,NF,,6/30/2025 12:00:00 AM,Q10553,RUIZ JUNIOR NORMAN,,,MOUNT SINAI QUEENS - RECVG MAIN,46.44,NF,NF,NF,UROLOGY,MEDLINE INDUSTRIES INC,12422
MOUNT SINAI QUEENS,2025,MEDLINE INDUSTRIES INC,"NURSING STATION 2-MSQ, 10405",CLOSED,903079,"903079, UROLOGY",MOUNT SINAI QUEENS,Yes,Yes,A303414A,BD,2/5/2025 12:00:00 AM,M3052369,GOODS,TRAY CATHETERIZATION COMPLETE CARE LUBRI-SIL IC STATLOCK SURESTEP 14FR FOLEY URINE METER STERILE LATEX FREE DISPOSABLEA303414ABRDA303414A,ORAPOS,UROLOGY,BRDA303414A,NURSING STATION 2-MSQ,10405,UROLOGY,PP-NS-2059,,TRAY CATHETERIZATION COMPLETE CARE LUBRI-SIL IC STATLOCK SURESTEP 14FR FOLEY URINE METER STERILE LATEX FREE DISPOSABLE,903079,A303414A,2,2,2,,,43.88,43.88,NF,True,NF,GADSDEN CHONTE,GADSDEN CHONTE,"UROLOGY 
 
BD",Y,10405 NSG STATION 2 25-10 30TH AVE 2FL,"NURSING STATION 2-MSQ, 10405",True,MOUNT SINAI QUEENS,ACTIVE,CLOSED,EDI,TRUE,TRUE,43.88,MOUNT SINAI QUEENS,MOUNT SINAI QUEENS,102-107-11-10405-903079-00000000000-000-0000-000-00000-00000----,False,PP-NS-2059,Yes,43.88,8027729,BD,BD,NF,1,BD,No, ,NO,903079, UROLOGY,2/4/2025 12:00:00 AM,CLOSED,27-1-1,21.94,CLOSED,EACH,2/5/2025 12:00:00 AM,2,NF,,2/4/2025 12:00:00 AM,Q4888,RUIZ JUNIOR NORMAN,,,MOUNT SINAI QUEENS - RECVG MAIN,43.88,NF,NF,NF,UROLOGY,MEDLINE INDUSTRIES INC,12422
MOUNT SINAI QUEENS,2025,MEDLINE INDUSTRIES INC,"EMERGENCY DEPARTMENT, 14100",CLOSED,903079,"903079, UROLOGY",MOUNT SINAI QUEENS,Yes,Yes,A303414A,BD,2/6/2025 12:00:00 AM,M3053087,GOODS,TRAY CATHETERIZATION COMPLETE CARE LUBRI-SIL IC STATLOCK SURESTEP 14FR FOLEY URINE METER STERILE LATEX FREE DISPOSABLEA303414ABRDA303414A,ORAPOS,UROLOGY,BRDA303414A,EMERGENCY DEPARTMENT,14100,UROLOGY,PP-NS-2059,,TRAY CATHETERIZATION COMPLETE CARE LUBRI-SIL IC STATLOCK SURESTEP 14FR FOLEY URINE METER STERILE LATEX FREE DISPOSABLE,903079,A303414A,8,8,8,,,175.52,175.52,NF,True,NF,GADSDEN CHONTE,GADSDEN CHONTE,"UROLOGY 
 
BD",Y,14100 ED A1-218 25-10 30TH AVE 1FL,"EMERGENCY DEPARTMENT, 14100",True,MOUNT SINAI QUEENS,ACTIVE,CLOSED,EDI,TRUE,TRUE,175.52,MOUNT SINAI QUEENS,MOUNT SINAI QUEENS,102-107-11-14100-903079-00000000000-000-0000-000-00000-00000----,False,PP-NS-2059,Yes,175.52,8027729,BD,BD,NF,1,BD,No, ,NO,903079, UROLOGY,2/5/2025 12:00:00 AM,CLOSED,26-1-1,21.94,CLOSED,EACH,2/6/2025 12:00:00 AM,8,NF,,2/5/2025 12:00:00 AM,Q4939,LUNA ALYJAH,,,MOUNT SINAI QUEENS - RECVG MAIN,175.52,NF,NF,NF,UROLOGY,MEDLINE INDUSTRIES INC,12422
MOUNT SINAI QUEENS,2025,MEDLINE INDUSTRIES INC,"EMERGENCY DEPARTMENT, 14100",CLOSED,903079,"903079, UROLOGY",MOUNT SINAI QUEENS,Yes,Yes,A303414A,BD,4/23/2025 12:00:00 AM,M3089688,GOODS,TRAY CATHETERIZATION COMPLETE CARE LUBRI-SIL IC STATLOCK SURESTEP 14FR FOLEY URINE METER STERILE LATEX FREE DISPOSABLEA303414ABRDA303414A,ORAPOS,UROLOGY,BRDA303414A,EMERGENCY DEPARTMENT,14100,UROLOGY,PP-NS-2059,,TRAY CATHETERIZATION COMPLETE CARE LUBRI-SIL IC STATLOCK SURESTEP 14FR FOLEY URINE METER STERILE LATEX FREE DISPOSABLE,903079,A303414A,8,8,8,,,185.76,185.76,NF,True,NF,GADSDEN CHONTE,GADSDEN CHONTE,"UROLOGY 
 
BD",Y,14100 ED A1-218 25-10 30TH AVE 1FL,"EMERGENCY DEPARTMENT, 14100",True,MOUNT SINAI QUEENS,ACTIVE,CLOSED,EDI,TRUE,TRUE,185.7592,MOUNT SINAI QUEENS,MOUNT SINAI QUEENS,102-107-11-14100-903079-00000000000-000-0000-000-00000-00000----,False,PP-NS-2059,Yes,185.76,8027729,BD,BD,NF,1,BD,No, ,NO,903079, UROLOGY,4/23/2025 12:00:00 AM,CLOSED,28-1-1,23.2199,CLOSED,EACH,4/23/2025 12:00:00 AM,8,NF,,4/23/2025 12:00:00 AM,Q8041,LUNA ALYJAH,,,MOUNT SINAI QUEENS - RECVG MAIN,185.7592,NF,NF,NF,UROLOGY,MEDLINE INDUSTRIES INC,12422
MOUNT SINAI WEST VILLAGE,2025,MEDLINE INDUSTRIES INC,"AMBULATORY SURGERY, 12152",OPEN,903079,"903079, UROLOGY",MOUNT SINAI WEST VILLAGE,Yes,Yes,A942216,BD,3/12/2025 12:00:00 AM,B1016769,GOODS,SILICONE UM FLY TRAY WITH FSD - COIA942216BRDA942216,ORAPOS,UROLOGY,BRDA942216,AMBULATORY SURGERY,12152,UROLOGY,PP-NS-2059,,SILICONE UM FLY TRAY WITH FSD - COI,903079,A942216,1,1,1,10,10,223.4,223.4,NF,True,NF,MELENDEZ REBECA,MELENDEZ REBECA,"UROLOGY 
 
BD",Y,325 W 15TH ST 1ST FL AMB SURG 1ST FLOOR AMBULATORY SURGER 1,"AMBULATORY SURGERY, 12152",True,MOUNT SINAI WEST VILLAGE,ACTIVE,CLOSED,EDI,TRUE,TRUE,223.412,MS CANCER CENTER WEST,MOUNT SINAI WEST VILLAGE,408-958-11-12152-903079-00000000000-000-0000-000-00000-00000----,False,PP-NS-2059,Yes,223.4,1926475,BD,BD,NF,10,BD,No, ,NO,903079, UROLOGY,3/12/2025 12:00:00 AM,CLOSED,3-1-1,223.412,OPEN,CASE,3/12/2025 12:00:00 AM,1,NF,10,3/12/2025 12:00:00 AM,C1669,WARE PAUL,,,MS CANCER CENTER WEST - RECVG MAIN,223.412,NF,NF,NF,UROLOGY,MEDLINE INDUSTRIES INC,12422
MOUNT SINAI HOSPITAL,2025,MEDLINE INDUSTRIES INC,"NURSING EMERGENCY SERVICES, 12001",CLOSED,903079,"903079, UROLOGY",MOUNT SINAI HOSPITAL,Yes,Yes,A303414A,BD,4/14/2025 12:00:00 AM,M3085035,GOODS,TRAY CATHETERIZATION COMPLETE CARE LUBRI-SIL IC STATLOCK SURESTEP 14FR FOLEY URINE METER STERILE LATEX FREE DISPOSABLEA303414ABRDA303414A,ORAPOS,UROLOGY,BRDA303414A,NURSING EMERGENCY SERVICES,12001,UROLOGY,PP-NS-2059,,TRAY CATHETERIZATION COMPLETE CARE LUBRI-SIL IC STATLOCK SURESTEP 14FR FOLEY URINE METER STERILE LATEX FREE DISPOSABLE,903079,A303414A,6,6,6,,,139.32,139.32,NF,True,NF,DIAZ VANESSA,DIAZ VANESSA,"UROLOGY 
 
BD",Y,12001 MED GP MC ED INTAKE,"NURSING EMERGENCY SERVICES, 12001",True,MOUNT SINAI HOSPITAL,ACTIVE,CLOSED,EDI,TRUE,TRUE,139.3194,MOUNT SINAI HOSPITAL,MOUNT SINAI HOSPITAL,101-101-11-12001-903079-00000000000-000-0000-000-00000-00000----,False,PP-NS-2059,Yes,139.32,8027729,BD,BD,NF,1,BD,No, ,NO,903079, UROLOGY,4/14/2025 12:00:00 AM,CLOSED,35-1-1,23.2199,CLOSED,EACH,4/14/2025 12:00:00 AM,6,NF,,4/14/2025 12:00:00 AM,M45942,PAGAN CHANTELL,,,MOUNT SINAI HOSPITAL - RECVG MAIN,139.3194,NF,NF,NF,UROLOGY,MEDLINE INDUSTRIES INC,12422
MOUNT SINAI HOSPITAL,2025,MEDLINE INDUSTRIES INC,"NURSING EMERGENCY SERVICES, 12001",CLOSED,903079,"903079, UROLOGY",MOUNT SINAI HOSPITAL,Yes,Yes,A303414A,BD,5/10/2025 12:00:00 AM,M3097582,GOODS,TRAY CATHETERIZATION COMPLETE CARE LUBRI-SIL IC STATLOCK SURESTEP 14FR FOLEY URINE METER STERILE LATEX FREE DISPOSABLEA303414ABRDA303414A,ORAPOS,UROLOGY,BRDA303414A,NURSING EMERGENCY SERVICES,12001,UROLOGY,PP-NS-2059,,TRAY CATHETERIZATION COMPLETE CARE LUBRI-SIL IC STATLOCK SURESTEP 14FR FOLEY URINE METER STERILE LATEX FREE DISPOSABLE,903079,A303414A,5,5,5,,,116.1,116.1,NF,True,NF,DIAZ VANESSA,DIAZ VANESSA,"UROLOGY 
 
BD",Y,12001 MED GP MC ED INTAKE,"NURSING EMERGENCY SERVICES, 12001",True,MOUNT SINAI HOSPITAL,ACTIVE,CLOSED,EDI,TRUE,TRUE,116.0995,MOUNT SINAI HOSPITAL,MOUNT SINAI HOSPITAL,101-101-11-12001-903079-00000000000-000-0000-000-00000-00000----,False,PP-NS-2059,Yes,116.1,8027729,BD,BD,NF,1,BD,No, ,NO,903079, UROLOGY,5/10/2025 12:00:00 AM,CLOSED,35-1-1,23.2199,CLOSED,EACH,5/10/2025 12:00:00 AM,5,NF,,5/10/2025 12:00:00 AM,M52554,SPENCER STEPHEN,,,MOUNT SINAI HOSPITAL - RECVG MAIN,116.0995,NF,NF,NF,UROLOGY,MEDLINE INDUSTRIES INC,12422
MOUNT SINAI QUEENS,2025,MEDLINE INDUSTRIES INC,"BALANCE SHEET, 00000",CLOSED,119013,"119013, CENTRAL SERVICES",MOUNT SINAI QUEENS,Yes,Yes,A303414A,BD,5/8/2025 12:00:00 AM,M3096764,GOODS,TRAY CATHETERIZATION COMPLETE CARE LUBRI-SIL IC STATLOCK SURESTEP 14FR FOLEY URINE METER STERILE LATEX FREE DISPOSABLEA303414ABRDA303414A,ORAPOS,CENTRAL SERVICES,BRDA303414A,BALANCE SHEET,00000,CENTRAL SERVICES,PP-NS-2059,,TRAY CATHETERIZATION COMPLETE CARE LUBRI-SIL IC STATLOCK SURESTEP 14FR FOLEY URINE METER STERILE LATEX FREE DISPOSABLE,119013,A303414A,3,3,3,10,30,696.6,696.6,NF,True,NF,GADSDEN CHONTE,GADSDEN CHONTE,"CENTRAL SERVICES 
 
BD",Y,Q STOREROOM,"BALANCE SHEET, 00000",True,MOUNT SINAI QUEENS,ACTIVE,CLOSED,EDI,TRUE,TRUE,696.597,MOUNT SINAI QUEENS,MOUNT SINAI QUEENS,102-000-11-00000-119013-00000000000-000-0000-000-00000-00000----,False,PP-NS-2059,Yes,696.6,8027729,BD,BD,NF,1,BD,No, ,NO,119013, CENTRAL SERVICES,5/8/2025 12:00:00 AM,CLOSED,10-1-1,232.199,CLOSED,CASE,5/8/2025 12:00:00 AM,3,NF,30,5/8/2025 12:00:00 AM,Q8717,PALMA-TEJEDA VANESSA,,,Q STOREROOM,696.597,NF,NF,NF,CENTRAL SERVICES,MEDLINE INDUSTRIES INC,12422
MOUNT SINAI QUEENS,2025,MEDLINE INDUSTRIES INC,"NURSING STATION 3W-MSQ, 10407",CLOSED,903079,"903079, UROLOGY",MOUNT SINAI QUEENS,Yes,Yes,A303414A,BD,4/28/2025 12:00:00 AM,M3091266,GOODS,TRAY CATHETERIZATION COMPLETE CARE LUBRI-SIL IC STATLOCK SURESTEP 14FR FOLEY URINE METER STERILE LATEX FREE DISPOSABLEA303414ABRDA303414A,ORAPOS,UROLOGY,BRDA303414A,NURSING STATION 3W-MSQ,10407,UROLOGY,PP-NS-2059,,TRAY CATHETERIZATION COMPLETE CARE LUBRI-SIL IC STATLOCK SURESTEP 14FR FOLEY URINE METER STERILE LATEX FREE DISPOSABLE,903079,A303414A,2,2,2,,,46.44,46.44,NF,True,NF,GADSDEN CHONTE,GADSDEN CHONTE,"UROLOGY 
 
BD",Y,10407 NSG STATION 3W 25-10 30TH AVE 3FL,"NURSING STATION 3W-MSQ, 10407",True,MOUNT SINAI QUEENS,ACTIVE,CLOSED,EDI,TRUE,TRUE,46.4398,MOUNT SINAI QUEENS,MOUNT SINAI QUEENS,102-107-11-10407-903079-00000000000-000-0000-000-00000-00000----,False,PP-NS-2059,Yes,46.44,8027729,BD,BD,NF,1,BD,No, ,NO,903079, UROLOGY,4/28/2025 12:00:00 AM,CLOSED,11-1-1,23.2199,CLOSED,EACH,4/28/2025 12:00:00 AM,2,NF,,4/28/2025 12:00:00 AM,Q8159,RUIZ JUNIOR NORMAN,,,MOUNT SINAI QUEENS - RECVG MAIN,46.4398,NF,NF,NF,UROLOGY,MEDLINE INDUSTRIES INC,12422
MOUNT SINAI QUEENS,2025,MEDLINE INDUSTRIES INC,"OPERATING ROOM SUITE, 12200",OPEN,903079,"903079, UROLOGY",MOUNT SINAI QUEENS,Yes,Yes,A303414A,BD,2/7/2025 12:00:00 AM,M3053864,GOODS,TRAY CATHETERIZATION COMPLETE CARE LUBRI-SIL IC STATLOCK SURESTEP 14FR FOLEY URINE METER STERILE LATEX FREE DISPOSABLEA303414ABRDA303414A,ORAPOS,UROLOGY,BRDA303414A,OPERATING ROOM SUITE,12200,UROLOGY,PP-NS-2059,,TRAY CATHETERIZATION COMPLETE CARE LUBRI-SIL IC STATLOCK SURESTEP 14FR FOLEY URINE METER STERILE LATEX FREE DISPOSABLE,903079,A303414A,2,2,2,10,20,438.8,438.8,NF,True,NF,GADSDEN CHONTE,GADSDEN CHONTE,"UROLOGY 
 
BD",Y,12200 OR SEMI-LUM 25-10 30TH AVE 5TH FL,"OPERATING ROOM SUITE, 12200",True,MOUNT SINAI QUEENS,ACTIVE,CLOSED,EDI,TRUE,TRUE,438.8,MOUNT SINAI QUEENS,MOUNT SINAI QUEENS,102-107-11-12200-903079-00000000000-000-0000-000-00000-00000----,False,PP-NS-2059,Yes,438.8,8027729,BD,BD,NF,1,BD,No, ,NO,903079, UROLOGY,2/6/2025 12:00:00 AM,CLOSED,32-1-1,219.4,OPEN,CASE,2/7/2025 12:00:00 AM,2,NF,20,2/6/2025 12:00:00 AM,Q4933,PASION RENATO,,,MOUNT SINAI QUEENS - RECVG MAIN,438.8,NF,NF,NF,UROLOGY,MEDLINE INDUSTRIES INC,12422
MOUNT SINAI HOSPITAL,2025,MEDLINE INDUSTRIES INC,"NURSING EMERGENCY SERVICES, 12001",CLOSED,903079,"903079, UROLOGY",MOUNT SINAI HOSPITAL,Yes,Yes,A303414A,BD,7/11/2025 12:00:00 AM,M3121210,GOODS,TRAY CATHETERIZATION COMPLETE CARE LUBRI-SIL IC STATLOCK SURESTEP 14FR FOLEY URINE METER STERILE LATEX FREE DISPOSABLEA303414ABRDA303414A,ORAPOS,UROLOGY,BRDA303414A,NURSING EMERGENCY SERVICES,12001,UROLOGY,PP-NS-2059,,TRAY CATHETERIZATION COMPLETE CARE LUBRI-SIL IC STATLOCK SURESTEP 14FR FOLEY URINE METER STERILE LATEX FREE DISPOSABLE,903079,A303414A,6,6,6,,,139.32,139.32,NF,True,NF,DIAZ VANESSA,DIAZ VANESSA,"UROLOGY 
 
BD",Y,12001 MED GP MC ED INTAKE,"NURSING EMERGENCY SERVICES, 12001",True,MOUNT SINAI HOSPITAL,ACTIVE,CLOSED,EDI,TRUE,TRUE,139.32,MOUNT SINAI HOSPITAL,MOUNT SINAI HOSPITAL,101-101-11-12001-903079-00000000000-000-0000-000-00000-00000----,False,PP-NS-2059,Yes,139.32,8027729,BD,BD,NF,1,BD,No, ,NO,903079, UROLOGY,7/3/2025 12:00:00 AM,CLOSED,37-1-1,23.22,CLOSED FOR RECEIVING,EACH,7/11/2025 12:00:00 AM,6,NF,,7/3/2025 12:00:00 AM,M65427,PASTUIZACA NICOLLAS,,,MOUNT SINAI HOSPITAL - RECVG MAIN,139.32,NF,NF,NF,UROLOGY,MEDLINE INDUSTRIES INC,12422
MOUNT SINAI QUEENS,2025,MEDLINE INDUSTRIES INC,"EMERGENCY DEPARTMENT, 14100",CLOSED,903079,"903079, UROLOGY",MOUNT SINAI QUEENS,Yes,Yes,A303414A,BD,3/25/2025 12:00:00 AM,M3075837,GOODS,TRAY CATHETERIZATION COMPLETE CARE LUBRI-SIL IC STATLOCK SURESTEP 14FR FOLEY URINE METER STERILE LATEX FREE DISPOSABLEA303414ABRDA303414A,ORAPOS,UROLOGY,BRDA303414A,EMERGENCY DEPARTMENT,14100,UROLOGY,PP-NS-2059,,TRAY CATHETERIZATION COMPLETE CARE LUBRI-SIL IC STATLOCK SURESTEP 14FR FOLEY URINE METER STERILE LATEX FREE DISPOSABLE,903079,A303414A,8,8,8,,,185.76,185.76,NF,True,NF,GADSDEN CHONTE,GADSDEN CHONTE,"UROLOGY 
 
BD",Y,14100 ED A1-218 25-10 30TH AVE 1FL,"EMERGENCY DEPARTMENT, 14100",True,MOUNT SINAI QUEENS,ACTIVE,CLOSED,EDI,TRUE,TRUE,185.7592,MOUNT SINAI QUEENS,MOUNT SINAI QUEENS,102-107-11-14100-903079-00000000000-000-0000-000-00000-00000----,False,PP-NS-2059,Yes,185.76,8027729,BD,BD,NF,1,BD,No, ,NO,903079, UROLOGY,3/25/2025 12:00:00 AM,CLOSED,24-1-1,23.2199,CLOSED FOR RECEIVING,EACH,3/25/2025 12:00:00 AM,8,NF,,3/25/2025 12:00:00 AM,Q6799,MOISES GABRIEL,,,MOUNT SINAI QUEENS - RECVG MAIN,185.7592,NF,NF,NF,UROLOGY,MEDLINE INDUSTRIES INC,12422
MOUNT SINAI HOSPITAL,2025,MEDLINE INDUSTRIES INC,"NURSING EMERGENCY SERVICES, 12001",OPEN,903079,"903079, UROLOGY",MOUNT SINAI HOSPITAL,Yes,Yes,A303414A,BD,5/31/2025 12:00:00 AM,M3105959,GOODS,TRAY CATHETERIZATION COMPLETE CARE LUBRI-SIL IC STATLOCK SURESTEP 14FR FOLEY URINE METER STERILE LATEX FREE DISPOSABLEA303414ABRDA303414A,ORAPOS,UROLOGY,BRDA303414A,NURSING EMERGENCY SERVICES,12001,UROLOGY,PP-NS-2059,,TRAY CATHETERIZATION COMPLETE CARE LUBRI-SIL IC STATLOCK SURESTEP 14FR FOLEY URINE METER STERILE LATEX FREE DISPOSABLE,903079,A303414A,4,4,4,,,92.88,92.88,NF,True,NF,DIAZ VANESSA,DIAZ VANESSA,"UROLOGY 
 
BD",Y,12001 GPMC ED ACUTE1 A,"NURSING EMERGENCY SERVICES, 12001",True,MOUNT SINAI HOSPITAL,ACTIVE,CLOSED,EDI,TRUE,TRUE,92.88,MOUNT SINAI HOSPITAL,MOUNT SINAI HOSPITAL,101-101-11-12001-903079-00000000000-000-0000-000-00000-00000----,False,PP-NS-2059,Yes,92.88,8027729,BD,BD,NF,1,BD,No, ,NO,903079, UROLOGY,5/30/2025 12:00:00 AM,CLOSED,35-1-1,23.22,OPEN,EACH,5/31/2025 12:00:00 AM,4,NF,,5/30/2025 12:00:00 AM,M57091,PASTUIZACA NICOLLAS,,,MOUNT SINAI HOSPITAL - RECVG MAIN,92.88,NF,NF,NF,UROLOGY,MEDLINE INDUSTRIES INC,12422
MOUNT SINAI QUEENS,2025,MEDLINE INDUSTRIES INC,"BALANCE SHEET, 00000",CLOSED,119013,"119013, CENTRAL SERVICES",MOUNT SINAI QUEENS,Yes,Yes,A303414A,BD,6/2/2025 12:00:00 AM,M3015005,GOODS,TRAY CATHETERIZATION COMPLETE CARE LUBRI-SIL IC STATLOCK SURESTEP 14FR FOLEY URINE METER STERILE LATEX FREE DISPOSABLEA303414ABRDA303414A,ORAPOS,CENTRAL SERVICES,BRDA303414A,BALANCE SHEET,00000,CENTRAL SERVICES,PP-NS-2059,,TRAY CATHETERIZATION COMPLETE CARE LUBRI-SIL IC STATLOCK SURESTEP 14FR FOLEY URINE METER STERILE LATEX FREE DISPOSABLE,119013,A303414A,3,3,3,10,30,658.2,658.2,NF,True,NF,GADSDEN CHONTE,GADSDEN CHONTE,"CENTRAL SERVICES 
 
BD",Y,Q STOREROOM,"BALANCE SHEET, 00000",True,MOUNT SINAI QUEENS,ACTIVE,CLOSED,EDI,TRUE,TRUE,658.2,MOUNT SINAI QUEENS,MOUNT SINAI QUEENS,102-000-11-00000-119013-00000000000-000-0000-000-00000-00000----,False,PP-NS-2059,Yes,658.2,8027729,BD,BD,NF,1,BD,No, ,NO,119013, CENTRAL SERVICES,11/12/2024 12:00:00 AM,CLOSED,17-1-1,219.4,CLOSED,CASE,6/2/2025 12:00:00 AM,3,NF,30,11/12/2024 12:00:00 AM,Q1676,PALMA-TEJEDA VANESSA,,,Q STOREROOM,658.2,NF,NF,NF,CENTRAL SERVICES,MEDLINE INDUSTRIES INC,12422
MOUNT SINAI QUEENS,2025,MEDLINE INDUSTRIES INC,"OPERATING ROOM SUITE, 12200",CLOSED,903079,"903079, UROLOGY",MOUNT SINAI QUEENS,Yes,Yes,A303414A,BD,4/9/2025 12:00:00 AM,M3083072,GOODS,TRAY CATHETERIZATION COMPLETE CARE LUBRI-SIL IC STATLOCK SURESTEP 14FR FOLEY URINE METER STERILE LATEX FREE DISPOSABLEA303414ABRDA303414A,ORAPOS,UROLOGY,BRDA303414A,OPERATING ROOM SUITE,12200,UROLOGY,PP-NS-2059,,TRAY CATHETERIZATION COMPLETE CARE LUBRI-SIL IC STATLOCK SURESTEP 14FR FOLEY URINE METER STERILE LATEX FREE DISPOSABLE,903079,A303414A,1,1,1,10,10,232.2,232.2,NF,True,NF,GADSDEN CHONTE,GADSDEN CHONTE,"UROLOGY 
 
BD",Y,12200 OR SEMI-LUM 25-10 30TH AVE 5TH FL,"OPERATING ROOM SUITE, 12200",True,MOUNT SINAI QUEENS,ACTIVE,CLOSED,EDI,TRUE,TRUE,232.199,MOUNT SINAI QUEENS,MOUNT SINAI QUEENS,102-107-11-12200-903079-00000000000-000-0000-000-00000-00000----,False,PP-NS-2059,Yes,232.2,8027729,BD,BD,NF,1,BD,No, ,NO,903079, UROLOGY,4/9/2025 12:00:00 AM,CLOSED,1-1-1,232.199,CLOSED,CASE,4/9/2025 12:00:00 AM,1,NF,10,4/9/2025 12:00:00 AM,Q7445,PASION RENATO,,,MOUNT SINAI QUEENS - RECVG MAIN,232.199,NF,NF,NF,UROLOGY,MEDLINE INDUSTRIES INC,12422
MOUNT SINAI HOSPITAL,2025,MEDLINE INDUSTRIES INC,"NURSING LABOR & DELIV KP 2-MSH, 10263",OPEN,903079,"903079, UROLOGY",MOUNT SINAI HOSPITAL,Yes,Yes,A303414A,BD,3/25/2025 12:00:00 AM,M3072010,GOODS,TRAY CATHETERIZATION COMPLETE CARE LUBRI-SIL IC STATLOCK SURESTEP 14FR FOLEY URINE METER STERILE LATEX FREE DISPOSABLEA303414ABRDA942214,ORAPOS,UROLOGY,BRDA942214,NURSING LABOR & DELIV KP 2-MSH,10263,UROLOGY,PP-NS-2059,,TRAY CATHETERIZATION COMPLETE CARE LUBRI-SIL IC STATLOCK SURESTEP 14FR FOLEY URINE METER STERILE LATEX FREE DISPOSABLE,903079,A303414A,5,5,5,10,50,1117,1117,NF,True,NF,ANDERSON   MRS. DEBORAH,"ANDERSON, MRS. DEBORAH","UROLOGY 
 
BD",Y,10263 MC KP2 L&D EAST,"NURSING LABOR & DELIV KP 2-MSH, 10263",True,MOUNT SINAI HOSPITAL,ACTIVE,CLOSED,EDI,TRUE,TRUE,1117,MOUNT SINAI HOSPITAL,MOUNT SINAI HOSPITAL,101-101-11-10263-903079-00000000000-000-0000-000-00000-00000----,False,PP-NS-2059,Yes,1117,8027729,BD,BD,NF,1,BD,No, ,NO,903079, UROLOGY,3/17/2025 12:00:00 AM,CLOSED,61-1-1,223.4,OPEN,CASE,3/25/2025 12:00:00 AM,5,NF,50,3/17/2025 12:00:00 AM,M38830,CARTER MILES,,,MOUNT SINAI HOSPITAL - RECVG MAIN,1117,NF,NF,NF,UROLOGY,MEDLINE INDUSTRIES INC,12422
MOUNT SINAI HOSPITAL,2025,MEDLINE INDUSTRIES INC,"NURSING EMERGENCY SERVICES, 12001",OPEN,903079,"903079, UROLOGY",MOUNT SINAI HOSPITAL,Yes,Yes,A303414A,BD,5/28/2025 12:00:00 AM,M3104625,GOODS,TRAY CATHETERIZATION COMPLETE CARE LUBRI-SIL IC STATLOCK SURESTEP 14FR FOLEY URINE METER STERILE LATEX FREE DISPOSABLEA303414ABRDA303414A,ORAPOS,UROLOGY,BRDA303414A,NURSING EMERGENCY SERVICES,12001,UROLOGY,PP-NS-2059,,TRAY CATHETERIZATION COMPLETE CARE LUBRI-SIL IC STATLOCK SURESTEP 14FR FOLEY URINE METER STERILE LATEX FREE DISPOSABLE,903079,A303414A,6,6,6,,,139.32,139.32,NF,True,NF,DIAZ VANESSA,DIAZ VANESSA,"UROLOGY 
 
BD",Y,12001 GPMC ED ACUTE1 A,"NURSING EMERGENCY SERVICES, 12001",True,MOUNT SINAI HOSPITAL,ACTIVE,CLOSED,EDI,TRUE,TRUE,139.32,MOUNT SINAI HOSPITAL,MOUNT SINAI HOSPITAL,101-101-11-12001-903079-00000000000-000-0000-000-00000-00000----,False,PP-NS-2059,Yes,139.32,8027729,BD,BD,NF,1,BD,No, ,NO,903079, UROLOGY,5/28/2025 12:00:00 AM,CLOSED,34-1-1,23.22,OPEN,EACH,5/28/2025 12:00:00 AM,6,NF,,5/28/2025 12:00:00 AM,M56385,PASTUIZACA NICOLLAS,,,MOUNT SINAI HOSPITAL - RECVG MAIN,139.32,NF,NF,NF,UROLOGY,MEDLINE INDUSTRIES INC,12422
MOUNT SINAI QUEENS,2025,MEDLINE INDUSTRIES INC,"NURSING STATION 2-MSQ, 10405",CLOSED,903079,"903079, UROLOGY",MOUNT SINAI QUEENS,Yes,Yes,A303414A,BD,2/12/2025 12:00:00 AM,M3055954,GOODS,TRAY CATHETERIZATION COMPLETE CARE LUBRI-SIL IC STATLOCK SURESTEP 14FR FOLEY URINE METER STERILE LATEX FREE DISPOSABLEA303414ABRDA303414A,ORAPOS,UROLOGY,BRDA303414A,NURSING STATION 2-MSQ,10405,UROLOGY,PP-NS-2059,,TRAY CATHETERIZATION COMPLETE CARE LUBRI-SIL IC STATLOCK SURESTEP 14FR FOLEY URINE METER STERILE LATEX FREE DISPOSABLE,903079,A303414A,2,2,2,,,43.88,43.88,NF,True,NF,GADSDEN CHONTE,GADSDEN CHONTE,"UROLOGY 
 
BD",Y,10405 NSG STATION 2 25-10 30TH AVE 2FL,"NURSING STATION 2-MSQ, 10405",True,MOUNT SINAI QUEENS,ACTIVE,CLOSED,EDI,TRUE,TRUE,43.88,MOUNT SINAI QUEENS,MOUNT SINAI QUEENS,102-107-11-10405-903079-00000000000-000-0000-000-00000-00000----,False,PP-NS-2059,Yes,43.88,8027729,BD,BD,NF,1,BD,No, ,NO,903079, UROLOGY,2/11/2025 12:00:00 AM,CLOSED,11-1-1,21.94,CLOSED FOR RECEIVING,EACH,2/12/2025 12:00:00 AM,2,NF,,2/11/2025 12:00:00 AM,Q5181,RUIZ JUNIOR NORMAN,,,MOUNT SINAI QUEENS - RECVG MAIN,43.88,NF,NF,NF,UROLOGY,MEDLINE INDUSTRIES INC,12422
MOUNT SINAI QUEENS,2025,MEDLINE INDUSTRIES INC,"OPERATING ROOM SUITE, 12200",CLOSED,903079,"903079, UROLOGY",MOUNT SINAI QUEENS,Yes,Yes,A303414A,BD,5/28/2025 12:00:00 AM,M3104124,GOODS,TRAY CATHETERIZATION COMPLETE CARE LUBRI-SIL IC STATLOCK SURESTEP 14FR FOLEY URINE METER STERILE LATEX FREE DISPOSABLEA303414ABRDA303414A,ORAPOS,UROLOGY,BRDA303414A,OPERATING ROOM SUITE,12200,UROLOGY,PP-NS-2059,,TRAY CATHETERIZATION COMPLETE CARE LUBRI-SIL IC STATLOCK SURESTEP 14FR FOLEY URINE METER STERILE LATEX FREE DISPOSABLE,903079,A303414A,1,1,1,10,10,232.2,232.2,NF,True,NF,GADSDEN CHONTE,GADSDEN CHONTE,"UROLOGY 
 
BD",Y,12200 OR SEMI-LUM 25-10 30TH AVE 5TH FL,"OPERATING ROOM SUITE, 12200",True,MOUNT SINAI QUEENS,ACTIVE,CLOSED,EDI,TRUE,TRUE,232.199,MOUNT SINAI QUEENS,MOUNT SINAI QUEENS,102-107-11-12200-903079-00000000000-000-0000-000-00000-00000----,False,PP-NS-2059,Yes,232.2,8027729,BD,BD,NF,1,BD,No, ,NO,903079, UROLOGY,5/27/2025 12:00:00 AM,CLOSED,12-1-1,232.199,CLOSED,CASE,5/28/2025 12:00:00 AM,1,NF,10,5/27/2025 12:00:00 AM,Q9299,PASION RENATO,,,MOUNT SINAI QUEENS - RECVG MAIN,232.199,NF,NF,NF,UROLOGY,MEDLINE INDUSTRIES INC,12422
MOUNT SINAI QUEENS,2025,MEDLINE INDUSTRIES INC,"NURSING STATION 2-MSQ, 10405",CLOSED,903079,"903079, UROLOGY",MOUNT SINAI QUEENS,Yes,Yes,A303414A,BD,6/11/2025 12:00:00 AM,M3109138,GOODS,TRAY CATHETERIZATION COMPLETE CARE LUBRI-SIL IC STATLOCK SURESTEP 14FR FOLEY URINE METER STERILE LATEX FREE DISPOSABLEA303414ABRDA303414A,ORAPOS,UROLOGY,BRDA303414A,NURSING STATION 2-MSQ,10405,UROLOGY,PP-NS-2059,,TRAY CATHETERIZATION COMPLETE CARE LUBRI-SIL IC STATLOCK SURESTEP 14FR FOLEY URINE METER STERILE LATEX FREE DISPOSABLE,903079,A303414A,2,2,2,,,46.44,46.44,NF,True,NF,GADSDEN CHONTE,GADSDEN CHONTE,"UROLOGY 
 
BD",Y,10405 NSG STATION 2 25-10 30TH AVE 2FL,"NURSING STATION 2-MSQ, 10405",True,MOUNT SINAI QUEENS,ACTIVE,CLOSED,EDI,TRUE,TRUE,46.44,MOUNT SINAI QUEENS,MOUNT SINAI QUEENS,102-107-11-10405-903079-00000000000-000-0000-000-00000-00000----,False,PP-NS-2059,Yes,46.44,8027729,BD,BD,NF,1,BD,No, ,NO,903079, UROLOGY,6/6/2025 12:00:00 AM,CLOSED,8-1-1,23.22,CLOSED FOR RECEIVING,EACH,6/11/2025 12:00:00 AM,2,NF,,6/6/2025 12:00:00 AM,Q9788,CANDELIER ELEANA,,,MOUNT SINAI QUEENS - RECVG MAIN,46.44,NF,NF,NF,UROLOGY,MEDLINE INDUSTRIES INC,12422
MOUNT SINAI QUEENS,2025,MEDLINE INDUSTRIES INC,"NURSING STATION 6-TELEM-MSQ, 10411",CLOSED,903079,"903079, UROLOGY",MOUNT SINAI QUEENS,Yes,Yes,A303414A,BD,3/21/2025 12:00:00 AM,M3074862,GOODS,TRAY CATHETERIZATION COMPLETE CARE LUBRI-SIL IC STATLOCK SURESTEP 14FR FOLEY URINE METER STERILE LATEX FREE DISPOSABLEA303414ABRDA303414A,ORAPOS,UROLOGY,BRDA303414A,NURSING STATION 6-TELEM-MSQ,10411,UROLOGY,PP-NS-2059,,TRAY CATHETERIZATION COMPLETE CARE LUBRI-SIL IC STATLOCK SURESTEP 14FR FOLEY URINE METER STERILE LATEX FREE DISPOSABLE,903079,A303414A,2,2,2,,,46.44,46.44,NF,True,NF,GADSDEN CHONTE,GADSDEN CHONTE,"UROLOGY 
 
BD",Y,10411 NSG STATION 6TEL 25-10 30TH AVE 6,"NURSING STATION 6-TELEM-MSQ, 10411",True,MOUNT SINAI QUEENS,ACTIVE,CLOSED,EDI,TRUE,TRUE,46.4398,MOUNT SINAI QUEENS,MOUNT SINAI QUEENS,102-107-11-10411-903079-00000000000-000-0000-000-00000-00000----,False,PP-NS-2059,Yes,46.44,8027729,BD,BD,NF,1,BD,No, ,NO,903079, UROLOGY,3/21/2025 12:00:00 AM,CLOSED,35-1-1,23.2199,CLOSED FOR RECEIVING,EACH,3/21/2025 12:00:00 AM,2,NF,,3/21/2025 12:00:00 AM,Q6719,CASTILLO DAVID,,,MOUNT SINAI QUEENS - RECVG MAIN,46.4398,NF,NF,NF,UROLOGY,MEDLINE INDUSTRIES INC,12422
MOUNT SINAI QUEENS,2025,MEDLINE INDUSTRIES INC,"EMERGENCY DEPARTMENT, 14100",OPEN,903079,"903079, UROLOGY",MOUNT SINAI QUEENS,Yes,Yes,A303414A,BD,3/20/2025 12:00:00 AM,M3073504,GOODS,TRAY CATHETERIZATION COMPLETE CARE LUBRI-SIL IC STATLOCK SURESTEP 14FR FOLEY URINE METER STERILE LATEX FREE DISPOSABLEA303414ABRDA303414A,ORAPOS,UROLOGY,BRDA303414A,EMERGENCY DEPARTMENT,14100,UROLOGY,PP-NS-2059,,TRAY CATHETERIZATION COMPLETE CARE LUBRI-SIL IC STATLOCK SURESTEP 14FR FOLEY URINE METER STERILE LATEX FREE DISPOSABLE,903079,A303414A,8,8,8,,,185.76,185.76,NF,True,NF,GADSDEN CHONTE,GADSDEN CHONTE,"UROLOGY 
 
BD",Y,14100 ED A1-218 25-10 30TH AVE 1FL,"EMERGENCY DEPARTMENT, 14100",True,MOUNT SINAI QUEENS,ACTIVE,CLOSED,EDI,TRUE,TRUE,185.7592,MOUNT SINAI QUEENS,MOUNT SINAI QUEENS,102-107-11-14100-903079-00000000000-000-0000-000-00000-00000----,False,PP-NS-2059,Yes,185.76,8027729,BD,BD,NF,1,BD,No, ,NO,903079, UROLOGY,3/19/2025 12:00:00 AM,CLOSED,12-1-1,23.2199,OPEN,EACH,3/20/2025 12:00:00 AM,8,NF,,3/19/2025 12:00:00 AM,Q6628,CANDELIER ELEANA,,,MOUNT SINAI QUEENS - RECVG MAIN,185.7592,NF,NF,NF,UROLOGY,MEDLINE INDUSTRIES INC,12422
MOUNT SINAI HOSPITAL,2025,MEDLINE INDUSTRIES INC,"NURSING EMERGENCY SERVICES, 12001",CLOSED,903079,"903079, UROLOGY",MOUNT SINAI HOSPITAL,Yes,Yes,A303414A,BD,4/14/2025 12:00:00 AM,M3084796,GOODS,TRAY CATHETERIZATION COMPLETE CARE LUBRI-SIL IC STATLOCK SURESTEP 14FR FOLEY URINE METER STERILE LATEX FREE DISPOSABLEA303414ABRDA303414A,ORAPOS,UROLOGY,BRDA303414A,NURSING EMERGENCY SERVICES,12001,UROLOGY,PP-NS-2059,,TRAY CATHETERIZATION COMPLETE CARE LUBRI-SIL IC STATLOCK SURESTEP 14FR FOLEY URINE METER STERILE LATEX FREE DISPOSABLE,903079,A303414A,12,12,12,,,278.64,278.64,NF,True,NF,DIAZ VANESSA,DIAZ VANESSA,"UROLOGY 
 
BD",Y,12001 GPMC ED ACUTE1 A,"NURSING EMERGENCY SERVICES, 12001",True,MOUNT SINAI HOSPITAL,ACTIVE,CLOSED,EDI,TRUE,TRUE,278.6388,MOUNT SINAI HOSPITAL,MOUNT SINAI HOSPITAL,101-101-11-12001-903079-00000000000-000-0000-000-00000-00000----,False,PP-NS-2059,Yes,278.64,8027729,BD,BD,NF,1,BD,No, ,NO,903079, UROLOGY,4/14/2025 12:00:00 AM,CLOSED,36-1-1,23.2199,CLOSED,EACH,4/14/2025 12:00:00 AM,12,NF,,4/14/2025 12:00:00 AM,M45832,PARKES KEVIN,,,MOUNT SINAI HOSPITAL - RECVG MAIN,278.6388,NF,NF,NF,UROLOGY,MEDLINE INDUSTRIES INC,12422
MOUNT SINAI HOSPITAL,2025,MEDLINE INDUSTRIES INC,"NURSING EMERGENCY SERVICES, 12001",CLOSED,903079,"903079, UROLOGY",MOUNT SINAI HOSPITAL,Yes,Yes,A303414A,BD,5/3/2025 12:00:00 AM,M3094316,GOODS,TRAY CATHETERIZATION COMPLETE CARE LUBRI-SIL IC STATLOCK SURESTEP 14FR FOLEY URINE METER STERILE LATEX FREE DISPOSABLEA303414ABRDA303414A,ORAPOS,UROLOGY,BRDA303414A,NURSING EMERGENCY SERVICES,12001,UROLOGY,PP-NS-2059,,TRAY CATHETERIZATION COMPLETE CARE LUBRI-SIL IC STATLOCK SURESTEP 14FR FOLEY URINE METER STERILE LATEX FREE DISPOSABLE,903079,A303414A,8,8,8,,,185.76,185.76,NF,True,NF,DIAZ VANESSA,DIAZ VANESSA,"UROLOGY 
 
BD",Y,12001 MED GP MC ED INTAKE,"NURSING EMERGENCY SERVICES, 12001",True,MOUNT SINAI HOSPITAL,ACTIVE,CLOSED,EDI,TRUE,TRUE,185.7592,MOUNT SINAI HOSPITAL,MOUNT SINAI HOSPITAL,101-101-11-12001-903079-00000000000-000-0000-000-00000-00000----,False,PP-NS-2059,Yes,185.76,8027729,BD,BD,NF,1,BD,No, ,NO,903079, UROLOGY,5/3/2025 12:00:00 AM,CLOSED,61-1-1,23.2199,CLOSED,EACH,5/3/2025 12:00:00 AM,8,NF,,5/3/2025 12:00:00 AM,M50762,SPENCER STEPHEN,,,MOUNT SINAI HOSPITAL - RECVG MAIN,185.7592,NF,NF,NF,UROLOGY,MEDLINE INDUSTRIES INC,12422
MOUNT SINAI QUEENS,2025,MEDLINE INDUSTRIES INC,"OPERATING ROOM SUITE, 12200",CLOSED,903079,"903079, UROLOGY",MOUNT SINAI QUEENS,Yes,Yes,A303414A,BD,2/21/2025 12:00:00 AM,M3061373,GOODS,TRAY CATHETERIZATION COMPLETE CARE LUBRI-SIL IC STATLOCK SURESTEP 14FR FOLEY URINE METER STERILE LATEX FREE DISPOSABLEA303414ABRDA303414A,ORAPOS,UROLOGY,BRDA303414A,OPERATING ROOM SUITE,12200,UROLOGY,PP-NS-2059,,TRAY CATHETERIZATION COMPLETE CARE LUBRI-SIL IC STATLOCK SURESTEP 14FR FOLEY URINE METER STERILE LATEX FREE DISPOSABLE,903079,A303414A,1,1,1,10,10,219.4,219.4,NF,True,NF,GADSDEN CHONTE,GADSDEN CHONTE,"UROLOGY 
 
BD",Y,12200 OR SEMI-LUM 25-10 30TH AVE 5TH FL,"OPERATING ROOM SUITE, 12200",True,MOUNT SINAI QUEENS,ACTIVE,CLOSED,EDI,TRUE,TRUE,219.4,MOUNT SINAI QUEENS,MOUNT SINAI QUEENS,102-107-11-12200-903079-00000000000-000-0000-000-00000-00000----,False,PP-NS-2059,Yes,219.4,8027729,BD,BD,NF,1,BD,No, ,NO,903079, UROLOGY,2/21/2025 12:00:00 AM,CLOSED,1-1-1,219.4,CLOSED,CASE,2/21/2025 12:00:00 AM,1,NF,10,2/21/2025 12:00:00 AM,Q5532,PASION RENATO,,,MOUNT SINAI QUEENS - RECVG MAIN,219.4,NF,NF,NF,UROLOGY,MEDLINE INDUSTRIES INC,12422
MOUNT SINAI QUEENS,2025,MEDLINE INDUSTRIES INC,"NURSING STATION 6-TELEM-MSQ, 10411",OPEN,903079,"903079, UROLOGY",MOUNT SINAI QUEENS,Yes,Yes,A303414A,BD,6/16/2025 12:00:00 AM,M3113266,GOODS,TRAY CATHETERIZATION COMPLETE CARE LUBRI-SIL IC STATLOCK SURESTEP 14FR FOLEY URINE METER STERILE LATEX FREE DISPOSABLEA303414ABRDA303414A,ORAPOS,UROLOGY,BRDA303414A,NURSING STATION 6-TELEM-MSQ,10411,UROLOGY,PP-NS-2059,,TRAY CATHETERIZATION COMPLETE CARE LUBRI-SIL IC STATLOCK SURESTEP 14FR FOLEY URINE METER STERILE LATEX FREE DISPOSABLE,903079,A303414A,2,2,2,,,46.44,46.44,NF,True,NF,GADSDEN CHONTE,GADSDEN CHONTE,"UROLOGY 
 
BD",Y,10411 NSG STATION 6TEL 25-10 30TH AVE 6,"NURSING STATION 6-TELEM-MSQ, 10411",True,MOUNT SINAI QUEENS,ACTIVE,CLOSED,EDI,TRUE,TRUE,46.44,MOUNT SINAI QUEENS,MOUNT SINAI QUEENS,102-107-11-10411-903079-00000000000-000-0000-000-00000-00000----,False,PP-NS-2059,Yes,46.44,8027729,BD,BD,NF,1,BD,No, ,NO,903079, UROLOGY,6/16/2025 12:00:00 AM,CLOSED,29-1-1,23.22,OPEN,EACH,6/16/2025 12:00:00 AM,2,NF,,6/16/2025 12:00:00 AM,Q10077,CASTILLO DAVID,,,MOUNT SINAI QUEENS - RECVG MAIN,46.44,NF,NF,NF,UROLOGY,MEDLINE INDUSTRIES INC,12422
MOUNT SINAI HOSPITAL,2025,MEDLINE INDUSTRIES INC,"NURSING EMERGENCY SERVICES, 12001",CLOSED,903079,"903079, UROLOGY",MOUNT SINAI HOSPITAL,Yes,Yes,A303414A,BD,3/20/2025 12:00:00 AM,M3071825,GOODS,TRAY CATHETERIZATION COMPLETE CARE LUBRI-SIL IC STATLOCK SURESTEP 14FR FOLEY URINE METER STERILE LATEX FREE DISPOSABLEA303414ABRDA303414A,ORAPOS,UROLOGY,BRDA303414A,NURSING EMERGENCY SERVICES,12001,UROLOGY,PP-NS-2059,,TRAY CATHETERIZATION COMPLETE CARE LUBRI-SIL IC STATLOCK SURESTEP 14FR FOLEY URINE METER STERILE LATEX FREE DISPOSABLE,903079,A303414A,6,6,6,,,139.32,139.32,NF,True,NF,DIAZ VANESSA,DIAZ VANESSA,"UROLOGY 
 
BD",Y,12001 GPMC ED ACUTE1 A,"NURSING EMERGENCY SERVICES, 12001",True,MOUNT SINAI HOSPITAL,ACTIVE,CLOSED,EDI,TRUE,TRUE,139.3194,MOUNT SINAI HOSPITAL,MOUNT SINAI HOSPITAL,101-101-11-12001-903079-00000000000-000-0000-000-00000-00000----,False,PP-NS-2059,Yes,139.32,8027729,BD,BD,NF,1,BD,No, ,NO,903079, UROLOGY,3/17/2025 12:00:00 AM,CLOSED,43-1-1,23.2199,CLOSED,EACH,3/20/2025 12:00:00 AM,6,NF,,3/17/2025 12:00:00 AM,M38742,PARKES KEVIN,,,MOUNT SINAI HOSPITAL - RECVG MAIN,139.3194,NF,NF,NF,UROLOGY,MEDLINE INDUSTRIES INC,12422
MOUNT SINAI QUEENS,2025,MEDLINE INDUSTRIES INC,"BALANCE SHEET, 00000",CLOSED,119013,"119013, CENTRAL SERVICES",MOUNT SINAI QUEENS,Yes,Yes,A303414A,BD,6/2/2025 12:00:00 AM,M3068291,GOODS,TRAY CATHETERIZATION COMPLETE CARE LUBRI-SIL IC STATLOCK SURESTEP 14FR FOLEY URINE METER STERILE LATEX FREE DISPOSABLEA303414ABRDA303414A,ORAPOS,CENTRAL SERVICES,BRDA303414A,BALANCE SHEET,00000,CENTRAL SERVICES,PP-NS-2059,,TRAY CATHETERIZATION COMPLETE CARE LUBRI-SIL IC STATLOCK SURESTEP 14FR FOLEY URINE METER STERILE LATEX FREE DISPOSABLE,119013,A303414A,2,2,2,10,20,464.4,464.4,NF,True,NF,GADSDEN CHONTE,GADSDEN CHONTE,"CENTRAL SERVICES 
 
BD",Y,Q STOREROOM,"BALANCE SHEET, 00000",True,MOUNT SINAI QUEENS,ACTIVE,CLOSED,EDI,TRUE,TRUE,464.398,MOUNT SINAI QUEENS,MOUNT SINAI QUEENS,102-000-11-00000-119013-00000000000-000-0000-000-00000-00000----,False,PP-NS-2059,Yes,464.4,8027729,BD,BD,NF,1,BD,No, ,NO,119013, CENTRAL SERVICES,3/7/2025 12:00:00 AM,CLOSED,22-1-1,232.199,CLOSED FOR RECEIVING,CASE,6/2/2025 12:00:00 AM,2,NF,20,3/7/2025 12:00:00 AM,Q6140,MENA VICTOR,,,Q STOREROOM,464.398,NF,NF,NF,CENTRAL SERVICES,MEDLINE INDUSTRIES INC,12422
MOUNT SINAI QUEENS,2025,MEDLINE INDUSTRIES INC,"EMERGENCY DEPARTMENT, 14100",OPEN,903079,"903079, UROLOGY",MOUNT SINAI QUEENS,Yes,Yes,A303414A,BD,4/2/2025 12:00:00 AM,M3079834,GOODS,TRAY CATHETERIZATION COMPLETE CARE LUBRI-SIL IC STATLOCK SURESTEP 14FR FOLEY URINE METER STERILE LATEX FREE DISPOSABLEA303414ABRDA303414A,ORAPOS,UROLOGY,BRDA303414A,EMERGENCY DEPARTMENT,14100,UROLOGY,PP-NS-2059,,TRAY CATHETERIZATION COMPLETE CARE LUBRI-SIL IC STATLOCK SURESTEP 14FR FOLEY URINE METER STERILE LATEX FREE DISPOSABLE,903079,A303414A,16,16,16,,,371.52,371.52,NF,True,NF,GADSDEN CHONTE,GADSDEN CHONTE,"UROLOGY 
 
BD",Y,14100 ED A1-218 25-10 30TH AVE 1FL,"EMERGENCY DEPARTMENT, 14100",True,MOUNT SINAI QUEENS,ACTIVE,CLOSED,EDI,TRUE,TRUE,371.5184,MOUNT SINAI QUEENS,MOUNT SINAI QUEENS,102-107-11-14100-903079-00000000000-000-0000-000-00000-00000----,False,PP-NS-2059,Yes,371.52,8027729,BD,BD,NF,1,BD,No, ,NO,903079, UROLOGY,4/2/2025 12:00:00 AM,CLOSED,30-1-1,23.2199,OPEN,EACH,4/2/2025 12:00:00 AM,16,NF,,4/2/2025 12:00:00 AM,Q7147,DIAZ DAVID,,,MOUNT SINAI QUEENS - RECVG MAIN,371.5184,NF,NF,NF,UROLOGY,MEDLINE INDUSTRIES INC,12422
MOUNT SINAI HOSPITAL,2025,MEDLINE INDUSTRIES INC,"NURSING SICU - GP 6 EAST-MSH, 10212",CLOSED,903079,"903079, UROLOGY",MOUNT SINAI HOSPITAL,Yes,Yes,A303414A,BD,2/5/2025 12:00:00 AM,M3049180,GOODS,TRAY CATHETERIZATION COMPLETE CARE LUBRI-SIL IC STATLOCK SURESTEP 14FR FOLEY URINE METER STERILE LATEX FREE DISPOSABLEA303414ABRDA303414A,ORAPOS,UROLOGY,BRDA303414A,NURSING SICU - GP 6 EAST-MSH,10212,UROLOGY,PP-NS-2059,,TRAY CATHETERIZATION COMPLETE CARE LUBRI-SIL IC STATLOCK SURESTEP 14FR FOLEY URINE METER STERILE LATEX FREE DISPOSABLE,903079,A303414A,5,5,5,,,109.7,109.7,NF,True,NF,IKRAM UMAIR,IKRAM UMAIR,"UROLOGY 
 
BD",Y,10212 GI GP 6E SICU B,"NURSING SICU - GP 6 EAST-MSH, 10212",True,MOUNT SINAI HOSPITAL,ACTIVE,CLOSED,EDI,TRUE,TRUE,109.7,MOUNT SINAI HOSPITAL,MOUNT SINAI HOSPITAL,101-101-11-10212-903079-00000000000-000-0000-000-00000-00000----,False,PP-NS-2059,Yes,109.7,8027729,BD,BD,NF,1,BD,No, ,NO,903079, UROLOGY,1/29/2025 12:00:00 AM,CLOSED,9-1-1,21.94,CLOSED,EACH,2/5/2025 12:00:00 AM,5,NF,,1/29/2025 12:00:00 AM,M26891,MARTINEZ MAX,,,MOUNT SINAI HOSPITAL - RECVG MAIN,109.7,NF,NF,NF,UROLOGY,MEDLINE INDUSTRIES INC,12422
MOUNT SINAI MORNINGSIDE,2025,CR BARD INC,"OUTPATIENT CLINIC, 13608",CLOSED,903079,"903079, UROLOGY",MOUNT SINAI MORNINGSIDE,Yes,Yes,A303316A,BD,3/16/2025 12:00:00 AM,W1041172,GOODS,TRAY CATH FOLEY STABILIZATION SURESTEP LATEX 16FRA303316AA303316A,ORAPOS,UROLOGY,A303316A,OUTPATIENT CLINIC,13608,UROLOGY,PP-NS-2059,MSHS-BARD-UROLOGY-DIRECT-NC,TRAY CATH FOLEY STABILIZATION SURESTEP LATEX 16FR,903079,A303316A,1,1,1,10,10,225.8,225.8,NF,True,NF,BANNERMAN TRACEY,BANNERMAN TRACEY,"UROLOGY 
 
BD",Y,440 W 114TH ST 2ND FL STE 250 2ND FLOOR SUITE 250,"OUTPATIENT CLINIC, 13608",True,MOUNT SINAI MORNINGSIDE,ACTIVE,CLOSED,EDI,TRUE,TRUE,225.8,MOUNT SINAI MORNINGSIDE,MOUNT SINAI MORNINGSIDE,302-302-11-13608-903079-00000000000-000-0000-000-00000-00000----,False,PP-NS-2059,Yes,225.8,1936297,BD,BD,NF,10,BD,No, ,NO,903079, UROLOGY,3/11/2025 12:00:00 AM,CLOSED,1-1-1,225.8,CLOSED,CASE,3/16/2025 12:00:00 AM,1,NF,10,3/11/2025 12:00:00 AM,L14714,STEPHEN SHERRY,,,MOUNT SINAI MORNINGSIDE - RECVG MAIN,225.8,NF,NF,NF,UROLOGY,CR BARD INC,336358
MOUNT SINAI QUEENS,2025,MEDLINE INDUSTRIES INC,"OPERATING ROOM SUITE, 12200",CLOSED,903079,"903079, UROLOGY",MOUNT SINAI QUEENS,Yes,Yes,A303414A,BD,7/9/2025 12:00:00 AM,M3122478,GOODS,TRAY CATHETERIZATION COMPLETE CARE LUBRI-SIL IC STATLOCK SURESTEP 14FR FOLEY URINE METER STERILE LATEX FREE DISPOSABLEA303414ABRDA942214,ORAPOS,UROLOGY,BRDA942214,OPERATING ROOM SUITE,12200,UROLOGY,PP-NS-2059,,TRAY CATHETERIZATION COMPLETE CARE LUBRI-SIL IC STATLOCK SURESTEP 14FR FOLEY URINE METER STERILE LATEX FREE DISPOSABLE,903079,A303414A,1,1,1,10,10,223.41,223.41,NF,True,NF,GADSDEN CHONTE,GADSDEN CHONTE,"UROLOGY 
 
BD",Y,12200 OR SEMI-LUM 25-10 30TH AVE 5TH FL,"OPERATING ROOM SUITE, 12200",True,MOUNT SINAI QUEENS,ACTIVE,CLOSED,EDI,TRUE,TRUE,232.2,MOUNT SINAI QUEENS,MOUNT SINAI QUEENS,102-107-11-12200-903079-00000000000-000-0000-000-00000-00000----,False,PP-NS-2059,Yes,223.41,8027729,BD,BD,NF,1,BD,No, ,NO,903079, UROLOGY,7/8/2025 12:00:00 AM,CLOSED,8-1-1,232.2,CLOSED,CASE,7/9/2025 12:00:00 AM,1,NF,10,7/8/2025 12:00:00 AM,Q10825,PASION RENATO,,,MOUNT SINAI QUEENS - RECVG MAIN,232.2,NF,NF,NF,UROLOGY,MEDLINE INDUSTRIES INC,12422
MOUNT SINAI QUEENS,2025,MEDLINE INDUSTRIES INC,"NURSING STATION 6-TELEM-MSQ, 10411",CLOSED,903079,"903079, UROLOGY",MOUNT SINAI QUEENS,Yes,Yes,A303414A,BD,2/23/2025 12:00:00 AM,M3055289,GOODS,TRAY CATHETERIZATION COMPLETE CARE LUBRI-SIL IC STATLOCK SURESTEP 14FR FOLEY URINE METER STERILE LATEX FREE DISPOSABLEA303414ABRDA303414A,ORAPOS,UROLOGY,BRDA303414A,NURSING STATION 6-TELEM-MSQ,10411,UROLOGY,PP-NS-2059,,TRAY CATHETERIZATION COMPLETE CARE LUBRI-SIL IC STATLOCK SURESTEP 14FR FOLEY URINE METER STERILE LATEX FREE DISPOSABLE,903079,A303414A,2,2,2,,,43.88,43.88,NF,True,NF,GADSDEN CHONTE,GADSDEN CHONTE,"UROLOGY 
 
BD",Y,10411 NSG STATION 6TEL 25-10 30TH AVE 6,"NURSING STATION 6-TELEM-MSQ, 10411",True,MOUNT SINAI QUEENS,ACTIVE,CLOSED,EDI,TRUE,TRUE,43.88,MOUNT SINAI QUEENS,MOUNT SINAI QUEENS,102-107-11-10411-903079-00000000000-000-0000-000-00000-00000----,False,PP-NS-2059,Yes,43.88,8027729,BD,BD,NF,1,BD,No, ,NO,903079, UROLOGY,2/10/2025 12:00:00 AM,CLOSED,14-1-1,21.94,CLOSED,EACH,2/23/2025 12:00:00 AM,2,NF,,2/10/2025 12:00:00 AM,Q5135,CASTILLO DAVID,,,MOUNT SINAI QUEENS - RECVG MAIN,43.88,NF,NF,NF,UROLOGY,MEDLINE INDUSTRIES INC,12422
MOUNT SINAI QUEENS,2025,MEDLINE INDUSTRIES INC,"NURSING STATION 4W-MSQ, 10409",CLOSED,903079,"903079, UROLOGY",MOUNT SINAI QUEENS,Yes,Yes,A303414A,BD,5/19/2025 12:00:00 AM,M3100846,GOODS,TRAY CATHETERIZATION COMPLETE CARE LUBRI-SIL IC STATLOCK SURESTEP 14FR FOLEY URINE METER STERILE LATEX FREE DISPOSABLEA303414ABRDA303414A,ORAPOS,UROLOGY,BRDA303414A,NURSING STATION 4W-MSQ,10409,UROLOGY,PP-NS-2059,,TRAY CATHETERIZATION COMPLETE CARE LUBRI-SIL IC STATLOCK SURESTEP 14FR FOLEY URINE METER STERILE LATEX FREE DISPOSABLE,903079,A303414A,2,2,2,,,46.44,46.44,NF,True,NF,GADSDEN CHONTE,GADSDEN CHONTE,"UROLOGY 
 
BD",Y,10409 NSG STATION 4W 25-10 30TH AVE 4FL,"NURSING STATION 4W-MSQ, 10409",True,MOUNT SINAI QUEENS,ACTIVE,CLOSED,EDI,TRUE,TRUE,46.4398,MOUNT SINAI QUEENS,MOUNT SINAI QUEENS,102-107-11-10409-903079-00000000000-000-0000-000-00000-00000----,False,PP-NS-2059,Yes,46.44,8027729,BD,BD,NF,1,BD,No, ,NO,903079, UROLOGY,5/19/2025 12:00:00 AM,CLOSED,14-1-1,23.2199,CLOSED,EACH,5/19/2025 12:00:00 AM,2,NF,,5/19/2025 12:00:00 AM,Q9046,RUIZ JUNIOR NORMAN,,,MOUNT SINAI QUEENS - RECVG MAIN,46.4398,NF,NF,NF,UROLOGY,MEDLINE INDUSTRIES INC,12422
MOUNT SINAI QUEENS,2025,MEDLINE INDUSTRIES INC,"NURSING STATION 2-MSQ, 10405",CLOSED,903079,"903079, UROLOGY",MOUNT SINAI QUEENS,Yes,Yes,A303414A,BD,5/26/2025 12:00:00 AM,M3103750,GOODS,TRAY CATHETERIZATION COMPLETE CARE LUBRI-SIL IC STATLOCK SURESTEP 14FR FOLEY URINE METER STERILE LATEX FREE DISPOSABLEA303414ABRDA303414A,ORAPOS,UROLOGY,BRDA303414A,NURSING STATION 2-MSQ,10405,UROLOGY,PP-NS-2059,,TRAY CATHETERIZATION COMPLETE CARE LUBRI-SIL IC STATLOCK SURESTEP 14FR FOLEY URINE METER STERILE LATEX FREE DISPOSABLE,903079,A303414A,2,2,2,,,46.44,46.44,NF,True,NF,GADSDEN CHONTE,GADSDEN CHONTE,"UROLOGY 
 
BD",Y,10405 NSG STATION 2 25-10 30TH AVE 2FL,"NURSING STATION 2-MSQ, 10405",True,MOUNT SINAI QUEENS,ACTIVE,CLOSED,EDI,TRUE,TRUE,46.44,MOUNT SINAI QUEENS,MOUNT SINAI QUEENS,102-107-11-10405-903079-00000000000-000-0000-000-00000-00000----,False,PP-NS-2059,Yes,46.44,8027729,BD,BD,NF,1,BD,No, ,NO,903079, UROLOGY,5/26/2025 12:00:00 AM,CLOSED,4-1-1,23.22,CLOSED,EACH,5/26/2025 12:00:00 AM,2,NF,,5/26/2025 12:00:00 AM,Q9294,RUIZ JUNIOR NORMAN,,,MOUNT SINAI QUEENS - RECVG MAIN,46.44,NF,NF,NF,UROLOGY,MEDLINE INDUSTRIES INC,12422
MOUNT SINAI WEST VILLAGE,2025,MEDLINE INDUSTRIES INC,"AMBULATORY SURGERY, 12152",CLOSED,903079,"903079, UROLOGY",MOUNT SINAI WEST VILLAGE,Yes,Yes,A942216,BD,7/16/2025 12:00:00 AM,B1028973,GOODS,SILICONE UM FLY TRAY WITH FSD - COIA942216BRDA942216,ORAPOS,UROLOGY,BRDA942216,AMBULATORY SURGERY,12152,UROLOGY,PP-NS-2059,,SILICONE UM FLY TRAY WITH FSD - COI,903079,A942216,1,0,1,10,10,223.41,223.41,NF,True,NF,MELENDEZ REBECA,MELENDEZ REBECA,"UROLOGY 
 
BD",Y,325 W 15TH ST 1ST FL AMB SURG 1ST FLOOR AMBULATORY SURGERY,"AMBULATORY SURGERY, 12152",True,MOUNT SINAI WEST VILLAGE,ACTIVE,CLOSED,EDI,TRUE,TRUE,223.412,MS CANCER CENTER WEST,MOUNT SINAI WEST VILLAGE,408-958-11-12152-903079-00000000000-000-0000-000-00000-00000----,False,PP-NS-2059,Yes,223.41,1926475,BD,BD,NF,10,BD,No, ,NO,903079, UROLOGY,7/16/2025 12:00:00 AM,CLOSED FOR INVOICING,5-1-1,223.412,CLOSED FOR INVOICING,CASE,7/16/2025 12:00:00 AM,1,NF,10,7/16/2025 12:00:00 AM,C3071,WARE PAUL,,,MS CANCER CENTER WEST - RECVG MAIN,223.412,NF,NF,NF,UROLOGY,MEDLINE INDUSTRIES INC,12422
MOUNT SINAI QUEENS,2025,MEDLINE INDUSTRIES INC,"BALANCE SHEET, 00000",CLOSED,119013,"119013, CENTRAL SERVICES",MOUNT SINAI QUEENS,Yes,Yes,A303414A,BD,4/8/2025 12:00:00 AM,M3081982,GOODS,TRAY CATHETERIZATION COMPLETE CARE LUBRI-SIL IC STATLOCK SURESTEP 14FR FOLEY URINE METER STERILE LATEX FREE DISPOSABLEA303414ABRDA303414A,ORAPOS,CENTRAL SERVICES,BRDA303414A,BALANCE SHEET,00000,CENTRAL SERVICES,PP-NS-2059,,TRAY CATHETERIZATION COMPLETE CARE LUBRI-SIL IC STATLOCK SURESTEP 14FR FOLEY URINE METER STERILE LATEX FREE DISPOSABLE,119013,A303414A,2,2,2,10,20,464.4,464.4,NF,True,NF,GADSDEN CHONTE,GADSDEN CHONTE,"CENTRAL SERVICES 
 
BD",Y,Q STOREROOM,"BALANCE SHEET, 00000",True,MOUNT SINAI QUEENS,ACTIVE,CLOSED,EDI,TRUE,TRUE,464.398,MOUNT SINAI QUEENS,MOUNT SINAI QUEENS,102-000-11-00000-119013-00000000000-000-0000-000-00000-00000----,False,PP-NS-2059,Yes,464.4,8027729,BD,BD,NF,1,BD,No, ,NO,119013, CENTRAL SERVICES,4/7/2025 12:00:00 AM,CLOSED,6-1-1,232.199,CLOSED FOR RECEIVING,CASE,4/8/2025 12:00:00 AM,2,NF,20,4/7/2025 12:00:00 AM,Q7348,MENA VICTOR,,,Q STOREROOM,464.398,NF,NF,NF,CENTRAL SERVICES,MEDLINE INDUSTRIES INC,12422
MOUNT SINAI QUEENS,2025,MEDLINE INDUSTRIES INC,"NURSING STATION 4W-MSQ, 10409",CLOSED,903079,"903079, UROLOGY",MOUNT SINAI QUEENS,Yes,Yes,A303414A,BD,6/11/2025 12:00:00 AM,M3108936,GOODS,TRAY CATHETERIZATION COMPLETE CARE LUBRI-SIL IC STATLOCK SURESTEP 14FR FOLEY URINE METER STERILE LATEX FREE DISPOSABLEA303414ABRDA303414A,ORAPOS,UROLOGY,BRDA303414A,NURSING STATION 4W-MSQ,10409,UROLOGY,PP-NS-2059,,TRAY CATHETERIZATION COMPLETE CARE LUBRI-SIL IC STATLOCK SURESTEP 14FR FOLEY URINE METER STERILE LATEX FREE DISPOSABLE,903079,A303414A,2,2,2,,,46.44,46.44,NF,True,NF,GADSDEN CHONTE,GADSDEN CHONTE,"UROLOGY 
 
BD",Y,10409 NSG STATION 4W 25-10 30TH AVE 4FL,"NURSING STATION 4W-MSQ, 10409",True,MOUNT SINAI QUEENS,ACTIVE,CLOSED,EDI,TRUE,TRUE,46.44,MOUNT SINAI QUEENS,MOUNT SINAI QUEENS,102-107-11-10409-903079-00000000000-000-0000-000-00000-00000----,False,PP-NS-2059,Yes,46.44,8027729,BD,BD,NF,1,BD,No, ,NO,903079, UROLOGY,6/6/2025 12:00:00 AM,CLOSED,8-1-1,23.22,CLOSED FOR RECEIVING,EACH,6/11/2025 12:00:00 AM,2,NF,,6/6/2025 12:00:00 AM,Q9773,CANDELIER ELEANA,,,MOUNT SINAI QUEENS - RECVG MAIN,46.44,NF,NF,NF,UROLOGY,MEDLINE INDUSTRIES INC,12422
MOUNT SINAI QUEENS,2025,MEDLINE INDUSTRIES INC,"BALANCE SHEET, 00000",OPEN,119013,"119013, CENTRAL SERVICES",MOUNT SINAI QUEENS,Yes,Yes,A303414A,BD,6/20/2025 12:00:00 AM,M3115472,GOODS,TRAY CATHETERIZATION COMPLETE CARE LUBRI-SIL IC STATLOCK SURESTEP 14FR FOLEY URINE METER STERILE LATEX FREE DISPOSABLEA303414ABRDA303414A,ORAPOS,CENTRAL SERVICES,BRDA303414A,BALANCE SHEET,00000,CENTRAL SERVICES,PP-NS-2059,,TRAY CATHETERIZATION COMPLETE CARE LUBRI-SIL IC STATLOCK SURESTEP 14FR FOLEY URINE METER STERILE LATEX FREE DISPOSABLE,119013,A303414A,2,2,2,10,20,464.4,464.4,NF,True,NF,GADSDEN CHONTE,GADSDEN CHONTE,"CENTRAL SERVICES 
 
BD",Y,Q STOREROOM,"BALANCE SHEET, 00000",True,MOUNT SINAI QUEENS,ACTIVE,CLOSED,EDI,TRUE,TRUE,464.398,MOUNT SINAI QUEENS,MOUNT SINAI QUEENS,102-000-11-00000-119013-00000000000-000-0000-000-00000-00000----,False,PP-NS-2059,Yes,464.4,8027729,BD,BD,NF,1,BD,No, ,NO,119013, CENTRAL SERVICES,6/20/2025 12:00:00 AM,CLOSED,14-1-1,232.199,OPEN,CASE,6/20/2025 12:00:00 AM,2,NF,20,6/20/2025 12:00:00 AM,Q10230,MENA VICTOR,,,Q STOREROOM,464.398,NF,NF,NF,CENTRAL SERVICES,MEDLINE INDUSTRIES INC,12422
MOUNT SINAI HOSPITAL,2025,MEDLINE INDUSTRIES INC,"NURSING LABOR & DELIV KP 2-MSH, 10263",CLOSED,903079,"903079, UROLOGY",MOUNT SINAI HOSPITAL,Yes,Yes,A303414A,BD,2/10/2025 12:00:00 AM,M3055483,GOODS,TRAY CATHETERIZATION COMPLETE CARE LUBRI-SIL IC STATLOCK SURESTEP 14FR FOLEY URINE METER STERILE LATEX FREE DISPOSABLEA303414ABRDA303414A,ORAPOS,UROLOGY,BRDA303414A,NURSING LABOR & DELIV KP 2-MSH,10263,UROLOGY,PP-NS-2059,,TRAY CATHETERIZATION COMPLETE CARE LUBRI-SIL IC STATLOCK SURESTEP 14FR FOLEY URINE METER STERILE LATEX FREE DISPOSABLE,903079,A303414A,2,2,2,10,20,438.8,438.8,NF,True,NF,DIAZ VANESSA,DIAZ VANESSA,"UROLOGY 
 
BD",Y,10263 MC KP2 L&D EAST,"NURSING LABOR & DELIV KP 2-MSH, 10263",True,MOUNT SINAI HOSPITAL,ACTIVE,CLOSED,EDI,TRUE,TRUE,438.8,MOUNT SINAI HOSPITAL,MOUNT SINAI HOSPITAL,101-101-11-10263-903079-00000000000-000-0000-000-00000-00000----,False,PP-NS-2059,Yes,438.8,8027729,BD,BD,NF,1,BD,No, ,NO,903079, UROLOGY,2/10/2025 12:00:00 AM,CLOSED,1-1-1,219.4,CLOSED,CASE,2/10/2025 12:00:00 AM,2,NF,20,2/10/2025 12:00:00 AM,M30106,SHINN JOHN,,,MOUNT SINAI HOSPITAL - RECVG MAIN,438.8,NF,NF,NF,UROLOGY,MEDLINE INDUSTRIES INC,12422
MOUNT SINAI QUEENS,2025,MEDLINE INDUSTRIES INC,"NURSING STATION 2-MSQ, 10405",CLOSED,903079,"903079, UROLOGY",MOUNT SINAI QUEENS,Yes,Yes,A303414A,BD,2/17/2025 12:00:00 AM,M3058524,GOODS,TRAY CATHETERIZATION COMPLETE CARE LUBRI-SIL IC STATLOCK SURESTEP 14FR FOLEY URINE METER STERILE LATEX FREE DISPOSABLEA303414ABRDA303414A,ORAPOS,UROLOGY,BRDA303414A,NURSING STATION 2-MSQ,10405,UROLOGY,PP-NS-2059,,TRAY CATHETERIZATION COMPLETE CARE LUBRI-SIL IC STATLOCK SURESTEP 14FR FOLEY URINE METER STERILE LATEX FREE DISPOSABLE,903079,A303414A,2,2,2,,,43.88,43.88,NF,True,NF,GADSDEN CHONTE,GADSDEN CHONTE,"UROLOGY 
 
BD",Y,10405 NSG STATION 2 25-10 30TH AVE 2FL,"NURSING STATION 2-MSQ, 10405",True,MOUNT SINAI QUEENS,ACTIVE,CLOSED,EDI,TRUE,TRUE,43.88,MOUNT SINAI QUEENS,MOUNT SINAI QUEENS,102-107-11-10405-903079-00000000000-000-0000-000-00000-00000----,False,PP-NS-2059,Yes,43.88,8027729,BD,BD,NF,1,BD,No, ,NO,903079, UROLOGY,2/17/2025 12:00:00 AM,CLOSED,30-1-1,21.94,CLOSED,EACH,2/17/2025 12:00:00 AM,2,NF,,2/17/2025 12:00:00 AM,Q5393,RUIZ JUNIOR NORMAN,,,MOUNT SINAI QUEENS - RECVG MAIN,43.88,NF,NF,NF,UROLOGY,MEDLINE INDUSTRIES INC,12422
MOUNT SINAI QUEENS,2025,MEDLINE INDUSTRIES INC,"EMERGENCY DEPARTMENT, 14100",CLOSED,903079,"903079, UROLOGY",MOUNT SINAI QUEENS,Yes,Yes,A303414A,BD,2/12/2025 12:00:00 AM,M3056849,GOODS,TRAY CATHETERIZATION COMPLETE CARE LUBRI-SIL IC STATLOCK SURESTEP 14FR FOLEY URINE METER STERILE LATEX FREE DISPOSABLEA303414ABRDA303414A,ORAPOS,UROLOGY,BRDA303414A,EMERGENCY DEPARTMENT,14100,UROLOGY,PP-NS-2059,,TRAY CATHETERIZATION COMPLETE CARE LUBRI-SIL IC STATLOCK SURESTEP 14FR FOLEY URINE METER STERILE LATEX FREE DISPOSABLE,903079,A303414A,8,8,8,,,175.52,175.52,NF,True,NF,GADSDEN CHONTE,GADSDEN CHONTE,"UROLOGY 
 
BD",Y,14100 ED A1-218 25-10 30TH AVE 1FL,"EMERGENCY DEPARTMENT, 14100",True,MOUNT SINAI QUEENS,ACTIVE,CLOSED,EDI,TRUE,TRUE,175.52,MOUNT SINAI QUEENS,MOUNT SINAI QUEENS,102-107-11-14100-903079-00000000000-000-0000-000-00000-00000----,False,PP-NS-2059,Yes,175.52,8027729,BD,BD,NF,1,BD,No, ,NO,903079, UROLOGY,2/12/2025 12:00:00 AM,CLOSED,8-1-1,21.94,CLOSED,EACH,2/12/2025 12:00:00 AM,8,NF,,2/12/2025 12:00:00 AM,Q5248,DIAZ DAVID,,,MOUNT SINAI QUEENS - RECVG MAIN,175.52,NF,NF,NF,UROLOGY,MEDLINE INDUSTRIES INC,12422
MOUNT SINAI QUEENS,2025,MEDLINE INDUSTRIES INC,"NURSING STATION 6-TELEM-MSQ, 10411",CLOSED,903079,"903079, UROLOGY",MOUNT SINAI QUEENS,Yes,Yes,A303414A,BD,6/6/2025 12:00:00 AM,M3109322,GOODS,TRAY CATHETERIZATION COMPLETE CARE LUBRI-SIL IC STATLOCK SURESTEP 14FR FOLEY URINE METER STERILE LATEX FREE DISPOSABLEA303414ABRDA303414A,ORAPOS,UROLOGY,BRDA303414A,NURSING STATION 6-TELEM-MSQ,10411,UROLOGY,PP-NS-2059,,TRAY CATHETERIZATION COMPLETE CARE LUBRI-SIL IC STATLOCK SURESTEP 14FR FOLEY URINE METER STERILE LATEX FREE DISPOSABLE,903079,A303414A,2,2,2,,,46.44,46.44,NF,True,NF,GADSDEN CHONTE,GADSDEN CHONTE,"UROLOGY 
 
BD",Y,10411 NSG STATION 6TEL 25-10 30TH AVE 6,"NURSING STATION 6-TELEM-MSQ, 10411",True,MOUNT SINAI QUEENS,ACTIVE,CLOSED,EDI,TRUE,TRUE,46.44,MOUNT SINAI QUEENS,MOUNT SINAI QUEENS,102-107-11-10411-903079-00000000000-000-0000-000-00000-00000----,False,PP-NS-2059,Yes,46.44,8027729,BD,BD,NF,1,BD,No, ,NO,903079, UROLOGY,6/6/2025 12:00:00 AM,CLOSED,29-1-1,23.22,CLOSED,EACH,6/6/2025 12:00:00 AM,2,NF,,6/6/2025 12:00:00 AM,Q9802,CASTILLO DAVID,,,MOUNT SINAI QUEENS - RECVG MAIN,46.44,NF,NF,NF,UROLOGY,MEDLINE INDUSTRIES INC,12422
MOUNT SINAI QUEENS,2025,MEDLINE INDUSTRIES INC,"NURSING STATION 6-TELEM-MSQ, 10411",OPEN,903079,"903079, UROLOGY",MOUNT SINAI QUEENS,Yes,Yes,A303414A,BD,7/4/2025 12:00:00 AM,M3121360,GOODS,TRAY CATHETERIZATION COMPLETE CARE LUBRI-SIL IC STATLOCK SURESTEP 14FR FOLEY URINE METER STERILE LATEX FREE DISPOSABLEA303414ABRDA303414A,ORAPOS,UROLOGY,BRDA303414A,NURSING STATION 6-TELEM-MSQ,10411,UROLOGY,PP-NS-2059,,TRAY CATHETERIZATION COMPLETE CARE LUBRI-SIL IC STATLOCK SURESTEP 14FR FOLEY URINE METER STERILE LATEX FREE DISPOSABLE,903079,A303414A,2,2,2,,,46.44,46.44,NF,True,NF,GADSDEN CHONTE,GADSDEN CHONTE,"UROLOGY 
 
BD",Y,10411 NSG STATION 6TEL 25-10 30TH AVE 6,"NURSING STATION 6-TELEM-MSQ, 10411",True,MOUNT SINAI QUEENS,ACTIVE,CLOSED,EDI,TRUE,TRUE,46.44,MOUNT SINAI QUEENS,MOUNT SINAI QUEENS,102-107-11-10411-903079-00000000000-000-0000-000-00000-00000----,False,PP-NS-2059,Yes,46.44,8027729,BD,BD,NF,1,BD,No, ,NO,903079, UROLOGY,7/3/2025 12:00:00 AM,CLOSED,35-1-1,23.22,OPEN,EACH,7/4/2025 12:00:00 AM,2,NF,,7/3/2025 12:00:00 AM,Q10743,CASTILLO DAVID,,,MOUNT SINAI QUEENS - RECVG MAIN,46.44,NF,NF,NF,UROLOGY,MEDLINE INDUSTRIES INC,12422
MOUNT SINAI QUEENS,2025,MEDLINE INDUSTRIES INC,"NURSING STATION 4W-MSQ, 10409",CLOSED,903079,"903079, UROLOGY",MOUNT SINAI QUEENS,Yes,Yes,A303414A,BD,2/3/2025 12:00:00 AM,M3051453,GOODS,TRAY CATHETERIZATION COMPLETE CARE LUBRI-SIL IC STATLOCK SURESTEP 14FR FOLEY URINE METER STERILE LATEX FREE DISPOSABLEA303414ABRDA303414A,ORAPOS,UROLOGY,BRDA303414A,NURSING STATION 4W-MSQ,10409,UROLOGY,PP-NS-2059,,TRAY CATHETERIZATION COMPLETE CARE LUBRI-SIL IC STATLOCK SURESTEP 14FR FOLEY URINE METER STERILE LATEX FREE DISPOSABLE,903079,A303414A,2,2,2,,,43.88,43.88,NF,True,NF,GADSDEN CHONTE,GADSDEN CHONTE,"UROLOGY 
 
BD",Y,10409 NSG STATION 4W 25-10 30TH AVE 4FL,"NURSING STATION 4W-MSQ, 10409",True,MOUNT SINAI QUEENS,ACTIVE,CLOSED,EDI,TRUE,TRUE,43.88,MOUNT SINAI QUEENS,MOUNT SINAI QUEENS,102-107-11-10409-903079-00000000000-000-0000-000-00000-00000----,False,PP-NS-2059,Yes,43.88,8027729,BD,BD,NF,1,BD,No, ,NO,903079, UROLOGY,2/3/2025 12:00:00 AM,CLOSED,12-1-1,21.94,CLOSED,EACH,2/3/2025 12:00:00 AM,2,NF,,2/3/2025 12:00:00 AM,Q4827,RUIZ JUNIOR NORMAN,,,MOUNT SINAI QUEENS - RECVG MAIN,43.88,NF,NF,NF,UROLOGY,MEDLINE INDUSTRIES INC,12422
MOUNT SINAI HOSPITAL,2025,MEDLINE INDUSTRIES INC,"NURSING LABOR & DELIV KP 2-MSH, 10263",OPEN,903079,"903079, UROLOGY",MOUNT SINAI HOSPITAL,Yes,Yes,A303414A,BD,2/6/2025 12:00:00 AM,M3053827,GOODS,TRAY CATHETERIZATION COMPLETE CARE LUBRI-SIL IC STATLOCK SURESTEP 14FR FOLEY URINE METER STERILE LATEX FREE DISPOSABLEA303414ABRDA303414A,ORAPOS,UROLOGY,BRDA303414A,NURSING LABOR & DELIV KP 2-MSH,10263,UROLOGY,PP-NS-2059,,TRAY CATHETERIZATION COMPLETE CARE LUBRI-SIL IC STATLOCK SURESTEP 14FR FOLEY URINE METER STERILE LATEX FREE DISPOSABLE,903079,A303414A,1,1,1,10,10,219.4,219.4,NF,True,NF,DIAZ VANESSA,DIAZ VANESSA,"UROLOGY 
 
BD",Y,10263 MC KP2 L&D EAST,"NURSING LABOR & DELIV KP 2-MSH, 10263",True,MOUNT SINAI HOSPITAL,ACTIVE,CLOSED,EDI,TRUE,TRUE,219.4,MOUNT SINAI HOSPITAL,MOUNT SINAI HOSPITAL,101-101-11-10263-903079-00000000000-000-0000-000-00000-00000----,False,PP-NS-2059,Yes,219.4,8027729,BD,BD,NF,1,BD,No, ,NO,903079, UROLOGY,2/6/2025 12:00:00 AM,CLOSED,8-1-1,219.4,OPEN,CASE,2/6/2025 12:00:00 AM,1,NF,10,2/6/2025 12:00:00 AM,M29262,ROJAS BERNNIT,,,MOUNT SINAI HOSPITAL - RECVG MAIN,219.4,NF,NF,NF,UROLOGY,MEDLINE INDUSTRIES INC,12422
MOUNT SINAI HOSPITAL,2025,MEDLINE INDUSTRIES INC,"NURSING EMERGENCY SERVICES, 12001",OPEN,903079,"903079, UROLOGY",MOUNT SINAI HOSPITAL,Yes,Yes,A303414A,BD,3/6/2025 12:00:00 AM,M3067184,GOODS,TRAY CATHETERIZATION COMPLETE CARE LUBRI-SIL IC STATLOCK SURESTEP 14FR FOLEY URINE METER STERILE LATEX FREE DISPOSABLEA303414ABRDA303414A,ORAPOS,UROLOGY,BRDA303414A,NURSING EMERGENCY SERVICES,12001,UROLOGY,PP-NS-2059,,TRAY CATHETERIZATION COMPLETE CARE LUBRI-SIL IC STATLOCK SURESTEP 14FR FOLEY URINE METER STERILE LATEX FREE DISPOSABLE,903079,A303414A,0,10,10,,,232.2,232.2,NF,True,NF,DIAZ VANESSA,DIAZ VANESSA,"UROLOGY 
 
BD",Y,12001 MED GP MC ED INTAKE,"NURSING EMERGENCY SERVICES, 12001",True,MOUNT SINAI HOSPITAL,ACTIVE,CLOSED,EDI,TRUE,TRUE,232.199,MOUNT SINAI HOSPITAL,MOUNT SINAI HOSPITAL,101-101-11-12001-903079-00000000000-000-0000-000-00000-00000----,False,PP-NS-2059,Yes,232.2,8027729,BD,BD,NF,1,BD,No, ,NO,903079, UROLOGY,3/6/2025 12:00:00 AM,CLOSED FOR RECEIVING,40-1-1,23.2199,OPEN,EACH,3/6/2025 12:00:00 AM,10,NF,,3/6/2025 12:00:00 AM,M36246,PARKES KEVIN,,,MOUNT SINAI HOSPITAL - RECVG MAIN,232.199,NF,NF,NF,UROLOGY,MEDLINE INDUSTRIES INC,12422
MOUNT SINAI QUEENS,2025,MEDLINE INDUSTRIES INC,"NURSING STATION 6-TELEM-MSQ, 10411",CLOSED,903079,"903079, UROLOGY",MOUNT SINAI QUEENS,Yes,Yes,A303414A,BD,6/2/2025 12:00:00 AM,M3106803,GOODS,TRAY CATHETERIZATION COMPLETE CARE LUBRI-SIL IC STATLOCK SURESTEP 14FR FOLEY URINE METER STERILE LATEX FREE DISPOSABLEA303414ABRDA303414A,ORAPOS,UROLOGY,BRDA303414A,NURSING STATION 6-TELEM-MSQ,10411,UROLOGY,PP-NS-2059,,TRAY CATHETERIZATION COMPLETE CARE LUBRI-SIL IC STATLOCK SURESTEP 14FR FOLEY URINE METER STERILE LATEX FREE DISPOSABLE,903079,A303414A,2,2,2,,,46.44,46.44,NF,True,NF,GADSDEN CHONTE,GADSDEN CHONTE,"UROLOGY 
 
BD",Y,10411 NSG STATION 6TEL 25-10 30TH AVE 6,"NURSING STATION 6-TELEM-MSQ, 10411",True,MOUNT SINAI QUEENS,ACTIVE,CLOSED,EDI,TRUE,TRUE,46.44,MOUNT SINAI QUEENS,MOUNT SINAI QUEENS,102-107-11-10411-903079-00000000000-000-0000-000-00000-00000----,False,PP-NS-2059,Yes,46.44,8027729,BD,BD,NF,1,BD,No, ,NO,903079, UROLOGY,6/2/2025 12:00:00 AM,CLOSED,27-1-1,23.22,CLOSED,EACH,6/2/2025 12:00:00 AM,2,NF,,6/2/2025 12:00:00 AM,Q9574,CASTILLO DAVID,,,MOUNT SINAI QUEENS - RECVG MAIN,46.44,NF,NF,NF,UROLOGY,MEDLINE INDUSTRIES INC,12422
MOUNT SINAI HOSPITAL,2025,MEDLINE INDUSTRIES INC,"NURSING EMERGENCY SERVICES, 12001",CLOSED,903079,"903079, UROLOGY",MOUNT SINAI HOSPITAL,Yes,Yes,A303414A,BD,4/5/2025 12:00:00 AM,M3081421,GOODS,TRAY CATHETERIZATION COMPLETE CARE LUBRI-SIL IC STATLOCK SURESTEP 14FR FOLEY URINE METER STERILE LATEX FREE DISPOSABLEA303414ABRDA303414A,ORAPOS,UROLOGY,BRDA303414A,NURSING EMERGENCY SERVICES,12001,UROLOGY,PP-NS-2059,,TRAY CATHETERIZATION COMPLETE CARE LUBRI-SIL IC STATLOCK SURESTEP 14FR FOLEY URINE METER STERILE LATEX FREE DISPOSABLE,903079,A303414A,4,4,4,,,92.88,92.88,NF,True,NF,DIAZ VANESSA,DIAZ VANESSA,"UROLOGY 
 
BD",Y,12001 GPMC ED ACUTE1 A,"NURSING EMERGENCY SERVICES, 12001",True,MOUNT SINAI HOSPITAL,ACTIVE,CLOSED,EDI,TRUE,TRUE,92.8796,MOUNT SINAI HOSPITAL,MOUNT SINAI HOSPITAL,101-101-11-12001-903079-00000000000-000-0000-000-00000-00000----,False,PP-NS-2059,Yes,92.88,8027729,BD,BD,NF,1,BD,No, ,NO,903079, UROLOGY,4/5/2025 12:00:00 AM,CLOSED,35-1-1,23.2199,CLOSED FOR RECEIVING,EACH,4/5/2025 12:00:00 AM,4,NF,,4/5/2025 12:00:00 AM,M43982,PIMENTEL MANUEL,,,MOUNT SINAI HOSPITAL - RECVG MAIN,92.8796,NF,NF,NF,UROLOGY,MEDLINE INDUSTRIES INC,12422
MOUNT SINAI HOSPITAL,2025,MEDLINE INDUSTRIES INC,"NURSING EMERGENCY SERVICES, 12001",CLOSED,903079,"903079, UROLOGY",MOUNT SINAI HOSPITAL,Yes,Yes,A303414A,BD,3/7/2025 12:00:00 AM,M3067756,GOODS,TRAY CATHETERIZATION COMPLETE CARE LUBRI-SIL IC STATLOCK SURESTEP 14FR FOLEY URINE METER STERILE LATEX FREE DISPOSABLEA303414ABRDA303414A,ORAPOS,UROLOGY,BRDA303414A,NURSING EMERGENCY SERVICES,12001,UROLOGY,PP-NS-2059,,TRAY CATHETERIZATION COMPLETE CARE LUBRI-SIL IC STATLOCK SURESTEP 14FR FOLEY URINE METER STERILE LATEX FREE DISPOSABLE,903079,A303414A,0,6,6,,,139.32,139.32,NF,True,NF,DIAZ VANESSA,DIAZ VANESSA,"UROLOGY 
 
BD",Y,12001 GPMC ED ACUTE1 A,"NURSING EMERGENCY SERVICES, 12001",True,MOUNT SINAI HOSPITAL,ACTIVE,CLOSED,EDI,TRUE,TRUE,139.3194,MOUNT SINAI HOSPITAL,MOUNT SINAI HOSPITAL,101-101-11-12001-903079-00000000000-000-0000-000-00000-00000----,False,PP-NS-2059,Yes,139.32,8027729,BD,BD,NF,1,BD,No, ,NO,903079, UROLOGY,3/7/2025 12:00:00 AM,CLOSED FOR RECEIVING,31-1-1,23.2199,CLOSED FOR RECEIVING,EACH,3/7/2025 12:00:00 AM,6,NF,,3/7/2025 12:00:00 AM,M36549,PARKES KEVIN,,,MOUNT SINAI HOSPITAL - RECVG MAIN,139.3194,NF,NF,NF,UROLOGY,MEDLINE INDUSTRIES INC,12422
MOUNT SINAI HOSPITAL,2025,MEDLINE INDUSTRIES INC,"NURSING EMERGENCY SERVICES, 12001",OPEN,903079,"903079, UROLOGY",MOUNT SINAI HOSPITAL,Yes,Yes,A303414A,BD,3/17/2025 12:00:00 AM,M3071550,GOODS,TRAY CATHETERIZATION COMPLETE CARE LUBRI-SIL IC STATLOCK SURESTEP 14FR FOLEY URINE METER STERILE LATEX FREE DISPOSABLEA303414ABRDA303414A,ORAPOS,UROLOGY,BRDA303414A,NURSING EMERGENCY SERVICES,12001,UROLOGY,PP-NS-2059,,TRAY CATHETERIZATION COMPLETE CARE LUBRI-SIL IC STATLOCK SURESTEP 14FR FOLEY URINE METER STERILE LATEX FREE DISPOSABLE,903079,A303414A,10,10,10,,,232.2,232.2,NF,True,NF,DIAZ VANESSA,DIAZ VANESSA,"UROLOGY 
 
BD",Y,12001 MED GP MC ED INTAKE,"NURSING EMERGENCY SERVICES, 12001",True,MOUNT SINAI HOSPITAL,ACTIVE,CLOSED,EDI,TRUE,TRUE,232.199,MOUNT SINAI HOSPITAL,MOUNT SINAI HOSPITAL,101-101-11-12001-903079-00000000000-000-0000-000-00000-00000----,False,PP-NS-2059,Yes,232.2,8027729,BD,BD,NF,1,BD,No, ,NO,903079, UROLOGY,3/14/2025 12:00:00 AM,CLOSED,57-1-1,23.2199,OPEN,EACH,3/17/2025 12:00:00 AM,10,NF,,3/14/2025 12:00:00 AM,M38612,PAGAN CHANTELL,,,MOUNT SINAI HOSPITAL - RECVG MAIN,232.199,NF,NF,NF,UROLOGY,MEDLINE INDUSTRIES INC,12422
MOUNT SINAI QUEENS,2025,MEDLINE INDUSTRIES INC,"NURSING STATION 3E-MSQ, 10406",OPEN,903079,"903079, UROLOGY",MOUNT SINAI QUEENS,Yes,Yes,A303414A,BD,6/24/2025 12:00:00 AM,M3116728,GOODS,TRAY CATHETERIZATION COMPLETE CARE LUBRI-SIL IC STATLOCK SURESTEP 14FR FOLEY URINE METER STERILE LATEX FREE DISPOSABLEA303414ABRDA303414A,ORAPOS,UROLOGY,BRDA303414A,NURSING STATION 3E-MSQ,10406,UROLOGY,PP-NS-2059,,TRAY CATHETERIZATION COMPLETE CARE LUBRI-SIL IC STATLOCK SURESTEP 14FR FOLEY URINE METER STERILE LATEX FREE DISPOSABLE,903079,A303414A,2,2,2,,,46.44,46.44,NF,True,NF,GADSDEN CHONTE,GADSDEN CHONTE,"UROLOGY 
 
BD",Y,10406 NSG STATION 3E 25-10 30TH AVE 3FL,"NURSING STATION 3E-MSQ, 10406",True,MOUNT SINAI QUEENS,ACTIVE,CLOSED,EDI,TRUE,TRUE,46.44,MOUNT SINAI QUEENS,MOUNT SINAI QUEENS,102-107-11-10406-903079-00000000000-000-0000-000-00000-00000----,False,PP-NS-2059,Yes,46.44,8027729,BD,BD,NF,1,BD,No, ,NO,903079, UROLOGY,6/24/2025 12:00:00 AM,CLOSED,37-1-1,23.22,OPEN,EACH,6/24/2025 12:00:00 AM,2,NF,,6/24/2025 12:00:00 AM,Q10335,CANDELIER ELEANA,,,MOUNT SINAI QUEENS - RECVG MAIN,46.44,NF,NF,NF,UROLOGY,MEDLINE INDUSTRIES INC,12422
MOUNT SINAI QUEENS,2025,MEDLINE INDUSTRIES INC,"NURSING STATION 4W-MSQ, 10409",OPEN,903079,"903079, UROLOGY",MOUNT SINAI QUEENS,Yes,Yes,A303414A,BD,2/13/2025 12:00:00 AM,M3052152,GOODS,TRAY CATHETERIZATION COMPLETE CARE LUBRI-SIL IC STATLOCK SURESTEP 14FR FOLEY URINE METER STERILE LATEX FREE DISPOSABLEA303414ABRDA303414A,ORAPOS,UROLOGY,BRDA303414A,NURSING STATION 4W-MSQ,10409,UROLOGY,PP-NS-2059,,TRAY CATHETERIZATION COMPLETE CARE LUBRI-SIL IC STATLOCK SURESTEP 14FR FOLEY URINE METER STERILE LATEX FREE DISPOSABLE,903079,A303414A,2,2,2,,,43.88,43.88,NF,True,NF,GADSDEN CHONTE,GADSDEN CHONTE,"UROLOGY 
 
BD",Y,10409 NSG STATION 4W 25-10 30TH AVE 4FL,"NURSING STATION 4W-MSQ, 10409",True,MOUNT SINAI QUEENS,ACTIVE,CLOSED,EDI,TRUE,TRUE,43.88,MOUNT SINAI QUEENS,MOUNT SINAI QUEENS,102-107-11-10409-903079-00000000000-000-0000-000-00000-00000----,False,PP-NS-2059,Yes,43.88,8027729,BD,BD,NF,1,BD,No, ,NO,903079, UROLOGY,2/4/2025 12:00:00 AM,CLOSED,42-1-1,21.94,OPEN,EACH,2/13/2025 12:00:00 AM,2,NF,,2/4/2025 12:00:00 AM,Q4878,RUIZ JUNIOR NORMAN,,,MOUNT SINAI QUEENS - RECVG MAIN,43.88,NF,NF,NF,UROLOGY,MEDLINE INDUSTRIES INC,12422
MOUNT SINAI QUEENS,2025,MEDLINE INDUSTRIES INC,"NURSING STATION 3E-MSQ, 10406",CLOSED,903079,"903079, UROLOGY",MOUNT SINAI QUEENS,Yes,Yes,A303414A,BD,7/10/2025 12:00:00 AM,M3122879,GOODS,TRAY CATHETERIZATION COMPLETE CARE LUBRI-SIL IC STATLOCK SURESTEP 14FR FOLEY URINE METER STERILE LATEX FREE DISPOSABLEA303414ABRDA303414A,ORAPOS,UROLOGY,BRDA303414A,NURSING STATION 3E-MSQ,10406,UROLOGY,PP-NS-2059,,TRAY CATHETERIZATION COMPLETE CARE LUBRI-SIL IC STATLOCK SURESTEP 14FR FOLEY URINE METER STERILE LATEX FREE DISPOSABLE,903079,A303414A,2,2,2,,,46.44,46.44,NF,True,NF,GADSDEN CHONTE,GADSDEN CHONTE,"UROLOGY 
 
BD",Y,10406 NSG STATION 3E 25-10 30TH AVE 3FL,"NURSING STATION 3E-MSQ, 10406",True,MOUNT SINAI QUEENS,ACTIVE,CLOSED,EDI,TRUE,TRUE,46.44,MOUNT SINAI QUEENS,MOUNT SINAI QUEENS,102-107-11-10406-903079-00000000000-000-0000-000-00000-00000----,False,PP-NS-2059,Yes,46.44,8027729,BD,BD,NF,1,BD,No, ,NO,903079, UROLOGY,7/9/2025 12:00:00 AM,CLOSED,8-1-1,23.22,CLOSED,EACH,7/10/2025 12:00:00 AM,2,NF,,7/9/2025 12:00:00 AM,Q10883,RUIZ JUNIOR NORMAN,,,MOUNT SINAI QUEENS - RECVG MAIN,46.44,NF,NF,NF,UROLOGY,MEDLINE INDUSTRIES INC,12422
MOUNT SINAI WEST VILLAGE,2025,MEDLINE INDUSTRIES INC,"AMBULATORY SURGERY, 12152",CLOSED,903079,"903079, UROLOGY",MOUNT SINAI WEST VILLAGE,Yes,Yes,A942216,BD,2/28/2025 12:00:00 AM,B1015446,GOODS,SILICONE UM FLY TRAY WITH FSD - COIA942216BRDA942216,ORAPOS,UROLOGY,BRDA942216,AMBULATORY SURGERY,12152,UROLOGY,PP-NS-2059,,SILICONE UM FLY TRAY WITH FSD - COI,903079,A942216,1,1,1,10,10,209.1,209.1,NF,True,NF,MELENDEZ REBECA,MELENDEZ REBECA,"UROLOGY 
 
BD",Y,325 W 15TH ST 1ST FL AMB SURG 1ST FLOOR AMBULATORY SURGER 1,"AMBULATORY SURGERY, 12152",True,MOUNT SINAI WEST VILLAGE,ACTIVE,CLOSED,EDI,TRUE,TRUE,209.1,MS CANCER CENTER WEST,MOUNT SINAI WEST VILLAGE,408-958-11-12152-903079-00000000000-000-0000-000-00000-00000----,False,PP-NS-2059,Yes,209.1,1926475,BD,BD,NF,10,BD,No, ,NO,903079, UROLOGY,2/27/2025 12:00:00 AM,CLOSED,7-1-1,209.1,CLOSED FOR RECEIVING,CASE,2/28/2025 12:00:00 AM,1,NF,10,2/27/2025 12:00:00 AM,C1506,WARE PAUL,,,MS CANCER CENTER WEST - RECVG MAIN,209.1,NF,NF,NF,UROLOGY,MEDLINE INDUSTRIES INC,12422
MOUNT SINAI QUEENS,2025,MEDLINE INDUSTRIES INC,"NURSING STATION 3E-MSQ, 10406",OPEN,903079,"903079, UROLOGY",MOUNT SINAI QUEENS,Yes,Yes,A303414A,BD,2/5/2025 12:00:00 AM,M3053110,GOODS,TRAY CATHETERIZATION COMPLETE CARE LUBRI-SIL IC STATLOCK SURESTEP 14FR FOLEY URINE METER STERILE LATEX FREE DISPOSABLEA303414ABRDA303414A,ORAPOS,UROLOGY,BRDA303414A,NURSING STATION 3E-MSQ,10406,UROLOGY,PP-NS-2059,,TRAY CATHETERIZATION COMPLETE CARE LUBRI-SIL IC STATLOCK SURESTEP 14FR FOLEY URINE METER STERILE LATEX FREE DISPOSABLE,903079,A303414A,2,2,2,,,43.88,43.88,NF,True,NF,GADSDEN CHONTE,GADSDEN CHONTE,"UROLOGY 
 
BD",Y,10406 NSG STATION 3E 25-10 30TH AVE 3FL,"NURSING STATION 3E-MSQ, 10406",True,MOUNT SINAI QUEENS,ACTIVE,CLOSED,EDI,TRUE,TRUE,43.88,MOUNT SINAI QUEENS,MOUNT SINAI QUEENS,102-107-11-10406-903079-00000000000-000-0000-000-00000-00000----,False,PP-NS-2059,Yes,43.88,8027729,BD,BD,NF,1,BD,No, ,NO,903079, UROLOGY,2/5/2025 12:00:00 AM,CLOSED,12-1-1,21.94,OPEN,EACH,2/5/2025 12:00:00 AM,2,NF,,2/5/2025 12:00:00 AM,Q4942,GUPTA ANIL,,,MOUNT SINAI QUEENS - RECVG MAIN,43.88,NF,NF,NF,UROLOGY,MEDLINE INDUSTRIES INC,12422
MOUNT SINAI WEST VILLAGE,2025,MEDLINE INDUSTRIES INC,"AMBULATORY SURGERY, 12152",CLOSED,903079,"903079, UROLOGY",MOUNT SINAI WEST VILLAGE,Yes,Yes,A942216,BD,4/20/2025 12:00:00 AM,B1020540,GOODS,SILICONE UM FLY TRAY WITH FSD - COIA942216BRDA942216,ORAPOS,UROLOGY,BRDA942216,AMBULATORY SURGERY,12152,UROLOGY,PP-NS-2059,,SILICONE UM FLY TRAY WITH FSD - COI,903079,A942216,1,1,1,10,10,223.4,223.4,NF,True,NF,CALLENDER SHANTE,CALLENDER SHANTE,"UROLOGY 
 
BD",NF,325 W 15TH ST 1ST FL AMB SURG 1ST FLOOR AMBULATORY SURGER 1,"AMBULATORY SURGERY, 12152",True,MOUNT SINAI WEST VILLAGE,ACTIVE,CLOSED,EDI,TRUE,TRUE,223.4,MS CANCER CENTER WEST,MOUNT SINAI WEST VILLAGE,408-958-11-12152-903079-00000000000-000-0000-000-00000-00000----,False,PP-NS-2059,Yes,223.4,1926475,BD,BD,NF,10,BD,No, ,NO,903079, UROLOGY,4/18/2025 12:00:00 AM,CLOSED,1-1-1,223.4,CLOSED,CASE,4/20/2025 12:00:00 AM,1,NF,10,4/18/2025 12:00:00 AM,C2111,WARE PAUL,,,MS CANCER CENTER WEST - RECVG MAIN,223.4,NF,NF,NF,UROLOGY,MEDLINE INDUSTRIES INC,12422
MOUNT SINAI QUEENS,2025,MEDLINE INDUSTRIES INC,"NEURO ENDOVASCULAR SURGERY, 13055",CLOSED,903079,"903079, UROLOGY",MOUNT SINAI QUEENS,Yes,Yes,A303414A,BD,4/14/2025 12:00:00 AM,M3084881,GOODS,TRAY CATHETERIZATION COMPLETE CARE LUBRI-SIL IC STATLOCK SURESTEP 14FR FOLEY URINE METER STERILE LATEX FREE DISPOSABLEA303414ABRDA303414A,ORAPOS,UROLOGY,BRDA303414A,NEURO ENDOVASCULAR SURGERY,13055,UROLOGY,PP-NS-2059,,TRAY CATHETERIZATION COMPLETE CARE LUBRI-SIL IC STATLOCK SURESTEP 14FR FOLEY URINE METER STERILE LATEX FREE DISPOSABLE,903079,A303414A,2,2,2,,,46.44,46.44,NF,True,NF,GADSDEN CHONTE,GADSDEN CHONTE,"UROLOGY 
 
BD",Y,13055 STROKE PROGRAM 25-10 30TH AVE,"NEURO ENDOVASCULAR SURGERY, 13055",True,MOUNT SINAI QUEENS,ACTIVE,CLOSED,EDI,TRUE,TRUE,46.4398,MOUNT SINAI QUEENS,MOUNT SINAI QUEENS,102-107-11-13055-903079-00000000000-000-0000-000-00000-00000----,False,PP-NS-2059,Yes,46.44,8027729,BD,BD,NF,1,BD,No, ,NO,903079, UROLOGY,4/14/2025 12:00:00 AM,CLOSED,1-1-1,23.2199,CLOSED,EACH,4/14/2025 12:00:00 AM,2,NF,,4/14/2025 12:00:00 AM,Q6822,TITLEY STEPHAN,,,MOUNT SINAI QUEENS - RECVG MAIN,46.4398,NF,NF,NF,UROLOGY,MEDLINE INDUSTRIES INC,12422
MOUNT SINAI QUEENS,2025,MEDLINE INDUSTRIES INC,"NURSING STATION 4W-MSQ, 10409",CLOSED,903079,"903079, UROLOGY",MOUNT SINAI QUEENS,Yes,Yes,A303414A,BD,6/27/2025 12:00:00 AM,M3118222,GOODS,TRAY CATHETERIZATION COMPLETE CARE LUBRI-SIL IC STATLOCK SURESTEP 14FR FOLEY URINE METER STERILE LATEX FREE DISPOSABLEA303414ABRDA303414A,ORAPOS,UROLOGY,BRDA303414A,NURSING STATION 4W-MSQ,10409,UROLOGY,PP-NS-2059,,TRAY CATHETERIZATION COMPLETE CARE LUBRI-SIL IC STATLOCK SURESTEP 14FR FOLEY URINE METER STERILE LATEX FREE DISPOSABLE,903079,A303414A,2,2,2,,,46.44,46.44,NF,True,NF,GADSDEN CHONTE,GADSDEN CHONTE,"UROLOGY 
 
BD",Y,10409 NSG STATION 4W 25-10 30TH AVE 4FL,"NURSING STATION 4W-MSQ, 10409",True,MOUNT SINAI QUEENS,ACTIVE,CLOSED,EDI,TRUE,TRUE,46.44,MOUNT SINAI QUEENS,MOUNT SINAI QUEENS,102-107-11-10409-903079-00000000000-000-0000-000-00000-00000----,False,PP-NS-2059,Yes,46.44,8027729,BD,BD,NF,1,BD,No, ,NO,903079, UROLOGY,6/27/2025 12:00:00 AM,CLOSED,2-1-1,23.22,CLOSED,EACH,6/27/2025 12:00:00 AM,2,NF,,6/27/2025 12:00:00 AM,Q10471,RUIZ JUNIOR NORMAN,,,MOUNT SINAI QUEENS - RECVG MAIN,46.44,NF,NF,NF,UROLOGY,MEDLINE INDUSTRIES INC,12422
MOUNT SINAI HOSPITAL,2025,MEDLINE INDUSTRIES INC,"NURSING EMERGENCY SERVICES, 12001",OPEN,903079,"903079, UROLOGY",MOUNT SINAI HOSPITAL,Yes,Yes,A303414A,BD,6/19/2025 12:00:00 AM,M3114577,GOODS,TRAY CATHETERIZATION COMPLETE CARE LUBRI-SIL IC STATLOCK SURESTEP 14FR FOLEY URINE METER STERILE LATEX FREE DISPOSABLEA303414ABRDA303414A,ORAPOS,UROLOGY,BRDA303414A,NURSING EMERGENCY SERVICES,12001,UROLOGY,PP-NS-2059,,TRAY CATHETERIZATION COMPLETE CARE LUBRI-SIL IC STATLOCK SURESTEP 14FR FOLEY URINE METER STERILE LATEX FREE DISPOSABLE,903079,A303414A,6,6,6,,,139.32,139.32,NF,True,NF,DIAZ VANESSA,DIAZ VANESSA,"UROLOGY 
 
BD",Y,12001 MED GP MC ED INTAKE,"NURSING EMERGENCY SERVICES, 12001",True,MOUNT SINAI HOSPITAL,ACTIVE,CLOSED,EDI,TRUE,TRUE,139.32,MOUNT SINAI HOSPITAL,MOUNT SINAI HOSPITAL,101-101-11-12001-903079-00000000000-000-0000-000-00000-00000----,False,PP-NS-2059,Yes,139.32,8027729,BD,BD,NF,1,BD,No, ,NO,903079, UROLOGY,6/18/2025 12:00:00 AM,CLOSED,41-1-1,23.22,OPEN,EACH,6/19/2025 12:00:00 AM,6,NF,,6/18/2025 12:00:00 AM,M61792,PASTUIZACA NICOLLAS,,,MOUNT SINAI HOSPITAL - RECVG MAIN,139.32,NF,NF,NF,UROLOGY,MEDLINE INDUSTRIES INC,12422
MOUNT SINAI QUEENS,2025,MEDLINE INDUSTRIES INC,"EMERGENCY DEPARTMENT, 14100",OPEN,903079,"903079, UROLOGY",MOUNT SINAI QUEENS,Yes,Yes,A303414A,BD,4/16/2025 12:00:00 AM,M3086370,GOODS,TRAY CATHETERIZATION COMPLETE CARE LUBRI-SIL IC STATLOCK SURESTEP 14FR FOLEY URINE METER STERILE LATEX FREE DISPOSABLEA303414ABRDA303414A,ORAPOS,UROLOGY,BRDA303414A,EMERGENCY DEPARTMENT,14100,UROLOGY,PP-NS-2059,,TRAY CATHETERIZATION COMPLETE CARE LUBRI-SIL IC STATLOCK SURESTEP 14FR FOLEY URINE METER STERILE LATEX FREE DISPOSABLE,903079,A303414A,8,8,8,,,185.76,185.76,NF,True,NF,GADSDEN CHONTE,GADSDEN CHONTE,"UROLOGY 
 
BD",Y,14100 ED A1-218 25-10 30TH AVE 1FL,"EMERGENCY DEPARTMENT, 14100",True,MOUNT SINAI QUEENS,ACTIVE,CLOSED,EDI,TRUE,TRUE,185.7592,MOUNT SINAI QUEENS,MOUNT SINAI QUEENS,102-107-11-14100-903079-00000000000-000-0000-000-00000-00000----,False,PP-NS-2059,Yes,185.76,8027729,BD,BD,NF,1,BD,No, ,NO,903079, UROLOGY,4/16/2025 12:00:00 AM,CLOSED,1-1-1,23.2199,OPEN,EACH,4/16/2025 12:00:00 AM,8,NF,,4/16/2025 12:00:00 AM,Q7783,DIAZ DAVID,,,MOUNT SINAI QUEENS - RECVG MAIN,185.7592,NF,NF,NF,UROLOGY,MEDLINE INDUSTRIES INC,12422
MOUNT SINAI QUEENS,2025,MEDLINE INDUSTRIES INC,"NURSING STATION 3E-MSQ, 10406",CLOSED,903079,"903079, UROLOGY",MOUNT SINAI QUEENS,Yes,Yes,A303414A,BD,4/14/2025 12:00:00 AM,M3084857,GOODS,TRAY CATHETERIZATION COMPLETE CARE LUBRI-SIL IC STATLOCK SURESTEP 14FR FOLEY URINE METER STERILE LATEX FREE DISPOSABLEA303414ABRDA303414A,ORAPOS,UROLOGY,BRDA303414A,NURSING STATION 3E-MSQ,10406,UROLOGY,PP-NS-2059,,TRAY CATHETERIZATION COMPLETE CARE LUBRI-SIL IC STATLOCK SURESTEP 14FR FOLEY URINE METER STERILE LATEX FREE DISPOSABLE,903079,A303414A,2,2,2,,,46.44,46.44,NF,True,NF,GADSDEN CHONTE,GADSDEN CHONTE,"UROLOGY 
 
BD",Y,10406 NSG STATION 3E 25-10 30TH AVE 3FL,"NURSING STATION 3E-MSQ, 10406",True,MOUNT SINAI QUEENS,ACTIVE,CLOSED,EDI,TRUE,TRUE,46.4398,MOUNT SINAI QUEENS,MOUNT SINAI QUEENS,102-107-11-10406-903079-00000000000-000-0000-000-00000-00000----,False,PP-NS-2059,Yes,46.44,8027729,BD,BD,NF,1,BD,No, ,NO,903079, UROLOGY,4/14/2025 12:00:00 AM,CLOSED,8-1-1,23.2199,CLOSED,EACH,4/14/2025 12:00:00 AM,2,NF,,4/14/2025 12:00:00 AM,Q7623,RUIZ JUNIOR NORMAN,,,MOUNT SINAI QUEENS - RECVG MAIN,46.4398,NF,NF,NF,UROLOGY,MEDLINE INDUSTRIES INC,12422
MOUNT SINAI QUEENS,2025,MEDLINE INDUSTRIES INC,"EMERGENCY DEPARTMENT, 14100",CLOSED,903079,"903079, UROLOGY",MOUNT SINAI QUEENS,Yes,Yes,A303414A,BD,4/9/2025 12:00:00 AM,M3083178,GOODS,TRAY CATHETERIZATION COMPLETE CARE LUBRI-SIL IC STATLOCK SURESTEP 14FR FOLEY URINE METER STERILE LATEX FREE DISPOSABLEA303414ABRDA303414A,ORAPOS,UROLOGY,BRDA303414A,EMERGENCY DEPARTMENT,14100,UROLOGY,PP-NS-2059,,TRAY CATHETERIZATION COMPLETE CARE LUBRI-SIL IC STATLOCK SURESTEP 14FR FOLEY URINE METER STERILE LATEX FREE DISPOSABLE,903079,A303414A,8,8,8,,,185.76,185.76,NF,True,NF,GADSDEN CHONTE,GADSDEN CHONTE,"UROLOGY 
 
BD",Y,14100 ED A1-218 25-10 30TH AVE 1FL,"EMERGENCY DEPARTMENT, 14100",True,MOUNT SINAI QUEENS,ACTIVE,CLOSED,EDI,TRUE,TRUE,185.7592,MOUNT SINAI QUEENS,MOUNT SINAI QUEENS,102-107-11-14100-903079-00000000000-000-0000-000-00000-00000----,False,PP-NS-2059,Yes,185.76,8027729,BD,BD,NF,1,BD,No, ,NO,903079, UROLOGY,4/9/2025 12:00:00 AM,CLOSED,10-1-1,23.2199,CLOSED FOR INVOICING,EACH,4/9/2025 12:00:00 AM,8,NF,,4/9/2025 12:00:00 AM,Q7462,AQUINO CLAIRE,,,MOUNT SINAI QUEENS - RECVG MAIN,185.7592,NF,NF,NF,UROLOGY,MEDLINE INDUSTRIES INC,12422
MOUNT SINAI QUEENS,2025,MEDLINE INDUSTRIES INC,"EMERGENCY DEPARTMENT, 14100",CLOSED,903079,"903079, UROLOGY",MOUNT SINAI QUEENS,Yes,Yes,A303414A,BD,4/18/2025 12:00:00 AM,M3086961,GOODS,TRAY CATHETERIZATION COMPLETE CARE LUBRI-SIL IC STATLOCK SURESTEP 14FR FOLEY URINE METER STERILE LATEX FREE DISPOSABLEA303414ABRDA303414A,ORAPOS,UROLOGY,BRDA303414A,EMERGENCY DEPARTMENT,14100,UROLOGY,PP-NS-2059,,TRAY CATHETERIZATION COMPLETE CARE LUBRI-SIL IC STATLOCK SURESTEP 14FR FOLEY URINE METER STERILE LATEX FREE DISPOSABLE,903079,A303414A,16,16,16,,,371.52,371.52,NF,True,NF,GADSDEN CHONTE,GADSDEN CHONTE,"UROLOGY 
 
BD",Y,14100 ED A1-218 25-10 30TH AVE 1FL,"EMERGENCY DEPARTMENT, 14100",True,MOUNT SINAI QUEENS,ACTIVE,CLOSED,EDI,TRUE,TRUE,371.5184,MOUNT SINAI QUEENS,MOUNT SINAI QUEENS,102-107-11-14100-903079-00000000000-000-0000-000-00000-00000----,False,PP-NS-2059,Yes,371.52,8027729,BD,BD,NF,1,BD,No, ,NO,903079, UROLOGY,4/17/2025 12:00:00 AM,CLOSED,31-1-1,23.2199,CLOSED FOR RECEIVING,EACH,4/18/2025 12:00:00 AM,16,NF,,4/17/2025 12:00:00 AM,Q7816,DIAZ DAVID,,,MOUNT SINAI QUEENS - RECVG MAIN,371.5184,NF,NF,NF,UROLOGY,MEDLINE INDUSTRIES INC,12422
MOUNT SINAI QUEENS,2025,MEDLINE INDUSTRIES INC,"OPERATING ROOM SUITE, 12200",CLOSED,903079,"903079, UROLOGY",MOUNT SINAI QUEENS,Yes,Yes,A303414A,BD,4/29/2025 12:00:00 AM,M3092157,GOODS,TRAY CATHETERIZATION COMPLETE CARE LUBRI-SIL IC STATLOCK SURESTEP 14FR FOLEY URINE METER STERILE LATEX FREE DISPOSABLEA303414ABRDA303414A,ORAPOS,UROLOGY,BRDA303414A,OPERATING ROOM SUITE,12200,UROLOGY,PP-NS-2059,,TRAY CATHETERIZATION COMPLETE CARE LUBRI-SIL IC STATLOCK SURESTEP 14FR FOLEY URINE METER STERILE LATEX FREE DISPOSABLE,903079,A303414A,1,1,1,10,10,232.2,232.2,NF,True,NF,GADSDEN CHONTE,GADSDEN CHONTE,"UROLOGY 
 
BD",Y,12200 OR SEMI-LUM 25-10 30TH AVE 5TH FL,"OPERATING ROOM SUITE, 12200",True,MOUNT SINAI QUEENS,ACTIVE,CLOSED,EDI,TRUE,TRUE,232.199,MOUNT SINAI QUEENS,MOUNT SINAI QUEENS,102-107-11-12200-903079-00000000000-000-0000-000-00000-00000----,False,PP-NS-2059,Yes,232.2,8027729,BD,BD,NF,1,BD,No, ,NO,903079, UROLOGY,4/29/2025 12:00:00 AM,CLOSED,14-1-1,232.199,CLOSED,CASE,4/29/2025 12:00:00 AM,1,NF,10,4/29/2025 12:00:00 AM,Q8220,PASION RENATO,,,MOUNT SINAI QUEENS - RECVG MAIN,232.199,NF,NF,NF,UROLOGY,MEDLINE INDUSTRIES INC,12422
MOUNT SINAI QUEENS,2025,MEDLINE INDUSTRIES INC,"NURSING STATION 2-MSQ, 10405",CLOSED,903079,"903079, UROLOGY",MOUNT SINAI QUEENS,Yes,Yes,A303414A,BD,3/27/2025 12:00:00 AM,M3077136,GOODS,TRAY CATHETERIZATION COMPLETE CARE LUBRI-SIL IC STATLOCK SURESTEP 14FR FOLEY URINE METER STERILE LATEX FREE DISPOSABLEA303414ABRDA303414A,ORAPOS,UROLOGY,BRDA303414A,NURSING STATION 2-MSQ,10405,UROLOGY,PP-NS-2059,,TRAY CATHETERIZATION COMPLETE CARE LUBRI-SIL IC STATLOCK SURESTEP 14FR FOLEY URINE METER STERILE LATEX FREE DISPOSABLE,903079,A303414A,2,2,2,,,46.44,46.44,NF,True,NF,GADSDEN CHONTE,GADSDEN CHONTE,"UROLOGY 
 
BD",Y,10405 NSG STATION 2 25-10 30TH AVE 2FL,"NURSING STATION 2-MSQ, 10405",True,MOUNT SINAI QUEENS,ACTIVE,CLOSED,EDI,TRUE,TRUE,46.4398,MOUNT SINAI QUEENS,MOUNT SINAI QUEENS,102-107-11-10405-903079-00000000000-000-0000-000-00000-00000----,False,PP-NS-2059,Yes,46.44,8027729,BD,BD,NF,1,BD,No, ,NO,903079, UROLOGY,3/27/2025 12:00:00 AM,CLOSED,14-1-1,23.2199,CLOSED FOR RECEIVING,EACH,3/27/2025 12:00:00 AM,2,NF,,3/27/2025 12:00:00 AM,Q6901,RUIZ JUNIOR NORMAN,,,MOUNT SINAI QUEENS - RECVG MAIN,46.4398,NF,NF,NF,UROLOGY,MEDLINE INDUSTRIES INC,12422
MOUNT SINAI HOSPITAL,2025,MEDLINE INDUSTRIES INC,"NURSING EMERGENCY SERVICES, 12001",OPEN,903079,"903079, UROLOGY",MOUNT SINAI HOSPITAL,Yes,Yes,A303414A,BD,7/20/2025 12:00:00 AM,M3118716,GOODS,TRAY CATHETERIZATION COMPLETE CARE LUBRI-SIL IC STATLOCK SURESTEP 14FR FOLEY URINE METER STERILE LATEX FREE DISPOSABLEA303414ABRDA303414A,ORAPOS,UROLOGY,BRDA303414A,NURSING EMERGENCY SERVICES,12001,UROLOGY,PP-NS-2059,,TRAY CATHETERIZATION COMPLETE CARE LUBRI-SIL IC STATLOCK SURESTEP 14FR FOLEY URINE METER STERILE LATEX FREE DISPOSABLE,903079,A303414A,6,6,6,,,139.32,139.32,NF,True,NF,DIAZ VANESSA,DIAZ VANESSA,"UROLOGY 
 
BD",Y,12001 MED GP MC ED INTAKE,"NURSING EMERGENCY SERVICES, 12001",True,MOUNT SINAI HOSPITAL,ACTIVE,CLOSED,EDI,TRUE,TRUE,139.32,MOUNT SINAI HOSPITAL,MOUNT SINAI HOSPITAL,101-101-11-12001-903079-00000000000-000-0000-000-00000-00000----,False,PP-NS-2059,Yes,139.32,8027729,BD,BD,NF,1,BD,No, ,NO,903079, UROLOGY,6/28/2025 12:00:00 AM,CLOSED,31-1-1,23.22,OPEN,EACH,7/20/2025 12:00:00 AM,6,NF,,6/28/2025 12:00:00 AM,M64068,SPENCER STEPHEN,,,MOUNT SINAI HOSPITAL - RECVG MAIN,139.32,NF,NF,NF,UROLOGY,MEDLINE INDUSTRIES INC,12422
MOUNT SINAI MORNINGSIDE,2025,CR BARD INC,"OUTPATIENT CLINIC, 13608",CLOSED,903037,"903037, MED/SURG DISPOSABLE",MOUNT SINAI MORNINGSIDE,Yes,Yes,A303316A,BD,5/21/2025 12:00:00 AM,W1061092,GOODS,TRAY CATH FOLEY STABILIZATION SURESTEP LATEX 16FRA303316AA303316A,ORAPOS,MED/SURG DISPOSABLE,A303316A,OUTPATIENT CLINIC,13608,MED/SURG DISPOSABLE,PP-NS-2059,MSHS-BARD-UROLOGY-DIRECT-NC,TRAY CATH FOLEY STABILIZATION SURESTEP LATEX 16FR,903037,A303316A,1,1,1,10,10,215.5,215.5,NF,True,NF,FORERO PAULO,FORERO PAULO,"MED/SURG DISPOSABLE 
 
BD",NF,440 W 114TH ST 2ND FL STE 250 2ND FLOOR SUITE 250,"OUTPATIENT CLINIC, 13608",True,MOUNT SINAI MORNINGSIDE,ACTIVE,CLOSED,EDI,TRUE,TRUE,215.5,MOUNT SINAI MORNINGSIDE,MOUNT SINAI MORNINGSIDE,302-302-11-13608-903037-00000000000-000-0000-000-00000-00000----,False,PP-NS-2059,Yes,215.5,1936297,BD,BD,NF,10,BD,No, ,NO,903037, MED/SURG DISPOSABLE,5/21/2025 12:00:00 AM,CLOSED,1-1-1,215.5,CLOSED,CASE,5/21/2025 12:00:00 AM,1,NF,10,,NF,NF,,,MOUNT SINAI MORNINGSIDE - RECVG MAIN,215.5,NF,NF,NF,MED/SURG DISPOSABLE,CR BARD INC,336358
MOUNT SINAI QUEENS,2025,MEDLINE INDUSTRIES INC,"EMERGENCY DEPARTMENT, 14100",CLOSED,903079,"903079, UROLOGY",MOUNT SINAI QUEENS,Yes,Yes,A303414A,BD,3/17/2025 12:00:00 AM,M3070393,GOODS,TRAY CATHETERIZATION COMPLETE CARE LUBRI-SIL IC STATLOCK SURESTEP 14FR FOLEY URINE METER STERILE LATEX FREE DISPOSABLEA303414ABRDA303414A,ORAPOS,UROLOGY,BRDA303414A,EMERGENCY DEPARTMENT,14100,UROLOGY,PP-NS-2059,,TRAY CATHETERIZATION COMPLETE CARE LUBRI-SIL IC STATLOCK SURESTEP 14FR FOLEY URINE METER STERILE LATEX FREE DISPOSABLE,903079,A303414A,16,16,16,,,371.52,371.52,NF,True,NF,GADSDEN CHONTE,GADSDEN CHONTE,"UROLOGY 
 
BD",Y,14100 ED A1-218 25-10 30TH AVE 1FL,"EMERGENCY DEPARTMENT, 14100",True,MOUNT SINAI QUEENS,ACTIVE,CLOSED,EDI,TRUE,TRUE,371.5184,MOUNT SINAI QUEENS,MOUNT SINAI QUEENS,102-107-11-14100-903079-00000000000-000-0000-000-00000-00000----,False,PP-NS-2059,Yes,371.52,8027729,BD,BD,NF,1,BD,No, ,NO,903079, UROLOGY,3/12/2025 12:00:00 AM,CLOSED,1-1-1,23.2199,CLOSED,EACH,3/17/2025 12:00:00 AM,16,NF,,3/12/2025 12:00:00 AM,Q6328,LUNA ALYJAH,,,MOUNT SINAI QUEENS - RECVG MAIN,371.5184,NF,NF,NF,UROLOGY,MEDLINE INDUSTRIES INC,12422
MOUNT SINAI QUEENS,2025,MEDLINE INDUSTRIES INC,"NURSING STATION 4W-MSQ, 10409",CLOSED,903079,"903079, UROLOGY",MOUNT SINAI QUEENS,Yes,Yes,A303414A,BD,5/23/2025 12:00:00 AM,M3103274,GOODS,TRAY CATHETERIZATION COMPLETE CARE LUBRI-SIL IC STATLOCK SURESTEP 14FR FOLEY URINE METER STERILE LATEX FREE DISPOSABLEA303414ABRDA303414A,ORAPOS,UROLOGY,BRDA303414A,NURSING STATION 4W-MSQ,10409,UROLOGY,PP-NS-2059,,TRAY CATHETERIZATION COMPLETE CARE LUBRI-SIL IC STATLOCK SURESTEP 14FR FOLEY URINE METER STERILE LATEX FREE DISPOSABLE,903079,A303414A,2,2,2,,,46.44,46.44,NF,True,NF,GADSDEN CHONTE,GADSDEN CHONTE,"UROLOGY 
 
BD",Y,10409 NSG STATION 4W 25-10 30TH AVE 4FL,"NURSING STATION 4W-MSQ, 10409",True,MOUNT SINAI QUEENS,ACTIVE,CLOSED,EDI,TRUE,TRUE,46.4398,MOUNT SINAI QUEENS,MOUNT SINAI QUEENS,102-107-11-10409-903079-00000000000-000-0000-000-00000-00000----,False,PP-NS-2059,Yes,46.44,8027729,BD,BD,NF,1,BD,No, ,NO,903079, UROLOGY,5/23/2025 12:00:00 AM,CLOSED,12-1-1,23.2199,CLOSED,EACH,5/23/2025 12:00:00 AM,2,NF,,5/23/2025 12:00:00 AM,Q9237,RUIZ JUNIOR NORMAN,,,MOUNT SINAI QUEENS - RECVG MAIN,46.4398,NF,NF,NF,UROLOGY,MEDLINE INDUSTRIES INC,12422
MOUNT SINAI QUEENS,2025,MEDLINE INDUSTRIES INC,"NURSING STATION 4W-MSQ, 10409",CLOSED,903079,"903079, UROLOGY",MOUNT SINAI QUEENS,Yes,Yes,A303414A,BD,4/14/2025 12:00:00 AM,M3084730,GOODS,TRAY CATHETERIZATION COMPLETE CARE LUBRI-SIL IC STATLOCK SURESTEP 14FR FOLEY URINE METER STERILE LATEX FREE DISPOSABLEA303414ABRDA303414A,ORAPOS,UROLOGY,BRDA303414A,NURSING STATION 4W-MSQ,10409,UROLOGY,PP-NS-2059,,TRAY CATHETERIZATION COMPLETE CARE LUBRI-SIL IC STATLOCK SURESTEP 14FR FOLEY URINE METER STERILE LATEX FREE DISPOSABLE,903079,A303414A,2,2,2,,,46.44,46.44,NF,True,NF,GADSDEN CHONTE,GADSDEN CHONTE,"UROLOGY 
 
BD",Y,10409 NSG STATION 4W 25-10 30TH AVE 4FL,"NURSING STATION 4W-MSQ, 10409",True,MOUNT SINAI QUEENS,ACTIVE,CLOSED,EDI,TRUE,TRUE,46.4398,MOUNT SINAI QUEENS,MOUNT SINAI QUEENS,102-107-11-10409-903079-00000000000-000-0000-000-00000-00000----,False,PP-NS-2059,Yes,46.44,8027729,BD,BD,NF,1,BD,No, ,NO,903079, UROLOGY,4/14/2025 12:00:00 AM,CLOSED,8-1-1,23.2199,CLOSED,EACH,4/14/2025 12:00:00 AM,2,NF,,4/14/2025 12:00:00 AM,Q7612,RUIZ JUNIOR NORMAN,,,MOUNT SINAI QUEENS - RECVG MAIN,46.4398,NF,NF,NF,UROLOGY,MEDLINE INDUSTRIES INC,12422
MOUNT SINAI QUEENS,2025,MEDLINE INDUSTRIES INC,"EMERGENCY DEPARTMENT, 14100",CLOSED,903079,"903079, UROLOGY",MOUNT SINAI QUEENS,Yes,Yes,A303414A,BD,6/23/2025 12:00:00 AM,M3108590,GOODS,TRAY CATHETERIZATION COMPLETE CARE LUBRI-SIL IC STATLOCK SURESTEP 14FR FOLEY URINE METER STERILE LATEX FREE DISPOSABLEA303414ABRDA303414A,ORAPOS,UROLOGY,BRDA303414A,EMERGENCY DEPARTMENT,14100,UROLOGY,PP-NS-2059,,TRAY CATHETERIZATION COMPLETE CARE LUBRI-SIL IC STATLOCK SURESTEP 14FR FOLEY URINE METER STERILE LATEX FREE DISPOSABLE,903079,A303414A,8,8,8,,,185.76,185.76,NF,True,NF,GADSDEN CHONTE,GADSDEN CHONTE,"UROLOGY 
 
BD",Y,14100 ED A1-218 25-10 30TH AVE 1FL,"EMERGENCY DEPARTMENT, 14100",True,MOUNT SINAI QUEENS,ACTIVE,CLOSED,EDI,TRUE,TRUE,185.76,MOUNT SINAI QUEENS,MOUNT SINAI QUEENS,102-107-11-14100-903079-00000000000-000-0000-000-00000-00000----,False,PP-NS-2059,Yes,185.76,8027729,BD,BD,NF,1,BD,No, ,NO,903079, UROLOGY,6/5/2025 12:00:00 AM,CLOSED,31-1-1,23.22,CLOSED FOR RECEIVING,EACH,6/23/2025 12:00:00 AM,8,NF,,6/5/2025 12:00:00 AM,Q9730,AQUINO CLAIRE,,,MOUNT SINAI QUEENS - RECVG MAIN,185.76,NF,NF,NF,UROLOGY,MEDLINE INDUSTRIES INC,12422
MOUNT SINAI HOSPITAL,2025,MEDLINE INDUSTRIES INC,"NURSING EMERGENCY SERVICES, 12001",OPEN,903079,"903079, UROLOGY",MOUNT SINAI HOSPITAL,Yes,Yes,A303414A,BD,7/5/2025 12:00:00 AM,M3121440,GOODS,TRAY CATHETERIZATION COMPLETE CARE LUBRI-SIL IC STATLOCK SURESTEP 14FR FOLEY URINE METER STERILE LATEX FREE DISPOSABLEA303414ABRDA303414A,ORAPOS,UROLOGY,BRDA303414A,NURSING EMERGENCY SERVICES,12001,UROLOGY,PP-NS-2059,,TRAY CATHETERIZATION COMPLETE CARE LUBRI-SIL IC STATLOCK SURESTEP 14FR FOLEY URINE METER STERILE LATEX FREE DISPOSABLE,903079,A303414A,8,8,8,,,185.76,185.76,NF,True,NF,DIAZ VANESSA,DIAZ VANESSA,"UROLOGY 
 
BD",Y,12001 MED GP MC ED INTAKE,"NURSING EMERGENCY SERVICES, 12001",True,MOUNT SINAI HOSPITAL,ACTIVE,CLOSED,EDI,TRUE,TRUE,185.76,MOUNT SINAI HOSPITAL,MOUNT SINAI HOSPITAL,101-101-11-12001-903079-00000000000-000-0000-000-00000-00000----,False,PP-NS-2059,Yes,185.76,8027729,BD,BD,NF,1,BD,No, ,NO,903079, UROLOGY,7/5/2025 12:00:00 AM,CLOSED,42-1-1,23.22,OPEN,EACH,7/5/2025 12:00:00 AM,8,NF,,7/5/2025 12:00:00 AM,M65537,SPENCER STEPHEN,,,MOUNT SINAI HOSPITAL - RECVG MAIN,185.76,NF,NF,NF,UROLOGY,MEDLINE INDUSTRIES INC,12422
MOUNT SINAI HOSPITAL,2025,MEDLINE INDUSTRIES INC,"NURSING EMERGENCY SERVICES, 12001",OPEN,903079,"903079, UROLOGY",MOUNT SINAI HOSPITAL,Yes,Yes,A303414A,BD,5/24/2025 12:00:00 AM,M3103499,GOODS,TRAY CATHETERIZATION COMPLETE CARE LUBRI-SIL IC STATLOCK SURESTEP 14FR FOLEY URINE METER STERILE LATEX FREE DISPOSABLEA303414ABRDA303414A,ORAPOS,UROLOGY,BRDA303414A,NURSING EMERGENCY SERVICES,12001,UROLOGY,PP-NS-2059,,TRAY CATHETERIZATION COMPLETE CARE LUBRI-SIL IC STATLOCK SURESTEP 14FR FOLEY URINE METER STERILE LATEX FREE DISPOSABLE,903079,A303414A,6,6,6,,,139.32,139.32,NF,True,NF,DIAZ VANESSA,DIAZ VANESSA,"UROLOGY 
 
BD",Y,12001 MED GP MC ED INTAKE,"NURSING EMERGENCY SERVICES, 12001",True,MOUNT SINAI HOSPITAL,ACTIVE,CLOSED,EDI,TRUE,TRUE,139.3194,MOUNT SINAI HOSPITAL,MOUNT SINAI HOSPITAL,101-101-11-12001-903079-00000000000-000-0000-000-00000-00000----,False,PP-NS-2059,Yes,139.32,8027729,BD,BD,NF,1,BD,No, ,NO,903079, UROLOGY,5/23/2025 12:00:00 AM,CLOSED,41-1-1,23.2199,OPEN,EACH,5/24/2025 12:00:00 AM,6,NF,,5/23/2025 12:00:00 AM,M55770,PASTUIZACA NICOLLAS,,,MOUNT SINAI HOSPITAL - RECVG MAIN,139.3194,NF,NF,NF,UROLOGY,MEDLINE INDUSTRIES INC,12422
MOUNT SINAI QUEENS,2025,MEDLINE INDUSTRIES INC,"BALANCE SHEET, 00000",CLOSED,119013,"119013, CENTRAL SERVICES",MOUNT SINAI QUEENS,Yes,Yes,A303414A,BD,4/22/2025 12:00:00 AM,M3088968,GOODS,TRAY CATHETERIZATION COMPLETE CARE LUBRI-SIL IC STATLOCK SURESTEP 14FR FOLEY URINE METER STERILE LATEX FREE DISPOSABLEA303414ABRDA303414A,ORAPOS,CENTRAL SERVICES,BRDA303414A,BALANCE SHEET,00000,CENTRAL SERVICES,PP-NS-2059,,TRAY CATHETERIZATION COMPLETE CARE LUBRI-SIL IC STATLOCK SURESTEP 14FR FOLEY URINE METER STERILE LATEX FREE DISPOSABLE,119013,A303414A,3,3,3,10,30,696.6,696.6,NF,True,NF,GADSDEN CHONTE,GADSDEN CHONTE,"CENTRAL SERVICES 
 
BD",Y,Q STOREROOM,"BALANCE SHEET, 00000",True,MOUNT SINAI QUEENS,ACTIVE,CLOSED,EDI,TRUE,TRUE,696.597,MOUNT SINAI QUEENS,MOUNT SINAI QUEENS,102-000-11-00000-119013-00000000000-000-0000-000-00000-00000----,False,PP-NS-2059,Yes,696.6,8027729,BD,BD,NF,1,BD,No, ,NO,119013, CENTRAL SERVICES,4/22/2025 12:00:00 AM,CLOSED,3-1-1,232.199,CLOSED,CASE,4/22/2025 12:00:00 AM,3,NF,30,4/22/2025 12:00:00 AM,Q7971,PALMA-TEJEDA VANESSA,,,Q STOREROOM,696.597,NF,NF,NF,CENTRAL SERVICES,MEDLINE INDUSTRIES INC,12422
MOUNT SINAI QUEENS,2025,MEDLINE INDUSTRIES INC,"NURSING STATION 4W-MSQ, 10409",CLOSED,903079,"903079, UROLOGY",MOUNT SINAI QUEENS,Yes,Yes,A303414A,BD,5/13/2025 12:00:00 AM,M3093888,GOODS,TRAY CATHETERIZATION COMPLETE CARE LUBRI-SIL IC STATLOCK SURESTEP 14FR FOLEY URINE METER STERILE LATEX FREE DISPOSABLEA303414ABRDA303414A,ORAPOS,UROLOGY,BRDA303414A,NURSING STATION 4W-MSQ,10409,UROLOGY,PP-NS-2059,,TRAY CATHETERIZATION COMPLETE CARE LUBRI-SIL IC STATLOCK SURESTEP 14FR FOLEY URINE METER STERILE LATEX FREE DISPOSABLE,903079,A303414A,2,2,2,,,46.44,46.44,NF,True,NF,GADSDEN CHONTE,GADSDEN CHONTE,"UROLOGY 
 
BD",Y,10409 NSG STATION 4W 25-10 30TH AVE 4FL,"NURSING STATION 4W-MSQ, 10409",True,MOUNT SINAI QUEENS,ACTIVE,CLOSED,EDI,TRUE,TRUE,46.4398,MOUNT SINAI QUEENS,MOUNT SINAI QUEENS,102-107-11-10409-903079-00000000000-000-0000-000-00000-00000----,False,PP-NS-2059,Yes,46.44,8027729,BD,BD,NF,1,BD,No, ,NO,903079, UROLOGY,5/2/2025 12:00:00 AM,CLOSED,16-1-1,23.2199,CLOSED,EACH,5/13/2025 12:00:00 AM,2,NF,,5/2/2025 12:00:00 AM,Q8427,RUIZ JUNIOR NORMAN,,,MOUNT SINAI QUEENS - RECVG MAIN,46.4398,NF,NF,NF,UROLOGY,MEDLINE INDUSTRIES INC,12422
MOUNT SINAI QUEENS,2025,MEDLINE INDUSTRIES INC,"NURSING STATION 3E-MSQ, 10406",CLOSED,903079,"903079, UROLOGY",MOUNT SINAI QUEENS,Yes,Yes,A303414A,BD,2/13/2025 12:00:00 AM,M3052214,GOODS,TRAY CATHETERIZATION COMPLETE CARE LUBRI-SIL IC STATLOCK SURESTEP 14FR FOLEY URINE METER STERILE LATEX FREE DISPOSABLEA303414ABRDA303414A,ORAPOS,UROLOGY,BRDA303414A,NURSING STATION 3E-MSQ,10406,UROLOGY,PP-NS-2059,,TRAY CATHETERIZATION COMPLETE CARE LUBRI-SIL IC STATLOCK SURESTEP 14FR FOLEY URINE METER STERILE LATEX FREE DISPOSABLE,903079,A303414A,4,4,4,,,87.76,87.76,NF,True,NF,GADSDEN CHONTE,GADSDEN CHONTE,"UROLOGY 
 
BD",Y,10406 NSG STATION 3E 25-10 30TH AVE 3FL,"NURSING STATION 3E-MSQ, 10406",True,MOUNT SINAI QUEENS,ACTIVE,CLOSED,EDI,TRUE,TRUE,87.76,MOUNT SINAI QUEENS,MOUNT SINAI QUEENS,102-107-11-10406-903079-00000000000-000-0000-000-00000-00000----,False,PP-NS-2059,Yes,87.76,8027729,BD,BD,NF,1,BD,No, ,NO,903079, UROLOGY,2/4/2025 12:00:00 AM,CLOSED,38-1-1,21.94,CLOSED,EACH,2/13/2025 12:00:00 AM,4,NF,,2/4/2025 12:00:00 AM,Q4880,RUIZ JUNIOR NORMAN,,,MOUNT SINAI QUEENS - RECVG MAIN,87.76,NF,NF,NF,UROLOGY,MEDLINE INDUSTRIES INC,12422
MOUNT SINAI QUEENS,2025,MEDLINE INDUSTRIES INC,"NURSING STATION 4W-MSQ, 10409",CLOSED,903079,"903079, UROLOGY",MOUNT SINAI QUEENS,Yes,Yes,A303414A,BD,5/9/2025 12:00:00 AM,M3096997,GOODS,TRAY CATHETERIZATION COMPLETE CARE LUBRI-SIL IC STATLOCK SURESTEP 14FR FOLEY URINE METER STERILE LATEX FREE DISPOSABLEA303414ABRDA303414A,ORAPOS,UROLOGY,BRDA303414A,NURSING STATION 4W-MSQ,10409,UROLOGY,PP-NS-2059,,TRAY CATHETERIZATION COMPLETE CARE LUBRI-SIL IC STATLOCK SURESTEP 14FR FOLEY URINE METER STERILE LATEX FREE DISPOSABLE,903079,A303414A,2,2,2,,,46.44,46.44,NF,True,NF,GADSDEN CHONTE,GADSDEN CHONTE,"UROLOGY 
 
BD",Y,10409 NSG STATION 4W 25-10 30TH AVE 4FL,"NURSING STATION 4W-MSQ, 10409",True,MOUNT SINAI QUEENS,ACTIVE,CLOSED,EDI,TRUE,TRUE,46.4398,MOUNT SINAI QUEENS,MOUNT SINAI QUEENS,102-107-11-10409-903079-00000000000-000-0000-000-00000-00000----,False,PP-NS-2059,Yes,46.44,8027729,BD,BD,NF,1,BD,No, ,NO,903079, UROLOGY,5/9/2025 12:00:00 AM,CLOSED,13-1-1,23.2199,CLOSED,EACH,5/9/2025 12:00:00 AM,2,NF,,5/9/2025 12:00:00 AM,Q8737,RUIZ JUNIOR NORMAN,,,MOUNT SINAI QUEENS - RECVG MAIN,46.4398,NF,NF,NF,UROLOGY,MEDLINE INDUSTRIES INC,12422
MOUNT SINAI QUEENS,2025,MEDLINE INDUSTRIES INC,"OPERATING ROOM SUITE, 12200",CLOSED,903079,"903079, UROLOGY",MOUNT SINAI QUEENS,Yes,Yes,A303414A,BD,3/20/2025 12:00:00 AM,M3072008,GOODS,TRAY CATHETERIZATION COMPLETE CARE LUBRI-SIL IC STATLOCK SURESTEP 14FR FOLEY URINE METER STERILE LATEX FREE DISPOSABLEA303414ABRDA303414A,ORAPOS,UROLOGY,BRDA303414A,OPERATING ROOM SUITE,12200,UROLOGY,PP-NS-2059,,TRAY CATHETERIZATION COMPLETE CARE LUBRI-SIL IC STATLOCK SURESTEP 14FR FOLEY URINE METER STERILE LATEX FREE DISPOSABLE,903079,A303414A,1,1,1,10,10,232.2,232.2,NF,True,NF,GADSDEN CHONTE,GADSDEN CHONTE,"UROLOGY 
 
BD",Y,12200 OR SEMI-LUM 25-10 30TH AVE 5TH FL,"OPERATING ROOM SUITE, 12200",True,MOUNT SINAI QUEENS,ACTIVE,CLOSED,EDI,TRUE,TRUE,232.199,MOUNT SINAI QUEENS,MOUNT SINAI QUEENS,102-107-11-12200-903079-00000000000-000-0000-000-00000-00000----,False,PP-NS-2059,Yes,232.2,8027729,BD,BD,NF,1,BD,No, ,NO,903079, UROLOGY,3/17/2025 12:00:00 AM,CLOSED,9-1-1,232.199,CLOSED,CASE,3/20/2025 12:00:00 AM,1,NF,10,3/17/2025 12:00:00 AM,Q6494,PASION RENATO,,,MOUNT SINAI QUEENS - RECVG MAIN,232.199,NF,NF,NF,UROLOGY,MEDLINE INDUSTRIES INC,12422
MOUNT SINAI QUEENS,2025,MEDLINE INDUSTRIES INC,"NURSING STATION 4W-MSQ, 10409",CLOSED,903079,"903079, UROLOGY",MOUNT SINAI QUEENS,Yes,Yes,A303414A,BD,7/18/2025 12:00:00 AM,M3126969,GOODS,TRAY CATHETERIZATION COMPLETE CARE LUBRI-SIL IC STATLOCK SURESTEP 14FR FOLEY URINE METER STERILE LATEX FREE DISPOSABLEA303414ABRDA303414A,ORAPOS,UROLOGY,BRDA303414A,NURSING STATION 4W-MSQ,10409,UROLOGY,PP-NS-2059,,TRAY CATHETERIZATION COMPLETE CARE LUBRI-SIL IC STATLOCK SURESTEP 14FR FOLEY URINE METER STERILE LATEX FREE DISPOSABLE,903079,A303414A,2,2,2,,,46.44,46.44,NF,True,NF,GADSDEN CHONTE,GADSDEN CHONTE,"UROLOGY 
 
BD",Y,10409 NSG STATION 4W 25-10 30TH AVE 4FL,"NURSING STATION 4W-MSQ, 10409",True,MOUNT SINAI QUEENS,ACTIVE,CLOSED,EDI,TRUE,TRUE,46.44,MOUNT SINAI QUEENS,MOUNT SINAI QUEENS,102-107-11-10409-903079-00000000000-000-0000-000-00000-00000----,False,PP-NS-2059,Yes,46.44,8027729,BD,BD,NF,1,BD,No, ,NO,903079, UROLOGY,7/18/2025 12:00:00 AM,CLOSED,10-1-1,23.22,CLOSED,EACH,7/18/2025 12:00:00 AM,2,NF,,7/18/2025 12:00:00 AM,Q11187,RUIZ JUNIOR NORMAN,,,MOUNT SINAI QUEENS - RECVG MAIN,46.44,NF,NF,NF,UROLOGY,MEDLINE INDUSTRIES INC,12422
MOUNT SINAI QUEENS,2025,MEDLINE INDUSTRIES INC,"NURSING STATION 3E-MSQ, 10406",CLOSED,903079,"903079, UROLOGY",MOUNT SINAI QUEENS,Yes,Yes,A303414A,BD,4/11/2025 12:00:00 AM,M3084224,GOODS,TRAY CATHETERIZATION COMPLETE CARE LUBRI-SIL IC STATLOCK SURESTEP 14FR FOLEY URINE METER STERILE LATEX FREE DISPOSABLEA303414ABRDA303414A,ORAPOS,UROLOGY,BRDA303414A,NURSING STATION 3E-MSQ,10406,UROLOGY,PP-NS-2059,,TRAY CATHETERIZATION COMPLETE CARE LUBRI-SIL IC STATLOCK SURESTEP 14FR FOLEY URINE METER STERILE LATEX FREE DISPOSABLE,903079,A303414A,2,2,2,,,46.44,46.44,NF,True,NF,GADSDEN CHONTE,GADSDEN CHONTE,"UROLOGY 
 
BD",Y,10406 NSG STATION 3E 25-10 30TH AVE 3FL,"NURSING STATION 3E-MSQ, 10406",True,MOUNT SINAI QUEENS,ACTIVE,CLOSED,EDI,TRUE,TRUE,46.4398,MOUNT SINAI QUEENS,MOUNT SINAI QUEENS,102-107-11-10406-903079-00000000000-000-0000-000-00000-00000----,False,PP-NS-2059,Yes,46.44,8027729,BD,BD,NF,1,BD,No, ,NO,903079, UROLOGY,4/11/2025 12:00:00 AM,CLOSED,1-1-1,23.2199,CLOSED,EACH,4/11/2025 12:00:00 AM,2,NF,,4/11/2025 12:00:00 AM,Q7535,RUIZ JUNIOR NORMAN,,,MOUNT SINAI QUEENS - RECVG MAIN,46.4398,NF,NF,NF,UROLOGY,MEDLINE INDUSTRIES INC,12422
MOUNT SINAI QUEENS,2025,MEDLINE INDUSTRIES INC,"NURSING STATION 3E-MSQ, 10406",CLOSED,903079,"903079, UROLOGY",MOUNT SINAI QUEENS,Yes,Yes,A303414A,BD,3/20/2025 12:00:00 AM,M3071853,GOODS,TRAY CATHETERIZATION COMPLETE CARE LUBRI-SIL IC STATLOCK SURESTEP 14FR FOLEY URINE METER STERILE LATEX FREE DISPOSABLEA303414ABRDA303414A,ORAPOS,UROLOGY,BRDA303414A,NURSING STATION 3E-MSQ,10406,UROLOGY,PP-NS-2059,,TRAY CATHETERIZATION COMPLETE CARE LUBRI-SIL IC STATLOCK SURESTEP 14FR FOLEY URINE METER STERILE LATEX FREE DISPOSABLE,903079,A303414A,2,2,2,,,46.44,46.44,NF,True,NF,GADSDEN CHONTE,GADSDEN CHONTE,"UROLOGY 
 
BD",Y,10406 NSG STATION 3E 25-10 30TH AVE 3FL,"NURSING STATION 3E-MSQ, 10406",True,MOUNT SINAI QUEENS,ACTIVE,CLOSED,EDI,TRUE,TRUE,46.4398,MOUNT SINAI QUEENS,MOUNT SINAI QUEENS,102-107-11-10406-903079-00000000000-000-0000-000-00000-00000----,False,PP-NS-2059,Yes,46.44,8027729,BD,BD,NF,1,BD,No, ,NO,903079, UROLOGY,3/17/2025 12:00:00 AM,CLOSED,20-1-1,23.2199,CLOSED,EACH,3/20/2025 12:00:00 AM,2,NF,,3/17/2025 12:00:00 AM,Q6488,RUIZ JUNIOR NORMAN,,,MOUNT SINAI QUEENS - RECVG MAIN,46.4398,NF,NF,NF,UROLOGY,MEDLINE INDUSTRIES INC,12422
MOUNT SINAI QUEENS,2025,MEDLINE INDUSTRIES INC,"NURSING STATION 2-MSQ, 10405",CLOSED,903079,"903079, UROLOGY",MOUNT SINAI QUEENS,Yes,Yes,A303414A,BD,5/5/2025 12:00:00 AM,M3094635,GOODS,TRAY CATHETERIZATION COMPLETE CARE LUBRI-SIL IC STATLOCK SURESTEP 14FR FOLEY URINE METER STERILE LATEX FREE DISPOSABLEA303414ABRDA303414A,ORAPOS,UROLOGY,BRDA303414A,NURSING STATION 2-MSQ,10405,UROLOGY,PP-NS-2059,,TRAY CATHETERIZATION COMPLETE CARE LUBRI-SIL IC STATLOCK SURESTEP 14FR FOLEY URINE METER STERILE LATEX FREE DISPOSABLE,903079,A303414A,2,2,2,,,46.44,46.44,NF,True,NF,GADSDEN CHONTE,GADSDEN CHONTE,"UROLOGY 
 
BD",Y,10405 NSG STATION 2 25-10 30TH AVE 2FL,"NURSING STATION 2-MSQ, 10405",True,MOUNT SINAI QUEENS,ACTIVE,CLOSED,EDI,TRUE,TRUE,46.4398,MOUNT SINAI QUEENS,MOUNT SINAI QUEENS,102-107-11-10405-903079-00000000000-000-0000-000-00000-00000----,False,PP-NS-2059,Yes,46.44,8027729,BD,BD,NF,1,BD,No, ,NO,903079, UROLOGY,5/5/2025 12:00:00 AM,CLOSED,4-1-1,23.2199,CLOSED,EACH,5/5/2025 12:00:00 AM,2,NF,,5/5/2025 12:00:00 AM,Q8504,RUIZ JUNIOR NORMAN,,,MOUNT SINAI QUEENS - RECVG MAIN,46.4398,NF,NF,NF,UROLOGY,MEDLINE INDUSTRIES INC,12422
MOUNT SINAI QUEENS,2025,MEDLINE INDUSTRIES INC,"NURSING STATION 2-MSQ, 10405",CLOSED,903079,"903079, UROLOGY",MOUNT SINAI QUEENS,Yes,Yes,A303414A,BD,2/3/2025 12:00:00 AM,M3051530,GOODS,TRAY CATHETERIZATION COMPLETE CARE LUBRI-SIL IC STATLOCK SURESTEP 14FR FOLEY URINE METER STERILE LATEX FREE DISPOSABLEA303414ABRDA303414A,ORAPOS,UROLOGY,BRDA303414A,NURSING STATION 2-MSQ,10405,UROLOGY,PP-NS-2059,,TRAY CATHETERIZATION COMPLETE CARE LUBRI-SIL IC STATLOCK SURESTEP 14FR FOLEY URINE METER STERILE LATEX FREE DISPOSABLE,903079,A303414A,2,2,2,,,43.88,43.88,NF,True,NF,GADSDEN CHONTE,GADSDEN CHONTE,"UROLOGY 
 
BD",Y,10405 NSG STATION 2 25-10 30TH AVE 2FL,"NURSING STATION 2-MSQ, 10405",True,MOUNT SINAI QUEENS,ACTIVE,CLOSED,EDI,TRUE,TRUE,43.88,MOUNT SINAI QUEENS,MOUNT SINAI QUEENS,102-107-11-10405-903079-00000000000-000-0000-000-00000-00000----,False,PP-NS-2059,Yes,43.88,8027729,BD,BD,NF,1,BD,No, ,NO,903079, UROLOGY,2/3/2025 12:00:00 AM,CLOSED,11-1-1,21.94,CLOSED,EACH,2/3/2025 12:00:00 AM,2,NF,,2/3/2025 12:00:00 AM,Q4832,RUIZ JUNIOR NORMAN,,,MOUNT SINAI QUEENS - RECVG MAIN,43.88,NF,NF,NF,UROLOGY,MEDLINE INDUSTRIES INC,12422
MOUNT SINAI HOSPITAL,2025,MEDLINE INDUSTRIES INC,"NURSING EMERGENCY SERVICES, 12001",CLOSED,903079,"903079, UROLOGY",MOUNT SINAI HOSPITAL,Yes,Yes,A303414A,BD,6/21/2025 12:00:00 AM,M3115558,GOODS,TRAY CATHETERIZATION COMPLETE CARE LUBRI-SIL IC STATLOCK SURESTEP 14FR FOLEY URINE METER STERILE LATEX FREE DISPOSABLEA303414ABRDA303414A,ORAPOS,UROLOGY,BRDA303414A,NURSING EMERGENCY SERVICES,12001,UROLOGY,PP-NS-2059,,TRAY CATHETERIZATION COMPLETE CARE LUBRI-SIL IC STATLOCK SURESTEP 14FR FOLEY URINE METER STERILE LATEX FREE DISPOSABLE,903079,A303414A,1,1,1,10,10,232.2,232.2,NF,True,NF,DIAZ VANESSA,DIAZ VANESSA,"UROLOGY 
 
BD",Y,12001 GPMC NM-220 ED CLN UTILITY 0785,"NURSING EMERGENCY SERVICES, 12001",True,MOUNT SINAI HOSPITAL,ACTIVE,CLOSED,EDI,TRUE,TRUE,232.2,MOUNT SINAI HOSPITAL,MOUNT SINAI HOSPITAL,101-101-11-12001-903079-00000000000-000-0000-000-00000-00000----,False,PP-NS-2059,Yes,232.2,8027729,BD,BD,NF,1,BD,No, ,NO,903079, UROLOGY,6/21/2025 12:00:00 AM,CLOSED,68-1-1,232.2,CLOSED FOR RECEIVING,CASE,6/21/2025 12:00:00 AM,1,NF,10,6/21/2025 12:00:00 AM,M62300,PELLOT VANESSA,,,MOUNT SINAI HOSPITAL - RECVG MAIN,232.2,NF,NF,NF,UROLOGY,MEDLINE INDUSTRIES INC,12422
MOUNT SINAI QUEENS,2025,MEDLINE INDUSTRIES INC,"NURSING STATION 3E-MSQ, 10406",OPEN,903079,"903079, UROLOGY",MOUNT SINAI QUEENS,Yes,Yes,A303414A,BD,6/27/2025 12:00:00 AM,M3118433,GOODS,TRAY CATHETERIZATION COMPLETE CARE LUBRI-SIL IC STATLOCK SURESTEP 14FR FOLEY URINE METER STERILE LATEX FREE DISPOSABLEA303414ABRDA303414A,ORAPOS,UROLOGY,BRDA303414A,NURSING STATION 3E-MSQ,10406,UROLOGY,PP-NS-2059,,TRAY CATHETERIZATION COMPLETE CARE LUBRI-SIL IC STATLOCK SURESTEP 14FR FOLEY URINE METER STERILE LATEX FREE DISPOSABLE,903079,A303414A,2,2,2,,,46.44,46.44,NF,True,NF,GADSDEN CHONTE,GADSDEN CHONTE,"UROLOGY 
 
BD",Y,10406 NSG STATION 3E 25-10 30TH AVE 3FL,"NURSING STATION 3E-MSQ, 10406",True,MOUNT SINAI QUEENS,ACTIVE,CLOSED,EDI,TRUE,TRUE,46.44,MOUNT SINAI QUEENS,MOUNT SINAI QUEENS,102-107-11-10406-903079-00000000000-000-0000-000-00000-00000----,False,PP-NS-2059,Yes,46.44,8027729,BD,BD,NF,1,BD,No, ,NO,903079, UROLOGY,6/27/2025 12:00:00 AM,CLOSED,11-1-1,23.22,OPEN,EACH,6/27/2025 12:00:00 AM,2,NF,,6/27/2025 12:00:00 AM,Q10491,RUIZ JUNIOR NORMAN,,,MOUNT SINAI QUEENS - RECVG MAIN,46.44,NF,NF,NF,UROLOGY,MEDLINE INDUSTRIES INC,12422
MOUNT SINAI HOSPITAL,2025,MEDLINE INDUSTRIES INC,"NURSING LABOR & DELIV KP 2-MSH, 10263",CLOSED,903079,"903079, UROLOGY",MOUNT SINAI HOSPITAL,Yes,Yes,A303414A,BD,2/5/2025 12:00:00 AM,M3053023,GOODS,TRAY CATHETERIZATION COMPLETE CARE LUBRI-SIL IC STATLOCK SURESTEP 14FR FOLEY URINE METER STERILE LATEX FREE DISPOSABLEA303414ABRDA303414A,ORAPOS,UROLOGY,BRDA303414A,NURSING LABOR & DELIV KP 2-MSH,10263,UROLOGY,PP-NS-2059,,TRAY CATHETERIZATION COMPLETE CARE LUBRI-SIL IC STATLOCK SURESTEP 14FR FOLEY URINE METER STERILE LATEX FREE DISPOSABLE,903079,A303414A,5,5,5,10,50,1097,1097,NF,True,NF,DIAZ VANESSA,DIAZ VANESSA,"UROLOGY 
 
BD",Y,10263 MC KP2 L&D EAST,"NURSING LABOR & DELIV KP 2-MSH, 10263",True,MOUNT SINAI HOSPITAL,ACTIVE,CLOSED,EDI,TRUE,TRUE,1097,MOUNT SINAI HOSPITAL,MOUNT SINAI HOSPITAL,101-101-11-10263-903079-00000000000-000-0000-000-00000-00000----,False,PP-NS-2059,Yes,1097,8027729,BD,BD,NF,1,BD,No, ,NO,903079, UROLOGY,2/5/2025 12:00:00 AM,CLOSED,17-1-1,219.4,CLOSED,CASE,2/5/2025 12:00:00 AM,5,NF,50,2/5/2025 12:00:00 AM,M28861,ROJAS BERNNIT,,,MOUNT SINAI HOSPITAL - RECVG MAIN,1097,NF,NF,NF,UROLOGY,MEDLINE INDUSTRIES INC,12422
MOUNT SINAI HOSPITAL,2025,MEDLINE INDUSTRIES INC,"NURSING EMERGENCY SERVICES, 12001",CLOSED,903079,"903079, UROLOGY",MOUNT SINAI HOSPITAL,Yes,Yes,A303414A,BD,2/5/2025 12:00:00 AM,M3052856,GOODS,TRAY CATHETERIZATION COMPLETE CARE LUBRI-SIL IC STATLOCK SURESTEP 14FR FOLEY URINE METER STERILE LATEX FREE DISPOSABLEA303414ABRDA303414A,ORAPOS,UROLOGY,BRDA303414A,NURSING EMERGENCY SERVICES,12001,UROLOGY,PP-NS-2059,,TRAY CATHETERIZATION COMPLETE CARE LUBRI-SIL IC STATLOCK SURESTEP 14FR FOLEY URINE METER STERILE LATEX FREE DISPOSABLE,903079,A303414A,10,10,10,,,219.4,219.4,NF,True,NF,DIAZ VANESSA,DIAZ VANESSA,"UROLOGY 
 
BD",Y,12001 MED GP MC ED INTAKE,"NURSING EMERGENCY SERVICES, 12001",True,MOUNT SINAI HOSPITAL,ACTIVE,CLOSED,EDI,TRUE,TRUE,219.4,MOUNT SINAI HOSPITAL,MOUNT SINAI HOSPITAL,101-101-11-12001-903079-00000000000-000-0000-000-00000-00000----,False,PP-NS-2059,Yes,219.4,8027729,BD,BD,NF,1,BD,No, ,NO,903079, UROLOGY,2/5/2025 12:00:00 AM,CLOSED,43-1-1,21.94,CLOSED,EACH,2/5/2025 12:00:00 AM,10,NF,,2/5/2025 12:00:00 AM,M28769,PARKES KEVIN,,,MOUNT SINAI HOSPITAL - RECVG MAIN,219.4,NF,NF,NF,UROLOGY,MEDLINE INDUSTRIES INC,12422
MOUNT SINAI MORNINGSIDE,2025,CR BARD INC,"OUTPATIENT CLINIC, 13608",CLOSED,903079,"903079, UROLOGY",MOUNT SINAI MORNINGSIDE,Yes,Yes,A303316A,BD,5/23/2025 12:00:00 AM,W1061589,GOODS,TRAY CATH FOLEY STABILIZATION SURESTEP LATEX 16FRA303316AA303316A,ORAPOS,UROLOGY,A303316A,OUTPATIENT CLINIC,13608,UROLOGY,PP-NS-2059,MSHS-BARD-UROLOGY-DIRECT-NC,TRAY CATH FOLEY STABILIZATION SURESTEP LATEX 16FR,903079,A303316A,1,1,1,10,10,225.84,225.84,NF,True,NF,FORERO PAULO,FORERO PAULO,"UROLOGY 
 
BD",Y,440 W 114TH ST 2ND FL STE 250 2ND FLOOR SUITE 250,"OUTPATIENT CLINIC, 13608",True,MOUNT SINAI MORNINGSIDE,ACTIVE,CLOSED,EDI,TRUE,TRUE,225.836,MOUNT SINAI MORNINGSIDE,MOUNT SINAI MORNINGSIDE,302-302-11-13608-903079-00000000000-000-0000-000-00000-00000----,False,PP-NS-2059,Yes,225.84,1936297,BD,BD,NF,10,BD,No, ,NO,903079, UROLOGY,5/23/2025 12:00:00 AM,CLOSED,1-1-1,225.836,CLOSED,CASE,5/23/2025 12:00:00 AM,1,NF,10,5/23/2025 12:00:00 AM,L22283,STEPHEN SHERRY,,,MOUNT SINAI MORNINGSIDE - RECVG MAIN,225.836,NF,NF,NF,UROLOGY,CR BARD INC,336358
MOUNT SINAI QUEENS,2025,MEDLINE INDUSTRIES INC,"NURSING STATION 3E-MSQ, 10406",CLOSED,903079,"903079, UROLOGY",MOUNT SINAI QUEENS,Yes,Yes,A303414A,BD,4/21/2025 12:00:00 AM,M3088096,GOODS,TRAY CATHETERIZATION COMPLETE CARE LUBRI-SIL IC STATLOCK SURESTEP 14FR FOLEY URINE METER STERILE LATEX FREE DISPOSABLEA303414ABRDA303414A,ORAPOS,UROLOGY,BRDA303414A,NURSING STATION 3E-MSQ,10406,UROLOGY,PP-NS-2059,,TRAY CATHETERIZATION COMPLETE CARE LUBRI-SIL IC STATLOCK SURESTEP 14FR FOLEY URINE METER STERILE LATEX FREE DISPOSABLE,903079,A303414A,2,2,2,,,46.44,46.44,NF,True,NF,GADSDEN CHONTE,GADSDEN CHONTE,"UROLOGY 
 
BD",Y,10406 NSG STATION 3E 25-10 30TH AVE 3FL,"NURSING STATION 3E-MSQ, 10406",True,MOUNT SINAI QUEENS,ACTIVE,CLOSED,EDI,TRUE,TRUE,46.4398,MOUNT SINAI QUEENS,MOUNT SINAI QUEENS,102-107-11-10406-903079-00000000000-000-0000-000-00000-00000----,False,PP-NS-2059,Yes,46.44,8027729,BD,BD,NF,1,BD,No, ,NO,903079, UROLOGY,4/21/2025 12:00:00 AM,CLOSED,16-1-1,23.2199,CLOSED,EACH,4/21/2025 12:00:00 AM,2,NF,,4/21/2025 12:00:00 AM,Q7909,RUIZ JUNIOR NORMAN,,,MOUNT SINAI QUEENS - RECVG MAIN,46.4398,NF,NF,NF,UROLOGY,MEDLINE INDUSTRIES INC,12422
MOUNT SINAI HOSPITAL,2025,MEDLINE INDUSTRIES INC,"NURSING EMERGENCY SERVICES, 12001",CLOSED,903079,"903079, UROLOGY",MOUNT SINAI HOSPITAL,Yes,Yes,A303414A,BD,3/29/2025 12:00:00 AM,M3077897,GOODS,TRAY CATHETERIZATION COMPLETE CARE LUBRI-SIL IC STATLOCK SURESTEP 14FR FOLEY URINE METER STERILE LATEX FREE DISPOSABLEA303414ABRDA303414A,ORAPOS,UROLOGY,BRDA303414A,NURSING EMERGENCY SERVICES,12001,UROLOGY,PP-NS-2059,,TRAY CATHETERIZATION COMPLETE CARE LUBRI-SIL IC STATLOCK SURESTEP 14FR FOLEY URINE METER STERILE LATEX FREE DISPOSABLE,903079,A303414A,5,5,5,,,116.1,116.1,NF,True,NF,DIAZ VANESSA,DIAZ VANESSA,"UROLOGY 
 
BD",Y,12001 MED GP MC ED INTAKE,"NURSING EMERGENCY SERVICES, 12001",True,MOUNT SINAI HOSPITAL,ACTIVE,CLOSED,EDI,TRUE,TRUE,116.0995,MOUNT SINAI HOSPITAL,MOUNT SINAI HOSPITAL,101-101-11-12001-903079-00000000000-000-0000-000-00000-00000----,False,PP-NS-2059,Yes,116.1,8027729,BD,BD,NF,1,BD,No, ,NO,903079, UROLOGY,3/28/2025 12:00:00 AM,CLOSED,18-1-1,23.2199,CLOSED FOR RECEIVING,EACH,3/29/2025 12:00:00 AM,5,NF,,3/28/2025 12:00:00 AM,M42141,PAGAN CHANTELL,,,MOUNT SINAI HOSPITAL - RECVG MAIN,116.0995,NF,NF,NF,UROLOGY,MEDLINE INDUSTRIES INC,12422
MOUNT SINAI QUEENS,2025,MEDLINE INDUSTRIES INC,"NURSING STATION 6-TELEM-MSQ, 10411",OPEN,903079,"903079, UROLOGY",MOUNT SINAI QUEENS,Yes,Yes,A303414A,BD,4/30/2025 12:00:00 AM,M3092099,GOODS,TRAY CATHETERIZATION COMPLETE CARE LUBRI-SIL IC STATLOCK SURESTEP 14FR FOLEY URINE METER STERILE LATEX FREE DISPOSABLEA303414ABRDA303414A,ORAPOS,UROLOGY,BRDA303414A,NURSING STATION 6-TELEM-MSQ,10411,UROLOGY,PP-NS-2059,,TRAY CATHETERIZATION COMPLETE CARE LUBRI-SIL IC STATLOCK SURESTEP 14FR FOLEY URINE METER STERILE LATEX FREE DISPOSABLE,903079,A303414A,2,2,2,,,46.44,46.44,NF,True,NF,GADSDEN CHONTE,GADSDEN CHONTE,"UROLOGY 
 
BD",Y,10411 NSG STATION 6TEL 25-10 30TH AVE 6,"NURSING STATION 6-TELEM-MSQ, 10411",True,MOUNT SINAI QUEENS,ACTIVE,CLOSED,EDI,TRUE,TRUE,46.4398,MOUNT SINAI QUEENS,MOUNT SINAI QUEENS,102-107-11-10411-903079-00000000000-000-0000-000-00000-00000----,False,PP-NS-2059,Yes,46.44,8027729,BD,BD,NF,1,BD,No, ,NO,903079, UROLOGY,4/29/2025 12:00:00 AM,CLOSED,33-1-1,23.2199,OPEN,EACH,4/30/2025 12:00:00 AM,2,NF,,4/29/2025 12:00:00 AM,Q8214,CASTILLO DAVID,,,MOUNT SINAI QUEENS - RECVG MAIN,46.4398,NF,NF,NF,UROLOGY,MEDLINE INDUSTRIES INC,12422
MOUNT SINAI QUEENS,2025,MEDLINE INDUSTRIES INC,"NURSING STATION 4W-MSQ, 10409",OPEN,903079,"903079, UROLOGY",MOUNT SINAI QUEENS,Yes,Yes,A303414A,BD,5/17/2025 12:00:00 AM,M3100250,GOODS,TRAY CATHETERIZATION COMPLETE CARE LUBRI-SIL IC STATLOCK SURESTEP 14FR FOLEY URINE METER STERILE LATEX FREE DISPOSABLEA303414ABRDA303414A,ORAPOS,UROLOGY,BRDA303414A,NURSING STATION 4W-MSQ,10409,UROLOGY,PP-NS-2059,,TRAY CATHETERIZATION COMPLETE CARE LUBRI-SIL IC STATLOCK SURESTEP 14FR FOLEY URINE METER STERILE LATEX FREE DISPOSABLE,903079,A303414A,2,2,2,,,46.44,46.44,NF,True,NF,GADSDEN CHONTE,GADSDEN CHONTE,"UROLOGY 
 
BD",Y,10409 NSG STATION 4W 25-10 30TH AVE 4FL,"NURSING STATION 4W-MSQ, 10409",True,MOUNT SINAI QUEENS,ACTIVE,CLOSED,EDI,TRUE,TRUE,46.4398,MOUNT SINAI QUEENS,MOUNT SINAI QUEENS,102-107-11-10409-903079-00000000000-000-0000-000-00000-00000----,False,PP-NS-2059,Yes,46.44,8027729,BD,BD,NF,1,BD,No, ,NO,903079, UROLOGY,5/16/2025 12:00:00 AM,CLOSED,22-1-1,23.2199,OPEN,EACH,5/17/2025 12:00:00 AM,2,NF,,5/16/2025 12:00:00 AM,Q8972,RUIZ JUNIOR NORMAN,,,MOUNT SINAI QUEENS - RECVG MAIN,46.4398,NF,NF,NF,UROLOGY,MEDLINE INDUSTRIES INC,12422
MOUNT SINAI QUEENS,2025,MEDLINE INDUSTRIES INC,"EMERGENCY DEPARTMENT, 14100",OPEN,903079,"903079, UROLOGY",MOUNT SINAI QUEENS,Yes,Yes,A303414A,BD,6/26/2025 12:00:00 AM,M3117898,GOODS,TRAY CATHETERIZATION COMPLETE CARE LUBRI-SIL IC STATLOCK SURESTEP 14FR FOLEY URINE METER STERILE LATEX FREE DISPOSABLEA303414ABRDA303414A,ORAPOS,UROLOGY,BRDA303414A,EMERGENCY DEPARTMENT,14100,UROLOGY,PP-NS-2059,,TRAY CATHETERIZATION COMPLETE CARE LUBRI-SIL IC STATLOCK SURESTEP 14FR FOLEY URINE METER STERILE LATEX FREE DISPOSABLE,903079,A303414A,16,16,16,,,371.52,371.52,NF,True,NF,GADSDEN CHONTE,GADSDEN CHONTE,"UROLOGY 
 
BD",Y,14100 ED A1-218 25-10 30TH AVE 1FL,"EMERGENCY DEPARTMENT, 14100",True,MOUNT SINAI QUEENS,ACTIVE,CLOSED,EDI,TRUE,TRUE,371.52,MOUNT SINAI QUEENS,MOUNT SINAI QUEENS,102-107-11-14100-903079-00000000000-000-0000-000-00000-00000----,False,PP-NS-2059,Yes,371.52,8027729,BD,BD,NF,1,BD,No, ,NO,903079, UROLOGY,6/26/2025 12:00:00 AM,CLOSED,39-1-1,23.22,OPEN,EACH,6/26/2025 12:00:00 AM,16,NF,,6/26/2025 12:00:00 AM,Q10436,AQUINO CLAIRE,,,MOUNT SINAI QUEENS - RECVG MAIN,371.52,NF,NF,NF,UROLOGY,MEDLINE INDUSTRIES INC,12422
MOUNT SINAI QUEENS,2025,MEDLINE INDUSTRIES INC,"BALANCE SHEET, 00000",CLOSED,119013,"119013, CENTRAL SERVICES",MOUNT SINAI QUEENS,Yes,Yes,A303414A,BD,3/7/2025 12:00:00 AM,M3067645,GOODS,TRAY CATHETERIZATION COMPLETE CARE LUBRI-SIL IC STATLOCK SURESTEP 14FR FOLEY URINE METER STERILE LATEX FREE DISPOSABLEA303414ABRDA303414A,ORAPOS,CENTRAL SERVICES,BRDA303414A,BALANCE SHEET,00000,CENTRAL SERVICES,PP-NS-2059,,TRAY CATHETERIZATION COMPLETE CARE LUBRI-SIL IC STATLOCK SURESTEP 14FR FOLEY URINE METER STERILE LATEX FREE DISPOSABLE,119013,A303414A,2,2,2,10,20,464.4,464.4,NF,True,NF,GADSDEN CHONTE,GADSDEN CHONTE,"CENTRAL SERVICES 
 
BD",Y,Q STOREROOM,"BALANCE SHEET, 00000",True,MOUNT SINAI QUEENS,ACTIVE,CLOSED,EDI,TRUE,TRUE,464.398,MOUNT SINAI QUEENS,MOUNT SINAI QUEENS,102-000-11-00000-119013-00000000000-000-0000-000-00000-00000----,False,PP-NS-2059,Yes,464.4,8027729,BD,BD,NF,1,BD,No, ,NO,119013, CENTRAL SERVICES,3/6/2025 12:00:00 AM,CLOSED,11-1-1,232.199,CLOSED FOR RECEIVING,CASE,3/7/2025 12:00:00 AM,2,NF,20,3/6/2025 12:00:00 AM,Q6085,MENA VICTOR,,,Q STOREROOM,464.398,NF,NF,NF,CENTRAL SERVICES,MEDLINE INDUSTRIES INC,12422
MOUNT SINAI QUEENS,2025,MEDLINE INDUSTRIES INC,"EMERGENCY DEPARTMENT, 14100",CLOSED,903079,"903079, UROLOGY",MOUNT SINAI QUEENS,Yes,Yes,A303414A,BD,3/21/2025 12:00:00 AM,M3074805,GOODS,TRAY CATHETERIZATION COMPLETE CARE LUBRI-SIL IC STATLOCK SURESTEP 14FR FOLEY URINE METER STERILE LATEX FREE DISPOSABLEA303414ABRDA303414A,ORAPOS,UROLOGY,BRDA303414A,EMERGENCY DEPARTMENT,14100,UROLOGY,PP-NS-2059,,TRAY CATHETERIZATION COMPLETE CARE LUBRI-SIL IC STATLOCK SURESTEP 14FR FOLEY URINE METER STERILE LATEX FREE DISPOSABLE,903079,A303414A,16,16,16,,,371.52,371.52,NF,True,NF,GADSDEN CHONTE,GADSDEN CHONTE,"UROLOGY 
 
BD",Y,14100 ED A1-218 25-10 30TH AVE 1FL,"EMERGENCY DEPARTMENT, 14100",True,MOUNT SINAI QUEENS,ACTIVE,CLOSED,EDI,TRUE,TRUE,371.5184,MOUNT SINAI QUEENS,MOUNT SINAI QUEENS,102-107-11-14100-903079-00000000000-000-0000-000-00000-00000----,False,PP-NS-2059,Yes,371.52,8027729,BD,BD,NF,1,BD,No, ,NO,903079, UROLOGY,3/21/2025 12:00:00 AM,CLOSED,55-1-1,23.2199,CLOSED FOR RECEIVING,EACH,3/21/2025 12:00:00 AM,16,NF,,3/21/2025 12:00:00 AM,Q6715,DIAZ DAVID,,,MOUNT SINAI QUEENS - RECVG MAIN,371.5184,NF,NF,NF,UROLOGY,MEDLINE INDUSTRIES INC,12422
MOUNT SINAI HOSPITAL,2025,MEDLINE INDUSTRIES INC,"NURSING LABOR & DELIV KP 2-MSH, 10263",OPEN,903079,"903079, UROLOGY",MOUNT SINAI HOSPITAL,Yes,Yes,A303414A,BD,2/20/2025 12:00:00 AM,M3060477,GOODS,TRAY CATHETERIZATION COMPLETE CARE LUBRI-SIL IC STATLOCK SURESTEP 14FR FOLEY URINE METER STERILE LATEX FREE DISPOSABLEA303414ABRDA303414A,ORAPOS,UROLOGY,BRDA303414A,NURSING LABOR & DELIV KP 2-MSH,10263,UROLOGY,PP-NS-2059,,TRAY CATHETERIZATION COMPLETE CARE LUBRI-SIL IC STATLOCK SURESTEP 14FR FOLEY URINE METER STERILE LATEX FREE DISPOSABLE,903079,A303414A,5,5,5,10,50,1097,1097,NF,True,NF,ANDERSON   MRS. DEBORAH,"ANDERSON, MRS. DEBORAH","UROLOGY 
 
BD",Y,10263 MC KP2 L&D EAST,"NURSING LABOR & DELIV KP 2-MSH, 10263",True,MOUNT SINAI HOSPITAL,ACTIVE,CLOSED,EDI,TRUE,TRUE,1097,MOUNT SINAI HOSPITAL,MOUNT SINAI HOSPITAL,101-101-11-10263-903079-00000000000-000-0000-000-00000-00000----,False,PP-NS-2059,Yes,1097,8027729,BD,BD,NF,1,BD,No, ,NO,903079, UROLOGY,2/20/2025 12:00:00 AM,CLOSED,7-1-1,219.4,OPEN,CASE,2/20/2025 12:00:00 AM,5,NF,50,2/20/2025 12:00:00 AM,M32686,CARTER MILES,,,MOUNT SINAI HOSPITAL - RECVG MAIN,1097,NF,NF,NF,UROLOGY,MEDLINE INDUSTRIES INC,12422
MOUNT SINAI HOSPITAL,2025,MEDLINE INDUSTRIES INC,"NURSING EMERGENCY SERVICES, 12001",OPEN,903079,"903079, UROLOGY",MOUNT SINAI HOSPITAL,Yes,Yes,A303414A,BD,5/1/2025 12:00:00 AM,M3093402,GOODS,TRAY CATHETERIZATION COMPLETE CARE LUBRI-SIL IC STATLOCK SURESTEP 14FR FOLEY URINE METER STERILE LATEX FREE DISPOSABLEA303414ABRDA303414A,ORAPOS,UROLOGY,BRDA303414A,NURSING EMERGENCY SERVICES,12001,UROLOGY,PP-NS-2059,,TRAY CATHETERIZATION COMPLETE CARE LUBRI-SIL IC STATLOCK SURESTEP 14FR FOLEY URINE METER STERILE LATEX FREE DISPOSABLE,903079,A303414A,1,1,1,10,10,232.2,232.2,NF,True,NF,DIAZ VANESSA,DIAZ VANESSA,"UROLOGY 
 
BD",Y,12001 GPMC NM-220 ED CLN UTILITY 0785,"NURSING EMERGENCY SERVICES, 12001",True,MOUNT SINAI HOSPITAL,ACTIVE,CLOSED,EDI,TRUE,TRUE,232.199,MOUNT SINAI HOSPITAL,MOUNT SINAI HOSPITAL,101-101-11-12001-903079-00000000000-000-0000-000-00000-00000----,False,PP-NS-2059,Yes,232.2,8027729,BD,BD,NF,1,BD,No, ,NO,903079, UROLOGY,5/1/2025 12:00:00 AM,CLOSED,6-1-1,232.199,OPEN,CASE,5/1/2025 12:00:00 AM,1,NF,10,5/1/2025 12:00:00 AM,M50315,PAGAN CHANTELL,,,MOUNT SINAI HOSPITAL - RECVG MAIN,232.199,NF,NF,NF,UROLOGY,MEDLINE INDUSTRIES INC,12422
MOUNT SINAI HOSPITAL,2025,MEDLINE INDUSTRIES INC,"CARDIAC CATH LAB, 12501",OPEN,903079,"903079, UROLOGY",MOUNT SINAI HOSPITAL,Yes,Yes,A303414A,BD,4/10/2025 12:00:00 AM,M3083562,GOODS,TRAY CATHETERIZATION COMPLETE CARE LUBRI-SIL IC STATLOCK SURESTEP 14FR FOLEY URINE METER STERILE LATEX FREE DISPOSABLEA303414ABRDA303414A,ORAPOS,UROLOGY,BRDA303414A,CARDIAC CATH LAB,12501,UROLOGY,PP-NS-2059,,TRAY CATHETERIZATION COMPLETE CARE LUBRI-SIL IC STATLOCK SURESTEP 14FR FOLEY URINE METER STERILE LATEX FREE DISPOSABLE,903079,A303414A,10,10,10,,,232.2,232.2,NF,True,NF,VEGA WILLIAM,VEGA WILLIAM,"UROLOGY 
 
BD",Y,12501 CARD CATH LAB GP5C RM280,"CARDIAC CATH LAB, 12501",True,MOUNT SINAI HOSPITAL,ACTIVE,CLOSED,EDI,TRUE,TRUE,232.199,MOUNT SINAI HOSPITAL,MOUNT SINAI HOSPITAL,101-101-11-12501-903079-00000000000-000-0000-000-00000-00000----,False,PP-NS-2059,Yes,232.2,8027729,BD,BD,NF,1,BD,No, ,NO,903079, UROLOGY,4/10/2025 12:00:00 AM,CLOSED,8-1-1,23.2199,OPEN,EACH,4/10/2025 12:00:00 AM,10,NF,,4/10/2025 12:00:00 AM,M45201,RODRIGUEZ JORDAN,,,MOUNT SINAI HOSPITAL - RECVG MAIN,232.199,NF,NF,NF,UROLOGY,MEDLINE INDUSTRIES INC,12422
MOUNT SINAI QUEENS,2025,MEDLINE INDUSTRIES INC,"NURSING STATION 3E-MSQ, 10406",OPEN,903079,"903079, UROLOGY",MOUNT SINAI QUEENS,Yes,Yes,A303414A,BD,6/30/2025 12:00:00 AM,M3118890,GOODS,TRAY CATHETERIZATION COMPLETE CARE LUBRI-SIL IC STATLOCK SURESTEP 14FR FOLEY URINE METER STERILE LATEX FREE DISPOSABLEA303414ABRDA303414A,ORAPOS,UROLOGY,BRDA303414A,NURSING STATION 3E-MSQ,10406,UROLOGY,PP-NS-2059,,TRAY CATHETERIZATION COMPLETE CARE LUBRI-SIL IC STATLOCK SURESTEP 14FR FOLEY URINE METER STERILE LATEX FREE DISPOSABLE,903079,A303414A,2,2,2,,,46.44,46.44,NF,True,NF,GADSDEN CHONTE,GADSDEN CHONTE,"UROLOGY 
 
BD",Y,10406 NSG STATION 3E 25-10 30TH AVE 3FL,"NURSING STATION 3E-MSQ, 10406",True,MOUNT SINAI QUEENS,ACTIVE,CLOSED,EDI,TRUE,TRUE,46.44,MOUNT SINAI QUEENS,MOUNT SINAI QUEENS,102-107-11-10406-903079-00000000000-000-0000-000-00000-00000----,False,PP-NS-2059,Yes,46.44,8027729,BD,BD,NF,1,BD,No, ,NO,903079, UROLOGY,6/30/2025 12:00:00 AM,CLOSED,30-1-1,23.22,OPEN,EACH,6/30/2025 12:00:00 AM,2,NF,,6/30/2025 12:00:00 AM,Q10546,RUIZ JUNIOR NORMAN,,,MOUNT SINAI QUEENS - RECVG MAIN,46.44,NF,NF,NF,UROLOGY,MEDLINE INDUSTRIES INC,12422
MOUNT SINAI QUEENS,2025,MEDLINE INDUSTRIES INC,"EMERGENCY DEPARTMENT, 14100",OPEN,903079,"903079, UROLOGY",MOUNT SINAI QUEENS,Yes,Yes,A303414A,BD,6/26/2025 12:00:00 AM,M3117147,GOODS,TRAY CATHETERIZATION COMPLETE CARE LUBRI-SIL IC STATLOCK SURESTEP 14FR FOLEY URINE METER STERILE LATEX FREE DISPOSABLEA303414ABRDA303414A,ORAPOS,UROLOGY,BRDA303414A,EMERGENCY DEPARTMENT,14100,UROLOGY,PP-NS-2059,,TRAY CATHETERIZATION COMPLETE CARE LUBRI-SIL IC STATLOCK SURESTEP 14FR FOLEY URINE METER STERILE LATEX FREE DISPOSABLE,903079,A303414A,16,16,16,,,371.52,371.52,NF,True,NF,GADSDEN CHONTE,GADSDEN CHONTE,"UROLOGY 
 
BD",Y,14100 ED A1-218 25-10 30TH AVE 1FL,"EMERGENCY DEPARTMENT, 14100",True,MOUNT SINAI QUEENS,ACTIVE,CLOSED,EDI,TRUE,TRUE,371.52,MOUNT SINAI QUEENS,MOUNT SINAI QUEENS,102-107-11-14100-903079-00000000000-000-0000-000-00000-00000----,False,PP-NS-2059,Yes,371.52,8027729,BD,BD,NF,1,BD,No, ,NO,903079, UROLOGY,6/25/2025 12:00:00 AM,CLOSED,62-1-1,23.22,OPEN,EACH,6/26/2025 12:00:00 AM,16,NF,,6/25/2025 12:00:00 AM,Q10358,AQUINO CLAIRE,,,MOUNT SINAI QUEENS - RECVG MAIN,371.52,NF,NF,NF,UROLOGY,MEDLINE INDUSTRIES INC,12422
MOUNT SINAI QUEENS,2025,MEDLINE INDUSTRIES INC,"EMERGENCY DEPARTMENT, 14100",OPEN,903079,"903079, UROLOGY",MOUNT SINAI QUEENS,Yes,Yes,A303414A,BD,7/22/2025 12:00:00 AM,M3128750,GOODS,TRAY CATHETERIZATION COMPLETE CARE LUBRI-SIL IC STATLOCK SURESTEP 14FR FOLEY URINE METER STERILE LATEX FREE DISPOSABLEA303414ABRDA303414A,ORAPOS,UROLOGY,BRDA303414A,EMERGENCY DEPARTMENT,14100,UROLOGY,PP-NS-2059,,TRAY CATHETERIZATION COMPLETE CARE LUBRI-SIL IC STATLOCK SURESTEP 14FR FOLEY URINE METER STERILE LATEX FREE DISPOSABLE,903079,A303414A,0,0,16,,,0,0,NF,True,NF,GADSDEN CHONTE,GADSDEN CHONTE,"UROLOGY 
 
BD",Y,14100 ED A1-218 25-10 30TH AVE 1FL,"EMERGENCY DEPARTMENT, 14100",True,MOUNT SINAI QUEENS,ACTIVE,OPEN,EDI,TRUE,TRUE,371.52,MOUNT SINAI QUEENS,MOUNT SINAI QUEENS,102-107-11-14100-903079-00000000000-000-0000-000-00000-00000----,False,PP-NS-2059,Yes,0,8027729,BD,BD,NF,1,BD,No, ,NO,903079, UROLOGY,7/22/2025 12:00:00 AM,OPEN,37-1-1,23.22,OPEN,EACH,7/22/2025 12:00:00 AM,0,NF,0,7/22/2025 12:00:00 AM,Q11307,AQUINO CLAIRE,,,MOUNT SINAI QUEENS - RECVG MAIN,0,NF,NF,NF,UROLOGY,MEDLINE INDUSTRIES INC,12422
MOUNT SINAI QUEENS,2025,MEDLINE INDUSTRIES INC,"NURSING STATION 2-MSQ, 10405",CLOSED,903079,"903079, UROLOGY",MOUNT SINAI QUEENS,Yes,Yes,A303414A,BD,7/18/2025 12:00:00 AM,M3127321,GOODS,TRAY CATHETERIZATION COMPLETE CARE LUBRI-SIL IC STATLOCK SURESTEP 14FR FOLEY URINE METER STERILE LATEX FREE DISPOSABLEA303414ABRDA303414A,ORAPOS,UROLOGY,BRDA303414A,NURSING STATION 2-MSQ,10405,UROLOGY,PP-NS-2059,,TRAY CATHETERIZATION COMPLETE CARE LUBRI-SIL IC STATLOCK SURESTEP 14FR FOLEY URINE METER STERILE LATEX FREE DISPOSABLE,903079,A303414A,2,2,2,,,46.44,46.44,NF,True,NF,GADSDEN CHONTE,GADSDEN CHONTE,"UROLOGY 
 
BD",Y,10405 NSG STATION 2 25-10 30TH AVE 2FL,"NURSING STATION 2-MSQ, 10405",True,MOUNT SINAI QUEENS,ACTIVE,CLOSED,EDI,TRUE,TRUE,46.44,MOUNT SINAI QUEENS,MOUNT SINAI QUEENS,102-107-11-10405-903079-00000000000-000-0000-000-00000-00000----,False,PP-NS-2059,Yes,46.44,8027729,BD,BD,NF,1,BD,No, ,NO,903079, UROLOGY,7/18/2025 12:00:00 AM,CLOSED,3-1-1,23.22,CLOSED,EACH,7/18/2025 12:00:00 AM,2,NF,,7/18/2025 12:00:00 AM,Q11211,RUIZ JUNIOR NORMAN,,,MOUNT SINAI QUEENS - RECVG MAIN,46.44,NF,NF,NF,UROLOGY,MEDLINE INDUSTRIES INC,12422
MOUNT SINAI QUEENS,2025,MEDLINE INDUSTRIES INC,"EMERGENCY DEPARTMENT, 14100",CLOSED,903079,"903079, UROLOGY",MOUNT SINAI QUEENS,Yes,Yes,A303414A,BD,6/11/2025 12:00:00 AM,M3111314,GOODS,TRAY CATHETERIZATION COMPLETE CARE LUBRI-SIL IC STATLOCK SURESTEP 14FR FOLEY URINE METER STERILE LATEX FREE DISPOSABLEA303414ABRDA303414A,ORAPOS,UROLOGY,BRDA303414A,EMERGENCY DEPARTMENT,14100,UROLOGY,PP-NS-2059,,TRAY CATHETERIZATION COMPLETE CARE LUBRI-SIL IC STATLOCK SURESTEP 14FR FOLEY URINE METER STERILE LATEX FREE DISPOSABLE,903079,A303414A,8,8,8,,,185.76,185.76,NF,True,NF,GADSDEN CHONTE,GADSDEN CHONTE,"UROLOGY 
 
BD",Y,14100 ED A1-218 25-10 30TH AVE 1FL,"EMERGENCY DEPARTMENT, 14100",True,MOUNT SINAI QUEENS,ACTIVE,CLOSED,EDI,TRUE,TRUE,185.76,MOUNT SINAI QUEENS,MOUNT SINAI QUEENS,102-107-11-14100-903079-00000000000-000-0000-000-00000-00000----,False,PP-NS-2059,Yes,185.76,8027729,BD,BD,NF,1,BD,No, ,NO,903079, UROLOGY,6/11/2025 12:00:00 AM,CLOSED,29-1-1,23.22,CLOSED,EACH,6/11/2025 12:00:00 AM,8,NF,,6/11/2025 12:00:00 AM,Q9962,CANDELIER ELEANA,,,MOUNT SINAI QUEENS - RECVG MAIN,185.76,NF,NF,NF,UROLOGY,MEDLINE INDUSTRIES INC,12422
MOUNT SINAI QUEENS,2025,MEDLINE INDUSTRIES INC,"EMERGENCY DEPARTMENT, 14100",OPEN,903079,"903079, UROLOGY",MOUNT SINAI QUEENS,Yes,Yes,A303414A,BD,2/19/2025 12:00:00 AM,M3059885,GOODS,TRAY CATHETERIZATION COMPLETE CARE LUBRI-SIL IC STATLOCK SURESTEP 14FR FOLEY URINE METER STERILE LATEX FREE DISPOSABLEA303414ABRDA303414A,ORAPOS,UROLOGY,BRDA303414A,EMERGENCY DEPARTMENT,14100,UROLOGY,PP-NS-2059,,TRAY CATHETERIZATION COMPLETE CARE LUBRI-SIL IC STATLOCK SURESTEP 14FR FOLEY URINE METER STERILE LATEX FREE DISPOSABLE,903079,A303414A,16,16,16,,,351.04,351.04,NF,True,NF,GADSDEN CHONTE,GADSDEN CHONTE,"UROLOGY 
 
BD",Y,14100 ED A1-218 25-10 30TH AVE 1FL,"EMERGENCY DEPARTMENT, 14100",True,MOUNT SINAI QUEENS,ACTIVE,CLOSED,EDI,TRUE,TRUE,351.04,MOUNT SINAI QUEENS,MOUNT SINAI QUEENS,102-107-11-14100-903079-00000000000-000-0000-000-00000-00000----,False,PP-NS-2059,Yes,351.04,8027729,BD,BD,NF,1,BD,No, ,NO,903079, UROLOGY,2/19/2025 12:00:00 AM,CLOSED,7-1-1,21.94,OPEN,EACH,2/19/2025 12:00:00 AM,16,NF,,2/19/2025 12:00:00 AM,Q5491,DIAZ DAVID,,,MOUNT SINAI QUEENS - RECVG MAIN,351.04,NF,NF,NF,UROLOGY,MEDLINE INDUSTRIES INC,12422
MOUNT SINAI HOSPITAL,2025,MEDLINE INDUSTRIES INC,"NURSING LABOR & DELIV KP 2-MSH, 10263",OPEN,903079,"903079, UROLOGY",MOUNT SINAI HOSPITAL,Yes,Yes,A303414A,BD,2/22/2025 12:00:00 AM,M3061317,GOODS,TRAY CATHETERIZATION COMPLETE CARE LUBRI-SIL IC STATLOCK SURESTEP 14FR FOLEY URINE METER STERILE LATEX FREE DISPOSABLEA303414ABRDA303414A,ORAPOS,UROLOGY,BRDA303414A,NURSING LABOR & DELIV KP 2-MSH,10263,UROLOGY,PP-NS-2059,,TRAY CATHETERIZATION COMPLETE CARE LUBRI-SIL IC STATLOCK SURESTEP 14FR FOLEY URINE METER STERILE LATEX FREE DISPOSABLE,903079,A303414A,5,5,5,10,50,1097,1097,NF,True,NF,ANDERSON   MRS. DEBORAH,"ANDERSON, MRS. DEBORAH","UROLOGY 
 
BD",Y,10263 MC KP2 L&D EAST,"NURSING LABOR & DELIV KP 2-MSH, 10263",True,MOUNT SINAI HOSPITAL,ACTIVE,CLOSED,EDI,TRUE,TRUE,1097,MOUNT SINAI HOSPITAL,MOUNT SINAI HOSPITAL,101-101-11-10263-903079-00000000000-000-0000-000-00000-00000----,False,PP-NS-2059,Yes,1097,8027729,BD,BD,NF,1,BD,No, ,NO,903079, UROLOGY,2/21/2025 12:00:00 AM,CLOSED,9-1-1,219.4,OPEN,CASE,2/22/2025 12:00:00 AM,5,NF,50,2/21/2025 12:00:00 AM,M33108,ROJAS BERNNIT,,,MOUNT SINAI HOSPITAL - RECVG MAIN,1097,NF,NF,NF,UROLOGY,MEDLINE INDUSTRIES INC,12422
MOUNT SINAI QUEENS,2025,MEDLINE INDUSTRIES INC,"BALANCE SHEET, 00000",CLOSED,119013,"119013, CENTRAL SERVICES",MOUNT SINAI QUEENS,Yes,Yes,A303414A,BD,6/25/2025 12:00:00 AM,M3117318,GOODS,TRAY CATHETERIZATION COMPLETE CARE LUBRI-SIL IC STATLOCK SURESTEP 14FR FOLEY URINE METER STERILE LATEX FREE DISPOSABLEA303414ABRDA303414A,ORAPOS,CENTRAL SERVICES,BRDA303414A,BALANCE SHEET,00000,CENTRAL SERVICES,PP-NS-2059,,TRAY CATHETERIZATION COMPLETE CARE LUBRI-SIL IC STATLOCK SURESTEP 14FR FOLEY URINE METER STERILE LATEX FREE DISPOSABLE,119013,A303414A,2,2,2,10,20,464.4,464.4,NF,True,NF,GADSDEN CHONTE,GADSDEN CHONTE,"CENTRAL SERVICES 
 
BD",Y,Q STOREROOM,"BALANCE SHEET, 00000",True,MOUNT SINAI QUEENS,ACTIVE,CLOSED,EDI,TRUE,TRUE,464.398,MOUNT SINAI QUEENS,MOUNT SINAI QUEENS,102-000-11-00000-119013-00000000000-000-0000-000-00000-00000----,False,PP-NS-2059,Yes,464.4,8027729,BD,BD,NF,1,BD,No, ,NO,119013, CENTRAL SERVICES,6/25/2025 12:00:00 AM,CLOSED,15-1-1,232.199,CLOSED,CASE,6/25/2025 12:00:00 AM,2,NF,20,6/25/2025 12:00:00 AM,Q10380,MENA VICTOR,,,Q STOREROOM,464.398,NF,NF,NF,CENTRAL SERVICES,MEDLINE INDUSTRIES INC,12422
MOUNT SINAI HOSPITAL,2025,MEDLINE INDUSTRIES INC,"NURSING EMERGENCY SERVICES, 12001",CLOSED,903079,"903079, UROLOGY",MOUNT SINAI HOSPITAL,Yes,Yes,A303414A,BD,6/11/2025 12:00:00 AM,M3108479,GOODS,TRAY CATHETERIZATION COMPLETE CARE LUBRI-SIL IC STATLOCK SURESTEP 14FR FOLEY URINE METER STERILE LATEX FREE DISPOSABLEA303414ABRDA303414A,ORAPOS,UROLOGY,BRDA303414A,NURSING EMERGENCY SERVICES,12001,UROLOGY,PP-NS-2059,,TRAY CATHETERIZATION COMPLETE CARE LUBRI-SIL IC STATLOCK SURESTEP 14FR FOLEY URINE METER STERILE LATEX FREE DISPOSABLE,903079,A303414A,6,6,6,,,139.32,139.32,NF,True,NF,DIAZ VANESSA,DIAZ VANESSA,"UROLOGY 
 
BD",Y,12001 GPMC ED ACUTE1 A,"NURSING EMERGENCY SERVICES, 12001",True,MOUNT SINAI HOSPITAL,ACTIVE,CLOSED,EDI,TRUE,TRUE,139.32,MOUNT SINAI HOSPITAL,MOUNT SINAI HOSPITAL,101-101-11-12001-903079-00000000000-000-0000-000-00000-00000----,False,PP-NS-2059,Yes,139.32,8027729,BD,BD,NF,1,BD,No, ,NO,903079, UROLOGY,6/5/2025 12:00:00 AM,CLOSED,21-1-1,23.22,CLOSED FOR RECEIVING,EACH,6/11/2025 12:00:00 AM,6,NF,,6/5/2025 12:00:00 AM,M58558,PASTUIZACA NICOLLAS,,,MOUNT SINAI HOSPITAL - RECVG MAIN,139.32,NF,NF,NF,UROLOGY,MEDLINE INDUSTRIES INC,12422
MOUNT SINAI HOSPITAL,2025,MEDLINE INDUSTRIES INC,"NURSING EMERGENCY SERVICES, 12001",OPEN,903079,"903079, UROLOGY",MOUNT SINAI HOSPITAL,Yes,Yes,A303414A,BD,5/3/2025 12:00:00 AM,M3091928,GOODS,TRAY CATHETERIZATION COMPLETE CARE LUBRI-SIL IC STATLOCK SURESTEP 14FR FOLEY URINE METER STERILE LATEX FREE DISPOSABLEA303414ABRDA303414A,ORAPOS,UROLOGY,BRDA303414A,NURSING EMERGENCY SERVICES,12001,UROLOGY,PP-NS-2059,,TRAY CATHETERIZATION COMPLETE CARE LUBRI-SIL IC STATLOCK SURESTEP 14FR FOLEY URINE METER STERILE LATEX FREE DISPOSABLE,903079,A303414A,6,6,6,,,139.32,139.32,NF,True,NF,DIAZ VANESSA,DIAZ VANESSA,"UROLOGY 
 
BD",Y,12001 GPMC ED ACUTE1 A,"NURSING EMERGENCY SERVICES, 12001",True,MOUNT SINAI HOSPITAL,ACTIVE,CLOSED,EDI,TRUE,TRUE,139.3194,MOUNT SINAI HOSPITAL,MOUNT SINAI HOSPITAL,101-101-11-12001-903079-00000000000-000-0000-000-00000-00000----,False,PP-NS-2059,Yes,139.32,8027729,BD,BD,NF,1,BD,No, ,NO,903079, UROLOGY,4/29/2025 12:00:00 AM,CLOSED,35-1-1,23.2199,OPEN,EACH,5/3/2025 12:00:00 AM,6,NF,,4/29/2025 12:00:00 AM,M49548,PARKES KEVIN,,,MOUNT SINAI HOSPITAL - RECVG MAIN,139.3194,NF,NF,NF,UROLOGY,MEDLINE INDUSTRIES INC,12422
MOUNT SINAI MORNINGSIDE,2025,MEDLINE INDUSTRIES INC,"OR SUITE GENERAL SURGERY, 12207",OPEN,903079,"903079, UROLOGY",MOUNT SINAI MORNINGSIDE,Yes,Yes,A303414A,BD,2/11/2025 12:00:00 AM,W1032959,GOODS,TRAY CATHETERIZATION COMPLETE CARE LUBRI-SIL IC STATLOCK SURESTEP 14FR FOLEY URINE METER STERILE LATEX FREE DISPOSABLEA303414ABRDA303414A,ORAPOS,UROLOGY,BRDA303414A,OR SUITE GENERAL SURGERY,12207,UROLOGY,PP-NS-2059,,TRAY CATHETERIZATION COMPLETE CARE LUBRI-SIL IC STATLOCK SURESTEP 14FR FOLEY URINE METER STERILE LATEX FREE DISPOSABLE,903079,A303414A,3,3,3,10,30,658.2,658.2,NF,True,NF,FORERO PAULO,FORERO PAULO,"UROLOGY 
 
BD",Y,1111 AMSTERDAM AVE GEN SURG GENERAL SURGERY,"OR SUITE GENERAL SURGERY, 12207",True,MOUNT SINAI MORNINGSIDE,ACTIVE,CLOSED,EDI,TRUE,TRUE,658.2,MOUNT SINAI MORNINGSIDE,MOUNT SINAI MORNINGSIDE,302-302-11-12207-903079-00000000000-000-0000-000-00000-00000----,False,PP-NS-2059,Yes,658.2,8027729,BD,BD,NF,1,BD,No, ,NO,903079, UROLOGY,2/11/2025 12:00:00 AM,CLOSED,4-1-1,219.4,OPEN,CASE,2/11/2025 12:00:00 AM,3,NF,30,2/11/2025 12:00:00 AM,L11862,SPENCER DARREL,,,MOUNT SINAI MORNINGSIDE - RECVG MAIN,658.2,NF,NF,NF,UROLOGY,MEDLINE INDUSTRIES INC,12422
MOUNT SINAI QUEENS,2025,MEDLINE INDUSTRIES INC,"OPERATING ROOM SUITE, 12200",OPEN,903079,"903079, UROLOGY",MOUNT SINAI QUEENS,Yes,Yes,A303414A,BD,3/20/2025 12:00:00 AM,M3072408,GOODS,TRAY CATHETERIZATION COMPLETE CARE LUBRI-SIL IC STATLOCK SURESTEP 14FR FOLEY URINE METER STERILE LATEX FREE DISPOSABLEA303414ABRDA303414A,ORAPOS,UROLOGY,BRDA303414A,OPERATING ROOM SUITE,12200,UROLOGY,PP-NS-2059,,TRAY CATHETERIZATION COMPLETE CARE LUBRI-SIL IC STATLOCK SURESTEP 14FR FOLEY URINE METER STERILE LATEX FREE DISPOSABLE,903079,A303414A,1,1,1,10,10,232.2,232.2,NF,True,NF,GADSDEN CHONTE,GADSDEN CHONTE,"UROLOGY 
 
BD",Y,12200 OR SEMI-LUM 25-10 30TH AVE 5TH FL,"OPERATING ROOM SUITE, 12200",True,MOUNT SINAI QUEENS,ACTIVE,CLOSED,EDI,TRUE,TRUE,232.199,MOUNT SINAI QUEENS,MOUNT SINAI QUEENS,102-107-11-12200-903079-00000000000-000-0000-000-00000-00000----,False,PP-NS-2059,Yes,232.2,8027729,BD,BD,NF,1,BD,No, ,NO,903079, UROLOGY,3/17/2025 12:00:00 AM,CLOSED,17-1-1,232.199,OPEN,CASE,3/20/2025 12:00:00 AM,1,NF,10,3/17/2025 12:00:00 AM,Q6514,PASION RENATO,,,MOUNT SINAI QUEENS - RECVG MAIN,232.199,NF,NF,NF,UROLOGY,MEDLINE INDUSTRIES INC,12422
MOUNT SINAI QUEENS,2025,MEDLINE INDUSTRIES INC,"NURSING STATION 2-MSQ, 10405",CLOSED,903079,"903079, UROLOGY",MOUNT SINAI QUEENS,Yes,Yes,A303414A,BD,7/14/2025 12:00:00 AM,M3124185,GOODS,TRAY CATHETERIZATION COMPLETE CARE LUBRI-SIL IC STATLOCK SURESTEP 14FR FOLEY URINE METER STERILE LATEX FREE DISPOSABLEA303414ABRDA303414A,ORAPOS,UROLOGY,BRDA303414A,NURSING STATION 2-MSQ,10405,UROLOGY,PP-NS-2059,,TRAY CATHETERIZATION COMPLETE CARE LUBRI-SIL IC STATLOCK SURESTEP 14FR FOLEY URINE METER STERILE LATEX FREE DISPOSABLE,903079,A303414A,2,2,2,,,46.44,46.44,NF,True,NF,GADSDEN CHONTE,GADSDEN CHONTE,"UROLOGY 
 
BD",Y,10405 NSG STATION 2 25-10 30TH AVE 2FL,"NURSING STATION 2-MSQ, 10405",True,MOUNT SINAI QUEENS,ACTIVE,CLOSED,EDI,TRUE,TRUE,46.44,MOUNT SINAI QUEENS,MOUNT SINAI QUEENS,102-107-11-10405-903079-00000000000-000-0000-000-00000-00000----,False,PP-NS-2059,Yes,46.44,8027729,BD,BD,NF,1,BD,No, ,NO,903079, UROLOGY,7/11/2025 12:00:00 AM,CLOSED,3-1-1,23.22,CLOSED,EACH,7/14/2025 12:00:00 AM,2,NF,,7/11/2025 12:00:00 AM,Q10967,RUIZ JUNIOR NORMAN,,,MOUNT SINAI QUEENS - RECVG MAIN,46.44,NF,NF,NF,UROLOGY,MEDLINE INDUSTRIES INC,12422
MOUNT SINAI QUEENS,2025,MEDLINE INDUSTRIES INC,"EMERGENCY DEPARTMENT, 14100",CLOSED,903079,"903079, UROLOGY",MOUNT SINAI QUEENS,Yes,Yes,A303414A,BD,7/3/2025 12:00:00 AM,M3120454,GOODS,TRAY CATHETERIZATION COMPLETE CARE LUBRI-SIL IC STATLOCK SURESTEP 14FR FOLEY URINE METER STERILE LATEX FREE DISPOSABLEA303414ABRDA303414A,ORAPOS,UROLOGY,BRDA303414A,EMERGENCY DEPARTMENT,14100,UROLOGY,PP-NS-2059,,TRAY CATHETERIZATION COMPLETE CARE LUBRI-SIL IC STATLOCK SURESTEP 14FR FOLEY URINE METER STERILE LATEX FREE DISPOSABLE,903079,A303414A,8,8,8,,,185.76,185.76,NF,True,NF,GADSDEN CHONTE,GADSDEN CHONTE,"UROLOGY 
 
BD",Y,14100 ED A1-218 25-10 30TH AVE 1FL,"EMERGENCY DEPARTMENT, 14100",True,MOUNT SINAI QUEENS,ACTIVE,CLOSED,EDI,TRUE,TRUE,185.76,MOUNT SINAI QUEENS,MOUNT SINAI QUEENS,102-107-11-14100-903079-00000000000-000-0000-000-00000-00000----,False,PP-NS-2059,Yes,185.76,8027729,BD,BD,NF,1,BD,No, ,NO,903079, UROLOGY,7/2/2025 12:00:00 AM,CLOSED,41-1-1,23.22,CLOSED,EACH,7/3/2025 12:00:00 AM,8,NF,,7/2/2025 12:00:00 AM,Q10679,AQUINO CLAIRE,,,MOUNT SINAI QUEENS - RECVG MAIN,185.76,NF,NF,NF,UROLOGY,MEDLINE INDUSTRIES INC,12422
MOUNT SINAI QUEENS,2025,MEDLINE INDUSTRIES INC,"NURSING STATION 6-TELEM-MSQ, 10411",CLOSED,903079,"903079, UROLOGY",MOUNT SINAI QUEENS,Yes,Yes,A303414A,BD,4/7/2025 12:00:00 AM,M3082010,GOODS,TRAY CATHETERIZATION COMPLETE CARE LUBRI-SIL IC STATLOCK SURESTEP 14FR FOLEY URINE METER STERILE LATEX FREE DISPOSABLEA303414ABRDA303414A,ORAPOS,UROLOGY,BRDA303414A,NURSING STATION 6-TELEM-MSQ,10411,UROLOGY,PP-NS-2059,,TRAY CATHETERIZATION COMPLETE CARE LUBRI-SIL IC STATLOCK SURESTEP 14FR FOLEY URINE METER STERILE LATEX FREE DISPOSABLE,903079,A303414A,2,2,2,,,46.44,46.44,NF,True,NF,GADSDEN CHONTE,GADSDEN CHONTE,"UROLOGY 
 
BD",Y,10411 NSG STATION 6TEL 25-10 30TH AVE 6,"NURSING STATION 6-TELEM-MSQ, 10411",True,MOUNT SINAI QUEENS,ACTIVE,CLOSED,EDI,TRUE,TRUE,46.4398,MOUNT SINAI QUEENS,MOUNT SINAI QUEENS,102-107-11-10411-903079-00000000000-000-0000-000-00000-00000----,False,PP-NS-2059,Yes,46.44,8027729,BD,BD,NF,1,BD,No, ,NO,903079, UROLOGY,4/7/2025 12:00:00 AM,CLOSED,25-1-1,23.2199,CLOSED FOR RECEIVING,EACH,4/7/2025 12:00:00 AM,2,NF,,4/7/2025 12:00:00 AM,Q7351,CASTILLO DAVID,,,MOUNT SINAI QUEENS - RECVG MAIN,46.4398,NF,NF,NF,UROLOGY,MEDLINE INDUSTRIES INC,12422
MOUNT SINAI HOSPITAL,2025,MEDLINE INDUSTRIES INC,"NURSING EMERGENCY SERVICES, 12001",OPEN,903079,"903079, UROLOGY",MOUNT SINAI HOSPITAL,Yes,Yes,A303414A,BD,7/9/2025 12:00:00 AM,M3123076,GOODS,TRAY CATHETERIZATION COMPLETE CARE LUBRI-SIL IC STATLOCK SURESTEP 14FR FOLEY URINE METER STERILE LATEX FREE DISPOSABLEA303414ABRDA942214,ORAPOS,UROLOGY,BRDA942214,NURSING EMERGENCY SERVICES,12001,UROLOGY,PP-NS-2059,,TRAY CATHETERIZATION COMPLETE CARE LUBRI-SIL IC STATLOCK SURESTEP 14FR FOLEY URINE METER STERILE LATEX FREE DISPOSABLE,903079,A303414A,1,1,1,10,10,223.41,223.41,NF,True,NF,DIAZ VANESSA,DIAZ VANESSA,"UROLOGY 
 
BD",Y,12001 GPMC NM-220 ED CLN UTILITY 0785,"NURSING EMERGENCY SERVICES, 12001",True,MOUNT SINAI HOSPITAL,ACTIVE,CLOSED,EDI,TRUE,TRUE,223.41,MOUNT SINAI HOSPITAL,MOUNT SINAI HOSPITAL,101-101-11-12001-903079-00000000000-000-0000-000-00000-00000----,False,PP-NS-2059,Yes,223.41,8027729,BD,BD,NF,1,BD,No, ,NO,903079, UROLOGY,7/9/2025 12:00:00 AM,CLOSED,11-1-1,223.41,OPEN,CASE,7/9/2025 12:00:00 AM,1,NF,10,7/9/2025 12:00:00 AM,M66427,PASTUIZACA NICOLLAS,,,MOUNT SINAI HOSPITAL - RECVG MAIN,223.41,NF,NF,NF,UROLOGY,MEDLINE INDUSTRIES INC,12422
MOUNT SINAI HOSPITAL,2025,MEDLINE INDUSTRIES INC,"NURSING EMERGENCY SERVICES, 12001",OPEN,903079,"903079, UROLOGY",MOUNT SINAI HOSPITAL,Yes,Yes,A303414A,BD,4/5/2025 12:00:00 AM,M3081086,GOODS,TRAY CATHETERIZATION COMPLETE CARE LUBRI-SIL IC STATLOCK SURESTEP 14FR FOLEY URINE METER STERILE LATEX FREE DISPOSABLEA303414ABRDA303414A,ORAPOS,UROLOGY,BRDA303414A,NURSING EMERGENCY SERVICES,12001,UROLOGY,PP-NS-2059,,TRAY CATHETERIZATION COMPLETE CARE LUBRI-SIL IC STATLOCK SURESTEP 14FR FOLEY URINE METER STERILE LATEX FREE DISPOSABLE,903079,A303414A,6,6,6,,,139.32,139.32,NF,True,NF,DIAZ VANESSA,DIAZ VANESSA,"UROLOGY 
 
BD",Y,12001 MED GP MC ED INTAKE,"NURSING EMERGENCY SERVICES, 12001",True,MOUNT SINAI HOSPITAL,ACTIVE,CLOSED,EDI,TRUE,TRUE,139.3194,MOUNT SINAI HOSPITAL,MOUNT SINAI HOSPITAL,101-101-11-12001-903079-00000000000-000-0000-000-00000-00000----,False,PP-NS-2059,Yes,139.32,8027729,BD,BD,NF,1,BD,No, ,NO,903079, UROLOGY,4/4/2025 12:00:00 AM,CLOSED,41-1-1,23.2199,OPEN,EACH,4/5/2025 12:00:00 AM,6,NF,,4/4/2025 12:00:00 AM,M43833,PAGAN CHANTELL,,,MOUNT SINAI HOSPITAL - RECVG MAIN,139.3194,NF,NF,NF,UROLOGY,MEDLINE INDUSTRIES INC,12422
MOUNT SINAI HOSPITAL,2025,MEDLINE INDUSTRIES INC,"NURSING EMERGENCY SERVICES, 12001",OPEN,903079,"903079, UROLOGY",MOUNT SINAI HOSPITAL,Yes,Yes,A303414A,BD,3/25/2025 12:00:00 AM,M3075741,GOODS,TRAY CATHETERIZATION COMPLETE CARE LUBRI-SIL IC STATLOCK SURESTEP 14FR FOLEY URINE METER STERILE LATEX FREE DISPOSABLEA303414ABRDA303414A,ORAPOS,UROLOGY,BRDA303414A,NURSING EMERGENCY SERVICES,12001,UROLOGY,PP-NS-2059,,TRAY CATHETERIZATION COMPLETE CARE LUBRI-SIL IC STATLOCK SURESTEP 14FR FOLEY URINE METER STERILE LATEX FREE DISPOSABLE,903079,A303414A,4,4,4,,,92.88,92.88,NF,True,NF,DIAZ VANESSA,DIAZ VANESSA,"UROLOGY 
 
BD",Y,12001 GPMC ED ACUTE1 A,"NURSING EMERGENCY SERVICES, 12001",True,MOUNT SINAI HOSPITAL,ACTIVE,CLOSED,EDI,TRUE,TRUE,92.8796,MOUNT SINAI HOSPITAL,MOUNT SINAI HOSPITAL,101-101-11-12001-903079-00000000000-000-0000-000-00000-00000----,False,PP-NS-2059,Yes,92.88,8027729,BD,BD,NF,1,BD,No, ,NO,903079, UROLOGY,3/25/2025 12:00:00 AM,CLOSED,26-1-1,23.2199,OPEN,EACH,3/25/2025 12:00:00 AM,4,NF,,3/25/2025 12:00:00 AM,M40931,PARKES KEVIN,,,MOUNT SINAI HOSPITAL - RECVG MAIN,92.8796,NF,NF,NF,UROLOGY,MEDLINE INDUSTRIES INC,12422
MOUNT SINAI QUEENS,2025,MEDLINE INDUSTRIES INC,"EMERGENCY DEPARTMENT, 14100",CLOSED,903079,"903079, UROLOGY",MOUNT SINAI QUEENS,Yes,Yes,A303414A,BD,2/13/2025 12:00:00 AM,M3056841,GOODS,TRAY CATHETERIZATION COMPLETE CARE LUBRI-SIL IC STATLOCK SURESTEP 14FR FOLEY URINE METER STERILE LATEX FREE DISPOSABLEA303414ABRDA303414A,ORAPOS,UROLOGY,BRDA303414A,EMERGENCY DEPARTMENT,14100,UROLOGY,PP-NS-2059,,TRAY CATHETERIZATION COMPLETE CARE LUBRI-SIL IC STATLOCK SURESTEP 14FR FOLEY URINE METER STERILE LATEX FREE DISPOSABLE,903079,A303414A,8,8,8,,,175.52,175.52,NF,True,NF,GADSDEN CHONTE,GADSDEN CHONTE,"UROLOGY 
 
BD",Y,14100 ED A1-218 25-10 30TH AVE 1FL,"EMERGENCY DEPARTMENT, 14100",True,MOUNT SINAI QUEENS,ACTIVE,CLOSED,EDI,TRUE,TRUE,175.52,MOUNT SINAI QUEENS,MOUNT SINAI QUEENS,102-107-11-14100-903079-00000000000-000-0000-000-00000-00000----,False,PP-NS-2059,Yes,175.52,8027729,BD,BD,NF,1,BD,No, ,NO,903079, UROLOGY,2/12/2025 12:00:00 AM,CLOSED,39-1-1,21.94,CLOSED,EACH,2/13/2025 12:00:00 AM,8,NF,,2/12/2025 12:00:00 AM,Q5246,DIAZ DAVID,,,MOUNT SINAI QUEENS - RECVG MAIN,175.52,NF,NF,NF,UROLOGY,MEDLINE INDUSTRIES INC,12422
MOUNT SINAI QUEENS,2025,MEDLINE INDUSTRIES INC,"NURSING STATION 4W-MSQ, 10409",CLOSED,903079,"903079, UROLOGY",MOUNT SINAI QUEENS,Yes,Yes,A303414A,BD,4/25/2025 12:00:00 AM,M3090576,GOODS,TRAY CATHETERIZATION COMPLETE CARE LUBRI-SIL IC STATLOCK SURESTEP 14FR FOLEY URINE METER STERILE LATEX FREE DISPOSABLEA303414ABRDA303414A,ORAPOS,UROLOGY,BRDA303414A,NURSING STATION 4W-MSQ,10409,UROLOGY,PP-NS-2059,,TRAY CATHETERIZATION COMPLETE CARE LUBRI-SIL IC STATLOCK SURESTEP 14FR FOLEY URINE METER STERILE LATEX FREE DISPOSABLE,903079,A303414A,2,2,2,,,46.44,46.44,NF,True,NF,GADSDEN CHONTE,GADSDEN CHONTE,"UROLOGY 
 
BD",Y,10409 NSG STATION 4W 25-10 30TH AVE 4FL,"NURSING STATION 4W-MSQ, 10409",True,MOUNT SINAI QUEENS,ACTIVE,CLOSED,EDI,TRUE,TRUE,46.4398,MOUNT SINAI QUEENS,MOUNT SINAI QUEENS,102-107-11-10409-903079-00000000000-000-0000-000-00000-00000----,False,PP-NS-2059,Yes,46.44,8027729,BD,BD,NF,1,BD,No, ,NO,903079, UROLOGY,4/25/2025 12:00:00 AM,CLOSED,8-1-1,23.2199,CLOSED,EACH,4/25/2025 12:00:00 AM,2,NF,,4/25/2025 12:00:00 AM,Q8109,RUIZ JUNIOR NORMAN,,,MOUNT SINAI QUEENS - RECVG MAIN,46.4398,NF,NF,NF,UROLOGY,MEDLINE INDUSTRIES INC,12422
MOUNT SINAI QUEENS,2025,MEDLINE INDUSTRIES INC,"EMERGENCY DEPARTMENT, 14100",CLOSED,903079,"903079, UROLOGY",MOUNT SINAI QUEENS,Yes,Yes,A303414A,BD,6/11/2025 12:00:00 AM,M3108109,GOODS,TRAY CATHETERIZATION COMPLETE CARE LUBRI-SIL IC STATLOCK SURESTEP 14FR FOLEY URINE METER STERILE LATEX FREE DISPOSABLEA303414ABRDA303414A,ORAPOS,UROLOGY,BRDA303414A,EMERGENCY DEPARTMENT,14100,UROLOGY,PP-NS-2059,,TRAY CATHETERIZATION COMPLETE CARE LUBRI-SIL IC STATLOCK SURESTEP 14FR FOLEY URINE METER STERILE LATEX FREE DISPOSABLE,903079,A303414A,8,8,8,,,185.76,185.76,NF,True,NF,GADSDEN CHONTE,GADSDEN CHONTE,"UROLOGY 
 
BD",Y,14100 ED A1-218 25-10 30TH AVE 1FL,"EMERGENCY DEPARTMENT, 14100",True,MOUNT SINAI QUEENS,ACTIVE,CLOSED,EDI,TRUE,TRUE,185.76,MOUNT SINAI QUEENS,MOUNT SINAI QUEENS,102-107-11-14100-903079-00000000000-000-0000-000-00000-00000----,False,PP-NS-2059,Yes,185.76,8027729,BD,BD,NF,1,BD,No, ,NO,903079, UROLOGY,6/4/2025 12:00:00 AM,CLOSED,27-1-1,23.22,CLOSED FOR RECEIVING,EACH,6/11/2025 12:00:00 AM,8,NF,,6/4/2025 12:00:00 AM,Q9692,CANDELIER ELEANA,,,MOUNT SINAI QUEENS - RECVG MAIN,185.76,NF,NF,NF,UROLOGY,MEDLINE INDUSTRIES INC,12422
MOUNT SINAI HOSPITAL,2025,MEDLINE INDUSTRIES INC,"NURSING LABOR & DELIV KP 2-MSH, 10263",OPEN,903079,"903079, UROLOGY",MOUNT SINAI HOSPITAL,Yes,Yes,A303414A,BD,2/8/2025 12:00:00 AM,M3054698,GOODS,TRAY CATHETERIZATION COMPLETE CARE LUBRI-SIL IC STATLOCK SURESTEP 14FR FOLEY URINE METER STERILE LATEX FREE DISPOSABLEA303414ABRDA303414A,ORAPOS,UROLOGY,BRDA303414A,NURSING LABOR & DELIV KP 2-MSH,10263,UROLOGY,PP-NS-2059,,TRAY CATHETERIZATION COMPLETE CARE LUBRI-SIL IC STATLOCK SURESTEP 14FR FOLEY URINE METER STERILE LATEX FREE DISPOSABLE,903079,A303414A,5,5,5,10,50,1097,1097,NF,True,NF,DIAZ VANESSA,DIAZ VANESSA,"UROLOGY 
 
BD",Y,10263 MC KP2 L&D EAST,"NURSING LABOR & DELIV KP 2-MSH, 10263",True,MOUNT SINAI HOSPITAL,ACTIVE,CLOSED,EDI,TRUE,TRUE,1097,MOUNT SINAI HOSPITAL,MOUNT SINAI HOSPITAL,101-101-11-10263-903079-00000000000-000-0000-000-00000-00000----,False,PP-NS-2059,Yes,1097,8027729,BD,BD,NF,1,BD,No, ,NO,903079, UROLOGY,2/7/2025 12:00:00 AM,CLOSED,44-1-1,219.4,OPEN,CASE,2/8/2025 12:00:00 AM,5,NF,50,2/7/2025 12:00:00 AM,M29709,ROJAS BERNNIT,,,MOUNT SINAI HOSPITAL - RECVG MAIN,1097,NF,NF,NF,UROLOGY,MEDLINE INDUSTRIES INC,12422
MOUNT SINAI QUEENS,2025,MEDLINE INDUSTRIES INC,"NURSING STATION 3E-MSQ, 10406",OPEN,903079,"903079, UROLOGY",MOUNT SINAI QUEENS,Yes,Yes,A303414A,BD,5/7/2025 12:00:00 AM,M3096021,GOODS,TRAY CATHETERIZATION COMPLETE CARE LUBRI-SIL IC STATLOCK SURESTEP 14FR FOLEY URINE METER STERILE LATEX FREE DISPOSABLEA303414ABRDA303414A,ORAPOS,UROLOGY,BRDA303414A,NURSING STATION 3E-MSQ,10406,UROLOGY,PP-NS-2059,,TRAY CATHETERIZATION COMPLETE CARE LUBRI-SIL IC STATLOCK SURESTEP 14FR FOLEY URINE METER STERILE LATEX FREE DISPOSABLE,903079,A303414A,4,4,4,,,92.88,92.88,NF,True,NF,GADSDEN CHONTE,GADSDEN CHONTE,"UROLOGY 
 
BD",Y,10406 NSG STATION 3E 25-10 30TH AVE 3FL,"NURSING STATION 3E-MSQ, 10406",True,MOUNT SINAI QUEENS,ACTIVE,CLOSED,EDI,TRUE,TRUE,92.8796,MOUNT SINAI QUEENS,MOUNT SINAI QUEENS,102-107-11-10406-903079-00000000000-000-0000-000-00000-00000----,False,PP-NS-2059,Yes,92.88,8027729,BD,BD,NF,1,BD,No, ,NO,903079, UROLOGY,5/7/2025 12:00:00 AM,CLOSED,12-1-1,23.2199,OPEN,EACH,5/7/2025 12:00:00 AM,4,NF,,5/7/2025 12:00:00 AM,Q8646,GUPTA ANIL,,,MOUNT SINAI QUEENS - RECVG MAIN,92.8796,NF,NF,NF,UROLOGY,MEDLINE INDUSTRIES INC,12422
