VendName,Year of Po Date,Dept Desc_Num   ,Facility Dept,MnfrName,Unspsc Segment,And Filter,Direct Filter,Dwh Po Status,Exp_Code,Exp_Code_Desc,Facility,Has Contract,MfrCatno,MfrName,Po Date,Pono Release,PoType,SEARCH,Source Code,Unspsc Commodity,VendCatno,Dept Description,Dept Number,Expense Code Descrip,GHX_CONT_ID1,GHX_CONT_ID2,ItemDesc,Mmis Obj Code,MnfrCatNo,PO_QTY_CALC,Qty Invoiced,Qty Received,Po Qty,Qoe Conv Ea,Qty in EA,Qty in EA test,SPEND,SPEND_VALUE,ALIAS,ATTRIBUTE49,Buyer,Buyer Name,Commodity+MFR,Creation Method,Deliverto,Dept Desc_Num,Dwh Facility,Dwh Item Status,Dwh Po Line Status,Dwh Po Submit Type,Exp_Code_Filter_Check,Exp_Desc_Filter_Check,Ext Price,Facility Id,FacilityVend,Full Gl Account,GHX_CONT_ID1_1,GHX_CONT_ID1_CALC,Has Contract Old,INVAMT,Item#,Mfr Name,MFR_VEN Name,Mmis Pkg String,Mmis Qoe,NonContract PunchOut,Null,PACKS_CONT_ID,pick Exp_Code,pick Exp_Desc,Po Create Date,Po Line Status,Po Lineno,Po Price,Po Status,Po Uom,PunchOut Detail,Req Date,Reqno,Requisitioner,Service End,Service Start,Shipto,SPEND (1),SPEND % (for Trend),SPEND_VALUE 1,Unspsc Class,Unspsc Code,Unspsc Family,Vend Name,VendCode
BOSTON SCIENTIFIC CORP,2023,"INTERVENTIONAL RADIOLOGY, 01040146",MOUNT SINAI HOSPITAL,BOSTON SCIENTIFIC CORP,MEDICAL EQUIPMENT AND ACCESSORIES AND SUPPLIES,True,True,CLOSED,4249,"4249, ENDOVASCULAR STENTS",MOUNT SINAI HOSPITAL,Yes,M001719000,BOSTON SCIENTIFIC CORP,2/1/2023 12:00:00 AM,M1927068,PURCHASE ORDER,STENT ENDOPROSTHESIS 6MM DIA 5FR OD 22MML 135CML WORKING CATHETER CONICHROME CAROTID ARTERY SELF-EXPANDING RAPID EXCHANGE LOW-PROFILE CLOSED CELL WALLSTENT MONORAIL MRI-SAFE NON-RADIOLUCENT MARKER X2M001719000M001719000,PMMPOS,ENDOPROSTHESIS OR WALL STENTS OR TUBES,M001719000,INTERVENTIONAL RADIOLOGY,01040146,ENDOVASCULAR STENTS,MSHS-CA-237,,STENT ENDOPROSTHESIS 6MM DIA 5FR OD 22MML 135CML WORKING CATHETER CONICHROME CAROTID ARTERY SELF-EXPANDING RAPID EXCHANGE LOW-PROFILE CLOSED CELL WALLSTENT MONORAIL MRI-SAFE NON-RADIOLUCENT MARKER X2,4249,M001719000,1,,1,1,1,1,1,2170,2170,101-101-11-21050-00000000000-0-0,NF,MSH MAIN PURCHASING,MSH MAIN PURCHASING,"ENDOPROSTHESIS OR WALL STENTS OR TUBES 
 
BOSTON SCIENTIFIC CORP",SYSTEM CREATED,M 0146 INTERVENTIONAL RADIOLOGY,"INTERVENTIONAL RADIOLOGY, 01040146",MOUNT SINAI HOSPITAL,ACTIVE,CLOSED,EDI,TRUE,TRUE,2170,M,MOUNT SINAI HOSPITAL,010401464249,False,MSHS-CA-237,Yes,,251642,BOSTON SCIENTIFIC CORP,BOSTON SCIENTIFIC CORP,1/EA,1,No, ,NO,4249, ENDOVASCULAR STENTS,2/1/2023 12:00:00 AM,CLOSED,3,2170,CLOSED,EACH,NF,2/1/2023 12:00:00 AM,MSIR023124,"RADIOLOGY REQ INTERFACE, INTERVENTIONAL",,,M 0146 INTERVENTIONAL RADIOLOGY,2170,2170,2170,STENTS,42295905,SURGICAL PRODUCTS,BOSTON SCIENTIFIC CORP,BSSCIS
BOSTON SCIENTIFIC CORP,2023,"INTERVENTIONAL RADIOLOGY, 01040146",MOUNT SINAI HOSPITAL,BOSTON SCIENTIFIC CORP,MEDICAL EQUIPMENT AND ACCESSORIES AND SUPPLIES,True,True,OPEN,4249,"4249, ENDOVASCULAR STENTS",MOUNT SINAI HOSPITAL,Yes,M001719000,BOSTON SCIENTIFIC CORP,12/22/2023 12:00:00 AM,M2047176,PURCHASE ORDER,STENT ENDOPROSTHESIS 6MM DIA 5FR OD 22MML 135CML WORKING CATHETER CONICHROME CAROTID ARTERY SELF-EXPANDING RAPID EXCHANGE LOW-PROFILE CLOSED CELL WALLSTENT MONORAIL MRI-SAFE NON-RADIOLUCENT MARKER X2M001719000M001719000,PMMPOS,ENDOPROSTHESIS OR WALL STENTS OR TUBES,M001719000,INTERVENTIONAL RADIOLOGY,01040146,ENDOVASCULAR STENTS,MSHS-CA-237,,STENT ENDOPROSTHESIS 6MM DIA 5FR OD 22MML 135CML WORKING CATHETER CONICHROME CAROTID ARTERY SELF-EXPANDING RAPID EXCHANGE LOW-PROFILE CLOSED CELL WALLSTENT MONORAIL MRI-SAFE NON-RADIOLUCENT MARKER X2,4249,M001719000,1,,1,1,1,1,1,2170,2170,101-101-11-21050-00000000000-0-0,NF,MSH MAIN PURCHASING,MSH MAIN PURCHASING,"ENDOPROSTHESIS OR WALL STENTS OR TUBES 
 
BOSTON SCIENTIFIC CORP",SYSTEM CREATED,M 0146 INTERVENTIONAL RADIOLOGY,"INTERVENTIONAL RADIOLOGY, 01040146",MOUNT SINAI HOSPITAL,ACTIVE,CLOSED,EDI,TRUE,TRUE,2170,M,MOUNT SINAI HOSPITAL,010401464249,False,MSHS-CA-237,Yes,,251642,BOSTON SCIENTIFIC CORP,BOSTON SCIENTIFIC CORP,1/EA,1,No, ,NO,4249, ENDOVASCULAR STENTS,12/22/2023 12:00:00 AM,CLOSED,11,2170,OPEN,EACH,NF,12/22/2023 12:00:00 AM,MSIR028685,"RADIOLOGY REQ INTERFACE, INTERVENTIONAL",,,M 0146 INTERVENTIONAL RADIOLOGY,2170,2170,2170,STENTS,42295905,SURGICAL PRODUCTS,BOSTON SCIENTIFIC CORP,BSSCIS
BOSTON SCIENTIFIC CORP,2023,"STROKE PROGRAM, 01301735",MOUNT SINAI QUEENS,BOSTON SCIENTIFIC CORP,MEDICAL EQUIPMENT AND ACCESSORIES AND SUPPLIES,True,True,CLOSED,4249,"4249, ENDOVASCULAR STENTS",MOUNT SINAI QUEENS,Yes,M001719000,BOSTON SCIENTIFIC CORP,6/12/2023 12:00:00 AM,Q1974492,PURCHASE ORDER,STENT ENDOPROSTHESIS 6MM DIA 5FR OD 22MML 135CML WORKING CATHETER CONICHROME CAROTID ARTERY SELF-EXPANDING RAPID EXCHANGE LOW-PROFILE CLOSED CELL WALLSTENT MONORAIL MRI-SAFE NON-RADIOLUCENT MARKER X2M001719000M001719000,PMMPOS,ENDOPROSTHESIS OR WALL STENTS OR TUBES,M001719000,STROKE PROGRAM,01301735,ENDOVASCULAR STENTS,MSHS-CA-237,,STENT ENDOPROSTHESIS 6MM DIA 5FR OD 22MML 135CML WORKING CATHETER CONICHROME CAROTID ARTERY SELF-EXPANDING RAPID EXCHANGE LOW-PROFILE CLOSED CELL WALLSTENT MONORAIL MRI-SAFE NON-RADIOLUCENT MARKER X2,4249,M001719000,1,,1,1,1,1,1,2170,2170,102-107-11-13055-00000000000-0-0,NF,MSQ MAIN PURCHASING,MSQ MAIN PURCHASING,"ENDOPROSTHESIS OR WALL STENTS OR TUBES 
 
BOSTON SCIENTIFIC CORP",SYSTEM CREATED,Q 1735 STROKE PROGRAM 25-10 30TH AVE,"STROKE PROGRAM, 01301735",MOUNT SINAI QUEENS,ACTIVE,CLOSED,EDI,TRUE,TRUE,2170,Q,MOUNT SINAI QUEENS,013017354249,False,MSHS-CA-237,Yes,,251642,BOSTON SCIENTIFIC CORP,BOSTON SCIENTIFIC CORP,1/EA,1,No, ,NO,4249, ENDOVASCULAR STENTS,6/12/2023 12:00:00 AM,CLOSED,3,2170,CLOSED,EACH,NF,6/12/2023 12:00:00 AM,MQSC-001641,QSIGHT QUEENS  REQ INTERFACE,,,Q 1735 STROKE PROGRAM 25-10 30TH AVE,2170,2170,2170,STENTS,42295905,SURGICAL PRODUCTS,BOSTON SCIENTIFIC CORP,BSSCIS
BOSTON SCIENTIFIC CORP,2023,"INTERVENTIONAL RADIOLOGY, 01040146",MOUNT SINAI HOSPITAL,BOSTON SCIENTIFIC CORP,MEDICAL EQUIPMENT AND ACCESSORIES AND SUPPLIES,True,True,CLOSED,4249,"4249, ENDOVASCULAR STENTS",MOUNT SINAI HOSPITAL,Yes,M001719000,BOSTON SCIENTIFIC CORP,11/3/2023 12:00:00 AM,M2028732,PURCHASE ORDER,STENT ENDOPROSTHESIS 6MM DIA 5FR OD 22MML 135CML WORKING CATHETER CONICHROME CAROTID ARTERY SELF-EXPANDING RAPID EXCHANGE LOW-PROFILE CLOSED CELL WALLSTENT MONORAIL MRI-SAFE NON-RADIOLUCENT MARKER X2M001719000M001719000,PMMPOS,ENDOPROSTHESIS OR WALL STENTS OR TUBES,M001719000,INTERVENTIONAL RADIOLOGY,01040146,ENDOVASCULAR STENTS,MSHS-CA-237,,STENT ENDOPROSTHESIS 6MM DIA 5FR OD 22MML 135CML WORKING CATHETER CONICHROME CAROTID ARTERY SELF-EXPANDING RAPID EXCHANGE LOW-PROFILE CLOSED CELL WALLSTENT MONORAIL MRI-SAFE NON-RADIOLUCENT MARKER X2,4249,M001719000,1,,1,1,1,1,1,2170,2170,101-101-11-21050-00000000000-0-0,NF,MSH MAIN PURCHASING,MSH MAIN PURCHASING,"ENDOPROSTHESIS OR WALL STENTS OR TUBES 
 
BOSTON SCIENTIFIC CORP",SYSTEM CREATED,M 0146 INTERVENTIONAL RADIOLOGY,"INTERVENTIONAL RADIOLOGY, 01040146",MOUNT SINAI HOSPITAL,ACTIVE,CLOSED,EDI,TRUE,TRUE,2170,M,MOUNT SINAI HOSPITAL,010401464249,False,MSHS-CA-237,Yes,,251642,BOSTON SCIENTIFIC CORP,BOSTON SCIENTIFIC CORP,1/EA,1,No, ,NO,4249, ENDOVASCULAR STENTS,11/3/2023 12:00:00 AM,CLOSED,2,2170,CLOSED,EACH,NF,11/3/2023 12:00:00 AM,MSIR027760,"RADIOLOGY REQ INTERFACE, INTERVENTIONAL",,,M 0146 INTERVENTIONAL RADIOLOGY,2170,2170,2170,STENTS,42295905,SURGICAL PRODUCTS,BOSTON SCIENTIFIC CORP,BSSCIS
BOSTON SCIENTIFIC CORP,2024,"INTERVENTIONAL RADIOLOGY, 01040146",MOUNT SINAI HOSPITAL,BOSTON SCIENTIFIC CORP,MEDICAL EQUIPMENT AND ACCESSORIES AND SUPPLIES,True,True,CLOSED,4249,"4249, ENDOVASCULAR STENTS",MOUNT SINAI HOSPITAL,Yes,M001719000,BOSTON SCIENTIFIC CORP,8/12/2024 12:00:00 AM,M2134350,PURCHASE ORDER,STENT ENDOPROSTHESIS 6MM DIA 5FR OD 22MML 135CML WORKING CATHETER CONICHROME CAROTID ARTERY SELF-EXPANDING RAPID EXCHANGE LOW-PROFILE CLOSED CELL WALLSTENT MONORAIL MRI-SAFE NON-RADIOLUCENT MARKER X2M001719000M001719000,PMMPOS,ENDOPROSTHESIS OR WALL STENTS OR TUBES,M001719000,INTERVENTIONAL RADIOLOGY,01040146,ENDOVASCULAR STENTS,MSHS-CA-237,,STENT ENDOPROSTHESIS 6MM DIA 5FR OD 22MML 135CML WORKING CATHETER CONICHROME CAROTID ARTERY SELF-EXPANDING RAPID EXCHANGE LOW-PROFILE CLOSED CELL WALLSTENT MONORAIL MRI-SAFE NON-RADIOLUCENT MARKER X2,4249,M001719000,1,,1,1,1,1,1,2170,2170,101-101-11-21050-00000000000-0-0,NF,MSH MAIN PURCHASING,MSH MAIN PURCHASING,"ENDOPROSTHESIS OR WALL STENTS OR TUBES 
 
BOSTON SCIENTIFIC CORP",SYSTEM CREATED,M 0146 INTERVENTIONAL RADIOLOGY,"INTERVENTIONAL RADIOLOGY, 01040146",MOUNT SINAI HOSPITAL,ACTIVE,CLOSED,EDI,TRUE,TRUE,2170,M,MOUNT SINAI HOSPITAL,010401464249,False,MSHS-CA-237,Yes,,251642,BOSTON SCIENTIFIC CORP,BOSTON SCIENTIFIC CORP,1/EA,1,No, ,NO,4249, ENDOVASCULAR STENTS,8/12/2024 12:00:00 AM,CLOSED,6,2170,CLOSED,EACH,NF,8/12/2024 12:00:00 AM,MSIR032408,"RADIOLOGY REQ INTERFACE, INTERVENTIONAL",,,M 0146 INTERVENTIONAL RADIOLOGY,2170,2170,2170,STENTS,42295905,SURGICAL PRODUCTS,BOSTON SCIENTIFIC CORP,BSSCIS
BOSTON SCIENTIFIC CORP,2023,"STROKE PROGRAM, 01301735",MOUNT SINAI QUEENS,BOSTON SCIENTIFIC CORP,MEDICAL EQUIPMENT AND ACCESSORIES AND SUPPLIES,True,True,CLOSED,4249,"4249, ENDOVASCULAR STENTS",MOUNT SINAI QUEENS,Yes,M001719000,BOSTON SCIENTIFIC CORP,5/24/2023 12:00:00 AM,Q1967963,PURCHASE ORDER,STENT ENDOPROSTHESIS 6MM DIA 5FR OD 22MML 135CML WORKING CATHETER CONICHROME CAROTID ARTERY SELF-EXPANDING RAPID EXCHANGE LOW-PROFILE CLOSED CELL WALLSTENT MONORAIL MRI-SAFE NON-RADIOLUCENT MARKER X2M001719000M001719000,PMMPOS,ENDOPROSTHESIS OR WALL STENTS OR TUBES,M001719000,STROKE PROGRAM,01301735,ENDOVASCULAR STENTS,MSHS-CA-237,,STENT ENDOPROSTHESIS 6MM DIA 5FR OD 22MML 135CML WORKING CATHETER CONICHROME CAROTID ARTERY SELF-EXPANDING RAPID EXCHANGE LOW-PROFILE CLOSED CELL WALLSTENT MONORAIL MRI-SAFE NON-RADIOLUCENT MARKER X2,4249,M001719000,1,,1,1,1,1,1,2170,2170,102-107-11-13055-00000000000-0-0,NF,MSQ MAIN PURCHASING,MSQ MAIN PURCHASING,"ENDOPROSTHESIS OR WALL STENTS OR TUBES 
 
BOSTON SCIENTIFIC CORP",SYSTEM CREATED,Q 1735 STROKE PROGRAM 25-10 30TH AVE,"STROKE PROGRAM, 01301735",MOUNT SINAI QUEENS,ACTIVE,CLOSED,EDI,TRUE,TRUE,2170,Q,MOUNT SINAI QUEENS,013017354249,False,MSHS-CA-237,Yes,,251642,BOSTON SCIENTIFIC CORP,BOSTON SCIENTIFIC CORP,1/EA,1,No, ,NO,4249, ENDOVASCULAR STENTS,5/24/2023 12:00:00 AM,CLOSED,1,2170,CLOSED,EACH,NF,5/24/2023 12:00:00 AM,MQSC-001615,QSIGHT QUEENS  REQ INTERFACE,,,Q 1735 STROKE PROGRAM 25-10 30TH AVE,2170,2170,2170,STENTS,42295905,SURGICAL PRODUCTS,BOSTON SCIENTIFIC CORP,BSSCIS
BOSTON SCIENTIFIC CORP,2025,"NEURO ENDOVASCULAR SURGERY, 13055",MOUNT SINAI QUEENS,BOSTON SCIENTIFIC,IMPLANTS,True,True,CLOSED,903030,"903030, IMPLANTS",MOUNT SINAI QUEENS,Yes,M001719000,BOSTON SCIENTIFIC,2/11/2025 12:00:00 AM,M3056114,GOODS,STENT ENDOPROSTHESIS 6MM DIA 5FR OD 22MML 135CML WORKING CATHETER CONICHROME CAROTID ARTERY SELF-EXPANDING RAPID EXCHANGE LOW-PROFILE CLOSED CELL WALLSTENT MONORAIL MRI-SAFE NON-RADIOLUCENT MARKER X2M001719000M001719000,ORAPOS,IMPLANTS,M001719000,NEURO ENDOVASCULAR SURGERY,13055,IMPLANTS,MSHS-CA-237,,STENT ENDOPROSTHESIS 6MM DIA 5FR OD 22MML 135CML WORKING CATHETER CONICHROME CAROTID ARTERY SELF-EXPANDING RAPID EXCHANGE LOW-PROFILE CLOSED CELL WALLSTENT MONORAIL MRI-SAFE NON-RADIOLUCENT MARKER X2,903030,M001719000,1,1,0,1,,,,2170,2170,NF,NF,GADSDEN CHONTE,GADSDEN CHONTE,"IMPLANTS 
 
BOSTON SCIENTIFIC",Y,13055 STROKE PROGRAM 25-10 30TH AVE,"NEURO ENDOVASCULAR SURGERY, 13055",MOUNT SINAI QUEENS,ACTIVE,CLOSED,EDI,TRUE,TRUE,2170,MOUNT SINAI QUEENS,MOUNT SINAI QUEENS,102-107-11-13055-903030-00000000000-000-0000-000-00000-00000----,False,MSHS-CA-237,Yes,2170,2023675,BOSTON SCIENTIFIC,BOSTON SCIENTIFIC,NF,1,No, ,NO,903030, IMPLANTS,2/11/2025 12:00:00 AM,CLOSED FOR INVOICING,2-1-1,2170,CLOSED FOR INVOICING,EACH,NF,2/11/2025 12:00:00 AM,QS10358639,HERNANDEZ LUIS,,,MOUNT SINAI QUEENS - RECVG MAIN,2170,2170,2170,NF,NF,NF,BOSTON SCIENTIFIC CORP,3160
BOSTON SCIENTIFIC CORP,2024,"RADIOLOGY NEURO INTERVENTIONAL, 21052",MOUNT SINAI WEST,BOSTON SCIENTIFIC,IMPLANTS,True,True,CLOSED,903030,"903030, IMPLANTS",MOUNT SINAI WEST,Yes,M001719000,BOSTON SCIENTIFIC,10/21/2024 12:00:00 AM,W1003604,GOODS,STENT ENDOPROSTHESIS 6MM DIA 5FR OD 22MML 135CML WORKING CATHETER CONICHROME CAROTID ARTERY SELF-EXPANDING RAPID EXCHANGE LOW-PROFILE CLOSED CELL WALLSTENT MONORAIL MRI-SAFE NON-RADIOLUCENT MARKER X2M001719000M001719000,ORAPOS,IMPLANTS,M001719000,RADIOLOGY NEURO INTERVENTIONAL,21052,IMPLANTS,MSHS-CA-237,,STENT ENDOPROSTHESIS 6MM DIA 5FR OD 22MML 135CML WORKING CATHETER CONICHROME CAROTID ARTERY SELF-EXPANDING RAPID EXCHANGE LOW-PROFILE CLOSED CELL WALLSTENT MONORAIL MRI-SAFE NON-RADIOLUCENT MARKER X2,903030,M001719000,1,1,1,1,,,,2170,2170,NF,NF,PERNELL JOURNEE,PERNELL JOURNEE,"IMPLANTS 
 
BOSTON SCIENTIFIC",Y,1000 10TH AVE RM 4C-12 RAD NEURO INTRVNTNL,"RADIOLOGY NEURO INTERVENTIONAL, 21052",MOUNT SINAI WEST,ACTIVE,CLOSED,EDI,TRUE,TRUE,2170,MOUNT SINAI - WEST,MOUNT SINAI WEST,301-301-11-21052-903030-00000000000-000-0000-000-00000-00000----,False,MSHS-CA-237,Yes,2170,2023675,BOSTON SCIENTIFIC,BOSTON SCIENTIFIC,NF,1,No, ,NO,903030, IMPLANTS,10/21/2024 12:00:00 AM,CLOSED,1-1-1,2170,CLOSED,EACH,NF,10/21/2024 12:00:00 AM,W1483,MCLEOD KENRICK,,,MOUNT SINAI WEST - RECVG MAIN,2170,2170,2170,NF,NF,NF,BOSTON SCIENTIFIC CORP,3160
BOSTON SCIENTIFIC CORP,2024,"RADIOLOGY NEURO INTERVENTIONAL, 21052",MOUNT SINAI WEST,BOSTON SCIENTIFIC,IMPLANTS,True,True,CLOSED,903030,"903030, IMPLANTS",MOUNT SINAI WEST,Yes,M001719000,BOSTON SCIENTIFIC,12/23/2024 12:00:00 AM,W1020445,GOODS,STENT ENDOPROSTHESIS 6MM DIA 5FR OD 22MML 135CML WORKING CATHETER CONICHROME CAROTID ARTERY SELF-EXPANDING RAPID EXCHANGE LOW-PROFILE CLOSED CELL WALLSTENT MONORAIL MRI-SAFE NON-RADIOLUCENT MARKER X2M001719000M001719000,ORAPOS,IMPLANTS,M001719000,RADIOLOGY NEURO INTERVENTIONAL,21052,IMPLANTS,MSHS-CA-237,,STENT ENDOPROSTHESIS 6MM DIA 5FR OD 22MML 135CML WORKING CATHETER CONICHROME CAROTID ARTERY SELF-EXPANDING RAPID EXCHANGE LOW-PROFILE CLOSED CELL WALLSTENT MONORAIL MRI-SAFE NON-RADIOLUCENT MARKER X2,903030,M001719000,1,1,1,1,,,,2170,2170,NF,NF,PERNELL JOURNEE,PERNELL JOURNEE,"IMPLANTS 
 
BOSTON SCIENTIFIC",Y,1000 10TH AVE RM 4C-12 RAD NEURO INTRVNTNL,"RADIOLOGY NEURO INTERVENTIONAL, 21052",MOUNT SINAI WEST,ACTIVE,CLOSED,EDI,TRUE,TRUE,2170,MOUNT SINAI - WEST,MOUNT SINAI WEST,301-301-11-21052-903030-00000000000-000-0000-000-00000-00000----,False,MSHS-CA-237,Yes,2170,2023675,BOSTON SCIENTIFIC,BOSTON SCIENTIFIC,NF,1,No, ,NO,903030, IMPLANTS,12/23/2024 12:00:00 AM,CLOSED,1-1-1,2170,CLOSED,EACH,NF,12/23/2024 12:00:00 AM,QS10222166,MCLEOD KENRICK,,,MOUNT SINAI WEST - RECVG MAIN,2170,2170,2170,NF,NF,NF,BOSTON SCIENTIFIC CORP,3160
BOSTON SCIENTIFIC CORP,2024,"INTERVENTIONAL RADIOLOGY, 01040146",MOUNT SINAI HOSPITAL,BOSTON SCIENTIFIC CORP,MEDICAL EQUIPMENT AND ACCESSORIES AND SUPPLIES,True,True,CLOSED,4249,"4249, ENDOVASCULAR STENTS",MOUNT SINAI HOSPITAL,Yes,M001719000,BOSTON SCIENTIFIC CORP,8/13/2024 12:00:00 AM,M2134842,PURCHASE ORDER,STENT ENDOPROSTHESIS 6MM DIA 5FR OD 22MML 135CML WORKING CATHETER CONICHROME CAROTID ARTERY SELF-EXPANDING RAPID EXCHANGE LOW-PROFILE CLOSED CELL WALLSTENT MONORAIL MRI-SAFE NON-RADIOLUCENT MARKER X2M001719000M001719000,PMMPOS,ENDOPROSTHESIS OR WALL STENTS OR TUBES,M001719000,INTERVENTIONAL RADIOLOGY,01040146,ENDOVASCULAR STENTS,MSHS-CA-237,,STENT ENDOPROSTHESIS 6MM DIA 5FR OD 22MML 135CML WORKING CATHETER CONICHROME CAROTID ARTERY SELF-EXPANDING RAPID EXCHANGE LOW-PROFILE CLOSED CELL WALLSTENT MONORAIL MRI-SAFE NON-RADIOLUCENT MARKER X2,4249,M001719000,1,,1,1,1,1,1,2170,2170,101-101-11-21050-00000000000-0-0,NF,MSH MAIN PURCHASING,MSH MAIN PURCHASING,"ENDOPROSTHESIS OR WALL STENTS OR TUBES 
 
BOSTON SCIENTIFIC CORP",SYSTEM CREATED,M 0146 INTERVENTIONAL RADIOLOGY,"INTERVENTIONAL RADIOLOGY, 01040146",MOUNT SINAI HOSPITAL,ACTIVE,CLOSED,EDI,TRUE,TRUE,2170,M,MOUNT SINAI HOSPITAL,010401464249,False,MSHS-CA-237,Yes,,251642,BOSTON SCIENTIFIC CORP,BOSTON SCIENTIFIC CORP,1/EA,1,No, ,NO,4249, ENDOVASCULAR STENTS,8/13/2024 12:00:00 AM,CLOSED,7,2170,CLOSED,EACH,NF,8/13/2024 12:00:00 AM,MSIR032441,"RADIOLOGY REQ INTERFACE, INTERVENTIONAL",,,M 0146 INTERVENTIONAL RADIOLOGY,2170,2170,2170,STENTS,42295905,SURGICAL PRODUCTS,BOSTON SCIENTIFIC CORP,BSSCIS
BOSTON SCIENTIFIC CORP,2025,"Cerebral Vascular Center, 3396",S NASSAU,BOSTON SCIENTIFIC CORPORATION,MED SURG SUPPLIES,True,True,CLOSED,,,S NASSAU,Yes,M001719000,BOSTON SCIENTIFIC CORPORATION,3/6/2025 12:00:00 AM,8366501,Non-Stock-Non-Stock_,CAROTID WALLSTENT 6X22X135M001719000404,LAWPOS,MED SURG SUPPLIES,404,Cerebral Vascular Center,3396,Med Surg Supplies,MSHS-CA-237,,CAROTID WALLSTENT 6X22X135,,M001719000,,1,,1,,,0,2170,2170,,,Isa Shachove,Isa Shachove,"MED SURG SUPPLIES 
 
BOSTON SCIENTIFIC CORPORATION",,MM - Store Room,"Cerebral Vascular Center, 3396",S NASSAU,,CLOSED,,FALSE,FALSE,2170,,S NASSAU,,False,MSHS-CA-237,Yes,,77875,BOSTON SCIENTIFIC CORPORATION,BOSTON SCIENTIFIC CORPORATION,,,No, ,NO,,,,CLOSED,1,2170,CLOSED,EA,NF,,,Christopher Nastri,,,STORE,2170,2170,2170,,,,BOSTON SCIENTIFIC CORP,4049
BOSTON SCIENTIFIC CORP,2023,"INTERVENTIONAL RADIOLOGY, 01040146",MOUNT SINAI HOSPITAL,BOSTON SCIENTIFIC CORP,MEDICAL EQUIPMENT AND ACCESSORIES AND SUPPLIES,True,True,CLOSED,4249,"4249, ENDOVASCULAR STENTS",MOUNT SINAI HOSPITAL,Yes,M001719010,BOSTON SCIENTIFIC CORP,11/30/2023 12:00:00 AM,M2038199,PURCHASE ORDER,STENT ENDOPROSTHESIS WALL METAL CAROTID 8 X 21 5FR 135CMM001719010M001719010,PMMPOS,ENDOPROSTHESIS OR WALL STENTS OR TUBES,M001719010,INTERVENTIONAL RADIOLOGY,01040146,ENDOVASCULAR STENTS,MSHS-CA-237,,STENT ENDOPROSTHESIS WALL METAL CAROTID 8 X 21 5FR 135CM,4249,M001719010,1,,1,1,1,1,1,2170,2170,101-101-11-21050-00000000000-0-0,NF,MSH MAIN PURCHASING,MSH MAIN PURCHASING,"ENDOPROSTHESIS OR WALL STENTS OR TUBES 
 
BOSTON SCIENTIFIC CORP",SYSTEM CREATED,M 0146 INTERVENTIONAL RADIOLOGY,"INTERVENTIONAL RADIOLOGY, 01040146",MOUNT SINAI HOSPITAL,ACTIVE,CLOSED,EDI,TRUE,TRUE,2170,M,MOUNT SINAI HOSPITAL,010401464249,False,MSHS-CA-237,Yes,,203748,BOSTON SCIENTIFIC CORP,BOSTON SCIENTIFIC CORP,1/EA,1,No, ,NO,4249, ENDOVASCULAR STENTS,11/30/2023 12:00:00 AM,CLOSED,12,2170,CLOSED,EACH,NF,11/30/2023 12:00:00 AM,MSIR028242,"RADIOLOGY REQ INTERFACE, INTERVENTIONAL",,,M 0146 INTERVENTIONAL RADIOLOGY,2170,2170,2170,STENTS,42295905,SURGICAL PRODUCTS,BOSTON SCIENTIFIC CORP,BSSCIS
BOSTON SCIENTIFIC CORP,2024,"NEURO ENDOVASCULAR SURGERY, 13055",MOUNT SINAI QUEENS,BOSTON SCIENTIFIC,IMPLANTS,True,True,CLOSED,903030,"903030, IMPLANTS",MOUNT SINAI QUEENS,Yes,M001719010,BOSTON SCIENTIFIC,10/17/2024 12:00:00 AM,M3002971,GOODS,STENT ENDOPROSTHESIS WALL METAL CAROTID 8 X 21 5FR 135CMM001719010M001719010,ORAPOS,IMPLANTS,M001719010,NEURO ENDOVASCULAR SURGERY,13055,IMPLANTS,MSHS-CA-237,,STENT ENDOPROSTHESIS WALL METAL CAROTID 8 X 21 5FR 135CM,903030,M001719010,1,1,1,1,,,,2170,2170,NF,NF,GADSDEN CHONTE,GADSDEN CHONTE,"IMPLANTS 
 
BOSTON SCIENTIFIC",Y,13055 STROKE PROGRAM 25-10 30TH AVE,"NEURO ENDOVASCULAR SURGERY, 13055",MOUNT SINAI QUEENS,ACTIVE,CLOSED,EDI,TRUE,TRUE,2170,MOUNT SINAI QUEENS,MOUNT SINAI QUEENS,102-107-11-13055-903030-00000000000-000-0000-000-00000-00000----,False,MSHS-CA-237,Yes,2170,2023676,BOSTON SCIENTIFIC,BOSTON SCIENTIFIC,NF,1,No, ,NO,903030, IMPLANTS,10/17/2024 12:00:00 AM,CLOSED,1-1-1,2170,CLOSED FOR RECEIVING,EACH,NF,10/17/2024 12:00:00 AM,QS10029455,HERNANDEZ LUIS,,,MOUNT SINAI QUEENS - RECVG MAIN,2170,2170,2170,NF,NF,NF,BOSTON SCIENTIFIC CORP,3160
BOSTON SCIENTIFIC CORP,2024,"NEURO ENDOVASCULAR SURGERY, 13055",MOUNT SINAI QUEENS,BOSTON SCIENTIFIC,IMPLANTS,True,True,CLOSED,903030,"903030, IMPLANTS",MOUNT SINAI QUEENS,Yes,M001719010,BOSTON SCIENTIFIC,12/10/2024 12:00:00 AM,M3027332,GOODS,STENT ENDOPROSTHESIS WALL METAL CAROTID 8 X 21 5FR 135CMM001719010M001719010,ORAPOS,IMPLANTS,M001719010,NEURO ENDOVASCULAR SURGERY,13055,IMPLANTS,MSHS-CA-237,,STENT ENDOPROSTHESIS WALL METAL CAROTID 8 X 21 5FR 135CM,903030,M001719010,1,1,1,1,,,,2170,2170,NF,NF,GADSDEN CHONTE,GADSDEN CHONTE,"IMPLANTS 
 
BOSTON SCIENTIFIC",Y,13055 STROKE PROGRAM 25-10 30TH AVE,"NEURO ENDOVASCULAR SURGERY, 13055",MOUNT SINAI QUEENS,ACTIVE,CLOSED,EDI,TRUE,TRUE,2170,MOUNT SINAI QUEENS,MOUNT SINAI QUEENS,102-107-11-13055-903030-00000000000-000-0000-000-00000-00000----,False,MSHS-CA-237,Yes,2170,2023676,BOSTON SCIENTIFIC,BOSTON SCIENTIFIC,NF,1,No, ,NO,903030, IMPLANTS,12/10/2024 12:00:00 AM,CLOSED,2-1-1,2170,CLOSED,EACH,NF,12/10/2024 12:00:00 AM,QS10181937,HERNANDEZ LUIS,,,MOUNT SINAI QUEENS - RECVG MAIN,2170,2170,2170,NF,NF,NF,BOSTON SCIENTIFIC CORP,3160
BOSTON SCIENTIFIC CORP,2024,"INTERVENTIONAL RADIOLOGY, 21050",MOUNT SINAI HOSPITAL,BOSTON SCIENTIFIC CORP,MEDICAL EQUIPMENT AND ACCESSORIES AND SUPPLIES,True,True,CLOSED,903023,"903023, ENDOVASCULAR STENTS",MOUNT SINAI HOSPITAL,Yes,M001719010,BOSTON SCIENTIFIC CORP,1/9/2024 12:00:00 AM,M2052750,PURCHASE ORDER,STENT ENDOPROSTHESIS WALL METAL CAROTID 8 X 21 5FR 135CMM001719010M001719010,PMMPOS,ENDOPROSTHESIS OR WALL STENTS OR TUBES,M001719010,INTERVENTIONAL RADIOLOGY,21050,ENDOVASCULAR STENTS,MSHS-CA-237,,STENT ENDOPROSTHESIS WALL METAL CAROTID 8 X 21 5FR 135CM,903023,M001719010,0,0,0,1,1,1,0,1,1,NF,NF,MSH MAIN PURCHASING,MSH MAIN PURCHASING,"ENDOPROSTHESIS OR WALL STENTS OR TUBES 
 
BOSTON SCIENTIFIC CORP",SYSTEM CREATED,21050 INTERVENTIONAL RADIOLOGY,"INTERVENTIONAL RADIOLOGY, 21050",MOUNT SINAI HOSPITAL,NONCAT,CLOSED,EDI,TRUE,TRUE,1,M,MOUNT SINAI HOSPITAL,101-101-11-21050-903023-00000000000-000-0000-000-00000-00000----,False,MSHS-CA-237,Yes,0,203748,BOSTON SCIENTIFIC CORP,BOSTON SCIENTIFIC CORP,1/EA,1,No, ,NO,903023, ENDOVASCULAR STENTS,1/9/2024 12:00:00 AM,CLOSED FOR RECEIVING,1,1,CLOSED FOR RECEIVING,EACH,NF,1/9/2024 12:00:00 AM,MSIR028904,"RADIOLOGY REQ INTERFACE, INTERVENTIONAL",,,MOUNT SINAI HOSPITAL - RECVG MAIN,1,0,1,STENTS,42295905,SURGICAL PRODUCTS,BOSTON SCIENTIFIC CORP,BSSCIS
BOSTON SCIENTIFIC CORP,2023,"RADIOLOGY NEURO INTERVENTIONAL, 21052",MOUNT SINAI WEST,BOSTON SCIENTIFIC CORP,MEDICAL EQUIPMENT AND ACCESSORIES AND SUPPLIES,True,True,PROCESSED,903030,"903030, IMPLANTS",MOUNT SINAI WEST,Yes,M001719010,BOSTON SCIENTIFIC CORP,3/31/2023 12:00:00 AM,1376463,GOODS,STENT ENDOPROSTHESIS WALL METAL CAROTID 8 X 21 5FR 135CMM001719010M001719010,ORAPOS,ENDOPROSTHESIS OR WALL STENTS OR TUBES,M001719010,RADIOLOGY NEURO INTERVENTIONAL,21052,IMPLANTS,MSHS-CA-237,,STENT ENDOPROSTHESIS WALL METAL CAROTID 8 X 21 5FR 135CM,903030,M001719010,1,1,1,1,1,1,1,2170,2170,301-301-11-21052-00000000000-0-0,NF,PERNELL   JOURNEE,"PERNELL, JOURNEE","ENDOPROSTHESIS OR WALL STENTS OR TUBES 
 
BOSTON SCIENTIFIC CORP",SYSTEM CREATED,RH 9368 1109,"RADIOLOGY NEURO INTERVENTIONAL, 21052",MOUNT SINAI WEST,ACTIVE,CLOSED,EDI,TRUE,TRUE,2170,CHP,MOUNT SINAI WEST,1109-900152-01-9368-0000000000-0000-000-000,False,MSHS-CA-237,Yes,2170,2023676,BOSTON SCIENTIFIC CORP,BOSTON SCIENTIFIC CORP,EA1,1,No, ,NO,903030, IMPLANTS,3/31/2023 12:00:00 AM,CLOSED,1-1-1,2170,APPROVED,EACH,NF,3/31/2023 12:00:00 AM,3195935,"MCLEOD, KENRICK CHRISTOPHER",,,RH ROOSEVELT,2170,2170,2170,STENTS,42295905,SURGICAL PRODUCTS,BOSTON SCIENTIFIC CORP,3160
BOSTON SCIENTIFIC CORP,2023,"STROKE PROGRAM, 01301735",MOUNT SINAI QUEENS,BOSTON SCIENTIFIC CORP,MEDICAL EQUIPMENT AND ACCESSORIES AND SUPPLIES,True,True,CLOSED,4249,"4249, ENDOVASCULAR STENTS",MOUNT SINAI QUEENS,Yes,M001719010,BOSTON SCIENTIFIC CORP,11/2/2023 12:00:00 AM,Q2028456,PURCHASE ORDER,STENT ENDOPROSTHESIS WALL METAL CAROTID 8 X 21 5FR 135CMM001719010M001719010,PMMPOS,ENDOPROSTHESIS OR WALL STENTS OR TUBES,M001719010,STROKE PROGRAM,01301735,ENDOVASCULAR STENTS,MSHS-CA-237,,STENT ENDOPROSTHESIS WALL METAL CAROTID 8 X 21 5FR 135CM,4249,M001719010,1,,1,1,1,1,1,2170,2170,102-107-11-13055-00000000000-0-0,NF,MSQ MAIN PURCHASING,MSQ MAIN PURCHASING,"ENDOPROSTHESIS OR WALL STENTS OR TUBES 
 
BOSTON SCIENTIFIC CORP",SYSTEM CREATED,Q 1735 STROKE PROGRAM 25-10 30TH AVE,"STROKE PROGRAM, 01301735",MOUNT SINAI QUEENS,ACTIVE,CLOSED,EDI,TRUE,TRUE,2170,Q,MOUNT SINAI QUEENS,013017354249,False,MSHS-CA-237,Yes,,203748,BOSTON SCIENTIFIC CORP,BOSTON SCIENTIFIC CORP,1/EA,1,No, ,NO,4249, ENDOVASCULAR STENTS,11/2/2023 12:00:00 AM,CLOSED,1,2170,CLOSED,EACH,NF,11/2/2023 12:00:00 AM,MQSC-001894,QSIGHT QUEENS  REQ INTERFACE,,,Q 1735 STROKE PROGRAM 25-10 30TH AVE,2170,2170,2170,STENTS,42295905,SURGICAL PRODUCTS,BOSTON SCIENTIFIC CORP,BSSCIS
BOSTON SCIENTIFIC CORP,2023,"STROKE PROGRAM, 01301735",MOUNT SINAI QUEENS,BOSTON SCIENTIFIC CORP,MEDICAL EQUIPMENT AND ACCESSORIES AND SUPPLIES,True,True,CLOSED,4249,"4249, ENDOVASCULAR STENTS",MOUNT SINAI QUEENS,Yes,M001719010,BOSTON SCIENTIFIC CORP,5/15/2023 12:00:00 AM,Q1964320,PURCHASE ORDER,STENT ENDOPROSTHESIS WALL METAL CAROTID 8 X 21 5FR 135CMM001719010M001719010,PMMPOS,ENDOPROSTHESIS OR WALL STENTS OR TUBES,M001719010,STROKE PROGRAM,01301735,ENDOVASCULAR STENTS,MSHS-CA-237,,STENT ENDOPROSTHESIS WALL METAL CAROTID 8 X 21 5FR 135CM,4249,M001719010,1,,1,1,1,1,1,2170,2170,102-107-11-13055-00000000000-0-0,NF,MSQ MAIN PURCHASING,MSQ MAIN PURCHASING,"ENDOPROSTHESIS OR WALL STENTS OR TUBES 
 
BOSTON SCIENTIFIC CORP",SYSTEM CREATED,Q 1735 STROKE PROGRAM 25-10 30TH AVE,"STROKE PROGRAM, 01301735",MOUNT SINAI QUEENS,ACTIVE,CLOSED,EDI,TRUE,TRUE,2170,Q,MOUNT SINAI QUEENS,013017354249,False,MSHS-CA-237,Yes,,203748,BOSTON SCIENTIFIC CORP,BOSTON SCIENTIFIC CORP,1/EA,1,No, ,NO,4249, ENDOVASCULAR STENTS,5/15/2023 12:00:00 AM,CLOSED,2,2170,CLOSED,EACH,NF,5/15/2023 12:00:00 AM,MQSC-001598,QSIGHT QUEENS  REQ INTERFACE,,,Q 1735 STROKE PROGRAM 25-10 30TH AVE,2170,2170,2170,STENTS,42295905,SURGICAL PRODUCTS,BOSTON SCIENTIFIC CORP,BSSCIS
BOSTON SCIENTIFIC CORP,2023,"INTERVENTIONAL RADIOLOGY, 01040146",MOUNT SINAI HOSPITAL,BOSTON SCIENTIFIC CORP,MEDICAL EQUIPMENT AND ACCESSORIES AND SUPPLIES,True,True,CLOSED,4249,"4249, ENDOVASCULAR STENTS",MOUNT SINAI HOSPITAL,Yes,M001719010,BOSTON SCIENTIFIC CORP,12/5/2023 12:00:00 AM,M2040180,PURCHASE ORDER,STENT ENDOPROSTHESIS WALL METAL CAROTID 8 X 21 5FR 135CMM001719010M001719010,PMMPOS,ENDOPROSTHESIS OR WALL STENTS OR TUBES,M001719010,INTERVENTIONAL RADIOLOGY,01040146,ENDOVASCULAR STENTS,MSHS-CA-237,,STENT ENDOPROSTHESIS WALL METAL CAROTID 8 X 21 5FR 135CM,4249,M001719010,1,,1,1,1,1,1,2170,2170,101-101-11-21050-00000000000-0-0,NF,MSH MAIN PURCHASING,MSH MAIN PURCHASING,"ENDOPROSTHESIS OR WALL STENTS OR TUBES 
 
BOSTON SCIENTIFIC CORP",SYSTEM CREATED,M 0146 INTERVENTIONAL RADIOLOGY,"INTERVENTIONAL RADIOLOGY, 01040146",MOUNT SINAI HOSPITAL,ACTIVE,CLOSED,EDI,TRUE,TRUE,2170,M,MOUNT SINAI HOSPITAL,010401464249,False,MSHS-CA-237,Yes,,203748,BOSTON SCIENTIFIC CORP,BOSTON SCIENTIFIC CORP,1/EA,1,No, ,NO,4249, ENDOVASCULAR STENTS,12/5/2023 12:00:00 AM,CLOSED,3,2170,CLOSED,EACH,NF,12/5/2023 12:00:00 AM,MSIR028346,"RADIOLOGY REQ INTERFACE, INTERVENTIONAL",,,M 0146 INTERVENTIONAL RADIOLOGY,2170,2170,2170,STENTS,42295905,SURGICAL PRODUCTS,BOSTON SCIENTIFIC CORP,BSSCIS
BOSTON SCIENTIFIC CORP,2025,"INTERVENTIONAL RADIOLOGY, 21050",MOUNT SINAI HOSPITAL,BOSTON SCIENTIFIC,IMPLANTS,True,True,CLOSED,903030,"903030, IMPLANTS",MOUNT SINAI HOSPITAL,Yes,M001719010,BOSTON SCIENTIFIC,6/23/2025 12:00:00 AM,M3115960,GOODS,STENT ENDOPROSTHESIS WALL METAL CAROTID 8 X 21 5FR 135CMM001719010M001719010,ORAPOS,IMPLANTS,M001719010,INTERVENTIONAL RADIOLOGY,21050,IMPLANTS,MSHS-CA-237,,STENT ENDOPROSTHESIS WALL METAL CAROTID 8 X 21 5FR 135CM,903030,M001719010,1,1,1,1,,,,2170,2170,NF,NF,BUCHANAN   MRS. STEPHANIE,"BUCHANAN, MRS. STEPHANIE","IMPLANTS 
 
BOSTON SCIENTIFIC",Y,21050 INTERVENTIONAL RADIOLOGY,"INTERVENTIONAL RADIOLOGY, 21050",MOUNT SINAI HOSPITAL,ACTIVE,CLOSED,EDI,TRUE,TRUE,2170,MOUNT SINAI HOSPITAL,MOUNT SINAI HOSPITAL,101-101-11-21050-903030-00000000000-000-0000-000-00000-00000----,False,MSHS-CA-237,Yes,2170,2023676,BOSTON SCIENTIFIC,BOSTON SCIENTIFIC,NF,1,No, ,NO,903030, IMPLANTS,6/23/2025 12:00:00 AM,CLOSED,1-1-1,2170,CLOSED,EACH,NF,6/23/2025 12:00:00 AM,QS10771688,RODRIGUEZ MICHAEL,,,MOUNT SINAI HOSPITAL - RECVG MAIN,2170,2170,2170,NF,NF,NF,BOSTON SCIENTIFIC CORP,3160
BOSTON SCIENTIFIC CORP,2023,"STROKE PROGRAM, 01301735",MOUNT SINAI QUEENS,BOSTON SCIENTIFIC CORP,MEDICAL EQUIPMENT AND ACCESSORIES AND SUPPLIES,True,True,CLOSED,4249,"4249, ENDOVASCULAR STENTS",MOUNT SINAI QUEENS,Yes,M001719010,BOSTON SCIENTIFIC CORP,11/10/2023 12:00:00 AM,Q2031398,PURCHASE ORDER,STENT ENDOPROSTHESIS WALL METAL CAROTID 8 X 21 5FR 135CMM001719010M001719010,PMMPOS,ENDOPROSTHESIS OR WALL STENTS OR TUBES,M001719010,STROKE PROGRAM,01301735,ENDOVASCULAR STENTS,MSHS-CA-237,,STENT ENDOPROSTHESIS WALL METAL CAROTID 8 X 21 5FR 135CM,4249,M001719010,1,,1,1,1,1,1,2170,2170,102-107-11-13055-00000000000-0-0,NF,MSQ MAIN PURCHASING,MSQ MAIN PURCHASING,"ENDOPROSTHESIS OR WALL STENTS OR TUBES 
 
BOSTON SCIENTIFIC CORP",SYSTEM CREATED,Q 1735 STROKE PROGRAM 25-10 30TH AVE,"STROKE PROGRAM, 01301735",MOUNT SINAI QUEENS,ACTIVE,CLOSED,EDI,TRUE,TRUE,2170,Q,MOUNT SINAI QUEENS,013017354249,False,MSHS-CA-237,Yes,,203748,BOSTON SCIENTIFIC CORP,BOSTON SCIENTIFIC CORP,1/EA,1,No, ,NO,4249, ENDOVASCULAR STENTS,11/10/2023 12:00:00 AM,CLOSED,4,2170,CLOSED,EACH,NF,11/10/2023 12:00:00 AM,MQSC-001898,QSIGHT QUEENS  REQ INTERFACE,,,Q 1735 STROKE PROGRAM 25-10 30TH AVE,2170,2170,2170,STENTS,42295905,SURGICAL PRODUCTS,BOSTON SCIENTIFIC CORP,BSSCIS
BOSTON SCIENTIFIC CORP,2023,"INTERVENTIONAL RADIOLOGY, 01040146",MOUNT SINAI HOSPITAL,BOSTON SCIENTIFIC CORP,MEDICAL EQUIPMENT AND ACCESSORIES AND SUPPLIES,True,True,CLOSED,4249,"4249, ENDOVASCULAR STENTS",MOUNT SINAI HOSPITAL,Yes,M001719010,BOSTON SCIENTIFIC CORP,8/1/2023 12:00:00 AM,M1992817,PURCHASE ORDER,STENT ENDOPROSTHESIS WALL METAL CAROTID 8 X 21 5FR 135CMM001719010M001719010,PMMPOS,ENDOPROSTHESIS OR WALL STENTS OR TUBES,M001719010,INTERVENTIONAL RADIOLOGY,01040146,ENDOVASCULAR STENTS,MSHS-CA-237,,STENT ENDOPROSTHESIS WALL METAL CAROTID 8 X 21 5FR 135CM,4249,M001719010,1,,1,1,1,1,1,2170,2170,101-101-11-21050-00000000000-0-0,NF,MSH MAIN PURCHASING,MSH MAIN PURCHASING,"ENDOPROSTHESIS OR WALL STENTS OR TUBES 
 
BOSTON SCIENTIFIC CORP",SYSTEM CREATED,M 0146 INTERVENTIONAL RADIOLOGY,"INTERVENTIONAL RADIOLOGY, 01040146",MOUNT SINAI HOSPITAL,ACTIVE,CLOSED,EDI,TRUE,TRUE,2170,M,MOUNT SINAI HOSPITAL,010401464249,False,MSHS-CA-237,Yes,,203748,BOSTON SCIENTIFIC CORP,BOSTON SCIENTIFIC CORP,1/EA,1,No, ,NO,4249, ENDOVASCULAR STENTS,8/1/2023 12:00:00 AM,CLOSED,13,2170,CLOSED,EACH,NF,8/1/2023 12:00:00 AM,MSIR026217,"RADIOLOGY REQ INTERFACE, INTERVENTIONAL",,,M 0146 INTERVENTIONAL RADIOLOGY,2170,2170,2170,STENTS,42295905,SURGICAL PRODUCTS,BOSTON SCIENTIFIC CORP,BSSCIS
BOSTON SCIENTIFIC CORP,2024,"INTERVENTIONAL RADIOLOGY, 01040146",MOUNT SINAI HOSPITAL,BOSTON SCIENTIFIC CORP,MEDICAL EQUIPMENT AND ACCESSORIES AND SUPPLIES,True,True,CLOSED,4249,"4249, ENDOVASCULAR STENTS",MOUNT SINAI HOSPITAL,Yes,M001719010,BOSTON SCIENTIFIC CORP,8/13/2024 12:00:00 AM,M2134939,PURCHASE ORDER,STENT ENDOPROSTHESIS WALL METAL CAROTID 8 X 21 5FR 135CMM001719010M001719010,PMMPOS,ENDOPROSTHESIS OR WALL STENTS OR TUBES,M001719010,INTERVENTIONAL RADIOLOGY,01040146,ENDOVASCULAR STENTS,MSHS-CA-237,,STENT ENDOPROSTHESIS WALL METAL CAROTID 8 X 21 5FR 135CM,4249,M001719010,1,,1,1,1,1,1,2170,2170,101-101-11-21050-00000000000-0-0,NF,MSH MAIN PURCHASING,MSH MAIN PURCHASING,"ENDOPROSTHESIS OR WALL STENTS OR TUBES 
 
BOSTON SCIENTIFIC CORP",SYSTEM CREATED,M 0146 INTERVENTIONAL RADIOLOGY,"INTERVENTIONAL RADIOLOGY, 01040146",MOUNT SINAI HOSPITAL,ACTIVE,CLOSED,EDI,TRUE,TRUE,2170,M,MOUNT SINAI HOSPITAL,010401464249,False,MSHS-CA-237,Yes,,203748,BOSTON SCIENTIFIC CORP,BOSTON SCIENTIFIC CORP,1/EA,1,No, ,NO,4249, ENDOVASCULAR STENTS,8/13/2024 12:00:00 AM,CLOSED,5,2170,CLOSED,EACH,NF,8/13/2024 12:00:00 AM,MSIR032448,"RADIOLOGY REQ INTERFACE, INTERVENTIONAL",,,M 0146 INTERVENTIONAL RADIOLOGY,2170,2170,2170,STENTS,42295905,SURGICAL PRODUCTS,BOSTON SCIENTIFIC CORP,BSSCIS
BOSTON SCIENTIFIC CORP,2023,"STROKE PROGRAM, 01301735",MOUNT SINAI QUEENS,BOSTON SCIENTIFIC CORP,MEDICAL EQUIPMENT AND ACCESSORIES AND SUPPLIES,True,True,CLOSED,4249,"4249, ENDOVASCULAR STENTS",MOUNT SINAI QUEENS,Yes,M001719010,BOSTON SCIENTIFIC CORP,1/17/2023 12:00:00 AM,Q1921106,PURCHASE ORDER,STENT ENDOPROSTHESIS WALL METAL CAROTID 8 X 21 5FR 135CMM001719010M001719010,PMMPOS,ENDOPROSTHESIS OR WALL STENTS OR TUBES,M001719010,STROKE PROGRAM,01301735,ENDOVASCULAR STENTS,MSHS-CA-237,,STENT ENDOPROSTHESIS WALL METAL CAROTID 8 X 21 5FR 135CM,4249,M001719010,1,,1,1,1,1,1,2170,2170,102-107-11-13055-00000000000-0-0,NF,MSQ MAIN PURCHASING,MSQ MAIN PURCHASING,"ENDOPROSTHESIS OR WALL STENTS OR TUBES 
 
BOSTON SCIENTIFIC CORP",SYSTEM CREATED,Q 1735 STROKE PROGRAM 25-10 30TH AVE,"STROKE PROGRAM, 01301735",MOUNT SINAI QUEENS,ACTIVE,CLOSED,EDI,TRUE,TRUE,2170,Q,MOUNT SINAI QUEENS,013017354249,False,MSHS-CA-237,Yes,,203748,BOSTON SCIENTIFIC CORP,BOSTON SCIENTIFIC CORP,1/EA,1,No, ,NO,4249, ENDOVASCULAR STENTS,1/17/2023 12:00:00 AM,CLOSED,2,2170,CLOSED,EACH,NF,1/17/2023 12:00:00 AM,MQSC-001406,QSIGHT QUEENS  REQ INTERFACE,,,Q 1735 STROKE PROGRAM 25-10 30TH AVE,2170,2170,2170,STENTS,42295905,SURGICAL PRODUCTS,BOSTON SCIENTIFIC CORP,BSSCIS
BOSTON SCIENTIFIC CORP,2024,"RADIOLOGY NEURO INTERVENTIONAL, 21052",MOUNT SINAI WEST,BOSTON SCIENTIFIC CORP,MEDICAL EQUIPMENT AND ACCESSORIES AND SUPPLIES,True,True,PROCESSED,903030,"903030, IMPLANTS",MOUNT SINAI WEST,Yes,M001719010,BOSTON SCIENTIFIC CORP,2/28/2024 12:00:00 AM,1436593,GOODS,STENT ENDOPROSTHESIS WALL METAL CAROTID 8 X 21 5FR 135CMM001719010M001719010,ORAPOS,ENDOPROSTHESIS OR WALL STENTS OR TUBES,M001719010,RADIOLOGY NEURO INTERVENTIONAL,21052,IMPLANTS,MSHS-CA-237,,STENT ENDOPROSTHESIS WALL METAL CAROTID 8 X 21 5FR 135CM,903030,M001719010,1,1,1,1,1,1,1,2170,2170,301-301-11-21052-00000000000-0-0,NF,PERNELL   JOURNEE,"PERNELL, JOURNEE","ENDOPROSTHESIS OR WALL STENTS OR TUBES 
 
BOSTON SCIENTIFIC CORP",SYSTEM CREATED,RH 9368 1109,"RADIOLOGY NEURO INTERVENTIONAL, 21052",MOUNT SINAI WEST,ACTIVE,CLOSED,EDI,TRUE,TRUE,2170,CHP,MOUNT SINAI WEST,1109-900152-01-9368-0000000000-0000-000-000,False,MSHS-CA-237,Yes,2170,2023676,BOSTON SCIENTIFIC CORP,BOSTON SCIENTIFIC CORP,EA1,1,No, ,NO,903030, IMPLANTS,2/28/2024 12:00:00 AM,CLOSED,1-1-1,2170,APPROVED,EACH,NF,2/28/2024 12:00:00 AM,3322577,"MCLEOD, KENRICK CHRISTOPHER",,,RH ROOSEVELT,2170,2170,2170,STENTS,42295905,SURGICAL PRODUCTS,BOSTON SCIENTIFIC CORP,3160
BOSTON SCIENTIFIC CORP,2024,"RADIOLOGY NEURO INTERVENTIONAL, 21052",MOUNT SINAI WEST,BOSTON SCIENTIFIC CORP,MEDICAL EQUIPMENT AND ACCESSORIES AND SUPPLIES,True,True,PROCESSED,903030,"903030, IMPLANTS",MOUNT SINAI WEST,Yes,M001719010,BOSTON SCIENTIFIC CORP,2/5/2024 12:00:00 AM,1432354,GOODS,STENT ENDOPROSTHESIS WALL METAL CAROTID 8 X 21 5FR 135CMM001719010M001719010,ORAPOS,ENDOPROSTHESIS OR WALL STENTS OR TUBES,M001719010,RADIOLOGY NEURO INTERVENTIONAL,21052,IMPLANTS,MSHS-CA-237,,STENT ENDOPROSTHESIS WALL METAL CAROTID 8 X 21 5FR 135CM,903030,M001719010,1,1,1,1,1,1,1,2170,2170,301-301-11-21052-00000000000-0-0,NF,PERNELL   JOURNEE,"PERNELL, JOURNEE","ENDOPROSTHESIS OR WALL STENTS OR TUBES 
 
BOSTON SCIENTIFIC CORP",SYSTEM CREATED,RH 9368 1109,"RADIOLOGY NEURO INTERVENTIONAL, 21052",MOUNT SINAI WEST,ACTIVE,CLOSED,EDI,TRUE,TRUE,2170,CHP,MOUNT SINAI WEST,1109-900152-01-9368-0000000000-0000-000-000,False,MSHS-CA-237,Yes,2170,2023676,BOSTON SCIENTIFIC CORP,BOSTON SCIENTIFIC CORP,NF,1,No, ,NO,903030, IMPLANTS,2/5/2024 12:00:00 AM,CLOSED,1-1-1,2170,APPROVED,EACH,NF,2/5/2024 12:00:00 AM,3313876,"MCLEOD, KENRICK CHRISTOPHER",,,RH ROOSEVELT,2170,2170,2170,STENTS,42295905,SURGICAL PRODUCTS,BOSTON SCIENTIFIC CORP,3160
BOSTON SCIENTIFIC CORP,2023,"RADIOLOGY NEURO INTERVENTIONAL, 21052",MOUNT SINAI WEST,BOSTON SCIENTIFIC CORP,MEDICAL EQUIPMENT AND ACCESSORIES AND SUPPLIES,True,True,PROCESSED,903030,"903030, IMPLANTS",MOUNT SINAI WEST,Yes,M001719010,BOSTON SCIENTIFIC CORP,8/28/2023 12:00:00 AM,1404186,GOODS,STENT ENDOPROSTHESIS WALL METAL CAROTID 8 X 21 5FR 135CMM001719010M001719010,ORAPOS,ENDOPROSTHESIS OR WALL STENTS OR TUBES,M001719010,RADIOLOGY NEURO INTERVENTIONAL,21052,IMPLANTS,MSHS-CA-237,,STENT ENDOPROSTHESIS WALL METAL CAROTID 8 X 21 5FR 135CM,903030,M001719010,1,1,1,1,1,1,1,2170,2170,301-301-11-21052-00000000000-0-0,NF,PERNELL   JOURNEE,"PERNELL, JOURNEE","ENDOPROSTHESIS OR WALL STENTS OR TUBES 
 
BOSTON SCIENTIFIC CORP",SYSTEM CREATED,RH 9368 1109,"RADIOLOGY NEURO INTERVENTIONAL, 21052",MOUNT SINAI WEST,ACTIVE,CLOSED,EDI,TRUE,TRUE,2170,CHP,MOUNT SINAI WEST,1109-900152-01-9368-0000000000-0000-000-000,False,MSHS-CA-237,Yes,2170,2023676,BOSTON SCIENTIFIC CORP,BOSTON SCIENTIFIC CORP,EA1,1,No, ,NO,903030, IMPLANTS,8/28/2023 12:00:00 AM,CLOSED,1-1-1,2170,APPROVED,EACH,NF,8/28/2023 12:00:00 AM,3253889,"MCLEOD, KENRICK CHRISTOPHER",,,RH ROOSEVELT,2170,2170,2170,STENTS,42295905,SURGICAL PRODUCTS,BOSTON SCIENTIFIC CORP,3160
BOSTON SCIENTIFIC CORP,2023,"RADIOLOGY NEURO INTERVENTIONAL, 21052",MOUNT SINAI WEST,BOSTON SCIENTIFIC CORP,MEDICAL EQUIPMENT AND ACCESSORIES AND SUPPLIES,True,True,PROCESSED,903030,"903030, IMPLANTS",MOUNT SINAI WEST,Yes,M001719010,BOSTON SCIENTIFIC CORP,9/22/2023 12:00:00 AM,1408745,GOODS,STENT ENDOPROSTHESIS WALL METAL CAROTID 8 X 21 5FR 135CMM001719010M001719010,ORAPOS,ENDOPROSTHESIS OR WALL STENTS OR TUBES,M001719010,RADIOLOGY NEURO INTERVENTIONAL,21052,IMPLANTS,MSHS-CA-237,,STENT ENDOPROSTHESIS WALL METAL CAROTID 8 X 21 5FR 135CM,903030,M001719010,1,1,1,1,1,1,1,2170,2170,301-301-11-21052-00000000000-0-0,NF,PERNELL   JOURNEE,"PERNELL, JOURNEE","ENDOPROSTHESIS OR WALL STENTS OR TUBES 
 
BOSTON SCIENTIFIC CORP",SYSTEM CREATED,RH 9368 1109,"RADIOLOGY NEURO INTERVENTIONAL, 21052",MOUNT SINAI WEST,ACTIVE,CLOSED,EDI,TRUE,TRUE,2170,CHP,MOUNT SINAI WEST,1109-900152-01-9368-0000000000-0000-000-000,False,MSHS-CA-237,Yes,2170,2023676,BOSTON SCIENTIFIC CORP,BOSTON SCIENTIFIC CORP,EA1,1,No, ,NO,903030, IMPLANTS,9/22/2023 12:00:00 AM,CLOSED,1-1-1,2170,APPROVED,EACH,NF,9/22/2023 12:00:00 AM,3263441,"MCLEOD, KENRICK CHRISTOPHER",,,RH ROOSEVELT,2170,2170,2170,STENTS,42295905,SURGICAL PRODUCTS,BOSTON SCIENTIFIC CORP,3160
BOSTON SCIENTIFIC CORP,2023,"RADIOLOGY NEURO INTERVENTIONAL, 21052",MOUNT SINAI WEST,BOSTON SCIENTIFIC CORP,MEDICAL EQUIPMENT AND ACCESSORIES AND SUPPLIES,True,True,PROCESSED,903030,"903030, IMPLANTS",MOUNT SINAI WEST,Yes,M001719010,BOSTON SCIENTIFIC CORP,3/14/2023 12:00:00 AM,1372703,GOODS,STENT ENDOPROSTHESIS WALL METAL CAROTID 8 X 21 5FR 135CMM001719010M001719010,ORAPOS,ENDOPROSTHESIS OR WALL STENTS OR TUBES,M001719010,RADIOLOGY NEURO INTERVENTIONAL,21052,IMPLANTS,MSHS-CA-237,,STENT ENDOPROSTHESIS WALL METAL CAROTID 8 X 21 5FR 135CM,903030,M001719010,1,1,1,1,1,1,1,2170,2170,301-301-11-21052-00000000000-0-0,NF,PERNELL   JOURNEE,"PERNELL, JOURNEE","ENDOPROSTHESIS OR WALL STENTS OR TUBES 
 
BOSTON SCIENTIFIC CORP",SYSTEM CREATED,RH 9368 1109,"RADIOLOGY NEURO INTERVENTIONAL, 21052",MOUNT SINAI WEST,ACTIVE,CLOSED,EDI,TRUE,TRUE,2170,CHP,MOUNT SINAI WEST,1109-900152-01-9368-0000000000-0000-000-000,False,MSHS-CA-237,Yes,2170,2023676,BOSTON SCIENTIFIC CORP,BOSTON SCIENTIFIC CORP,EA1,1,No, ,NO,903030, IMPLANTS,3/14/2023 12:00:00 AM,CLOSED,2-1-1,2170,APPROVED,EACH,NF,3/14/2023 12:00:00 AM,3187990,"MCLEOD, KENRICK CHRISTOPHER",,,RH ROOSEVELT,2170,2170,2170,STENTS,42295905,SURGICAL PRODUCTS,BOSTON SCIENTIFIC CORP,3160
BOSTON SCIENTIFIC CORP,2023,"CARDIOLOGY INTERVENTIONAL PROCEDURES, 12506",MOUNT SINAI BETH ISRAEL,BOSTON SCIENTIFIC CORP,MEDICAL EQUIPMENT AND ACCESSORIES AND SUPPLIES,True,True,PROCESSED,903030,"903030, IMPLANTS",MOUNT SINAI BETH ISRAEL,Yes,M001719010,BOSTON SCIENTIFIC CORP,2/14/2023 12:00:00 AM,1368043,GOODS,STENT ENDOPROSTHESIS WALL METAL CAROTID 8 X 21 5FR 135CMM001719010M001719010,ORAPOS,ENDOPROSTHESIS OR WALL STENTS OR TUBES,M001719010,CARDIOLOGY INTERVENTIONAL PROCEDURES,12506,IMPLANTS,MSHS-CA-237,,STENT ENDOPROSTHESIS WALL METAL CAROTID 8 X 21 5FR 135CM,903030,M001719010,1,1,1,1,1,1,1,2170,2170,401-404-11-12506-00000000000-0-0,NF,BANNERMAN   TRACEY,"BANNERMAN, TRACEY","ENDOPROSTHESIS OR WALL STENTS OR TUBES 
 
BOSTON SCIENTIFIC CORP",SYSTEM CREATED,PE 4099 4409,"CARDIOLOGY INTERVENTIONAL PROCEDURES, 12506",MOUNT SINAI BETH ISRAEL,ACTIVE,CLOSED,EDI,TRUE,TRUE,2170,CHP,MOUNT SINAI BETH ISRAEL,4409-900152-04-4099-0000000000-0000-000-000,False,MSHS-CA-237,Yes,2170,2023676,BOSTON SCIENTIFIC CORP,BOSTON SCIENTIFIC CORP,EA1,1,No, ,NO,903030, IMPLANTS,2/14/2023 12:00:00 AM,CLOSED,24-1-1,2170,APPROVED,EACH,NF,2/14/2023 12:00:00 AM,3177392,"RABELO, JOSE",,,MT SINAI BETH ISRAEL,2170,2170,2170,STENTS,42295905,SURGICAL PRODUCTS,BOSTON SCIENTIFIC CORP,3160
BOSTON SCIENTIFIC CORP,2024,"STROKE PROGRAM, 01301735",MOUNT SINAI QUEENS,BOSTON SCIENTIFIC CORP,MEDICAL EQUIPMENT AND ACCESSORIES AND SUPPLIES,True,True,CLOSED,4249,"4249, ENDOVASCULAR STENTS",MOUNT SINAI QUEENS,Yes,M001719010,BOSTON SCIENTIFIC CORP,4/10/2024 12:00:00 AM,Q2089069,PURCHASE ORDER,STENT ENDOPROSTHESIS WALL METAL CAROTID 8 X 21 5FR 135CMM001719010M001719010,PMMPOS,ENDOPROSTHESIS OR WALL STENTS OR TUBES,M001719010,STROKE PROGRAM,01301735,ENDOVASCULAR STENTS,MSHS-CA-237,,STENT ENDOPROSTHESIS WALL METAL CAROTID 8 X 21 5FR 135CM,4249,M001719010,1,,1,1,1,1,1,2170,2170,102-107-11-13055-00000000000-0-0,NF,MSQ MAIN PURCHASING,MSQ MAIN PURCHASING,"ENDOPROSTHESIS OR WALL STENTS OR TUBES 
 
BOSTON SCIENTIFIC CORP",SYSTEM CREATED,Q 1735 STROKE PROGRAM 25-10 30TH AVE,"STROKE PROGRAM, 01301735",MOUNT SINAI QUEENS,ACTIVE,CLOSED,EDI,TRUE,TRUE,2170,Q,MOUNT SINAI QUEENS,013017354249,False,MSHS-CA-237,Yes,,203748,BOSTON SCIENTIFIC CORP,BOSTON SCIENTIFIC CORP,1/EA,1,No, ,NO,4249, ENDOVASCULAR STENTS,4/10/2024 12:00:00 AM,CLOSED,2,2170,CLOSED,EACH,NF,4/10/2024 12:00:00 AM,MQSC-002143,QSIGHT QUEENS  REQ INTERFACE,,,Q 1735 STROKE PROGRAM 25-10 30TH AVE,2170,2170,2170,STENTS,42295905,SURGICAL PRODUCTS,BOSTON SCIENTIFIC CORP,BSSCIS
BOSTON SCIENTIFIC CORP,2024,"INTERVENTIONAL RADIOLOGY, 01040146",MOUNT SINAI HOSPITAL,BOSTON SCIENTIFIC CORP,MEDICAL EQUIPMENT AND ACCESSORIES AND SUPPLIES,True,True,CLOSED,4249,"4249, ENDOVASCULAR STENTS",MOUNT SINAI HOSPITAL,Yes,M001719010,BOSTON SCIENTIFIC CORP,8/7/2024 12:00:00 AM,M2133109,PURCHASE ORDER,STENT ENDOPROSTHESIS WALL METAL CAROTID 8 X 21 5FR 135CMM001719010M001719010,PMMPOS,ENDOPROSTHESIS OR WALL STENTS OR TUBES,M001719010,INTERVENTIONAL RADIOLOGY,01040146,ENDOVASCULAR STENTS,MSHS-CA-237,,STENT ENDOPROSTHESIS WALL METAL CAROTID 8 X 21 5FR 135CM,4249,M001719010,1,,1,1,1,1,1,2170,2170,101-101-11-21050-00000000000-0-0,NF,MSH MAIN PURCHASING,MSH MAIN PURCHASING,"ENDOPROSTHESIS OR WALL STENTS OR TUBES 
 
BOSTON SCIENTIFIC CORP",SYSTEM CREATED,M 0146 INTERVENTIONAL RADIOLOGY,"INTERVENTIONAL RADIOLOGY, 01040146",MOUNT SINAI HOSPITAL,ACTIVE,CLOSED,EDI,TRUE,TRUE,2170,M,MOUNT SINAI HOSPITAL,010401464249,False,MSHS-CA-237,Yes,,203748,BOSTON SCIENTIFIC CORP,BOSTON SCIENTIFIC CORP,1/EA,1,No, ,NO,4249, ENDOVASCULAR STENTS,8/7/2024 12:00:00 AM,CLOSED,5,2170,CLOSED,EACH,NF,8/7/2024 12:00:00 AM,MSIR032339,"RADIOLOGY REQ INTERFACE, INTERVENTIONAL",,,M 0146 INTERVENTIONAL RADIOLOGY,2170,2170,2170,STENTS,42295905,SURGICAL PRODUCTS,BOSTON SCIENTIFIC CORP,BSSCIS
BOSTON SCIENTIFIC CORP,2024,"INTERVENTIONAL RADIOLOGY, 21050",MOUNT SINAI HOSPITAL,BOSTON SCIENTIFIC,IMPLANTS,True,True,CLOSED,903030,"903030, IMPLANTS",MOUNT SINAI HOSPITAL,Yes,M001719010,BOSTON SCIENTIFIC,12/17/2024 12:00:00 AM,M3030608,GOODS,STENT ENDOPROSTHESIS WALL METAL CAROTID 8 X 21 5FR 135CMM001719010M001719010,ORAPOS,IMPLANTS,M001719010,INTERVENTIONAL RADIOLOGY,21050,IMPLANTS,MSHS-CA-237,,STENT ENDOPROSTHESIS WALL METAL CAROTID 8 X 21 5FR 135CM,903030,M001719010,1,1,1,1,,,,2170,2170,NF,NF,VEGA WILLIAM,VEGA WILLIAM,"IMPLANTS 
 
BOSTON SCIENTIFIC",Y,21050 INTERVENTIONAL RADIOLOGY,"INTERVENTIONAL RADIOLOGY, 21050",MOUNT SINAI HOSPITAL,ACTIVE,CLOSED,EDI,TRUE,TRUE,2170,MOUNT SINAI HOSPITAL,MOUNT SINAI HOSPITAL,101-101-11-21050-903030-00000000000-000-0000-000-00000-00000----,False,MSHS-CA-237,Yes,2170,2023676,BOSTON SCIENTIFIC,BOSTON SCIENTIFIC,NF,1,No, ,NO,903030, IMPLANTS,12/17/2024 12:00:00 AM,CLOSED,4-1-1,2170,CLOSED,EACH,NF,12/17/2024 12:00:00 AM,QS10203506,RODRIGUEZ MICHAEL,,,MOUNT SINAI HOSPITAL - RECVG MAIN,2170,2170,2170,NF,NF,NF,BOSTON SCIENTIFIC CORP,3160
BOSTON SCIENTIFIC CORP,2023,"INTERVENTIONAL RADIOLOGY, 01040146",MOUNT SINAI HOSPITAL,BOSTON SCIENTIFIC CORP,MEDICAL EQUIPMENT AND ACCESSORIES AND SUPPLIES,True,True,OPEN,4249,"4249, ENDOVASCULAR STENTS",MOUNT SINAI HOSPITAL,Yes,M001719010,BOSTON SCIENTIFIC CORP,12/22/2023 12:00:00 AM,M2047176,PURCHASE ORDER,STENT ENDOPROSTHESIS WALL METAL CAROTID 8 X 21 5FR 135CMM001719010M001719010,PMMPOS,ENDOPROSTHESIS OR WALL STENTS OR TUBES,M001719010,INTERVENTIONAL RADIOLOGY,01040146,ENDOVASCULAR STENTS,MSHS-CA-237,,STENT ENDOPROSTHESIS WALL METAL CAROTID 8 X 21 5FR 135CM,4249,M001719010,1,,1,1,1,1,1,2170,2170,101-101-11-21050-00000000000-0-0,NF,MSH MAIN PURCHASING,MSH MAIN PURCHASING,"ENDOPROSTHESIS OR WALL STENTS OR TUBES 
 
BOSTON SCIENTIFIC CORP",SYSTEM CREATED,M 0146 INTERVENTIONAL RADIOLOGY,"INTERVENTIONAL RADIOLOGY, 01040146",MOUNT SINAI HOSPITAL,ACTIVE,CLOSED,EDI,TRUE,TRUE,2170,M,MOUNT SINAI HOSPITAL,010401464249,False,MSHS-CA-237,Yes,,203748,BOSTON SCIENTIFIC CORP,BOSTON SCIENTIFIC CORP,1/EA,1,No, ,NO,4249, ENDOVASCULAR STENTS,12/22/2023 12:00:00 AM,CLOSED,12,2170,OPEN,EACH,NF,12/22/2023 12:00:00 AM,MSIR028685,"RADIOLOGY REQ INTERFACE, INTERVENTIONAL",,,M 0146 INTERVENTIONAL RADIOLOGY,2170,2170,2170,STENTS,42295905,SURGICAL PRODUCTS,BOSTON SCIENTIFIC CORP,BSSCIS
BOSTON SCIENTIFIC CORP,2023,"RADIOLOGY NEURO INTERVENTIONAL, 21052",MOUNT SINAI WEST,BOSTON SCIENTIFIC CORP,MEDICAL EQUIPMENT AND ACCESSORIES AND SUPPLIES,True,True,PROCESSED,903030,"903030, IMPLANTS",MOUNT SINAI WEST,Yes,M001719010,BOSTON SCIENTIFIC CORP,8/17/2023 12:00:00 AM,1402446,GOODS,STENT ENDOPROSTHESIS WALL METAL CAROTID 8 X 21 5FR 135CMM001719010M001719010,ORAPOS,ENDOPROSTHESIS OR WALL STENTS OR TUBES,M001719010,RADIOLOGY NEURO INTERVENTIONAL,21052,IMPLANTS,MSHS-CA-237,,STENT ENDOPROSTHESIS WALL METAL CAROTID 8 X 21 5FR 135CM,903030,M001719010,1,1,1,1,1,1,1,2170,2170,301-301-11-21052-00000000000-0-0,NF,PERNELL   JOURNEE,"PERNELL, JOURNEE","ENDOPROSTHESIS OR WALL STENTS OR TUBES 
 
BOSTON SCIENTIFIC CORP",SYSTEM CREATED,RH 9368 1109,"RADIOLOGY NEURO INTERVENTIONAL, 21052",MOUNT SINAI WEST,ACTIVE,CLOSED,EDI,TRUE,TRUE,2170,CHP,MOUNT SINAI WEST,1109-900152-01-9368-0000000000-0000-000-000,False,MSHS-CA-237,Yes,2170,2023676,BOSTON SCIENTIFIC CORP,BOSTON SCIENTIFIC CORP,EA1,1,No, ,NO,903030, IMPLANTS,8/17/2023 12:00:00 AM,CLOSED,2-1-1,2170,APPROVED,EACH,NF,8/17/2023 12:00:00 AM,3249866,"MCLEOD, KENRICK CHRISTOPHER",,,RH ROOSEVELT,2170,2170,2170,STENTS,42295905,SURGICAL PRODUCTS,BOSTON SCIENTIFIC CORP,3160
BOSTON SCIENTIFIC CORP,2024,"INTERVENTIONAL RADIOLOGY, 01040146",MOUNT SINAI HOSPITAL,BOSTON SCIENTIFIC CORP,MEDICAL EQUIPMENT AND ACCESSORIES AND SUPPLIES,True,True,CLOSED,4249,"4249, ENDOVASCULAR STENTS",MOUNT SINAI HOSPITAL,Yes,M001719010,BOSTON SCIENTIFIC CORP,4/30/2024 12:00:00 AM,M2096346,PURCHASE ORDER,STENT ENDOPROSTHESIS WALL METAL CAROTID 8 X 21 5FR 135CMM001719010M001719010,PMMPOS,ENDOPROSTHESIS OR WALL STENTS OR TUBES,M001719010,INTERVENTIONAL RADIOLOGY,01040146,ENDOVASCULAR STENTS,MSHS-CA-237,,STENT ENDOPROSTHESIS WALL METAL CAROTID 8 X 21 5FR 135CM,4249,M001719010,1,,1,1,1,1,1,2170,2170,101-101-11-21050-00000000000-0-0,NF,MSH MAIN PURCHASING,MSH MAIN PURCHASING,"ENDOPROSTHESIS OR WALL STENTS OR TUBES 
 
BOSTON SCIENTIFIC CORP",SYSTEM CREATED,M 0146 INTERVENTIONAL RADIOLOGY,"INTERVENTIONAL RADIOLOGY, 01040146",MOUNT SINAI HOSPITAL,ACTIVE,CLOSED,EDI,TRUE,TRUE,2170,M,MOUNT SINAI HOSPITAL,010401464249,False,MSHS-CA-237,Yes,,203748,BOSTON SCIENTIFIC CORP,BOSTON SCIENTIFIC CORP,1/EA,1,No, ,NO,4249, ENDOVASCULAR STENTS,4/30/2024 12:00:00 AM,CLOSED,6,2170,CLOSED,EACH,NF,4/30/2024 12:00:00 AM,MSIR030855,"RADIOLOGY REQ INTERFACE, INTERVENTIONAL",,,M 0146 INTERVENTIONAL RADIOLOGY,2170,2170,2170,STENTS,42295905,SURGICAL PRODUCTS,BOSTON SCIENTIFIC CORP,BSSCIS
BOSTON SCIENTIFIC CORP,2024,"INTERVENTIONAL RADIOLOGY, 01040146",MOUNT SINAI HOSPITAL,BOSTON SCIENTIFIC CORP,MEDICAL EQUIPMENT AND ACCESSORIES AND SUPPLIES,True,True,CLOSED,4249,"4249, ENDOVASCULAR STENTS",MOUNT SINAI HOSPITAL,Yes,M001719010,BOSTON SCIENTIFIC CORP,7/2/2024 12:00:00 AM,M2119556,PURCHASE ORDER,STENT ENDOPROSTHESIS WALL METAL CAROTID 8 X 21 5FR 135CMM001719010M001719010,PMMPOS,ENDOPROSTHESIS OR WALL STENTS OR TUBES,M001719010,INTERVENTIONAL RADIOLOGY,01040146,ENDOVASCULAR STENTS,MSHS-CA-237,,STENT ENDOPROSTHESIS WALL METAL CAROTID 8 X 21 5FR 135CM,4249,M001719010,1,,1,1,1,1,1,2170,2170,101-101-11-21050-00000000000-0-0,NF,MSH MAIN PURCHASING,MSH MAIN PURCHASING,"ENDOPROSTHESIS OR WALL STENTS OR TUBES 
 
BOSTON SCIENTIFIC CORP",SYSTEM CREATED,M 0146 INTERVENTIONAL RADIOLOGY,"INTERVENTIONAL RADIOLOGY, 01040146",MOUNT SINAI HOSPITAL,ACTIVE,CLOSED,EDI,TRUE,TRUE,2170,M,MOUNT SINAI HOSPITAL,010401464249,False,MSHS-CA-237,Yes,,203748,BOSTON SCIENTIFIC CORP,BOSTON SCIENTIFIC CORP,1/EA,1,No, ,NO,4249, ENDOVASCULAR STENTS,7/2/2024 12:00:00 AM,CLOSED,2,2170,CLOSED,EACH,NF,7/2/2024 12:00:00 AM,MSIR031748,"RADIOLOGY REQ INTERFACE, INTERVENTIONAL",,,M 0146 INTERVENTIONAL RADIOLOGY,2170,2170,2170,STENTS,42295905,SURGICAL PRODUCTS,BOSTON SCIENTIFIC CORP,BSSCIS
BOSTON SCIENTIFIC CORP,2023,"CARDIOLOGY INTERVENTIONAL PROCEDURES, 12506",MOUNT SINAI BETH ISRAEL,BOSTON SCIENTIFIC CORP,MEDICAL EQUIPMENT AND ACCESSORIES AND SUPPLIES,True,True,PROCESSED,903030,"903030, IMPLANTS",MOUNT SINAI BETH ISRAEL,Yes,M001719010,BOSTON SCIENTIFIC CORP,5/8/2023 12:00:00 AM,1383143,GOODS,STENT ENDOPROSTHESIS WALL METAL CAROTID 8 X 21 5FR 135CMM001719010M001719010,ORAPOS,ENDOPROSTHESIS OR WALL STENTS OR TUBES,M001719010,CARDIOLOGY INTERVENTIONAL PROCEDURES,12506,IMPLANTS,MSHS-CA-237,,STENT ENDOPROSTHESIS WALL METAL CAROTID 8 X 21 5FR 135CM,903030,M001719010,1,1,1,1,1,1,1,2170,2170,401-404-11-12506-00000000000-0-0,NF,BANNERMAN   TRACEY,"BANNERMAN, TRACEY","ENDOPROSTHESIS OR WALL STENTS OR TUBES 
 
BOSTON SCIENTIFIC CORP",SYSTEM CREATED,PE 4099 4409,"CARDIOLOGY INTERVENTIONAL PROCEDURES, 12506",MOUNT SINAI BETH ISRAEL,ACTIVE,CLOSED,EDI,TRUE,TRUE,2170,CHP,MOUNT SINAI BETH ISRAEL,4409-900152-04-4099-0000000000-0000-000-000,False,MSHS-CA-237,Yes,2170,2023676,BOSTON SCIENTIFIC CORP,BOSTON SCIENTIFIC CORP,EA1,1,No, ,NO,903030, IMPLANTS,5/8/2023 12:00:00 AM,CLOSED,7-1-1,2170,APPROVED,EACH,NF,5/8/2023 12:00:00 AM,3209592,"RABELO, JOSE",,,MT SINAI BETH ISRAEL,2170,2170,2170,STENTS,42295905,SURGICAL PRODUCTS,BOSTON SCIENTIFIC CORP,3160
BOSTON SCIENTIFIC CORP,2023,"INTERVENTIONAL RADIOLOGY, 01040146",MOUNT SINAI HOSPITAL,BOSTON SCIENTIFIC CORP,MEDICAL EQUIPMENT AND ACCESSORIES AND SUPPLIES,True,True,CLOSED,4249,"4249, ENDOVASCULAR STENTS",MOUNT SINAI HOSPITAL,Yes,M001719010,BOSTON SCIENTIFIC CORP,8/17/2023 12:00:00 AM,M1999434,PURCHASE ORDER,STENT ENDOPROSTHESIS WALL METAL CAROTID 8 X 21 5FR 135CMM001719010M001719010,PMMPOS,ENDOPROSTHESIS OR WALL STENTS OR TUBES,M001719010,INTERVENTIONAL RADIOLOGY,01040146,ENDOVASCULAR STENTS,MSHS-CA-237,,STENT ENDOPROSTHESIS WALL METAL CAROTID 8 X 21 5FR 135CM,4249,M001719010,1,,1,1,1,1,1,2170,2170,101-101-11-21050-00000000000-0-0,NF,MSH MAIN PURCHASING,MSH MAIN PURCHASING,"ENDOPROSTHESIS OR WALL STENTS OR TUBES 
 
BOSTON SCIENTIFIC CORP",SYSTEM CREATED,M 0146 INTERVENTIONAL RADIOLOGY,"INTERVENTIONAL RADIOLOGY, 01040146",MOUNT SINAI HOSPITAL,ACTIVE,CLOSED,EDI,TRUE,TRUE,2170,M,MOUNT SINAI HOSPITAL,010401464249,False,MSHS-CA-237,Yes,,203748,BOSTON SCIENTIFIC CORP,BOSTON SCIENTIFIC CORP,1/EA,1,No, ,NO,4249, ENDOVASCULAR STENTS,8/17/2023 12:00:00 AM,CLOSED,6,2170,CLOSED,EACH,NF,8/17/2023 12:00:00 AM,MSIR026510,"RADIOLOGY REQ INTERFACE, INTERVENTIONAL",,,M 0146 INTERVENTIONAL RADIOLOGY,2170,2170,2170,STENTS,42295905,SURGICAL PRODUCTS,BOSTON SCIENTIFIC CORP,BSSCIS
BOSTON SCIENTIFIC CORP,2024,"INTERVENTIONAL RADIOLOGY, 01040146",MOUNT SINAI HOSPITAL,BOSTON SCIENTIFIC CORP,MEDICAL EQUIPMENT AND ACCESSORIES AND SUPPLIES,True,True,CLOSED,4249,"4249, ENDOVASCULAR STENTS",MOUNT SINAI HOSPITAL,Yes,M001719010,BOSTON SCIENTIFIC CORP,8/13/2024 12:00:00 AM,M2135015,PURCHASE ORDER,STENT ENDOPROSTHESIS WALL METAL CAROTID 8 X 21 5FR 135CMM001719010M001719010,PMMPOS,ENDOPROSTHESIS OR WALL STENTS OR TUBES,M001719010,INTERVENTIONAL RADIOLOGY,01040146,ENDOVASCULAR STENTS,MSHS-CA-237,,STENT ENDOPROSTHESIS WALL METAL CAROTID 8 X 21 5FR 135CM,4249,M001719010,1,,1,1,1,1,1,2170,2170,101-101-11-21050-00000000000-0-0,NF,MSH MAIN PURCHASING,MSH MAIN PURCHASING,"ENDOPROSTHESIS OR WALL STENTS OR TUBES 
 
BOSTON SCIENTIFIC CORP",SYSTEM CREATED,M 0146 INTERVENTIONAL RADIOLOGY,"INTERVENTIONAL RADIOLOGY, 01040146",MOUNT SINAI HOSPITAL,ACTIVE,CLOSED,EDI,TRUE,TRUE,2170,M,MOUNT SINAI HOSPITAL,010401464249,False,MSHS-CA-237,Yes,,203748,BOSTON SCIENTIFIC CORP,BOSTON SCIENTIFIC CORP,1/EA,1,No, ,NO,4249, ENDOVASCULAR STENTS,8/13/2024 12:00:00 AM,CLOSED,2,2170,CLOSED,EACH,NF,8/13/2024 12:00:00 AM,MSIR032453,"RADIOLOGY REQ INTERFACE, INTERVENTIONAL",,,M 0146 INTERVENTIONAL RADIOLOGY,2170,2170,2170,STENTS,42295905,SURGICAL PRODUCTS,BOSTON SCIENTIFIC CORP,BSSCIS
BOSTON SCIENTIFIC CORP,2023,"INTERVENTIONAL RADIOLOGY, 01040146",MOUNT SINAI HOSPITAL,BOSTON SCIENTIFIC CORP,MEDICAL EQUIPMENT AND ACCESSORIES AND SUPPLIES,True,True,CLOSED,4249,"4249, ENDOVASCULAR STENTS",MOUNT SINAI HOSPITAL,Yes,M001719010,BOSTON SCIENTIFIC CORP,2/14/2023 12:00:00 AM,M1932078,PURCHASE ORDER,STENT ENDOPROSTHESIS WALL METAL CAROTID 8 X 21 5FR 135CMM001719010M001719010,PMMPOS,ENDOPROSTHESIS OR WALL STENTS OR TUBES,M001719010,INTERVENTIONAL RADIOLOGY,01040146,ENDOVASCULAR STENTS,MSHS-CA-237,,STENT ENDOPROSTHESIS WALL METAL CAROTID 8 X 21 5FR 135CM,4249,M001719010,1,,1,1,1,1,1,2170,2170,101-101-11-21050-00000000000-0-0,NF,MSH MAIN PURCHASING,MSH MAIN PURCHASING,"ENDOPROSTHESIS OR WALL STENTS OR TUBES 
 
BOSTON SCIENTIFIC CORP",SYSTEM CREATED,M 0146 INTERVENTIONAL RADIOLOGY,"INTERVENTIONAL RADIOLOGY, 01040146",MOUNT SINAI HOSPITAL,ACTIVE,CLOSED,EDI,TRUE,TRUE,2170,M,MOUNT SINAI HOSPITAL,010401464249,False,MSHS-CA-237,Yes,,203748,BOSTON SCIENTIFIC CORP,BOSTON SCIENTIFIC CORP,1/EA,1,No, ,NO,4249, ENDOVASCULAR STENTS,2/14/2023 12:00:00 AM,CLOSED,7,2170,CLOSED,EACH,NF,2/14/2023 12:00:00 AM,MSIR023329,"RADIOLOGY REQ INTERFACE, INTERVENTIONAL",,,M 0146 INTERVENTIONAL RADIOLOGY,2170,2170,2170,STENTS,42295905,SURGICAL PRODUCTS,BOSTON SCIENTIFIC CORP,BSSCIS
BOSTON SCIENTIFIC CORP,2023,"INTERVENTIONAL RADIOLOGY, 01040146",MOUNT SINAI HOSPITAL,BOSTON SCIENTIFIC CORP,MEDICAL EQUIPMENT AND ACCESSORIES AND SUPPLIES,True,True,CLOSED,4249,"4249, ENDOVASCULAR STENTS",MOUNT SINAI HOSPITAL,Yes,M001719010,BOSTON SCIENTIFIC CORP,6/2/2023 12:00:00 AM,M1971124,PURCHASE ORDER,STENT ENDOPROSTHESIS WALL METAL CAROTID 8 X 21 5FR 135CMM001719010M001719010,PMMPOS,ENDOPROSTHESIS OR WALL STENTS OR TUBES,M001719010,INTERVENTIONAL RADIOLOGY,01040146,ENDOVASCULAR STENTS,MSHS-CA-237,,STENT ENDOPROSTHESIS WALL METAL CAROTID 8 X 21 5FR 135CM,4249,M001719010,1,,1,1,1,1,1,2170,2170,101-101-11-21050-00000000000-0-0,NF,MSH MAIN PURCHASING,MSH MAIN PURCHASING,"ENDOPROSTHESIS OR WALL STENTS OR TUBES 
 
BOSTON SCIENTIFIC CORP",SYSTEM CREATED,M 0146 INTERVENTIONAL RADIOLOGY,"INTERVENTIONAL RADIOLOGY, 01040146",MOUNT SINAI HOSPITAL,ACTIVE,CLOSED,EDI,TRUE,TRUE,2170,M,MOUNT SINAI HOSPITAL,010401464249,False,MSHS-CA-237,Yes,,203748,BOSTON SCIENTIFIC CORP,BOSTON SCIENTIFIC CORP,1/EA,1,No, ,NO,4249, ENDOVASCULAR STENTS,6/2/2023 12:00:00 AM,CLOSED,4,2170,CLOSED,EACH,NF,6/2/2023 12:00:00 AM,MSIR025146,"RADIOLOGY REQ INTERFACE, INTERVENTIONAL",,,M 0146 INTERVENTIONAL RADIOLOGY,2170,2170,2170,STENTS,42295905,SURGICAL PRODUCTS,BOSTON SCIENTIFIC CORP,BSSCIS
BOSTON SCIENTIFIC CORP,2024,"NEURO ENDOVASCULAR SURGERY, 13055",MOUNT SINAI QUEENS,BOSTON SCIENTIFIC,IMPLANTS,True,True,CLOSED,903030,"903030, IMPLANTS",MOUNT SINAI QUEENS,Yes,M001719010,BOSTON SCIENTIFIC,10/8/2024 12:00:00 AM,M1001009,GOODS,STENT ENDOPROSTHESIS WALL METAL CAROTID 8 X 21 5FR 135CMM001719010M001719010,ORAPOS,IMPLANTS,M001719010,NEURO ENDOVASCULAR SURGERY,13055,IMPLANTS,MSHS-CA-237,,STENT ENDOPROSTHESIS WALL METAL CAROTID 8 X 21 5FR 135CM,903030,M001719010,1,1,1,1,,,,2170,2170,NF,NF,GADSDEN CHONTE,GADSDEN CHONTE,"IMPLANTS 
 
BOSTON SCIENTIFIC",Y,13055 STROKE PROGRAM 25-10 30TH AVE,"NEURO ENDOVASCULAR SURGERY, 13055",MOUNT SINAI QUEENS,ACTIVE,CLOSED,EDI,TRUE,TRUE,2170,MOUNT SINAI QUEENS,MOUNT SINAI QUEENS,102-107-11-13055-903030-00000000000-000-0000-000-00000-00000----,False,MSHS-CA-237,Yes,2170,2023676,BOSTON SCIENTIFIC,BOSTON SCIENTIFIC,NF,1,No, ,NO,903030, IMPLANTS,10/8/2024 12:00:00 AM,CLOSED,4-1-1,2170,CLOSED,EACH,NF,10/8/2024 12:00:00 AM,Q131,INNOCENT DAVID,,,MOUNT SINAI QUEENS - RECVG MAIN,2170,2170,2170,NF,NF,NF,BOSTON SCIENTIFIC CORP,3160
BOSTON SCIENTIFIC CORP,2023,"STROKE PROGRAM, 01301735",MOUNT SINAI QUEENS,BOSTON SCIENTIFIC CORP,MEDICAL EQUIPMENT AND ACCESSORIES AND SUPPLIES,True,True,CLOSED,4229,"4229, IMPLANTS",MOUNT SINAI QUEENS,Yes,M001719050,BOSTON SCIENTIFIC CORP,5/30/2023 12:00:00 AM,Q1969435,PURCHASE ORDER,STENT ENDOPROSTHESIS 31MM 135CM 10MM WALLSTENT MONORAIL CAROTID METAL CLOSED CELL RECONSTRAINABLE FLEXIBLE RADIOPAQUE ACCEPTS 6FR SHEATH 8FR GUIDE CATHETERM001719050M001719050,PMMPOS,ENDOPROSTHESIS OR WALL STENTS OR TUBES,M001719050,STROKE PROGRAM,01301735,IMPLANTS,MSHS-CA-237,,STENT ENDOPROSTHESIS 31MM 135CM 10MM WALLSTENT MONORAIL CAROTID METAL CLOSED CELL RECONSTRAINABLE FLEXIBLE RADIOPAQUE ACCEPTS 6FR SHEATH 8FR GUIDE CATHETER,4229,M001719050,1,,1,1,1,1,1,2170,2170,102-107-11-13055-00000000000-0-0,NF,MSQ MAIN PURCHASING,MSQ MAIN PURCHASING,"ENDOPROSTHESIS OR WALL STENTS OR TUBES 
 
BOSTON SCIENTIFIC CORP",SYSTEM CREATED,Q 1735 STROKE PROGRAM 25-10 30TH AVE,"STROKE PROGRAM, 01301735",MOUNT SINAI QUEENS,ACTIVE,CLOSED,EDI,TRUE,TRUE,2170,Q,MOUNT SINAI QUEENS,013017354229,False,MSHS-CA-237,Yes,,203749,BOSTON SCIENTIFIC CORP,BOSTON SCIENTIFIC CORP,1/EA,1,No, ,NO,4229, IMPLANTS,5/30/2023 12:00:00 AM,CLOSED,1,2170,CLOSED,EACH,NF,5/30/2023 12:00:00 AM,MQSC-001623,QSIGHT QUEENS  REQ INTERFACE,,,Q 1735 STROKE PROGRAM 25-10 30TH AVE,2170,2170,2170,STENTS,42295905,SURGICAL PRODUCTS,BOSTON SCIENTIFIC CORP,BSSCIS
BOSTON SCIENTIFIC CORP,2023,"INTERVENTIONAL RADIOLOGY, 01040146",MOUNT SINAI HOSPITAL,BOSTON SCIENTIFIC CORP,MEDICAL EQUIPMENT AND ACCESSORIES AND SUPPLIES,True,True,CLOSED,4229,"4229, IMPLANTS",MOUNT SINAI HOSPITAL,Yes,M001719050,BOSTON SCIENTIFIC CORP,3/8/2023 12:00:00 AM,M1939842,PURCHASE ORDER,STENT ENDOPROSTHESIS 31MM 135CM 10MM WALLSTENT MONORAIL CAROTID METAL CLOSED CELL RECONSTRAINABLE FLEXIBLE RADIOPAQUE ACCEPTS 6FR SHEATH 8FR GUIDE CATHETERM001719050M001719050,PMMPOS,ENDOPROSTHESIS OR WALL STENTS OR TUBES,M001719050,INTERVENTIONAL RADIOLOGY,01040146,IMPLANTS,MSHS-CA-237,,STENT ENDOPROSTHESIS 31MM 135CM 10MM WALLSTENT MONORAIL CAROTID METAL CLOSED CELL RECONSTRAINABLE FLEXIBLE RADIOPAQUE ACCEPTS 6FR SHEATH 8FR GUIDE CATHETER,4229,M001719050,1,,1,1,1,1,1,2170,2170,101-101-11-21050-00000000000-0-0,NF,MSH MAIN PURCHASING,MSH MAIN PURCHASING,"ENDOPROSTHESIS OR WALL STENTS OR TUBES 
 
BOSTON SCIENTIFIC CORP",SYSTEM CREATED,M 0146 INTERVENTIONAL RADIOLOGY,"INTERVENTIONAL RADIOLOGY, 01040146",MOUNT SINAI HOSPITAL,ACTIVE,CLOSED,EDI,TRUE,TRUE,2170,M,MOUNT SINAI HOSPITAL,010401464229,False,MSHS-CA-237,Yes,,203749,BOSTON SCIENTIFIC CORP,BOSTON SCIENTIFIC CORP,1/EA,1,No, ,NO,4229, IMPLANTS,3/8/2023 12:00:00 AM,CLOSED,5,2170,CLOSED,EACH,NF,3/8/2023 12:00:00 AM,MSIR023641,"RADIOLOGY REQ INTERFACE, INTERVENTIONAL",,,M 0146 INTERVENTIONAL RADIOLOGY,2170,2170,2170,STENTS,42295905,SURGICAL PRODUCTS,BOSTON SCIENTIFIC CORP,BSSCIS
BOSTON SCIENTIFIC CORP,2023,"INTERVENTIONAL RADIOLOGY, 01040146",MOUNT SINAI HOSPITAL,BOSTON SCIENTIFIC CORP,MEDICAL EQUIPMENT AND ACCESSORIES AND SUPPLIES,True,True,CLOSED,4229,"4229, IMPLANTS",MOUNT SINAI HOSPITAL,Yes,M001719050,BOSTON SCIENTIFIC CORP,2/22/2023 12:00:00 AM,M1934751,PURCHASE ORDER,STENT ENDOPROSTHESIS 31MM 135CM 10MM WALLSTENT MONORAIL CAROTID METAL CLOSED CELL RECONSTRAINABLE FLEXIBLE RADIOPAQUE ACCEPTS 6FR SHEATH 8FR GUIDE CATHETERM001719050M001719050,PMMPOS,ENDOPROSTHESIS OR WALL STENTS OR TUBES,M001719050,INTERVENTIONAL RADIOLOGY,01040146,IMPLANTS,MSHS-CA-237,,STENT ENDOPROSTHESIS 31MM 135CM 10MM WALLSTENT MONORAIL CAROTID METAL CLOSED CELL RECONSTRAINABLE FLEXIBLE RADIOPAQUE ACCEPTS 6FR SHEATH 8FR GUIDE CATHETER,4229,M001719050,1,,1,1,1,1,1,2170,2170,101-101-11-21050-00000000000-0-0,NF,MSH MAIN PURCHASING,MSH MAIN PURCHASING,"ENDOPROSTHESIS OR WALL STENTS OR TUBES 
 
BOSTON SCIENTIFIC CORP",SYSTEM CREATED,M 0146 INTERVENTIONAL RADIOLOGY,"INTERVENTIONAL RADIOLOGY, 01040146",MOUNT SINAI HOSPITAL,ACTIVE,CLOSED,EDI,TRUE,TRUE,2170,M,MOUNT SINAI HOSPITAL,010401464229,False,MSHS-CA-237,Yes,,203749,BOSTON SCIENTIFIC CORP,BOSTON SCIENTIFIC CORP,1/EA,1,No, ,NO,4229, IMPLANTS,2/22/2023 12:00:00 AM,CLOSED,3,2170,CLOSED,EACH,NF,2/22/2023 12:00:00 AM,MSIR023428,"RADIOLOGY REQ INTERFACE, INTERVENTIONAL",,,M 0146 INTERVENTIONAL RADIOLOGY,2170,2170,2170,STENTS,42295905,SURGICAL PRODUCTS,BOSTON SCIENTIFIC CORP,BSSCIS
BOSTON SCIENTIFIC CORP,2023,"INTERVENTIONAL RADIOLOGY, 01040146",MOUNT SINAI HOSPITAL,BOSTON SCIENTIFIC CORP,MEDICAL EQUIPMENT AND ACCESSORIES AND SUPPLIES,True,True,CLOSED,4229,"4229, IMPLANTS",MOUNT SINAI HOSPITAL,Yes,M001719050,BOSTON SCIENTIFIC CORP,9/5/2023 12:00:00 AM,M2005717,PURCHASE ORDER,STENT ENDOPROSTHESIS 31MM 135CM 10MM WALLSTENT MONORAIL CAROTID METAL CLOSED CELL RECONSTRAINABLE FLEXIBLE RADIOPAQUE ACCEPTS 6FR SHEATH 8FR GUIDE CATHETERM001719050M001719050,PMMPOS,ENDOPROSTHESIS OR WALL STENTS OR TUBES,M001719050,INTERVENTIONAL RADIOLOGY,01040146,IMPLANTS,MSHS-CA-237,,STENT ENDOPROSTHESIS 31MM 135CM 10MM WALLSTENT MONORAIL CAROTID METAL CLOSED CELL RECONSTRAINABLE FLEXIBLE RADIOPAQUE ACCEPTS 6FR SHEATH 8FR GUIDE CATHETER,4229,M001719050,1,,1,1,1,1,1,2170,2170,101-101-11-21050-00000000000-0-0,NF,MSH MAIN PURCHASING,MSH MAIN PURCHASING,"ENDOPROSTHESIS OR WALL STENTS OR TUBES 
 
BOSTON SCIENTIFIC CORP",SYSTEM CREATED,M 0146 INTERVENTIONAL RADIOLOGY,"INTERVENTIONAL RADIOLOGY, 01040146",MOUNT SINAI HOSPITAL,ACTIVE,CLOSED,EDI,TRUE,TRUE,2170,M,MOUNT SINAI HOSPITAL,010401464229,False,MSHS-CA-237,Yes,,203749,BOSTON SCIENTIFIC CORP,BOSTON SCIENTIFIC CORP,1/EA,1,No, ,NO,4229, IMPLANTS,9/5/2023 12:00:00 AM,CLOSED,5,2170,CLOSED,EACH,NF,9/5/2023 12:00:00 AM,MSIR026772,"RADIOLOGY REQ INTERFACE, INTERVENTIONAL",,,M 0146 INTERVENTIONAL RADIOLOGY,2170,2170,2170,STENTS,42295905,SURGICAL PRODUCTS,BOSTON SCIENTIFIC CORP,BSSCIS
BOSTON SCIENTIFIC CORP,2023,"INTERVENTIONAL RADIOLOGY, 01040146",MOUNT SINAI HOSPITAL,BOSTON SCIENTIFIC CORP,IMPLANTS,True,True,CLOSED,4229,"4229, IMPLANTS",MOUNT SINAI HOSPITAL,Yes,M001719050,BOSTON SCIENTIFIC CORP,5/23/2023 12:00:00 AM,M1967670,PURCHASE ORDER,STENT ENDOPROSTHESIS 31MM 135CM 10MM WALLSTENT MONORAIL CAROTID METAL CLOSED CELL RECONSTRAINABLE FLEXIBLE RADIOPAQUE ACCEPTS 6FR SHEATH 8FR GUIDE CATHETERM001719050M001719050,PMMPOS,IMPLANTS,M001719050,INTERVENTIONAL RADIOLOGY,01040146,IMPLANTS,MSHS-CA-237,,STENT ENDOPROSTHESIS 31MM 135CM 10MM WALLSTENT MONORAIL CAROTID METAL CLOSED CELL RECONSTRAINABLE FLEXIBLE RADIOPAQUE ACCEPTS 6FR SHEATH 8FR GUIDE CATHETER,4229,M001719050,1,,1,1,1,1,1,2170,2170,101-101-11-21050-00000000000-0-0,NF,MSH MAIN PURCHASING,MSH MAIN PURCHASING,"IMPLANTS 
 
BOSTON SCIENTIFIC CORP",SYSTEM CREATED,M 0146 INTERVENTIONAL RADIOLOGY,"INTERVENTIONAL RADIOLOGY, 01040146",MOUNT SINAI HOSPITAL,ACTIVE,CLOSED,EDI,TRUE,TRUE,2170,M,MOUNT SINAI HOSPITAL,010401464229,False,MSHS-CA-237,Yes,,203749,BOSTON SCIENTIFIC CORP,BOSTON SCIENTIFIC CORP,NF,1,No, ,NO,4229, IMPLANTS,5/23/2023 12:00:00 AM,CLOSED,5,2170,CLOSED,EACH,NF,5/23/2023 12:00:00 AM,MSIR024977,"RADIOLOGY REQ INTERFACE, INTERVENTIONAL",,,M 0146 INTERVENTIONAL RADIOLOGY,2170,2170,2170,NF,NF,NF,BOSTON SCIENTIFIC CORP,BSSCIS
BOSTON SCIENTIFIC CORP,2025,"INTERVENTIONAL RADIOLOGY, 21050",MOUNT SINAI HOSPITAL,BOSTON SCIENTIFIC,IMPLANTS,True,True,CLOSED,903030,"903030, IMPLANTS",MOUNT SINAI HOSPITAL,Yes,M001719050,BOSTON SCIENTIFIC,1/14/2025 12:00:00 AM,M3042134,GOODS,STENT ENDOPROSTHESIS 31MM 135CM 10MM WALLSTENT MONORAIL CAROTID METAL CLOSED CELL RECONSTRAINABLE FLEXIBLE RADIOPAQUE ACCEPTS 6FR SHEATH 8FR GUIDE CATHETERM001719050M001719050,ORAPOS,IMPLANTS,M001719050,INTERVENTIONAL RADIOLOGY,21050,IMPLANTS,MSHS-CA-237,,STENT ENDOPROSTHESIS 31MM 135CM 10MM WALLSTENT MONORAIL CAROTID METAL CLOSED CELL RECONSTRAINABLE FLEXIBLE RADIOPAQUE ACCEPTS 6FR SHEATH 8FR GUIDE CATHETER,903030,M001719050,1,1,1,1,,,,2170,2170,NF,NF,VEGA WILLIAM,VEGA WILLIAM,"IMPLANTS 
 
BOSTON SCIENTIFIC",Y,21050 INTERVENTIONAL RADIOLOGY,"INTERVENTIONAL RADIOLOGY, 21050",MOUNT SINAI HOSPITAL,ACTIVE,CLOSED,EDI,TRUE,TRUE,2170,MOUNT SINAI HOSPITAL,MOUNT SINAI HOSPITAL,101-101-11-21050-903030-00000000000-000-0000-000-00000-00000----,False,MSHS-CA-237,Yes,2170,8171479,BOSTON SCIENTIFIC,BOSTON SCIENTIFIC,NF,1,No, ,NO,903030, IMPLANTS,1/14/2025 12:00:00 AM,CLOSED,8-1-1,2170,CLOSED,EACH,NF,1/14/2025 12:00:00 AM,QS10275063,BAUTISTA RONALD,,,MOUNT SINAI HOSPITAL - RECVG MAIN,2170,2170,2170,NF,NF,NF,BOSTON SCIENTIFIC CORP,3160
BOSTON SCIENTIFIC CORP,2024,"INTERVENTIONAL RADIOLOGY, 01040146",MOUNT SINAI HOSPITAL,BOSTON SCIENTIFIC CORP,MEDICAL EQUIPMENT AND ACCESSORIES AND SUPPLIES,True,True,CLOSED,4229,"4229, IMPLANTS",MOUNT SINAI HOSPITAL,Yes,M001719050,BOSTON SCIENTIFIC CORP,4/24/2024 12:00:00 AM,M2094408,PURCHASE ORDER,STENT ENDOPROSTHESIS 31MM 135CM 10MM WALLSTENT MONORAIL CAROTID METAL CLOSED CELL RECONSTRAINABLE FLEXIBLE RADIOPAQUE ACCEPTS 6FR SHEATH 8FR GUIDE CATHETERM001719050M001719050,PMMPOS,ENDOPROSTHESIS OR WALL STENTS OR TUBES,M001719050,INTERVENTIONAL RADIOLOGY,01040146,IMPLANTS,MSHS-CA-237,,STENT ENDOPROSTHESIS 31MM 135CM 10MM WALLSTENT MONORAIL CAROTID METAL CLOSED CELL RECONSTRAINABLE FLEXIBLE RADIOPAQUE ACCEPTS 6FR SHEATH 8FR GUIDE CATHETER,4229,M001719050,1,,1,1,1,1,1,2170,2170,101-101-11-21050-00000000000-0-0,NF,MSH MAIN PURCHASING,MSH MAIN PURCHASING,"ENDOPROSTHESIS OR WALL STENTS OR TUBES 
 
BOSTON SCIENTIFIC CORP",SYSTEM CREATED,M 0146 INTERVENTIONAL RADIOLOGY,"INTERVENTIONAL RADIOLOGY, 01040146",MOUNT SINAI HOSPITAL,ACTIVE,CLOSED,EDI,TRUE,TRUE,2170,M,MOUNT SINAI HOSPITAL,010401464229,False,MSHS-CA-237,Yes,,203749,BOSTON SCIENTIFIC CORP,BOSTON SCIENTIFIC CORP,1/EA,1,No, ,NO,4229, IMPLANTS,4/24/2024 12:00:00 AM,CLOSED,2,2170,CLOSED,EACH,NF,4/24/2024 12:00:00 AM,MSIR030771,"RADIOLOGY REQ INTERFACE, INTERVENTIONAL",,,M 0146 INTERVENTIONAL RADIOLOGY,2170,2170,2170,STENTS,42295905,SURGICAL PRODUCTS,BOSTON SCIENTIFIC CORP,BSSCIS
BOSTON SCIENTIFIC CORP,2025,"INTERVENTIONAL RADIOLOGY, 21050",MOUNT SINAI HOSPITAL,BOSTON SCIENTIFIC,IMPLANTS,True,True,CLOSED,903030,"903030, IMPLANTS",MOUNT SINAI HOSPITAL,Yes,M001719050,BOSTON SCIENTIFIC,5/28/2025 12:00:00 AM,M3104977,GOODS,STENT ENDOPROSTHESIS 31MM 135CM 10MM WALLSTENT MONORAIL CAROTID METAL CLOSED CELL RECONSTRAINABLE FLEXIBLE RADIOPAQUE ACCEPTS 6FR SHEATH 8FR GUIDE CATHETERM001719050M001719050,ORAPOS,IMPLANTS,M001719050,INTERVENTIONAL RADIOLOGY,21050,IMPLANTS,MSHS-CA-237,,STENT ENDOPROSTHESIS 31MM 135CM 10MM WALLSTENT MONORAIL CAROTID METAL CLOSED CELL RECONSTRAINABLE FLEXIBLE RADIOPAQUE ACCEPTS 6FR SHEATH 8FR GUIDE CATHETER,903030,M001719050,1,1,1,1,,,,2170,2170,NF,NF,BUCHANAN   MRS. STEPHANIE,"BUCHANAN, MRS. STEPHANIE","IMPLANTS 
 
BOSTON SCIENTIFIC",Y,21050 INTERVENTIONAL RADIOLOGY,"INTERVENTIONAL RADIOLOGY, 21050",MOUNT SINAI HOSPITAL,ACTIVE,CLOSED,EDI,TRUE,TRUE,2170,MOUNT SINAI HOSPITAL,MOUNT SINAI HOSPITAL,101-101-11-21050-903030-00000000000-000-0000-000-00000-00000----,False,MSHS-CA-237,Yes,2170,8171479,BOSTON SCIENTIFIC,BOSTON SCIENTIFIC,NF,1,No, ,NO,903030, IMPLANTS,5/28/2025 12:00:00 AM,CLOSED,2-1-1,2170,CLOSED,EACH,NF,5/28/2025 12:00:00 AM,QS10691847,RODRIGUEZ MICHAEL,,,MOUNT SINAI HOSPITAL - RECVG MAIN,2170,2170,2170,NF,NF,NF,BOSTON SCIENTIFIC CORP,3160
BOSTON SCIENTIFIC CORP,2025,"INTERVENTIONAL RADIOLOGY, 21050",MOUNT SINAI HOSPITAL,BOSTON SCIENTIFIC,IMPLANTS,True,True,CLOSED,903030,"903030, IMPLANTS",MOUNT SINAI HOSPITAL,Yes,M001719050,BOSTON SCIENTIFIC,2/18/2025 12:00:00 AM,M3059281,GOODS,STENT ENDOPROSTHESIS 31MM 135CM 10MM WALLSTENT MONORAIL CAROTID METAL CLOSED CELL RECONSTRAINABLE FLEXIBLE RADIOPAQUE ACCEPTS 6FR SHEATH 8FR GUIDE CATHETERM001719050M001719050,ORAPOS,IMPLANTS,M001719050,INTERVENTIONAL RADIOLOGY,21050,IMPLANTS,MSHS-CA-237,,STENT ENDOPROSTHESIS 31MM 135CM 10MM WALLSTENT MONORAIL CAROTID METAL CLOSED CELL RECONSTRAINABLE FLEXIBLE RADIOPAQUE ACCEPTS 6FR SHEATH 8FR GUIDE CATHETER,903030,M001719050,1,1,1,1,,,,2170,2170,NF,NF,VEGA WILLIAM,VEGA WILLIAM,"IMPLANTS 
 
BOSTON SCIENTIFIC",Y,21050 INTERVENTIONAL RADIOLOGY,"INTERVENTIONAL RADIOLOGY, 21050",MOUNT SINAI HOSPITAL,ACTIVE,CLOSED,EDI,TRUE,TRUE,2170,MOUNT SINAI HOSPITAL,MOUNT SINAI HOSPITAL,101-101-11-21050-903030-00000000000-000-0000-000-00000-00000----,False,MSHS-CA-237,Yes,2170,8171479,BOSTON SCIENTIFIC,BOSTON SCIENTIFIC,NF,1,No, ,NO,903030, IMPLANTS,2/18/2025 12:00:00 AM,CLOSED,1-1-1,2170,CLOSED,EACH,NF,2/18/2025 12:00:00 AM,QS10380902,BAUTISTA RONALD,,,MOUNT SINAI HOSPITAL - RECVG MAIN,2170,2170,2170,NF,NF,NF,BOSTON SCIENTIFIC CORP,3160
BOSTON SCIENTIFIC CORP,2024,"STROKE PROGRAM, 01301735",MOUNT SINAI QUEENS,BOSTON SCIENTIFIC CORP,MEDICAL EQUIPMENT AND ACCESSORIES AND SUPPLIES,True,True,CLOSED,4229,"4229, IMPLANTS",MOUNT SINAI QUEENS,Yes,M001719050,BOSTON SCIENTIFIC CORP,4/4/2024 12:00:00 AM,Q2087101,PURCHASE ORDER,STENT ENDOPROSTHESIS 31MM 135CM 10MM WALLSTENT MONORAIL CAROTID METAL CLOSED CELL RECONSTRAINABLE FLEXIBLE RADIOPAQUE ACCEPTS 6FR SHEATH 8FR GUIDE CATHETERM001719050M001719050,PMMPOS,ENDOPROSTHESIS OR WALL STENTS OR TUBES,M001719050,STROKE PROGRAM,01301735,IMPLANTS,MSHS-CA-237,,STENT ENDOPROSTHESIS 31MM 135CM 10MM WALLSTENT MONORAIL CAROTID METAL CLOSED CELL RECONSTRAINABLE FLEXIBLE RADIOPAQUE ACCEPTS 6FR SHEATH 8FR GUIDE CATHETER,4229,M001719050,1,,1,1,1,1,1,2170,2170,102-107-11-13055-00000000000-0-0,NF,MSQ MAIN PURCHASING,MSQ MAIN PURCHASING,"ENDOPROSTHESIS OR WALL STENTS OR TUBES 
 
BOSTON SCIENTIFIC CORP",SYSTEM CREATED,Q 1735 STROKE PROGRAM 25-10 30TH AVE,"STROKE PROGRAM, 01301735",MOUNT SINAI QUEENS,ACTIVE,CLOSED,EDI,TRUE,TRUE,2170,Q,MOUNT SINAI QUEENS,013017354229,False,MSHS-CA-237,Yes,,203749,BOSTON SCIENTIFIC CORP,BOSTON SCIENTIFIC CORP,1/EA,1,No, ,NO,4229, IMPLANTS,4/4/2024 12:00:00 AM,CLOSED,2,2170,CLOSED,EACH,NF,4/4/2024 12:00:00 AM,MQSC-002130,QSIGHT QUEENS  REQ INTERFACE,,,Q 1735 STROKE PROGRAM 25-10 30TH AVE,2170,2170,2170,STENTS,42295905,SURGICAL PRODUCTS,BOSTON SCIENTIFIC CORP,BSSCIS
BOSTON SCIENTIFIC CORP,2023,"INTERVENTIONAL RADIOLOGY, 01040146",MOUNT SINAI HOSPITAL,BOSTON SCIENTIFIC CORP,MEDICAL EQUIPMENT AND ACCESSORIES AND SUPPLIES,True,True,CLOSED,4229,"4229, IMPLANTS",MOUNT SINAI HOSPITAL,Yes,M001719050,BOSTON SCIENTIFIC CORP,3/28/2023 12:00:00 AM,M1947194,PURCHASE ORDER,STENT ENDOPROSTHESIS 31MM 135CM 10MM WALLSTENT MONORAIL CAROTID METAL CLOSED CELL RECONSTRAINABLE FLEXIBLE RADIOPAQUE ACCEPTS 6FR SHEATH 8FR GUIDE CATHETERM001719050M001719050,PMMPOS,ENDOPROSTHESIS OR WALL STENTS OR TUBES,M001719050,INTERVENTIONAL RADIOLOGY,01040146,IMPLANTS,MSHS-CA-237,,STENT ENDOPROSTHESIS 31MM 135CM 10MM WALLSTENT MONORAIL CAROTID METAL CLOSED CELL RECONSTRAINABLE FLEXIBLE RADIOPAQUE ACCEPTS 6FR SHEATH 8FR GUIDE CATHETER,4229,M001719050,1,,1,1,1,1,1,2170,2170,101-101-11-21050-00000000000-0-0,NF,MSH MAIN PURCHASING,MSH MAIN PURCHASING,"ENDOPROSTHESIS OR WALL STENTS OR TUBES 
 
BOSTON SCIENTIFIC CORP",SYSTEM CREATED,M 0146 INTERVENTIONAL RADIOLOGY,"INTERVENTIONAL RADIOLOGY, 01040146",MOUNT SINAI HOSPITAL,ACTIVE,CLOSED,EDI,TRUE,TRUE,2170,M,MOUNT SINAI HOSPITAL,010401464229,False,MSHS-CA-237,Yes,,203749,BOSTON SCIENTIFIC CORP,BOSTON SCIENTIFIC CORP,1/EA,1,No, ,NO,4229, IMPLANTS,3/28/2023 12:00:00 AM,CLOSED,2,2170,CLOSED,EACH,NF,3/28/2023 12:00:00 AM,MSIR024002,"RADIOLOGY REQ INTERFACE, INTERVENTIONAL",,,M 0146 INTERVENTIONAL RADIOLOGY,2170,2170,2170,STENTS,42295905,SURGICAL PRODUCTS,BOSTON SCIENTIFIC CORP,BSSCIS
BOSTON SCIENTIFIC CORP,2024,"INTERVENTIONAL RADIOLOGY, 01040146",MOUNT SINAI HOSPITAL,BOSTON SCIENTIFIC CORP,MEDICAL EQUIPMENT AND ACCESSORIES AND SUPPLIES,True,True,OPEN,4229,"4229, IMPLANTS",MOUNT SINAI HOSPITAL,Yes,M001719050,BOSTON SCIENTIFIC CORP,3/12/2024 12:00:00 AM,M2077527,PURCHASE ORDER,STENT ENDOPROSTHESIS 31MM 135CM 10MM WALLSTENT MONORAIL CAROTID METAL CLOSED CELL RECONSTRAINABLE FLEXIBLE RADIOPAQUE ACCEPTS 6FR SHEATH 8FR GUIDE CATHETERM001719050M001719050,PMMPOS,ENDOPROSTHESIS OR WALL STENTS OR TUBES,M001719050,INTERVENTIONAL RADIOLOGY,01040146,IMPLANTS,MSHS-CA-237,,STENT ENDOPROSTHESIS 31MM 135CM 10MM WALLSTENT MONORAIL CAROTID METAL CLOSED CELL RECONSTRAINABLE FLEXIBLE RADIOPAQUE ACCEPTS 6FR SHEATH 8FR GUIDE CATHETER,4229,M001719050,,,0,2,1,2,0,4340,4340,101-101-11-21050-00000000000-0-0,NF,MSH MAIN PURCHASING,MSH MAIN PURCHASING,"ENDOPROSTHESIS OR WALL STENTS OR TUBES 
 
BOSTON SCIENTIFIC CORP",SYSTEM CREATED,M 0146 INTERVENTIONAL RADIOLOGY,"INTERVENTIONAL RADIOLOGY, 01040146",MOUNT SINAI HOSPITAL,ACTIVE,OPEN,EDI,TRUE,TRUE,4340,M,MOUNT SINAI HOSPITAL,010401464229,False,MSHS-CA-237,Yes,,203749,BOSTON SCIENTIFIC CORP,BOSTON SCIENTIFIC CORP,1/EA,1,No, ,NO,4229, IMPLANTS,3/12/2024 12:00:00 AM,OPEN,3,2170,OPEN,EACH,NF,3/12/2024 12:00:00 AM,MSIR030020,"RADIOLOGY REQ INTERFACE, INTERVENTIONAL",,,M 0146 INTERVENTIONAL RADIOLOGY,4340,0,4340,STENTS,42295905,SURGICAL PRODUCTS,BOSTON SCIENTIFIC CORP,BSSCIS
BOSTON SCIENTIFIC CORP,2023,"INTERVENTIONAL RADIOLOGY, 01040146",MOUNT SINAI HOSPITAL,BOSTON SCIENTIFIC CORP,MEDICAL EQUIPMENT AND ACCESSORIES AND SUPPLIES,True,True,CLOSED,4229,"4229, IMPLANTS",MOUNT SINAI HOSPITAL,Yes,M001719050,BOSTON SCIENTIFIC CORP,5/1/2023 12:00:00 AM,M1959643,PURCHASE ORDER,STENT ENDOPROSTHESIS 31MM 135CM 10MM WALLSTENT MONORAIL CAROTID METAL CLOSED CELL RECONSTRAINABLE FLEXIBLE RADIOPAQUE ACCEPTS 6FR SHEATH 8FR GUIDE CATHETERM001719050M001719050,PMMPOS,ENDOPROSTHESIS OR WALL STENTS OR TUBES,M001719050,INTERVENTIONAL RADIOLOGY,01040146,IMPLANTS,MSHS-CA-237,,STENT ENDOPROSTHESIS 31MM 135CM 10MM WALLSTENT MONORAIL CAROTID METAL CLOSED CELL RECONSTRAINABLE FLEXIBLE RADIOPAQUE ACCEPTS 6FR SHEATH 8FR GUIDE CATHETER,4229,M001719050,1,,1,1,1,1,1,2170,2170,101-101-11-21050-00000000000-0-0,NF,MSH MAIN PURCHASING,MSH MAIN PURCHASING,"ENDOPROSTHESIS OR WALL STENTS OR TUBES 
 
BOSTON SCIENTIFIC CORP",SYSTEM CREATED,M 0146 INTERVENTIONAL RADIOLOGY,"INTERVENTIONAL RADIOLOGY, 01040146",MOUNT SINAI HOSPITAL,ACTIVE,CLOSED,EDI,TRUE,TRUE,2170,M,MOUNT SINAI HOSPITAL,010401464229,False,MSHS-CA-237,Yes,,203749,BOSTON SCIENTIFIC CORP,BOSTON SCIENTIFIC CORP,1/EA,1,No, ,NO,4229, IMPLANTS,5/1/2023 12:00:00 AM,CLOSED,1,2170,CLOSED,EACH,NF,5/1/2023 12:00:00 AM,MSIR024597,"RADIOLOGY REQ INTERFACE, INTERVENTIONAL",,,M 0146 INTERVENTIONAL RADIOLOGY,2170,2170,2170,STENTS,42295905,SURGICAL PRODUCTS,BOSTON SCIENTIFIC CORP,BSSCIS
BOSTON SCIENTIFIC CORP,2024,"INTERVENTIONAL RADIOLOGY, 01040146",MOUNT SINAI HOSPITAL,BOSTON SCIENTIFIC CORP,MEDICAL EQUIPMENT AND ACCESSORIES AND SUPPLIES,True,True,CLOSED,4229,"4229, IMPLANTS",MOUNT SINAI HOSPITAL,Yes,M001719050,BOSTON SCIENTIFIC CORP,3/26/2024 12:00:00 AM,M2082797,PURCHASE ORDER,STENT ENDOPROSTHESIS 31MM 135CM 10MM WALLSTENT MONORAIL CAROTID METAL CLOSED CELL RECONSTRAINABLE FLEXIBLE RADIOPAQUE ACCEPTS 6FR SHEATH 8FR GUIDE CATHETERM001719050M001719050,PMMPOS,ENDOPROSTHESIS OR WALL STENTS OR TUBES,M001719050,INTERVENTIONAL RADIOLOGY,01040146,IMPLANTS,MSHS-CA-237,,STENT ENDOPROSTHESIS 31MM 135CM 10MM WALLSTENT MONORAIL CAROTID METAL CLOSED CELL RECONSTRAINABLE FLEXIBLE RADIOPAQUE ACCEPTS 6FR SHEATH 8FR GUIDE CATHETER,4229,M001719050,1,,1,1,1,1,1,2170,2170,101-101-11-21050-00000000000-0-0,NF,MSH MAIN PURCHASING,MSH MAIN PURCHASING,"ENDOPROSTHESIS OR WALL STENTS OR TUBES 
 
BOSTON SCIENTIFIC CORP",SYSTEM CREATED,M 0146 INTERVENTIONAL RADIOLOGY,"INTERVENTIONAL RADIOLOGY, 01040146",MOUNT SINAI HOSPITAL,ACTIVE,CLOSED,EDI,TRUE,TRUE,2170,M,MOUNT SINAI HOSPITAL,010401464229,False,MSHS-CA-237,Yes,,203749,BOSTON SCIENTIFIC CORP,BOSTON SCIENTIFIC CORP,1/EA,1,No, ,NO,4229, IMPLANTS,3/26/2024 12:00:00 AM,CLOSED,3,2170,CLOSED,EACH,NF,3/26/2024 12:00:00 AM,MSIR030274,"RADIOLOGY REQ INTERFACE, INTERVENTIONAL",,,M 0146 INTERVENTIONAL RADIOLOGY,2170,2170,2170,STENTS,42295905,SURGICAL PRODUCTS,BOSTON SCIENTIFIC CORP,BSSCIS
BOSTON SCIENTIFIC CORP,2024,"INTERVENTIONAL RADIOLOGY, 01040146",MOUNT SINAI HOSPITAL,BOSTON SCIENTIFIC CORP,MEDICAL EQUIPMENT AND ACCESSORIES AND SUPPLIES,True,True,CLOSED,4229,"4229, IMPLANTS",MOUNT SINAI HOSPITAL,Yes,M001719050,BOSTON SCIENTIFIC CORP,5/14/2024 12:00:00 AM,M2101981,PURCHASE ORDER,STENT ENDOPROSTHESIS 31MM 135CM 10MM WALLSTENT MONORAIL CAROTID METAL CLOSED CELL RECONSTRAINABLE FLEXIBLE RADIOPAQUE ACCEPTS 6FR SHEATH 8FR GUIDE CATHETERM001719050M001719050,PMMPOS,ENDOPROSTHESIS OR WALL STENTS OR TUBES,M001719050,INTERVENTIONAL RADIOLOGY,01040146,IMPLANTS,MSHS-CA-237,,STENT ENDOPROSTHESIS 31MM 135CM 10MM WALLSTENT MONORAIL CAROTID METAL CLOSED CELL RECONSTRAINABLE FLEXIBLE RADIOPAQUE ACCEPTS 6FR SHEATH 8FR GUIDE CATHETER,4229,M001719050,1,,1,1,1,1,1,2170,2170,101-101-11-21050-00000000000-0-0,NF,MSH MAIN PURCHASING,MSH MAIN PURCHASING,"ENDOPROSTHESIS OR WALL STENTS OR TUBES 
 
BOSTON SCIENTIFIC CORP",SYSTEM CREATED,M 0146 INTERVENTIONAL RADIOLOGY,"INTERVENTIONAL RADIOLOGY, 01040146",MOUNT SINAI HOSPITAL,ACTIVE,CLOSED,EDI,TRUE,TRUE,2170,M,MOUNT SINAI HOSPITAL,010401464229,False,MSHS-CA-237,Yes,,203749,BOSTON SCIENTIFIC CORP,BOSTON SCIENTIFIC CORP,1/EA,1,No, ,NO,4229, IMPLANTS,5/14/2024 12:00:00 AM,CLOSED,4,2170,CLOSED,EACH,NF,5/14/2024 12:00:00 AM,MSIR031062,"RADIOLOGY REQ INTERFACE, INTERVENTIONAL",,,M 0146 INTERVENTIONAL RADIOLOGY,2170,2170,2170,STENTS,42295905,SURGICAL PRODUCTS,BOSTON SCIENTIFIC CORP,BSSCIS
BOSTON SCIENTIFIC CORP,2023,"INTERVENTIONAL RADIOLOGY, 01040146",MOUNT SINAI HOSPITAL,BOSTON SCIENTIFIC CORP,MEDICAL EQUIPMENT AND ACCESSORIES AND SUPPLIES,True,True,CLOSED,4229,"4229, IMPLANTS",MOUNT SINAI HOSPITAL,Yes,M001719050,BOSTON SCIENTIFIC CORP,2/13/2023 12:00:00 AM,M1931377,PURCHASE ORDER,STENT ENDOPROSTHESIS 31MM 135CM 10MM WALLSTENT MONORAIL CAROTID METAL CLOSED CELL RECONSTRAINABLE FLEXIBLE RADIOPAQUE ACCEPTS 6FR SHEATH 8FR GUIDE CATHETERM001719050M001719050,PMMPOS,ENDOPROSTHESIS OR WALL STENTS OR TUBES,M001719050,INTERVENTIONAL RADIOLOGY,01040146,IMPLANTS,MSHS-CA-237,,STENT ENDOPROSTHESIS 31MM 135CM 10MM WALLSTENT MONORAIL CAROTID METAL CLOSED CELL RECONSTRAINABLE FLEXIBLE RADIOPAQUE ACCEPTS 6FR SHEATH 8FR GUIDE CATHETER,4229,M001719050,1,,1,1,1,1,1,2170,2170,101-101-11-21050-00000000000-0-0,NF,MSH MAIN PURCHASING,MSH MAIN PURCHASING,"ENDOPROSTHESIS OR WALL STENTS OR TUBES 
 
BOSTON SCIENTIFIC CORP",SYSTEM CREATED,M 0146 INTERVENTIONAL RADIOLOGY,"INTERVENTIONAL RADIOLOGY, 01040146",MOUNT SINAI HOSPITAL,ACTIVE,CLOSED,EDI,TRUE,TRUE,2170,M,MOUNT SINAI HOSPITAL,010401464229,False,MSHS-CA-237,Yes,,203749,BOSTON SCIENTIFIC CORP,BOSTON SCIENTIFIC CORP,1/EA,1,No, ,NO,4229, IMPLANTS,2/13/2023 12:00:00 AM,CLOSED,3,2170,CLOSED,EACH,NF,2/13/2023 12:00:00 AM,MSIR023304,"RADIOLOGY REQ INTERFACE, INTERVENTIONAL",,,M 0146 INTERVENTIONAL RADIOLOGY,2170,2170,2170,STENTS,42295905,SURGICAL PRODUCTS,BOSTON SCIENTIFIC CORP,BSSCIS
BOSTON SCIENTIFIC CORP,2024,"RADIOLOGY NEURO INTERVENTIONAL, 21052",MOUNT SINAI WEST,BOSTON SCIENTIFIC CORP,MEDICAL EQUIPMENT AND ACCESSORIES AND SUPPLIES,True,True,CLOSED,903030,"903030, IMPLANTS",MOUNT SINAI WEST,Yes,M001719060,BOSTON SCIENTIFIC CORP,7/12/2024 12:00:00 AM,1460228,GOODS,STENT ENDOPROSTHESIS 37MM 135CM 10MM WALLSTENT MONORAIL CAROTID METAL CLOSED CELL RECONSTRAINABLE FLEXIBLE RADIOPAQUE ACCEPTS 6FR SHEATH 8FR GUIDE CATHETERM001719060M001719060,ORAPOS,ENDOPROSTHESIS OR WALL STENTS OR TUBES,M001719060,RADIOLOGY NEURO INTERVENTIONAL,21052,IMPLANTS,MSHS-CA-237,,STENT ENDOPROSTHESIS 37MM 135CM 10MM WALLSTENT MONORAIL CAROTID METAL CLOSED CELL RECONSTRAINABLE FLEXIBLE RADIOPAQUE ACCEPTS 6FR SHEATH 8FR GUIDE CATHETER,903030,M001719060,0,0,0,1,1,1,0,1,1,NF,NF,PERNELL   JOURNEE,"PERNELL, JOURNEE","ENDOPROSTHESIS OR WALL STENTS OR TUBES 
 
BOSTON SCIENTIFIC CORP",SYSTEM CREATED,1000 10TH AVE RM 4C-12 RAD NEURO INTRVNTNL,"RADIOLOGY NEURO INTERVENTIONAL, 21052",MOUNT SINAI WEST,NONCAT,CLOSED,EDI,TRUE,TRUE,1,CHP,MOUNT SINAI WEST,301-301-11-21052-903030-00000000000-000-0000-000-00000-00000----,False,MSHS-CA-237,Yes,0,8171481,BOSTON SCIENTIFIC CORP,BOSTON SCIENTIFIC CORP,EA1,1,No, ,NO,903030, IMPLANTS,7/12/2024 12:00:00 AM,CLOSED FOR RECEIVING,1-1-1,1,CLOSED FOR RECEIVING,EACH,NF,7/12/2024 12:00:00 AM,3371287,"MCLEOD, KENRICK CHRISTOPHER",,,MOUNT SINAI WEST - RECVG MAIN,1,0,1,STENTS,42295905,SURGICAL PRODUCTS,BOSTON SCIENTIFIC CORP,3160
BOSTON SCIENTIFIC CORP,2023,"INTERVENTIONAL RADIOLOGY, 01040146",MOUNT SINAI HOSPITAL,BOSTON SCIENTIFIC CORP,MEDICAL EQUIPMENT AND ACCESSORIES AND SUPPLIES,True,True,CLOSED,4249,"4249, ENDOVASCULAR STENTS",MOUNT SINAI HOSPITAL,Yes,M001719060,BOSTON SCIENTIFIC CORP,12/5/2023 12:00:00 AM,M2040256,PURCHASE ORDER,STENT ENDOPROSTHESIS 37MM 135CM 10MM WALLSTENT MONORAIL CAROTID METAL CLOSED CELL RECONSTRAINABLE FLEXIBLE RADIOPAQUE ACCEPTS 6FR SHEATH 8FR GUIDE CATHETERM001719060M001719060,PMMPOS,ENDOPROSTHESIS OR WALL STENTS OR TUBES,M001719060,INTERVENTIONAL RADIOLOGY,01040146,ENDOVASCULAR STENTS,MSHS-CA-237,,STENT ENDOPROSTHESIS 37MM 135CM 10MM WALLSTENT MONORAIL CAROTID METAL CLOSED CELL RECONSTRAINABLE FLEXIBLE RADIOPAQUE ACCEPTS 6FR SHEATH 8FR GUIDE CATHETER,4249,M001719060,1,,1,1,1,1,1,2170,2170,101-101-11-21050-00000000000-0-0,NF,MSH MAIN PURCHASING,MSH MAIN PURCHASING,"ENDOPROSTHESIS OR WALL STENTS OR TUBES 
 
BOSTON SCIENTIFIC CORP",SYSTEM CREATED,M 0146 INTERVENTIONAL RADIOLOGY,"INTERVENTIONAL RADIOLOGY, 01040146",MOUNT SINAI HOSPITAL,ACTIVE,CLOSED,EDI,TRUE,TRUE,2170,M,MOUNT SINAI HOSPITAL,010401464249,False,MSHS-CA-237,Yes,,251645,BOSTON SCIENTIFIC CORP,BOSTON SCIENTIFIC CORP,1/EA,1,No, ,NO,4249, ENDOVASCULAR STENTS,12/5/2023 12:00:00 AM,CLOSED,5,2170,CLOSED,EACH,NF,12/5/2023 12:00:00 AM,MSIR028355,"RADIOLOGY REQ INTERFACE, INTERVENTIONAL",,,M 0146 INTERVENTIONAL RADIOLOGY,2170,2170,2170,STENTS,42295905,SURGICAL PRODUCTS,BOSTON SCIENTIFIC CORP,BSSCIS
BOSTON SCIENTIFIC CORP,2025,"RADIOLOGY NEURO INTERVENTIONAL, 21052",MOUNT SINAI WEST,BOSTON SCIENTIFIC,IMPLANTS,True,True,CLOSED,903030,"903030, IMPLANTS",MOUNT SINAI WEST,Yes,M001719060,BOSTON SCIENTIFIC,5/16/2025 12:00:00 AM,W1059592,GOODS,STENT ENDOPROSTHESIS 37MM 135CM 10MM WALLSTENT MONORAIL CAROTID METAL CLOSED CELL RECONSTRAINABLE FLEXIBLE RADIOPAQUE ACCEPTS 6FR SHEATH 8FR GUIDE CATHETERM001719060M001719060,ORAPOS,IMPLANTS,M001719060,RADIOLOGY NEURO INTERVENTIONAL,21052,IMPLANTS,MSHS-CA-237,,STENT ENDOPROSTHESIS 37MM 135CM 10MM WALLSTENT MONORAIL CAROTID METAL CLOSED CELL RECONSTRAINABLE FLEXIBLE RADIOPAQUE ACCEPTS 6FR SHEATH 8FR GUIDE CATHETER,903030,M001719060,1,1,1,1,,,,2170,2170,NF,NF,PERNELL JOURNEE,PERNELL JOURNEE,"IMPLANTS 
 
BOSTON SCIENTIFIC",Y,1000 10TH AVE RM 4C-12 RAD NEURO INTRVNTNL,"RADIOLOGY NEURO INTERVENTIONAL, 21052",MOUNT SINAI WEST,ACTIVE,CLOSED,EDI,TRUE,TRUE,2170,MOUNT SINAI - WEST,MOUNT SINAI WEST,301-301-11-21052-903030-00000000000-000-0000-000-00000-00000----,False,MSHS-CA-237,Yes,2170,8171481,BOSTON SCIENTIFIC,BOSTON SCIENTIFIC,NF,1,No, ,NO,903030, IMPLANTS,5/16/2025 12:00:00 AM,CLOSED,1-1-1,2170,CLOSED,EACH,NF,5/16/2025 12:00:00 AM,QS10657041,MELENDEZ RAFAEL,,,MOUNT SINAI WEST - RECVG MAIN,2170,2170,2170,NF,NF,NF,BOSTON SCIENTIFIC CORP,3160
BOSTON SCIENTIFIC CORP,2025,"RADIOLOGY NEURO INTERVENTIONAL, 21052",MOUNT SINAI WEST,BOSTON SCIENTIFIC,IMPLANTS,True,True,CLOSED,903030,"903030, IMPLANTS",MOUNT SINAI WEST,Yes,M001719060,BOSTON SCIENTIFIC,1/14/2025 12:00:00 AM,W1025299,GOODS,STENT ENDOPROSTHESIS 37MM 135CM 10MM WALLSTENT MONORAIL CAROTID METAL CLOSED CELL RECONSTRAINABLE FLEXIBLE RADIOPAQUE ACCEPTS 6FR SHEATH 8FR GUIDE CATHETERM001719060M001719060,ORAPOS,IMPLANTS,M001719060,RADIOLOGY NEURO INTERVENTIONAL,21052,IMPLANTS,MSHS-CA-237,,STENT ENDOPROSTHESIS 37MM 135CM 10MM WALLSTENT MONORAIL CAROTID METAL CLOSED CELL RECONSTRAINABLE FLEXIBLE RADIOPAQUE ACCEPTS 6FR SHEATH 8FR GUIDE CATHETER,903030,M001719060,1,1,1,1,,,,2170,2170,NF,NF,PERNELL JOURNEE,PERNELL JOURNEE,"IMPLANTS 
 
BOSTON SCIENTIFIC",Y,1000 10TH AVE RM 4C-12 RAD NEURO INTRVNTNL,"RADIOLOGY NEURO INTERVENTIONAL, 21052",MOUNT SINAI WEST,ACTIVE,CLOSED,EDI,TRUE,TRUE,2170,MOUNT SINAI - WEST,MOUNT SINAI WEST,301-301-11-21052-903030-00000000000-000-0000-000-00000-00000----,False,MSHS-CA-237,Yes,2170,8171481,BOSTON SCIENTIFIC,BOSTON SCIENTIFIC,NF,1,No, ,NO,903030, IMPLANTS,1/14/2025 12:00:00 AM,CLOSED,1-1-1,2170,CLOSED,EACH,NF,1/14/2025 12:00:00 AM,W9595,MCLEOD KENRICK,,,MOUNT SINAI WEST - RECVG MAIN,2170,2170,2170,NF,NF,NF,BOSTON SCIENTIFIC CORP,3160
BOSTON SCIENTIFIC CORP,2024,"Cerebral Vascular Center, 3396",S NASSAU,BOSTON SCIENTIFIC CORPORATION,MED SURG SUPPLIES,True,True,CLOSED,,,S NASSAU,Yes,M001719060,BOSTON SCIENTIFIC CORPORATION,11/7/2024 12:00:00 AM,8355036,Non-Stock-Non-Stock_,CAROTID WALLSTENT 10X37X135M001719060410,LAWPOS,MED SURG SUPPLIES,410,Cerebral Vascular Center,3396,Med Surg Supplies,MSHS-CA-237,,CAROTID WALLSTENT 10X37X135,,M001719060,,1,,1,,,0,2170,2170,,,Isa Shachove,Isa Shachove,"MED SURG SUPPLIES 
 
BOSTON SCIENTIFIC CORPORATION",,MM - Store Room,"Cerebral Vascular Center, 3396",S NASSAU,,CLOSED,,FALSE,FALSE,2170,,S NASSAU,,False,MSHS-CA-237,Yes,2170,77881,BOSTON SCIENTIFIC CORPORATION,BOSTON SCIENTIFIC CORPORATION,,,No, ,NO,,,,CLOSED,2,2170,CLOSED,EA,NF,,,Christopher Nastri,,,STORE,2170,2170,2170,,,,BOSTON SCIENTIFIC CORP,4049
BOSTON SCIENTIFIC CORP,2024,"RADIOLOGY NEURO INTERVENTIONAL, 21052",MOUNT SINAI WEST,BOSTON SCIENTIFIC CORP,MEDICAL EQUIPMENT AND ACCESSORIES AND SUPPLIES,True,True,PROCESSED,903030,"903030, IMPLANTS",MOUNT SINAI WEST,Yes,M001719060,BOSTON SCIENTIFIC CORP,3/21/2024 12:00:00 AM,1440504,GOODS,STENT ENDOPROSTHESIS 37MM 135CM 10MM WALLSTENT MONORAIL CAROTID METAL CLOSED CELL RECONSTRAINABLE FLEXIBLE RADIOPAQUE ACCEPTS 6FR SHEATH 8FR GUIDE CATHETERM001719060M001719060,ORAPOS,ENDOPROSTHESIS OR WALL STENTS OR TUBES,M001719060,RADIOLOGY NEURO INTERVENTIONAL,21052,IMPLANTS,MSHS-CA-237,,STENT ENDOPROSTHESIS 37MM 135CM 10MM WALLSTENT MONORAIL CAROTID METAL CLOSED CELL RECONSTRAINABLE FLEXIBLE RADIOPAQUE ACCEPTS 6FR SHEATH 8FR GUIDE CATHETER,903030,M001719060,1,1,1,1,1,1,1,2170,2170,301-301-11-21052-00000000000-0-0,NF,PERNELL   JOURNEE,"PERNELL, JOURNEE","ENDOPROSTHESIS OR WALL STENTS OR TUBES 
 
BOSTON SCIENTIFIC CORP",SYSTEM CREATED,RH 9368 1109,"RADIOLOGY NEURO INTERVENTIONAL, 21052",MOUNT SINAI WEST,ACTIVE,CLOSED,EDI,TRUE,TRUE,2170,CHP,MOUNT SINAI WEST,1109-900152-01-9368-0000000000-0000-000-000,False,MSHS-CA-237,Yes,2170,8171481,BOSTON SCIENTIFIC CORP,BOSTON SCIENTIFIC CORP,EA1,1,No, ,NO,903030, IMPLANTS,3/21/2024 12:00:00 AM,CLOSED,2-1-1,2170,APPROVED,EACH,NF,3/21/2024 12:00:00 AM,3330701,"GETTES, DONTE",,,RH ROOSEVELT,2170,2170,2170,STENTS,42295905,SURGICAL PRODUCTS,BOSTON SCIENTIFIC CORP,3160
BOSTON SCIENTIFIC CORP,2023,"INTERVENTIONAL RADIOLOGY, 01040146",MOUNT SINAI HOSPITAL,BOSTON SCIENTIFIC CORP,MEDICAL EQUIPMENT AND ACCESSORIES AND SUPPLIES,True,True,CLOSED,4249,"4249, ENDOVASCULAR STENTS",MOUNT SINAI HOSPITAL,Yes,M001719060,BOSTON SCIENTIFIC CORP,9/8/2023 12:00:00 AM,M2007206,PURCHASE ORDER,STENT ENDOPROSTHESIS 37MM 135CM 10MM WALLSTENT MONORAIL CAROTID METAL CLOSED CELL RECONSTRAINABLE FLEXIBLE RADIOPAQUE ACCEPTS 6FR SHEATH 8FR GUIDE CATHETERM001719060M001719060,PMMPOS,ENDOPROSTHESIS OR WALL STENTS OR TUBES,M001719060,INTERVENTIONAL RADIOLOGY,01040146,ENDOVASCULAR STENTS,MSHS-CA-237,,STENT ENDOPROSTHESIS 37MM 135CM 10MM WALLSTENT MONORAIL CAROTID METAL CLOSED CELL RECONSTRAINABLE FLEXIBLE RADIOPAQUE ACCEPTS 6FR SHEATH 8FR GUIDE CATHETER,4249,M001719060,2,,2,2,1,2,2,4340,4340,101-101-11-21050-00000000000-0-0,NF,MSH MAIN PURCHASING,MSH MAIN PURCHASING,"ENDOPROSTHESIS OR WALL STENTS OR TUBES 
 
BOSTON SCIENTIFIC CORP",SYSTEM CREATED,M 0146 INTERVENTIONAL RADIOLOGY,"INTERVENTIONAL RADIOLOGY, 01040146",MOUNT SINAI HOSPITAL,ACTIVE,CLOSED,EDI,TRUE,TRUE,4340,M,MOUNT SINAI HOSPITAL,010401464249,False,MSHS-CA-237,Yes,,251645,BOSTON SCIENTIFIC CORP,BOSTON SCIENTIFIC CORP,1/EA,1,No, ,NO,4249, ENDOVASCULAR STENTS,9/8/2023 12:00:00 AM,CLOSED,4,2170,CLOSED,EACH,NF,9/8/2023 12:00:00 AM,MSIR026856,"RADIOLOGY REQ INTERFACE, INTERVENTIONAL",,,M 0146 INTERVENTIONAL RADIOLOGY,4340,4340,4340,STENTS,42295905,SURGICAL PRODUCTS,BOSTON SCIENTIFIC CORP,BSSCIS
BOSTON SCIENTIFIC CORP,2025,"RADIOLOGY NEURO INTERVENTIONAL, 21052",MOUNT SINAI WEST,BOSTON SCIENTIFIC,IMPLANTS,True,True,CLOSED,903030,"903030, IMPLANTS",MOUNT SINAI WEST,Yes,M001719060,BOSTON SCIENTIFIC,1/6/2025 12:00:00 AM,W1022669,GOODS,STENT ENDOPROSTHESIS 37MM 135CM 10MM WALLSTENT MONORAIL CAROTID METAL CLOSED CELL RECONSTRAINABLE FLEXIBLE RADIOPAQUE ACCEPTS 6FR SHEATH 8FR GUIDE CATHETERM001719060M001719060,ORAPOS,IMPLANTS,M001719060,RADIOLOGY NEURO INTERVENTIONAL,21052,IMPLANTS,MSHS-CA-237,,STENT ENDOPROSTHESIS 37MM 135CM 10MM WALLSTENT MONORAIL CAROTID METAL CLOSED CELL RECONSTRAINABLE FLEXIBLE RADIOPAQUE ACCEPTS 6FR SHEATH 8FR GUIDE CATHETER,903030,M001719060,1,1,1,1,,,,2170,2170,NF,NF,PERNELL JOURNEE,PERNELL JOURNEE,"IMPLANTS 
 
BOSTON SCIENTIFIC",Y,1000 10TH AVE RM 4C-12 RAD NEURO INTRVNTNL,"RADIOLOGY NEURO INTERVENTIONAL, 21052",MOUNT SINAI WEST,ACTIVE,CLOSED,EDI,TRUE,TRUE,2170,MOUNT SINAI - WEST,MOUNT SINAI WEST,301-301-11-21052-903030-00000000000-000-0000-000-00000-00000----,False,MSHS-CA-237,Yes,2170,8171481,BOSTON SCIENTIFIC,BOSTON SCIENTIFIC,NF,1,No, ,NO,903030, IMPLANTS,1/6/2025 12:00:00 AM,CLOSED,2-1-1,2170,CLOSED,EACH,NF,1/6/2025 12:00:00 AM,QS10247196,MCLEOD KENRICK,,,MOUNT SINAI WEST - RECVG MAIN,2170,2170,2170,NF,NF,NF,BOSTON SCIENTIFIC CORP,3160
BOSTON SCIENTIFIC CORP,2023,"STROKE PROGRAM, 01301735",MOUNT SINAI QUEENS,BOSTON SCIENTIFIC CORP,MEDICAL EQUIPMENT AND ACCESSORIES AND SUPPLIES,True,True,CLOSED,4249,"4249, ENDOVASCULAR STENTS",MOUNT SINAI QUEENS,Yes,M001719060,BOSTON SCIENTIFIC CORP,6/26/2023 12:00:00 AM,Q1979352,PURCHASE ORDER,STENT ENDOPROSTHESIS 37MM 135CM 10MM WALLSTENT MONORAIL CAROTID METAL CLOSED CELL RECONSTRAINABLE FLEXIBLE RADIOPAQUE ACCEPTS 6FR SHEATH 8FR GUIDE CATHETERM001719060M001719060,PMMPOS,ENDOPROSTHESIS OR WALL STENTS OR TUBES,M001719060,STROKE PROGRAM,01301735,ENDOVASCULAR STENTS,MSHS-CA-237,,STENT ENDOPROSTHESIS 37MM 135CM 10MM WALLSTENT MONORAIL CAROTID METAL CLOSED CELL RECONSTRAINABLE FLEXIBLE RADIOPAQUE ACCEPTS 6FR SHEATH 8FR GUIDE CATHETER,4249,M001719060,1,,1,1,1,1,1,2170,2170,102-107-11-13055-00000000000-0-0,NF,MSQ MAIN PURCHASING,MSQ MAIN PURCHASING,"ENDOPROSTHESIS OR WALL STENTS OR TUBES 
 
BOSTON SCIENTIFIC CORP",SYSTEM CREATED,Q 1735 STROKE PROGRAM 25-10 30TH AVE,"STROKE PROGRAM, 01301735",MOUNT SINAI QUEENS,ACTIVE,CLOSED,EDI,TRUE,TRUE,2170,Q,MOUNT SINAI QUEENS,013017354249,False,MSHS-CA-237,Yes,,251645,BOSTON SCIENTIFIC CORP,BOSTON SCIENTIFIC CORP,1/EA,1,No, ,NO,4249, ENDOVASCULAR STENTS,6/26/2023 12:00:00 AM,CLOSED,2,2170,CLOSED,EACH,NF,6/26/2023 12:00:00 AM,MQSC-001671,QSIGHT QUEENS  REQ INTERFACE,,,Q 1735 STROKE PROGRAM 25-10 30TH AVE,2170,2170,2170,STENTS,42295905,SURGICAL PRODUCTS,BOSTON SCIENTIFIC CORP,BSSCIS
BOSTON SCIENTIFIC CORP,2023,"STROKE PROGRAM, 01301735",MOUNT SINAI QUEENS,BOSTON SCIENTIFIC CORP,MEDICAL EQUIPMENT AND ACCESSORIES AND SUPPLIES,True,True,CLOSED,4249,"4249, ENDOVASCULAR STENTS",MOUNT SINAI QUEENS,Yes,M001719060,BOSTON SCIENTIFIC CORP,9/7/2023 12:00:00 AM,Q2006894,PURCHASE ORDER,STENT ENDOPROSTHESIS 37MM 135CM 10MM WALLSTENT MONORAIL CAROTID METAL CLOSED CELL RECONSTRAINABLE FLEXIBLE RADIOPAQUE ACCEPTS 6FR SHEATH 8FR GUIDE CATHETERM001719060M001719060,PMMPOS,ENDOPROSTHESIS OR WALL STENTS OR TUBES,M001719060,STROKE PROGRAM,01301735,ENDOVASCULAR STENTS,MSHS-CA-237,,STENT ENDOPROSTHESIS 37MM 135CM 10MM WALLSTENT MONORAIL CAROTID METAL CLOSED CELL RECONSTRAINABLE FLEXIBLE RADIOPAQUE ACCEPTS 6FR SHEATH 8FR GUIDE CATHETER,4249,M001719060,1,,1,1,1,1,1,2170,2170,102-107-11-13055-00000000000-0-0,NF,MSQ MAIN PURCHASING,MSQ MAIN PURCHASING,"ENDOPROSTHESIS OR WALL STENTS OR TUBES 
 
BOSTON SCIENTIFIC CORP",SYSTEM CREATED,Q 1735 STROKE PROGRAM 25-10 30TH AVE,"STROKE PROGRAM, 01301735",MOUNT SINAI QUEENS,ACTIVE,CLOSED,EDI,TRUE,TRUE,2170,Q,MOUNT SINAI QUEENS,013017354249,False,MSHS-CA-237,Yes,,251645,BOSTON SCIENTIFIC CORP,BOSTON SCIENTIFIC CORP,1/EA,1,No, ,NO,4249, ENDOVASCULAR STENTS,9/7/2023 12:00:00 AM,CLOSED,3,2170,CLOSED,EACH,NF,9/7/2023 12:00:00 AM,MQSC-001806,QSIGHT QUEENS  REQ INTERFACE,,,Q 1735 STROKE PROGRAM 25-10 30TH AVE,2170,2170,2170,STENTS,42295905,SURGICAL PRODUCTS,BOSTON SCIENTIFIC CORP,BSSCIS
BOSTON SCIENTIFIC CORP,2023,"STROKE PROGRAM, 01301735",MOUNT SINAI QUEENS,BOSTON SCIENTIFIC CORP,MEDICAL EQUIPMENT AND ACCESSORIES AND SUPPLIES,True,True,CLOSED,4249,"4249, ENDOVASCULAR STENTS",MOUNT SINAI QUEENS,Yes,M001719060,BOSTON SCIENTIFIC CORP,3/13/2023 12:00:00 AM,Q1941582,PURCHASE ORDER,STENT ENDOPROSTHESIS 37MM 135CM 10MM WALLSTENT MONORAIL CAROTID METAL CLOSED CELL RECONSTRAINABLE FLEXIBLE RADIOPAQUE ACCEPTS 6FR SHEATH 8FR GUIDE CATHETERM001719060M001719060,PMMPOS,ENDOPROSTHESIS OR WALL STENTS OR TUBES,M001719060,STROKE PROGRAM,01301735,ENDOVASCULAR STENTS,MSHS-CA-237,,STENT ENDOPROSTHESIS 37MM 135CM 10MM WALLSTENT MONORAIL CAROTID METAL CLOSED CELL RECONSTRAINABLE FLEXIBLE RADIOPAQUE ACCEPTS 6FR SHEATH 8FR GUIDE CATHETER,4249,M001719060,1,,1,1,1,1,1,2170,2170,102-107-11-13055-00000000000-0-0,NF,MSQ MAIN PURCHASING,MSQ MAIN PURCHASING,"ENDOPROSTHESIS OR WALL STENTS OR TUBES 
 
BOSTON SCIENTIFIC CORP",SYSTEM CREATED,Q 1735 STROKE PROGRAM 25-10 30TH AVE,"STROKE PROGRAM, 01301735",MOUNT SINAI QUEENS,ACTIVE,CLOSED,EDI,TRUE,TRUE,2170,Q,MOUNT SINAI QUEENS,013017354249,False,MSHS-CA-237,Yes,,251645,BOSTON SCIENTIFIC CORP,BOSTON SCIENTIFIC CORP,1/EA,1,No, ,NO,4249, ENDOVASCULAR STENTS,3/13/2023 12:00:00 AM,CLOSED,1,2170,CLOSED,EACH,NF,3/13/2023 12:00:00 AM,MQSC-001481,QSIGHT QUEENS  REQ INTERFACE,,,Q 1735 STROKE PROGRAM 25-10 30TH AVE,2170,2170,2170,STENTS,42295905,SURGICAL PRODUCTS,BOSTON SCIENTIFIC CORP,BSSCIS
BOSTON SCIENTIFIC CORP,2024,"RADIOLOGY NEURO INTERVENTIONAL, 21052",MOUNT SINAI WEST,BOSTON SCIENTIFIC CORP,IMPLANTS,True,True,CLOSED,903030,"903030, IMPLANTS",MOUNT SINAI WEST,Yes,M001719060,BOSTON SCIENTIFIC CORP,7/16/2024 12:00:00 AM,1460301,GOODS,STENT ENDOPROSTHESIS 37MM 135CM 10MM WALLSTENT MONORAIL CAROTID METAL CLOSED CELL RECONSTRAINABLE FLEXIBLE RADIOPAQUE ACCEPTS 6FR SHEATH 8FR GUIDE CATHETERM001719060M001719060,ORAPOS,IMPLANTS,M001719060,RADIOLOGY NEURO INTERVENTIONAL,21052,IMPLANTS,MSHS-CA-237,,STENT ENDOPROSTHESIS 37MM 135CM 10MM WALLSTENT MONORAIL CAROTID METAL CLOSED CELL RECONSTRAINABLE FLEXIBLE RADIOPAQUE ACCEPTS 6FR SHEATH 8FR GUIDE CATHETER,903030,M001719060,0,0,0,1,1,1,0,1,1,NF,NF,PERNELL   JOURNEE,"PERNELL, JOURNEE","IMPLANTS 
 
BOSTON SCIENTIFIC CORP",SYSTEM CREATED,1000 10TH AVE RM 4C-12 RAD NEURO INTRVNTNL,"RADIOLOGY NEURO INTERVENTIONAL, 21052",MOUNT SINAI WEST,NONCAT,CLOSED,EDI,TRUE,TRUE,1,CHP,MOUNT SINAI WEST,301-301-11-21052-903030-00000000000-000-0000-000-00000-00000----,False,MSHS-CA-237,Yes,0,8171481,BOSTON SCIENTIFIC CORP,BOSTON SCIENTIFIC CORP,NF,1,No, ,NO,903030, IMPLANTS,7/15/2024 12:00:00 AM,CLOSED FOR RECEIVING,1-1-1,1,CLOSED FOR RECEIVING,EACH,NF,7/15/2024 12:00:00 AM,3371572,"GETTES, DONTE",,,MOUNT SINAI WEST - RECVG MAIN,1,0,1,NF,NF,NF,BOSTON SCIENTIFIC CORP,3160
BOSTON SCIENTIFIC CORP,2024,"INTERVENTIONAL RADIOLOGY, 01040146",MOUNT SINAI HOSPITAL,BOSTON SCIENTIFIC CORP,MEDICAL EQUIPMENT AND ACCESSORIES AND SUPPLIES,True,True,CLOSED,4249,"4249, ENDOVASCULAR STENTS",MOUNT SINAI HOSPITAL,Yes,M001719060,BOSTON SCIENTIFIC CORP,7/3/2024 12:00:00 AM,M2120031,PURCHASE ORDER,STENT ENDOPROSTHESIS 37MM 135CM 10MM WALLSTENT MONORAIL CAROTID METAL CLOSED CELL RECONSTRAINABLE FLEXIBLE RADIOPAQUE ACCEPTS 6FR SHEATH 8FR GUIDE CATHETERM001719060M001719060,PMMPOS,ENDOPROSTHESIS OR WALL STENTS OR TUBES,M001719060,INTERVENTIONAL RADIOLOGY,01040146,ENDOVASCULAR STENTS,MSHS-CA-237,,STENT ENDOPROSTHESIS 37MM 135CM 10MM WALLSTENT MONORAIL CAROTID METAL CLOSED CELL RECONSTRAINABLE FLEXIBLE RADIOPAQUE ACCEPTS 6FR SHEATH 8FR GUIDE CATHETER,4249,M001719060,1,,1,1,1,1,1,2170,2170,101-101-11-21050-00000000000-0-0,NF,MSH MAIN PURCHASING,MSH MAIN PURCHASING,"ENDOPROSTHESIS OR WALL STENTS OR TUBES 
 
BOSTON SCIENTIFIC CORP",SYSTEM CREATED,M 0146 INTERVENTIONAL RADIOLOGY,"INTERVENTIONAL RADIOLOGY, 01040146",MOUNT SINAI HOSPITAL,ACTIVE,CLOSED,EDI,TRUE,TRUE,2170,M,MOUNT SINAI HOSPITAL,010401464249,False,MSHS-CA-237,Yes,,251645,BOSTON SCIENTIFIC CORP,BOSTON SCIENTIFIC CORP,1/EA,1,No, ,NO,4249, ENDOVASCULAR STENTS,7/3/2024 12:00:00 AM,CLOSED,4,2170,CLOSED,EACH,NF,7/3/2024 12:00:00 AM,MSIR031767,"RADIOLOGY REQ INTERFACE, INTERVENTIONAL",,,M 0146 INTERVENTIONAL RADIOLOGY,2170,2170,2170,STENTS,42295905,SURGICAL PRODUCTS,BOSTON SCIENTIFIC CORP,BSSCIS
BOSTON SCIENTIFIC CORP,2024,"RADIOLOGY NEURO INTERVENTIONAL, 21052",MOUNT SINAI WEST,BOSTON SCIENTIFIC,IMPLANTS,True,True,CLOSED,903030,"903030, IMPLANTS",MOUNT SINAI WEST,Yes,M001719060,BOSTON SCIENTIFIC,11/18/2024 12:00:00 AM,W1011436,GOODS,STENT ENDOPROSTHESIS 37MM 135CM 10MM WALLSTENT MONORAIL CAROTID METAL CLOSED CELL RECONSTRAINABLE FLEXIBLE RADIOPAQUE ACCEPTS 6FR SHEATH 8FR GUIDE CATHETERM001719060M001719060,ORAPOS,IMPLANTS,M001719060,RADIOLOGY NEURO INTERVENTIONAL,21052,IMPLANTS,MSHS-CA-237,,STENT ENDOPROSTHESIS 37MM 135CM 10MM WALLSTENT MONORAIL CAROTID METAL CLOSED CELL RECONSTRAINABLE FLEXIBLE RADIOPAQUE ACCEPTS 6FR SHEATH 8FR GUIDE CATHETER,903030,M001719060,1,1,1,1,,,,2170,2170,NF,NF,PERNELL JOURNEE,PERNELL JOURNEE,"IMPLANTS 
 
BOSTON SCIENTIFIC",Y,1000 10TH AVE RM 4C-12 RAD NEURO INTRVNTNL,"RADIOLOGY NEURO INTERVENTIONAL, 21052",MOUNT SINAI WEST,ACTIVE,CLOSED,EDI,TRUE,TRUE,2170,MOUNT SINAI - WEST,MOUNT SINAI WEST,301-301-11-21052-903030-00000000000-000-0000-000-00000-00000----,False,MSHS-CA-237,Yes,2170,8171481,BOSTON SCIENTIFIC,BOSTON SCIENTIFIC,NF,1,No, ,NO,903030, IMPLANTS,11/18/2024 12:00:00 AM,CLOSED,2-1-1,2170,CLOSED,EACH,NF,11/18/2024 12:00:00 AM,W4598,MCLEOD KENRICK,,,MOUNT SINAI WEST - RECVG MAIN,2170,2170,2170,NF,NF,NF,BOSTON SCIENTIFIC CORP,3160
BOSTON SCIENTIFIC CORP,2025,"INTERVENTIONAL RADIOLOGY, 21050",MOUNT SINAI HOSPITAL,BOSTON SCIENTIFIC,IMPLANTS,True,True,CLOSED,903030,"903030, IMPLANTS",MOUNT SINAI HOSPITAL,Yes,M001719060,BOSTON SCIENTIFIC,6/12/2025 12:00:00 AM,M3111482,GOODS,STENT ENDOPROSTHESIS 37MM 135CM 10MM WALLSTENT MONORAIL CAROTID METAL CLOSED CELL RECONSTRAINABLE FLEXIBLE RADIOPAQUE ACCEPTS 6FR SHEATH 8FR GUIDE CATHETERM001719060M001719060,ORAPOS,IMPLANTS,M001719060,INTERVENTIONAL RADIOLOGY,21050,IMPLANTS,MSHS-CA-237,,STENT ENDOPROSTHESIS 37MM 135CM 10MM WALLSTENT MONORAIL CAROTID METAL CLOSED CELL RECONSTRAINABLE FLEXIBLE RADIOPAQUE ACCEPTS 6FR SHEATH 8FR GUIDE CATHETER,903030,M001719060,1,1,1,1,,,,2170,2170,NF,NF,BUCHANAN   MRS. STEPHANIE,"BUCHANAN, MRS. STEPHANIE","IMPLANTS 
 
BOSTON SCIENTIFIC",Y,21050 INTERVENTIONAL RADIOLOGY,"INTERVENTIONAL RADIOLOGY, 21050",MOUNT SINAI HOSPITAL,ACTIVE,CLOSED,EDI,TRUE,TRUE,2170,MOUNT SINAI HOSPITAL,MOUNT SINAI HOSPITAL,101-101-11-21050-903030-00000000000-000-0000-000-00000-00000----,False,MSHS-CA-237,Yes,2170,8171481,BOSTON SCIENTIFIC,BOSTON SCIENTIFIC,NF,1,No, ,NO,903030, IMPLANTS,6/12/2025 12:00:00 AM,CLOSED,7-1-1,2170,CLOSED,EACH,NF,6/12/2025 12:00:00 AM,QS10738611,RODRIGUEZ MICHAEL,,,MOUNT SINAI HOSPITAL - RECVG MAIN,2170,2170,2170,NF,NF,NF,BOSTON SCIENTIFIC CORP,3160
BOSTON SCIENTIFIC CORP,2023,"RADIOLOGY NEURO INTERVENTIONAL, 21052",MOUNT SINAI WEST,BOSTON SCIENTIFIC CORP,MEDICAL EQUIPMENT AND ACCESSORIES AND SUPPLIES,True,True,PROCESSED,903030,"903030, IMPLANTS",MOUNT SINAI WEST,Yes,M001719060,BOSTON SCIENTIFIC CORP,12/7/2023 12:00:00 AM,1422450,GOODS,STENT ENDOPROSTHESIS 37MM 135CM 10MM WALLSTENT MONORAIL CAROTID METAL CLOSED CELL RECONSTRAINABLE FLEXIBLE RADIOPAQUE ACCEPTS 6FR SHEATH 8FR GUIDE CATHETERM001719060M001719060,ORAPOS,ENDOPROSTHESIS OR WALL STENTS OR TUBES,M001719060,RADIOLOGY NEURO INTERVENTIONAL,21052,IMPLANTS,MSHS-CA-237,,STENT ENDOPROSTHESIS 37MM 135CM 10MM WALLSTENT MONORAIL CAROTID METAL CLOSED CELL RECONSTRAINABLE FLEXIBLE RADIOPAQUE ACCEPTS 6FR SHEATH 8FR GUIDE CATHETER,903030,M001719060,1,1,1,1,1,1,1,2170,2170,301-301-11-21052-00000000000-0-0,NF,PERNELL   JOURNEE,"PERNELL, JOURNEE","ENDOPROSTHESIS OR WALL STENTS OR TUBES 
 
BOSTON SCIENTIFIC CORP",SYSTEM CREATED,RH 9368 1109,"RADIOLOGY NEURO INTERVENTIONAL, 21052",MOUNT SINAI WEST,ACTIVE,CLOSED,EDI,TRUE,TRUE,2170,CHP,MOUNT SINAI WEST,1109-900152-01-9368-0000000000-0000-000-000,False,MSHS-CA-237,Yes,2170,8171481,BOSTON SCIENTIFIC CORP,BOSTON SCIENTIFIC CORP,EA1,1,No, ,NO,903030, IMPLANTS,12/7/2023 12:00:00 AM,CLOSED,2-1-1,2170,APPROVED,EACH,NF,12/7/2023 12:00:00 AM,3292776,"MCLEOD, KENRICK CHRISTOPHER",,,RH ROOSEVELT,2170,2170,2170,STENTS,42295905,SURGICAL PRODUCTS,BOSTON SCIENTIFIC CORP,3160
BOSTON SCIENTIFIC CORP,2024,"INTERVENTIONAL RADIOLOGY, 01040146",MOUNT SINAI HOSPITAL,BOSTON SCIENTIFIC CORP,MEDICAL EQUIPMENT AND ACCESSORIES AND SUPPLIES,True,True,CLOSED,4249,"4249, ENDOVASCULAR STENTS",MOUNT SINAI HOSPITAL,Yes,M001719060,BOSTON SCIENTIFIC CORP,2/6/2024 12:00:00 AM,M2063282,PURCHASE ORDER,STENT ENDOPROSTHESIS 37MM 135CM 10MM WALLSTENT MONORAIL CAROTID METAL CLOSED CELL RECONSTRAINABLE FLEXIBLE RADIOPAQUE ACCEPTS 6FR SHEATH 8FR GUIDE CATHETERM001719060M001719060,PMMPOS,ENDOPROSTHESIS OR WALL STENTS OR TUBES,M001719060,INTERVENTIONAL RADIOLOGY,01040146,ENDOVASCULAR STENTS,MSHS-CA-237,,STENT ENDOPROSTHESIS 37MM 135CM 10MM WALLSTENT MONORAIL CAROTID METAL CLOSED CELL RECONSTRAINABLE FLEXIBLE RADIOPAQUE ACCEPTS 6FR SHEATH 8FR GUIDE CATHETER,4249,M001719060,1,,1,1,1,1,1,2170,2170,101-101-11-21050-00000000000-0-0,NF,MSH MAIN PURCHASING,MSH MAIN PURCHASING,"ENDOPROSTHESIS OR WALL STENTS OR TUBES 
 
BOSTON SCIENTIFIC CORP",SYSTEM CREATED,M 0146 INTERVENTIONAL RADIOLOGY,"INTERVENTIONAL RADIOLOGY, 01040146",MOUNT SINAI HOSPITAL,ACTIVE,CLOSED,EDI,TRUE,TRUE,2170,M,MOUNT SINAI HOSPITAL,010401464249,False,MSHS-CA-237,Yes,,251645,BOSTON SCIENTIFIC CORP,BOSTON SCIENTIFIC CORP,1/EA,1,No, ,NO,4249, ENDOVASCULAR STENTS,2/6/2024 12:00:00 AM,CLOSED,2,2170,CLOSED,EACH,NF,2/6/2024 12:00:00 AM,MSIR029333,"RADIOLOGY REQ INTERFACE, INTERVENTIONAL",,,M 0146 INTERVENTIONAL RADIOLOGY,2170,2170,2170,STENTS,42295905,SURGICAL PRODUCTS,BOSTON SCIENTIFIC CORP,BSSCIS
BOSTON SCIENTIFIC CORP,2025,"RADIOLOGY NEURO INTERVENTIONAL, 21052",MOUNT SINAI WEST,BOSTON SCIENTIFIC,IMPLANTS,True,True,CLOSED,903030,"903030, IMPLANTS",MOUNT SINAI WEST,Yes,M001719060,BOSTON SCIENTIFIC,2/5/2025 12:00:00 AM,W1031303,GOODS,STENT ENDOPROSTHESIS 37MM 135CM 10MM WALLSTENT MONORAIL CAROTID METAL CLOSED CELL RECONSTRAINABLE FLEXIBLE RADIOPAQUE ACCEPTS 6FR SHEATH 8FR GUIDE CATHETERM001719060M001719060,ORAPOS,IMPLANTS,M001719060,RADIOLOGY NEURO INTERVENTIONAL,21052,IMPLANTS,MSHS-CA-237,,STENT ENDOPROSTHESIS 37MM 135CM 10MM WALLSTENT MONORAIL CAROTID METAL CLOSED CELL RECONSTRAINABLE FLEXIBLE RADIOPAQUE ACCEPTS 6FR SHEATH 8FR GUIDE CATHETER,903030,M001719060,1,1,1,1,,,,2170,2170,NF,NF,PERNELL JOURNEE,PERNELL JOURNEE,"IMPLANTS 
 
BOSTON SCIENTIFIC",Y,1000 10TH AVE RM 4C-12 RAD NEURO INTRVNTNL,"RADIOLOGY NEURO INTERVENTIONAL, 21052",MOUNT SINAI WEST,ACTIVE,CLOSED,EDI,TRUE,TRUE,2170,MOUNT SINAI - WEST,MOUNT SINAI WEST,301-301-11-21052-903030-00000000000-000-0000-000-00000-00000----,False,MSHS-CA-237,Yes,2170,8171481,BOSTON SCIENTIFIC,BOSTON SCIENTIFIC,NF,1,No, ,NO,903030, IMPLANTS,2/5/2025 12:00:00 AM,CLOSED,1-1-1,2170,CLOSED,EACH,NF,2/5/2025 12:00:00 AM,QS10340439,GETTES DONTE,,,MOUNT SINAI WEST - RECVG MAIN,2170,2170,2170,NF,NF,NF,BOSTON SCIENTIFIC CORP,3160
BOSTON SCIENTIFIC CORP,2024,"Interventional Radiology, 3313",S NASSAU,BOSTON SCIENTIFIC CORPORATION,MED SURG SUPPLIES,True,True,CLOSED,,,S NASSAU,Yes,M001719060,BOSTON SCIENTIFIC CORPORATION,9/16/2024 12:00:00 AM,8349715,Non-Stock-Non-Stock_,CAROTID WALLSTENT 10X37X135M001719060410,LAWPOS,MED SURG SUPPLIES,410,Interventional Radiology,3313,Med Surg Supplies,MSHS-CA-237,,CAROTID WALLSTENT 10X37X135,,M001719060,,1,,1,,,0,0,0,,,Isa Shachove,Isa Shachove,"MED SURG SUPPLIES 
 
BOSTON SCIENTIFIC CORPORATION",,MM - Store Room,"Interventional Radiology, 3313",S NASSAU,,CLOSED,,FALSE,FALSE,0,,S NASSAU,,False,MSHS-CA-237,Yes,,77881,BOSTON SCIENTIFIC CORPORATION,BOSTON SCIENTIFIC CORPORATION,,,No, ,NO,,,,CLOSED,1,0,CLOSED,EA,NF,,,Christopher Nastri,,,STORE,0,0,0,,,,BOSTON SCIENTIFIC CORP,4049
BOSTON SCIENTIFIC CORP,2023,"RADIOLOGY NEURO INTERVENTIONAL, 21052",MOUNT SINAI WEST,BOSTON SCIENTIFIC CORP,MEDICAL EQUIPMENT AND ACCESSORIES AND SUPPLIES,True,True,PROCESSED,903030,"903030, IMPLANTS",MOUNT SINAI WEST,Yes,M001719060,BOSTON SCIENTIFIC CORP,12/19/2023 12:00:00 AM,1424562,GOODS,STENT ENDOPROSTHESIS 37MM 135CM 10MM WALLSTENT MONORAIL CAROTID METAL CLOSED CELL RECONSTRAINABLE FLEXIBLE RADIOPAQUE ACCEPTS 6FR SHEATH 8FR GUIDE CATHETERM001719060M001719060,ORAPOS,ENDOPROSTHESIS OR WALL STENTS OR TUBES,M001719060,RADIOLOGY NEURO INTERVENTIONAL,21052,IMPLANTS,MSHS-CA-237,,STENT ENDOPROSTHESIS 37MM 135CM 10MM WALLSTENT MONORAIL CAROTID METAL CLOSED CELL RECONSTRAINABLE FLEXIBLE RADIOPAQUE ACCEPTS 6FR SHEATH 8FR GUIDE CATHETER,903030,M001719060,1,1,1,1,1,1,1,2170,2170,301-301-11-21052-00000000000-0-0,NF,PERNELL   JOURNEE,"PERNELL, JOURNEE","ENDOPROSTHESIS OR WALL STENTS OR TUBES 
 
BOSTON SCIENTIFIC CORP",SYSTEM CREATED,RH 9368 1109,"RADIOLOGY NEURO INTERVENTIONAL, 21052",MOUNT SINAI WEST,ACTIVE,CLOSED,EDI,TRUE,TRUE,2170,CHP,MOUNT SINAI WEST,1109-900152-01-9368-0000000000-0000-000-000,False,MSHS-CA-237,Yes,2170,8171481,BOSTON SCIENTIFIC CORP,BOSTON SCIENTIFIC CORP,EA1,1,No, ,NO,903030, IMPLANTS,12/19/2023 12:00:00 AM,CLOSED,2-1-1,2170,APPROVED,EACH,NF,12/19/2023 12:00:00 AM,3297334,"MCLEOD, KENRICK CHRISTOPHER",,,RH ROOSEVELT,2170,2170,2170,STENTS,42295905,SURGICAL PRODUCTS,BOSTON SCIENTIFIC CORP,3160
BOSTON SCIENTIFIC CORP,2023,"RADIOLOGY NEURO INTERVENTIONAL, 21052",MOUNT SINAI WEST,BOSTON SCIENTIFIC CORP,MEDICAL EQUIPMENT AND ACCESSORIES AND SUPPLIES,True,True,PROCESSED,903030,"903030, IMPLANTS",MOUNT SINAI WEST,Yes,M001719060,BOSTON SCIENTIFIC CORP,8/8/2023 12:00:00 AM,1400597,GOODS,STENT ENDOPROSTHESIS 37MM 135CM 10MM WALLSTENT MONORAIL CAROTID METAL CLOSED CELL RECONSTRAINABLE FLEXIBLE RADIOPAQUE ACCEPTS 6FR SHEATH 8FR GUIDE CATHETERM001719060M001719060,ORAPOS,ENDOPROSTHESIS OR WALL STENTS OR TUBES,M001719060,RADIOLOGY NEURO INTERVENTIONAL,21052,IMPLANTS,MSHS-CA-237,,STENT ENDOPROSTHESIS 37MM 135CM 10MM WALLSTENT MONORAIL CAROTID METAL CLOSED CELL RECONSTRAINABLE FLEXIBLE RADIOPAQUE ACCEPTS 6FR SHEATH 8FR GUIDE CATHETER,903030,M001719060,1,1,1,1,1,1,1,2170,2170,301-301-11-21052-00000000000-0-0,NF,PERNELL   JOURNEE,"PERNELL, JOURNEE","ENDOPROSTHESIS OR WALL STENTS OR TUBES 
 
BOSTON SCIENTIFIC CORP",SYSTEM CREATED,RH 9368 1109,"RADIOLOGY NEURO INTERVENTIONAL, 21052",MOUNT SINAI WEST,ACTIVE,CLOSED,EDI,TRUE,TRUE,2170,CHP,MOUNT SINAI WEST,1109-900152-01-9368-0000000000-0000-000-000,False,MSHS-CA-237,Yes,2170,8171481,BOSTON SCIENTIFIC CORP,BOSTON SCIENTIFIC CORP,EA1,1,No, ,NO,903030, IMPLANTS,8/8/2023 12:00:00 AM,CLOSED,1-1-1,2170,APPROVED,EACH,NF,8/8/2023 12:00:00 AM,3245890,"MCLEOD, KENRICK CHRISTOPHER",,,RH ROOSEVELT,2170,2170,2170,STENTS,42295905,SURGICAL PRODUCTS,BOSTON SCIENTIFIC CORP,3160
BOSTON SCIENTIFIC CORP,2024,"STROKE PROGRAM, 01301735",MOUNT SINAI QUEENS,BOSTON SCIENTIFIC CORP,MEDICAL EQUIPMENT AND ACCESSORIES AND SUPPLIES,True,True,CLOSED,4249,"4249, ENDOVASCULAR STENTS",MOUNT SINAI QUEENS,Yes,M001719060,BOSTON SCIENTIFIC CORP,7/22/2024 12:00:00 AM,Q2126315,PURCHASE ORDER,STENT ENDOPROSTHESIS 37MM 135CM 10MM WALLSTENT MONORAIL CAROTID METAL CLOSED CELL RECONSTRAINABLE FLEXIBLE RADIOPAQUE ACCEPTS 6FR SHEATH 8FR GUIDE CATHETERM001719060M001719060,PMMPOS,ENDOPROSTHESIS OR WALL STENTS OR TUBES,M001719060,STROKE PROGRAM,01301735,ENDOVASCULAR STENTS,MSHS-CA-237,,STENT ENDOPROSTHESIS 37MM 135CM 10MM WALLSTENT MONORAIL CAROTID METAL CLOSED CELL RECONSTRAINABLE FLEXIBLE RADIOPAQUE ACCEPTS 6FR SHEATH 8FR GUIDE CATHETER,4249,M001719060,1,,1,1,1,1,1,2170,2170,102-107-11-13055-00000000000-0-0,NF,MSQ MAIN PURCHASING,MSQ MAIN PURCHASING,"ENDOPROSTHESIS OR WALL STENTS OR TUBES 
 
BOSTON SCIENTIFIC CORP",SYSTEM CREATED,Q 1735 STROKE PROGRAM 25-10 30TH AVE,"STROKE PROGRAM, 01301735",MOUNT SINAI QUEENS,ACTIVE,CLOSED,EDI,TRUE,TRUE,2170,Q,MOUNT SINAI QUEENS,013017354249,False,MSHS-CA-237,Yes,,251645,BOSTON SCIENTIFIC CORP,BOSTON SCIENTIFIC CORP,1/EA,1,No, ,NO,4249, ENDOVASCULAR STENTS,7/22/2024 12:00:00 AM,CLOSED,1,2170,CLOSED,EACH,NF,7/22/2024 12:00:00 AM,MQSC-002298,QSIGHT QUEENS  REQ INTERFACE,,,Q 1735 STROKE PROGRAM 25-10 30TH AVE,2170,2170,2170,STENTS,42295905,SURGICAL PRODUCTS,BOSTON SCIENTIFIC CORP,BSSCIS
BOSTON SCIENTIFIC CORP,2024,"NEURO ENDOVASCULAR SURGERY, 13055",MOUNT SINAI QUEENS,BOSTON SCIENTIFIC,IMPLANTS,True,True,CLOSED,903030,"903030, IMPLANTS",MOUNT SINAI QUEENS,Yes,M001719060,BOSTON SCIENTIFIC,12/6/2024 12:00:00 AM,M3026139,GOODS,STENT ENDOPROSTHESIS 37MM 135CM 10MM WALLSTENT MONORAIL CAROTID METAL CLOSED CELL RECONSTRAINABLE FLEXIBLE RADIOPAQUE ACCEPTS 6FR SHEATH 8FR GUIDE CATHETERM001719060M001719060,ORAPOS,IMPLANTS,M001719060,NEURO ENDOVASCULAR SURGERY,13055,IMPLANTS,MSHS-CA-237,,STENT ENDOPROSTHESIS 37MM 135CM 10MM WALLSTENT MONORAIL CAROTID METAL CLOSED CELL RECONSTRAINABLE FLEXIBLE RADIOPAQUE ACCEPTS 6FR SHEATH 8FR GUIDE CATHETER,903030,M001719060,1,1,1,1,,,,2170,2170,NF,NF,GADSDEN CHONTE,GADSDEN CHONTE,"IMPLANTS 
 
BOSTON SCIENTIFIC",Y,13055 STROKE PROGRAM 25-10 30TH AVE,"NEURO ENDOVASCULAR SURGERY, 13055",MOUNT SINAI QUEENS,ACTIVE,CLOSED,EDI,TRUE,TRUE,2170,MOUNT SINAI QUEENS,MOUNT SINAI QUEENS,102-107-11-13055-903030-00000000000-000-0000-000-00000-00000----,False,MSHS-CA-237,Yes,2170,8171481,BOSTON SCIENTIFIC,BOSTON SCIENTIFIC,NF,1,No, ,NO,903030, IMPLANTS,12/6/2024 12:00:00 AM,CLOSED,1-1-1,2170,CLOSED,EACH,NF,12/6/2024 12:00:00 AM,QS10173872,CHAN JENNY,,,MOUNT SINAI QUEENS - RECVG MAIN,2170,2170,2170,NF,NF,NF,BOSTON SCIENTIFIC CORP,3160
BOSTON SCIENTIFIC CORP,2024,"RADIOLOGY NEURO INTERVENTIONAL, 21052",MOUNT SINAI WEST,BOSTON SCIENTIFIC CORP,MEDICAL EQUIPMENT AND ACCESSORIES AND SUPPLIES,True,True,PROCESSED,903030,"903030, IMPLANTS",MOUNT SINAI WEST,Yes,M001719060,BOSTON SCIENTIFIC CORP,7/18/2024 12:00:00 AM,1461093,GOODS,STENT ENDOPROSTHESIS 37MM 135CM 10MM WALLSTENT MONORAIL CAROTID METAL CLOSED CELL RECONSTRAINABLE FLEXIBLE RADIOPAQUE ACCEPTS 6FR SHEATH 8FR GUIDE CATHETERM001719060M001719060,ORAPOS,ENDOPROSTHESIS OR WALL STENTS OR TUBES,M001719060,RADIOLOGY NEURO INTERVENTIONAL,21052,IMPLANTS,MSHS-CA-237,,STENT ENDOPROSTHESIS 37MM 135CM 10MM WALLSTENT MONORAIL CAROTID METAL CLOSED CELL RECONSTRAINABLE FLEXIBLE RADIOPAQUE ACCEPTS 6FR SHEATH 8FR GUIDE CATHETER,903030,M001719060,1,1,1,1,1,1,1,2170,2170,301-301-11-21052-00000000000-0-0,NF,PERNELL   JOURNEE,"PERNELL, JOURNEE","ENDOPROSTHESIS OR WALL STENTS OR TUBES 
 
BOSTON SCIENTIFIC CORP",SYSTEM CREATED,RH 9368 1109,"RADIOLOGY NEURO INTERVENTIONAL, 21052",MOUNT SINAI WEST,ACTIVE,CLOSED,EDI,TRUE,TRUE,2170,CHP,MOUNT SINAI WEST,1109-900152-01-9368-0000000000-0000-000-000,False,MSHS-CA-237,Yes,2170,8171481,BOSTON SCIENTIFIC CORP,BOSTON SCIENTIFIC CORP,EA1,1,No, ,NO,903030, IMPLANTS,7/18/2024 12:00:00 AM,CLOSED,2-1-1,2170,APPROVED,EACH,NF,7/18/2024 12:00:00 AM,3372983,"MCLEOD, KENRICK CHRISTOPHER",,,RH ROOSEVELT,2170,2170,2170,STENTS,42295905,SURGICAL PRODUCTS,BOSTON SCIENTIFIC CORP,3160
BOSTON SCIENTIFIC CORP,2025,"RADIOLOGY NEURO INTERVENTIONAL, 21052",MOUNT SINAI WEST,BOSTON SCIENTIFIC,IMPLANTS,True,True,CLOSED,903030,"903030, IMPLANTS",MOUNT SINAI WEST,Yes,M001719060,BOSTON SCIENTIFIC,5/2/2025 12:00:00 AM,W1055736,GOODS,STENT ENDOPROSTHESIS 37MM 135CM 10MM WALLSTENT MONORAIL CAROTID METAL CLOSED CELL RECONSTRAINABLE FLEXIBLE RADIOPAQUE ACCEPTS 6FR SHEATH 8FR GUIDE CATHETERM001719060M001719060,ORAPOS,IMPLANTS,M001719060,RADIOLOGY NEURO INTERVENTIONAL,21052,IMPLANTS,MSHS-CA-237,,STENT ENDOPROSTHESIS 37MM 135CM 10MM WALLSTENT MONORAIL CAROTID METAL CLOSED CELL RECONSTRAINABLE FLEXIBLE RADIOPAQUE ACCEPTS 6FR SHEATH 8FR GUIDE CATHETER,903030,M001719060,1,1,1,1,,,,2170,2170,NF,NF,PERNELL JOURNEE,PERNELL JOURNEE,"IMPLANTS 
 
BOSTON SCIENTIFIC",Y,1000 10TH AVE RM 4C-12 RAD NEURO INTRVNTNL,"RADIOLOGY NEURO INTERVENTIONAL, 21052",MOUNT SINAI WEST,ACTIVE,CLOSED,EDI,TRUE,TRUE,2170,MOUNT SINAI - WEST,MOUNT SINAI WEST,301-301-11-21052-903030-00000000000-000-0000-000-00000-00000----,False,MSHS-CA-237,Yes,2170,8171481,BOSTON SCIENTIFIC,BOSTON SCIENTIFIC,NF,1,No, ,NO,903030, IMPLANTS,5/2/2025 12:00:00 AM,CLOSED,1-1-1,2170,CLOSED,EACH,NF,5/2/2025 12:00:00 AM,QS10613513,MCLEOD KENRICK,,,MOUNT SINAI WEST - RECVG MAIN,2170,2170,2170,NF,NF,NF,BOSTON SCIENTIFIC CORP,3160
BOSTON SCIENTIFIC CORP,2025,"RADIOLOGY NEURO INTERVENTIONAL, 21052",MOUNT SINAI WEST,BOSTON SCIENTIFIC,IMPLANTS,True,True,CLOSED,903030,"903030, IMPLANTS",MOUNT SINAI WEST,Yes,M001719060,BOSTON SCIENTIFIC,3/16/2025 12:00:00 AM,W1042271,GOODS,STENT ENDOPROSTHESIS 37MM 135CM 10MM WALLSTENT MONORAIL CAROTID METAL CLOSED CELL RECONSTRAINABLE FLEXIBLE RADIOPAQUE ACCEPTS 6FR SHEATH 8FR GUIDE CATHETERM001719060M001719060,ORAPOS,IMPLANTS,M001719060,RADIOLOGY NEURO INTERVENTIONAL,21052,IMPLANTS,MSHS-CA-237,,STENT ENDOPROSTHESIS 37MM 135CM 10MM WALLSTENT MONORAIL CAROTID METAL CLOSED CELL RECONSTRAINABLE FLEXIBLE RADIOPAQUE ACCEPTS 6FR SHEATH 8FR GUIDE CATHETER,903030,M001719060,1,1,1,1,,,,2170,2170,NF,NF,PERNELL JOURNEE,PERNELL JOURNEE,"IMPLANTS 
 
BOSTON SCIENTIFIC",Y,1000 10TH AVE RM 4C-12 RAD NEURO INTRVNTNL,"RADIOLOGY NEURO INTERVENTIONAL, 21052",MOUNT SINAI WEST,ACTIVE,CLOSED,EDI,TRUE,TRUE,2170,MOUNT SINAI - WEST,MOUNT SINAI WEST,301-301-11-21052-903030-00000000000-000-0000-000-00000-00000----,False,MSHS-CA-237,Yes,2170,8171481,BOSTON SCIENTIFIC,BOSTON SCIENTIFIC,NF,1,No, ,NO,903030, IMPLANTS,3/14/2025 12:00:00 AM,CLOSED,1-1-1,2170,CLOSED,EACH,NF,3/14/2025 12:00:00 AM,QS10458894,MCLEOD KENRICK,,,MOUNT SINAI WEST - RECVG MAIN,2170,2170,2170,NF,NF,NF,BOSTON SCIENTIFIC CORP,3160
BOSTON SCIENTIFIC CORP,2025,"RADIOLOGY NEURO INTERVENTIONAL, 21052",MOUNT SINAI WEST,BOSTON SCIENTIFIC,IMPLANTS,True,True,CLOSED,903030,"903030, IMPLANTS",MOUNT SINAI WEST,Yes,M001719060,BOSTON SCIENTIFIC,6/2/2025 12:00:00 AM,W1063344,GOODS,STENT ENDOPROSTHESIS 37MM 135CM 10MM WALLSTENT MONORAIL CAROTID METAL CLOSED CELL RECONSTRAINABLE FLEXIBLE RADIOPAQUE ACCEPTS 6FR SHEATH 8FR GUIDE CATHETERM001719060M001719060,ORAPOS,IMPLANTS,M001719060,RADIOLOGY NEURO INTERVENTIONAL,21052,IMPLANTS,MSHS-CA-237,,STENT ENDOPROSTHESIS 37MM 135CM 10MM WALLSTENT MONORAIL CAROTID METAL CLOSED CELL RECONSTRAINABLE FLEXIBLE RADIOPAQUE ACCEPTS 6FR SHEATH 8FR GUIDE CATHETER,903030,M001719060,1,1,1,1,,,,2170,2170,NF,NF,PERNELL JOURNEE,PERNELL JOURNEE,"IMPLANTS 
 
BOSTON SCIENTIFIC",Y,1000 10TH AVE RM 4C-12 RAD NEURO INTRVNTNL,"RADIOLOGY NEURO INTERVENTIONAL, 21052",MOUNT SINAI WEST,ACTIVE,CLOSED,EDI,TRUE,TRUE,2170,MOUNT SINAI - WEST,MOUNT SINAI WEST,301-301-11-21052-903030-00000000000-000-0000-000-00000-00000----,False,MSHS-CA-237,Yes,2170,8171481,BOSTON SCIENTIFIC,BOSTON SCIENTIFIC,NF,1,No, ,NO,903030, IMPLANTS,6/2/2025 12:00:00 AM,CLOSED,1-1-1,2170,CLOSED,EACH,NF,6/2/2025 12:00:00 AM,QS10704080,MELENDEZ RAFAEL,,,MOUNT SINAI WEST - RECVG MAIN,2170,2170,2170,NF,NF,NF,BOSTON SCIENTIFIC CORP,3160
BOSTON SCIENTIFIC CORP,2024,"RADIOLOGY NEURO INTERVENTIONAL, 21052",MOUNT SINAI WEST,BOSTON SCIENTIFIC,IMPLANTS,True,True,CLOSED,903030,"903030, IMPLANTS",MOUNT SINAI WEST,Yes,M001719060,BOSTON SCIENTIFIC,10/21/2024 12:00:00 AM,W1003604,GOODS,STENT ENDOPROSTHESIS 37MM 135CM 10MM WALLSTENT MONORAIL CAROTID METAL CLOSED CELL RECONSTRAINABLE FLEXIBLE RADIOPAQUE ACCEPTS 6FR SHEATH 8FR GUIDE CATHETERM001719060M001719060,ORAPOS,IMPLANTS,M001719060,RADIOLOGY NEURO INTERVENTIONAL,21052,IMPLANTS,MSHS-CA-237,,STENT ENDOPROSTHESIS 37MM 135CM 10MM WALLSTENT MONORAIL CAROTID METAL CLOSED CELL RECONSTRAINABLE FLEXIBLE RADIOPAQUE ACCEPTS 6FR SHEATH 8FR GUIDE CATHETER,903030,M001719060,1,1,1,1,,,,2170,2170,NF,NF,PERNELL JOURNEE,PERNELL JOURNEE,"IMPLANTS 
 
BOSTON SCIENTIFIC",Y,1000 10TH AVE RM 4C-12 RAD NEURO INTRVNTNL,"RADIOLOGY NEURO INTERVENTIONAL, 21052",MOUNT SINAI WEST,ACTIVE,CLOSED,EDI,TRUE,TRUE,2170,MOUNT SINAI - WEST,MOUNT SINAI WEST,301-301-11-21052-903030-00000000000-000-0000-000-00000-00000----,False,MSHS-CA-237,Yes,2170,8171481,BOSTON SCIENTIFIC,BOSTON SCIENTIFIC,NF,1,No, ,NO,903030, IMPLANTS,10/21/2024 12:00:00 AM,CLOSED,2-1-1,2170,CLOSED,EACH,NF,10/21/2024 12:00:00 AM,W1483,MCLEOD KENRICK,,,MOUNT SINAI WEST - RECVG MAIN,2170,2170,2170,NF,NF,NF,BOSTON SCIENTIFIC CORP,3160
BOSTON SCIENTIFIC CORP,2025,"INTERVENTIONAL RADIOLOGY, 21050",MOUNT SINAI HOSPITAL,BOSTON SCIENTIFIC,IMPLANTS,True,True,CLOSED,903030,"903030, IMPLANTS",MOUNT SINAI HOSPITAL,Yes,M001719060,BOSTON SCIENTIFIC,6/3/2025 12:00:00 AM,M3107172,GOODS,STENT ENDOPROSTHESIS 37MM 135CM 10MM WALLSTENT MONORAIL CAROTID METAL CLOSED CELL RECONSTRAINABLE FLEXIBLE RADIOPAQUE ACCEPTS 6FR SHEATH 8FR GUIDE CATHETERM001719060M001719060,ORAPOS,IMPLANTS,M001719060,INTERVENTIONAL RADIOLOGY,21050,IMPLANTS,MSHS-CA-237,,STENT ENDOPROSTHESIS 37MM 135CM 10MM WALLSTENT MONORAIL CAROTID METAL CLOSED CELL RECONSTRAINABLE FLEXIBLE RADIOPAQUE ACCEPTS 6FR SHEATH 8FR GUIDE CATHETER,903030,M001719060,1,1,1,1,,,,2170,2170,NF,NF,BUCHANAN   MRS. STEPHANIE,"BUCHANAN, MRS. STEPHANIE","IMPLANTS 
 
BOSTON SCIENTIFIC",Y,21050 INTERVENTIONAL RADIOLOGY,"INTERVENTIONAL RADIOLOGY, 21050",MOUNT SINAI HOSPITAL,ACTIVE,CLOSED,EDI,TRUE,TRUE,2170,MOUNT SINAI HOSPITAL,MOUNT SINAI HOSPITAL,101-101-11-21050-903030-00000000000-000-0000-000-00000-00000----,False,MSHS-CA-237,Yes,2170,8171481,BOSTON SCIENTIFIC,BOSTON SCIENTIFIC,NF,1,No, ,NO,903030, IMPLANTS,6/3/2025 12:00:00 AM,CLOSED,1-1-1,2170,CLOSED,EACH,NF,6/3/2025 12:00:00 AM,QS10707967,RODRIGUEZ MICHAEL,,,MOUNT SINAI HOSPITAL - RECVG MAIN,2170,2170,2170,NF,NF,NF,BOSTON SCIENTIFIC CORP,3160
BOSTON SCIENTIFIC CORP,2023,"STROKE PROGRAM, 01301735",MOUNT SINAI QUEENS,BOSTON SCIENTIFIC CORP,MEDICAL EQUIPMENT AND ACCESSORIES AND SUPPLIES,True,True,CLOSED,4249,"4249, ENDOVASCULAR STENTS",MOUNT SINAI QUEENS,Yes,M001719060,BOSTON SCIENTIFIC CORP,11/30/2023 12:00:00 AM,Q2038426,PURCHASE ORDER,STENT ENDOPROSTHESIS 37MM 135CM 10MM WALLSTENT MONORAIL CAROTID METAL CLOSED CELL RECONSTRAINABLE FLEXIBLE RADIOPAQUE ACCEPTS 6FR SHEATH 8FR GUIDE CATHETERM001719060M001719060,PMMPOS,ENDOPROSTHESIS OR WALL STENTS OR TUBES,M001719060,STROKE PROGRAM,01301735,ENDOVASCULAR STENTS,MSHS-CA-237,,STENT ENDOPROSTHESIS 37MM 135CM 10MM WALLSTENT MONORAIL CAROTID METAL CLOSED CELL RECONSTRAINABLE FLEXIBLE RADIOPAQUE ACCEPTS 6FR SHEATH 8FR GUIDE CATHETER,4249,M001719060,1,,1,1,1,1,1,2170,2170,102-107-11-13055-00000000000-0-0,NF,MSQ MAIN PURCHASING,MSQ MAIN PURCHASING,"ENDOPROSTHESIS OR WALL STENTS OR TUBES 
 
BOSTON SCIENTIFIC CORP",SYSTEM CREATED,Q 1735 STROKE PROGRAM 25-10 30TH AVE,"STROKE PROGRAM, 01301735",MOUNT SINAI QUEENS,ACTIVE,CLOSED,EDI,TRUE,TRUE,2170,Q,MOUNT SINAI QUEENS,013017354249,False,MSHS-CA-237,Yes,,251645,BOSTON SCIENTIFIC CORP,BOSTON SCIENTIFIC CORP,1/EA,1,No, ,NO,4249, ENDOVASCULAR STENTS,11/30/2023 12:00:00 AM,CLOSED,2,2170,CLOSED,EACH,NF,11/30/2023 12:00:00 AM,MQSC-001915,QSIGHT QUEENS  REQ INTERFACE,,,Q 1735 STROKE PROGRAM 25-10 30TH AVE,2170,2170,2170,STENTS,42295905,SURGICAL PRODUCTS,BOSTON SCIENTIFIC CORP,BSSCIS
BOSTON SCIENTIFIC CORP,2023,"INTERVENTIONAL RADIOLOGY, 01040146",MOUNT SINAI HOSPITAL,BOSTON SCIENTIFIC CORP,MEDICAL EQUIPMENT AND ACCESSORIES AND SUPPLIES,True,True,CLOSED,4249,"4249, ENDOVASCULAR STENTS",MOUNT SINAI HOSPITAL,Yes,M001719060,BOSTON SCIENTIFIC CORP,2/16/2023 12:00:00 AM,M1933255,PURCHASE ORDER,STENT ENDOPROSTHESIS 37MM 135CM 10MM WALLSTENT MONORAIL CAROTID METAL CLOSED CELL RECONSTRAINABLE FLEXIBLE RADIOPAQUE ACCEPTS 6FR SHEATH 8FR GUIDE CATHETERM001719060M001719060,PMMPOS,ENDOPROSTHESIS OR WALL STENTS OR TUBES,M001719060,INTERVENTIONAL RADIOLOGY,01040146,ENDOVASCULAR STENTS,MSHS-CA-237,,STENT ENDOPROSTHESIS 37MM 135CM 10MM WALLSTENT MONORAIL CAROTID METAL CLOSED CELL RECONSTRAINABLE FLEXIBLE RADIOPAQUE ACCEPTS 6FR SHEATH 8FR GUIDE CATHETER,4249,M001719060,1,,1,1,1,1,1,2170,2170,101-101-11-21050-00000000000-0-0,NF,MSH MAIN PURCHASING,MSH MAIN PURCHASING,"ENDOPROSTHESIS OR WALL STENTS OR TUBES 
 
BOSTON SCIENTIFIC CORP",SYSTEM CREATED,M 0146 INTERVENTIONAL RADIOLOGY,"INTERVENTIONAL RADIOLOGY, 01040146",MOUNT SINAI HOSPITAL,ACTIVE,CLOSED,EDI,TRUE,TRUE,2170,M,MOUNT SINAI HOSPITAL,010401464249,False,MSHS-CA-237,Yes,,251645,BOSTON SCIENTIFIC CORP,BOSTON SCIENTIFIC CORP,1/EA,1,No, ,NO,4249, ENDOVASCULAR STENTS,2/16/2023 12:00:00 AM,CLOSED,2,2170,CLOSED,EACH,NF,2/16/2023 12:00:00 AM,MSIR023385,"RADIOLOGY REQ INTERFACE, INTERVENTIONAL",,,M 0146 INTERVENTIONAL RADIOLOGY,2170,2170,2170,STENTS,42295905,SURGICAL PRODUCTS,BOSTON SCIENTIFIC CORP,BSSCIS
BOSTON SCIENTIFIC CORP,2023,"INTERVENTIONAL RADIOLOGY, 01040146",MOUNT SINAI HOSPITAL,BOSTON SCIENTIFIC CORP,MEDICAL EQUIPMENT AND ACCESSORIES AND SUPPLIES,True,True,CLOSED,4249,"4249, ENDOVASCULAR STENTS",MOUNT SINAI HOSPITAL,Yes,M001719060,BOSTON SCIENTIFIC CORP,1/5/2023 12:00:00 AM,M1917829,PURCHASE ORDER,STENT ENDOPROSTHESIS 37MM 135CM 10MM WALLSTENT MONORAIL CAROTID METAL CLOSED CELL RECONSTRAINABLE FLEXIBLE RADIOPAQUE ACCEPTS 6FR SHEATH 8FR GUIDE CATHETERM001719060M001719060,PMMPOS,ENDOPROSTHESIS OR WALL STENTS OR TUBES,M001719060,INTERVENTIONAL RADIOLOGY,01040146,ENDOVASCULAR STENTS,MSHS-CA-237,,STENT ENDOPROSTHESIS 37MM 135CM 10MM WALLSTENT MONORAIL CAROTID METAL CLOSED CELL RECONSTRAINABLE FLEXIBLE RADIOPAQUE ACCEPTS 6FR SHEATH 8FR GUIDE CATHETER,4249,M001719060,1,,1,1,1,1,1,2170,2170,101-101-11-21050-00000000000-0-0,NF,MSH MAIN PURCHASING,MSH MAIN PURCHASING,"ENDOPROSTHESIS OR WALL STENTS OR TUBES 
 
BOSTON SCIENTIFIC CORP",SYSTEM CREATED,M 0146 INTERVENTIONAL RADIOLOGY,"INTERVENTIONAL RADIOLOGY, 01040146",MOUNT SINAI HOSPITAL,ACTIVE,CLOSED,EDI,TRUE,TRUE,2170,M,MOUNT SINAI HOSPITAL,010401464249,False,MSHS-CA-237,Yes,,251645,BOSTON SCIENTIFIC CORP,BOSTON SCIENTIFIC CORP,1/EA,1,No, ,NO,4249, ENDOVASCULAR STENTS,1/5/2023 12:00:00 AM,CLOSED,4,2170,CLOSED,EACH,NF,1/5/2023 12:00:00 AM,MSIR022754,"RADIOLOGY REQ INTERFACE, INTERVENTIONAL",,,M 0146 INTERVENTIONAL RADIOLOGY,2170,2170,2170,STENTS,42295905,SURGICAL PRODUCTS,BOSTON SCIENTIFIC CORP,BSSCIS
BOSTON SCIENTIFIC CORP,2025,"RADIOLOGY NEURO INTERVENTIONAL, 21052",MOUNT SINAI WEST,BOSTON SCIENTIFIC,IMPLANTS,True,True,CLOSED,903030,"903030, IMPLANTS",MOUNT SINAI WEST,Yes,M001719060,BOSTON SCIENTIFIC,4/4/2025 12:00:00 AM,W1047859,GOODS,STENT ENDOPROSTHESIS 37MM 135CM 10MM WALLSTENT MONORAIL CAROTID METAL CLOSED CELL RECONSTRAINABLE FLEXIBLE RADIOPAQUE ACCEPTS 6FR SHEATH 8FR GUIDE CATHETERM001719060M001719060,ORAPOS,IMPLANTS,M001719060,RADIOLOGY NEURO INTERVENTIONAL,21052,IMPLANTS,MSHS-CA-237,,STENT ENDOPROSTHESIS 37MM 135CM 10MM WALLSTENT MONORAIL CAROTID METAL CLOSED CELL RECONSTRAINABLE FLEXIBLE RADIOPAQUE ACCEPTS 6FR SHEATH 8FR GUIDE CATHETER,903030,M001719060,1,1,1,1,,,,2170,2170,NF,NF,PERNELL JOURNEE,PERNELL JOURNEE,"IMPLANTS 
 
BOSTON SCIENTIFIC",Y,1000 10TH AVE RM 4C-12 RAD NEURO INTRVNTNL,"RADIOLOGY NEURO INTERVENTIONAL, 21052",MOUNT SINAI WEST,ACTIVE,CLOSED,EDI,TRUE,TRUE,2170,MOUNT SINAI - WEST,MOUNT SINAI WEST,301-301-11-21052-903030-00000000000-000-0000-000-00000-00000----,False,MSHS-CA-237,Yes,2170,8171481,BOSTON SCIENTIFIC,BOSTON SCIENTIFIC,NF,1,No, ,NO,903030, IMPLANTS,4/4/2025 12:00:00 AM,CLOSED,1-1-1,2170,CLOSED,EACH,NF,4/4/2025 12:00:00 AM,QS10524868,MELENDEZ RAFAEL,,,MOUNT SINAI WEST - RECVG MAIN,2170,2170,2170,NF,NF,NF,BOSTON SCIENTIFIC CORP,3160
BOSTON SCIENTIFIC CORP,2024,"INTERVENTIONAL RADIOLOGY, 21050",MOUNT SINAI HOSPITAL,BOSTON SCIENTIFIC CORP,MEDICAL EQUIPMENT AND ACCESSORIES AND SUPPLIES,True,True,CLOSED,903023,"903023, ENDOVASCULAR STENTS",MOUNT SINAI HOSPITAL,Yes,M001719020,BOSTON SCIENTIFIC CORP,10/3/2024 12:00:00 AM,M2154543,PURCHASE ORDER,STENT ENDOPROSTHESIS 29MM 135CM 8MM WALLSTENT MONORAIL CAROTID METAL CLOSED CELL RECONSTRAINABLE FLEXIBLE RADIOPAQUE ACCEPTS 5FR SHEATH 7FR GUIDE CATHETERM001719020M001719020,PMMPOS,ENDOPROSTHESIS OR WALL STENTS OR TUBES,M001719020,INTERVENTIONAL RADIOLOGY,21050,ENDOVASCULAR STENTS,MSHS-CA-237,,STENT ENDOPROSTHESIS 29MM 135CM 8MM WALLSTENT MONORAIL CAROTID METAL CLOSED CELL RECONSTRAINABLE FLEXIBLE RADIOPAQUE ACCEPTS 5FR SHEATH 7FR GUIDE CATHETER,903023,M001719020,2,2,2,2,1,2,2,4340,4340,,NF,MSH MAIN PURCHASING,MSH MAIN PURCHASING,"ENDOPROSTHESIS OR WALL STENTS OR TUBES 
 
BOSTON SCIENTIFIC CORP",SYSTEM CREATED,21050 INTERVENTIONAL RADIOLOGY,"INTERVENTIONAL RADIOLOGY, 21050",MOUNT SINAI HOSPITAL,NONCAT,CLOSED,EDI,TRUE,TRUE,4340,M,MOUNT SINAI HOSPITAL,101-101-11-21050-903023-00000000000-000-0000-000-00000-00000----,False,MSHS-CA-237,Yes,4340,251643,BOSTON SCIENTIFIC CORP,BOSTON SCIENTIFIC CORP,1/EA,1,No, ,NO,903023, ENDOVASCULAR STENTS,10/3/2024 12:00:00 AM,CLOSED,19,2170,CLOSED,EACH,NF,10/3/2024 12:00:00 AM,MSIR033210,"RADIOLOGY REQ INTERFACE, INTERVENTIONAL",,,MOUNT SINAI HOSPITAL - RECVG MAIN,4340,4340,4340,STENTS,42295905,SURGICAL PRODUCTS,BOSTON SCIENTIFIC CORP,BSSCIS
BOSTON SCIENTIFIC CORP,2023,"STROKE PROGRAM, 01301735",MOUNT SINAI QUEENS,BOSTON SCIENTIFIC CORP,MEDICAL EQUIPMENT AND ACCESSORIES AND SUPPLIES,True,True,CLOSED,4249,"4249, ENDOVASCULAR STENTS",MOUNT SINAI QUEENS,Yes,M001719020,BOSTON SCIENTIFIC CORP,12/7/2023 12:00:00 AM,Q2040977,PURCHASE ORDER,STENT ENDOPROSTHESIS 29MM 135CM 8MM WALLSTENT MONORAIL CAROTID METAL CLOSED CELL RECONSTRAINABLE FLEXIBLE RADIOPAQUE ACCEPTS 5FR SHEATH 7FR GUIDE CATHETERM001719020M001719020,PMMPOS,ENDOPROSTHESIS OR WALL STENTS OR TUBES,M001719020,STROKE PROGRAM,01301735,ENDOVASCULAR STENTS,MSHS-CA-237,,STENT ENDOPROSTHESIS 29MM 135CM 8MM WALLSTENT MONORAIL CAROTID METAL CLOSED CELL RECONSTRAINABLE FLEXIBLE RADIOPAQUE ACCEPTS 5FR SHEATH 7FR GUIDE CATHETER,4249,M001719020,1,,1,1,1,1,1,2170,2170,102-107-11-13055-00000000000-0-0,NF,MSQ MAIN PURCHASING,MSQ MAIN PURCHASING,"ENDOPROSTHESIS OR WALL STENTS OR TUBES 
 
BOSTON SCIENTIFIC CORP",SYSTEM CREATED,Q 1735 STROKE PROGRAM 25-10 30TH AVE,"STROKE PROGRAM, 01301735",MOUNT SINAI QUEENS,ACTIVE,CLOSED,EDI,TRUE,TRUE,2170,Q,MOUNT SINAI QUEENS,013017354249,False,MSHS-CA-237,Yes,,251643,BOSTON SCIENTIFIC CORP,BOSTON SCIENTIFIC CORP,1/EA,1,No, ,NO,4249, ENDOVASCULAR STENTS,12/7/2023 12:00:00 AM,CLOSED,2,2170,CLOSED,EACH,NF,12/7/2023 12:00:00 AM,MQSC-001930,QSIGHT QUEENS  REQ INTERFACE,,,Q 1735 STROKE PROGRAM 25-10 30TH AVE,2170,2170,2170,STENTS,42295905,SURGICAL PRODUCTS,BOSTON SCIENTIFIC CORP,BSSCIS
BOSTON SCIENTIFIC CORP,2024,"INTERVENTIONAL RADIOLOGY, 01040146",MOUNT SINAI HOSPITAL,BOSTON SCIENTIFIC CORP,MEDICAL EQUIPMENT AND ACCESSORIES AND SUPPLIES,True,True,CLOSED,4249,"4249, ENDOVASCULAR STENTS",MOUNT SINAI HOSPITAL,Yes,M001719020,BOSTON SCIENTIFIC CORP,2/6/2024 12:00:00 AM,M2063372,PURCHASE ORDER,STENT ENDOPROSTHESIS 29MM 135CM 8MM WALLSTENT MONORAIL CAROTID METAL CLOSED CELL RECONSTRAINABLE FLEXIBLE RADIOPAQUE ACCEPTS 5FR SHEATH 7FR GUIDE CATHETERM001719020M001719020,PMMPOS,ENDOPROSTHESIS OR WALL STENTS OR TUBES,M001719020,INTERVENTIONAL RADIOLOGY,01040146,ENDOVASCULAR STENTS,MSHS-CA-237,,STENT ENDOPROSTHESIS 29MM 135CM 8MM WALLSTENT MONORAIL CAROTID METAL CLOSED CELL RECONSTRAINABLE FLEXIBLE RADIOPAQUE ACCEPTS 5FR SHEATH 7FR GUIDE CATHETER,4249,M001719020,1,,1,1,1,1,1,2170,2170,101-101-11-21050-00000000000-0-0,NF,MSH MAIN PURCHASING,MSH MAIN PURCHASING,"ENDOPROSTHESIS OR WALL STENTS OR TUBES 
 
BOSTON SCIENTIFIC CORP",SYSTEM CREATED,M 0146 INTERVENTIONAL RADIOLOGY,"INTERVENTIONAL RADIOLOGY, 01040146",MOUNT SINAI HOSPITAL,ACTIVE,CLOSED,EDI,TRUE,TRUE,2170,M,MOUNT SINAI HOSPITAL,010401464249,False,MSHS-CA-237,Yes,,251643,BOSTON SCIENTIFIC CORP,BOSTON SCIENTIFIC CORP,1/EA,1,No, ,NO,4249, ENDOVASCULAR STENTS,2/6/2024 12:00:00 AM,CLOSED,3,2170,CLOSED,EACH,NF,2/6/2024 12:00:00 AM,MSIR029342,"RADIOLOGY REQ INTERFACE, INTERVENTIONAL",,,M 0146 INTERVENTIONAL RADIOLOGY,2170,2170,2170,STENTS,42295905,SURGICAL PRODUCTS,BOSTON SCIENTIFIC CORP,BSSCIS
BOSTON SCIENTIFIC CORP,2024,"INTERVENTIONAL RADIOLOGY, 01040146",MOUNT SINAI HOSPITAL,BOSTON SCIENTIFIC CORP,MEDICAL EQUIPMENT AND ACCESSORIES AND SUPPLIES,True,True,CLOSED,4249,"4249, ENDOVASCULAR STENTS",MOUNT SINAI HOSPITAL,Yes,M001719020,BOSTON SCIENTIFIC CORP,5/24/2024 12:00:00 AM,M2105978,PURCHASE ORDER,STENT ENDOPROSTHESIS 29MM 135CM 8MM WALLSTENT MONORAIL CAROTID METAL CLOSED CELL RECONSTRAINABLE FLEXIBLE RADIOPAQUE ACCEPTS 5FR SHEATH 7FR GUIDE CATHETERM001719020M001719020,PMMPOS,ENDOPROSTHESIS OR WALL STENTS OR TUBES,M001719020,INTERVENTIONAL RADIOLOGY,01040146,ENDOVASCULAR STENTS,MSHS-CA-237,,STENT ENDOPROSTHESIS 29MM 135CM 8MM WALLSTENT MONORAIL CAROTID METAL CLOSED CELL RECONSTRAINABLE FLEXIBLE RADIOPAQUE ACCEPTS 5FR SHEATH 7FR GUIDE CATHETER,4249,M001719020,1,,1,1,1,1,1,2170,2170,101-101-11-21050-00000000000-0-0,NF,MSH MAIN PURCHASING,MSH MAIN PURCHASING,"ENDOPROSTHESIS OR WALL STENTS OR TUBES 
 
BOSTON SCIENTIFIC CORP",SYSTEM CREATED,M 0146 INTERVENTIONAL RADIOLOGY,"INTERVENTIONAL RADIOLOGY, 01040146",MOUNT SINAI HOSPITAL,ACTIVE,CLOSED,EDI,TRUE,TRUE,2170,M,MOUNT SINAI HOSPITAL,010401464249,False,MSHS-CA-237,Yes,,251643,BOSTON SCIENTIFIC CORP,BOSTON SCIENTIFIC CORP,1/EA,1,No, ,NO,4249, ENDOVASCULAR STENTS,5/24/2024 12:00:00 AM,CLOSED,7,2170,CLOSED,EACH,NF,5/24/2024 12:00:00 AM,MSIR031240,"RADIOLOGY REQ INTERFACE, INTERVENTIONAL",,,M 0146 INTERVENTIONAL RADIOLOGY,2170,2170,2170,STENTS,42295905,SURGICAL PRODUCTS,BOSTON SCIENTIFIC CORP,BSSCIS
BOSTON SCIENTIFIC CORP,2024,"INTERVENTIONAL RADIOLOGY, 01040146",MOUNT SINAI HOSPITAL,BOSTON SCIENTIFIC CORP,MEDICAL EQUIPMENT AND ACCESSORIES AND SUPPLIES,True,True,CLOSED,4249,"4249, ENDOVASCULAR STENTS",MOUNT SINAI HOSPITAL,Yes,M001719020,BOSTON SCIENTIFIC CORP,5/13/2024 12:00:00 AM,M2101141,PURCHASE ORDER,STENT ENDOPROSTHESIS 29MM 135CM 8MM WALLSTENT MONORAIL CAROTID METAL CLOSED CELL RECONSTRAINABLE FLEXIBLE RADIOPAQUE ACCEPTS 5FR SHEATH 7FR GUIDE CATHETERM001719020M001719020,PMMPOS,ENDOPROSTHESIS OR WALL STENTS OR TUBES,M001719020,INTERVENTIONAL RADIOLOGY,01040146,ENDOVASCULAR STENTS,MSHS-CA-237,,STENT ENDOPROSTHESIS 29MM 135CM 8MM WALLSTENT MONORAIL CAROTID METAL CLOSED CELL RECONSTRAINABLE FLEXIBLE RADIOPAQUE ACCEPTS 5FR SHEATH 7FR GUIDE CATHETER,4249,M001719020,1,,1,1,1,1,1,2170,2170,101-101-11-21050-00000000000-0-0,NF,MSH MAIN PURCHASING,MSH MAIN PURCHASING,"ENDOPROSTHESIS OR WALL STENTS OR TUBES 
 
BOSTON SCIENTIFIC CORP",SYSTEM CREATED,M 0146 INTERVENTIONAL RADIOLOGY,"INTERVENTIONAL RADIOLOGY, 01040146",MOUNT SINAI HOSPITAL,ACTIVE,CLOSED,EDI,TRUE,TRUE,2170,M,MOUNT SINAI HOSPITAL,010401464249,False,MSHS-CA-237,Yes,,251643,BOSTON SCIENTIFIC CORP,BOSTON SCIENTIFIC CORP,1/EA,1,No, ,NO,4249, ENDOVASCULAR STENTS,5/13/2024 12:00:00 AM,CLOSED,7,2170,CLOSED,EACH,NF,5/13/2024 12:00:00 AM,MSIR031022,"RADIOLOGY REQ INTERFACE, INTERVENTIONAL",,,M 0146 INTERVENTIONAL RADIOLOGY,2170,2170,2170,STENTS,42295905,SURGICAL PRODUCTS,BOSTON SCIENTIFIC CORP,BSSCIS
BOSTON SCIENTIFIC CORP,2024,"INTERVENTIONAL RADIOLOGY, 01040146",MOUNT SINAI HOSPITAL,BOSTON SCIENTIFIC CORP,MEDICAL EQUIPMENT AND ACCESSORIES AND SUPPLIES,True,True,CLOSED,4249,"4249, ENDOVASCULAR STENTS",MOUNT SINAI HOSPITAL,Yes,M001719020,BOSTON SCIENTIFIC CORP,3/26/2024 12:00:00 AM,M2083146,PURCHASE ORDER,STENT ENDOPROSTHESIS 29MM 135CM 8MM WALLSTENT MONORAIL CAROTID METAL CLOSED CELL RECONSTRAINABLE FLEXIBLE RADIOPAQUE ACCEPTS 5FR SHEATH 7FR GUIDE CATHETERM001719020M001719020,PMMPOS,ENDOPROSTHESIS OR WALL STENTS OR TUBES,M001719020,INTERVENTIONAL RADIOLOGY,01040146,ENDOVASCULAR STENTS,MSHS-CA-237,,STENT ENDOPROSTHESIS 29MM 135CM 8MM WALLSTENT MONORAIL CAROTID METAL CLOSED CELL RECONSTRAINABLE FLEXIBLE RADIOPAQUE ACCEPTS 5FR SHEATH 7FR GUIDE CATHETER,4249,M001719020,1,,1,1,1,1,1,2170,2170,101-101-11-21050-00000000000-0-0,NF,MSH MAIN PURCHASING,MSH MAIN PURCHASING,"ENDOPROSTHESIS OR WALL STENTS OR TUBES 
 
BOSTON SCIENTIFIC CORP",SYSTEM CREATED,M 0146 INTERVENTIONAL RADIOLOGY,"INTERVENTIONAL RADIOLOGY, 01040146",MOUNT SINAI HOSPITAL,ACTIVE,CLOSED,EDI,TRUE,TRUE,2170,M,MOUNT SINAI HOSPITAL,010401464249,False,MSHS-CA-237,Yes,,251643,BOSTON SCIENTIFIC CORP,BOSTON SCIENTIFIC CORP,1/EA,1,No, ,NO,4249, ENDOVASCULAR STENTS,3/26/2024 12:00:00 AM,CLOSED,3,2170,CLOSED,EACH,NF,3/26/2024 12:00:00 AM,MSIR030298,"RADIOLOGY REQ INTERFACE, INTERVENTIONAL",,,M 0146 INTERVENTIONAL RADIOLOGY,2170,2170,2170,STENTS,42295905,SURGICAL PRODUCTS,BOSTON SCIENTIFIC CORP,BSSCIS
BOSTON SCIENTIFIC CORP,2023,"INTERVENTIONAL RADIOLOGY, 01040146",MOUNT SINAI HOSPITAL,BOSTON SCIENTIFIC CORP,MEDICAL EQUIPMENT AND ACCESSORIES AND SUPPLIES,True,True,CLOSED,4249,"4249, ENDOVASCULAR STENTS",MOUNT SINAI HOSPITAL,Yes,M001719020,BOSTON SCIENTIFIC CORP,7/31/2023 12:00:00 AM,M1992129,PURCHASE ORDER,STENT ENDOPROSTHESIS 29MM 135CM 8MM WALLSTENT MONORAIL CAROTID METAL CLOSED CELL RECONSTRAINABLE FLEXIBLE RADIOPAQUE ACCEPTS 5FR SHEATH 7FR GUIDE CATHETERM001719020M001719020,PMMPOS,ENDOPROSTHESIS OR WALL STENTS OR TUBES,M001719020,INTERVENTIONAL RADIOLOGY,01040146,ENDOVASCULAR STENTS,MSHS-CA-237,,STENT ENDOPROSTHESIS 29MM 135CM 8MM WALLSTENT MONORAIL CAROTID METAL CLOSED CELL RECONSTRAINABLE FLEXIBLE RADIOPAQUE ACCEPTS 5FR SHEATH 7FR GUIDE CATHETER,4249,M001719020,1,,1,1,1,1,1,2170,2170,101-101-11-21050-00000000000-0-0,NF,MSH MAIN PURCHASING,MSH MAIN PURCHASING,"ENDOPROSTHESIS OR WALL STENTS OR TUBES 
 
BOSTON SCIENTIFIC CORP",SYSTEM CREATED,M 0146 INTERVENTIONAL RADIOLOGY,"INTERVENTIONAL RADIOLOGY, 01040146",MOUNT SINAI HOSPITAL,ACTIVE,CLOSED,EDI,TRUE,TRUE,2170,M,MOUNT SINAI HOSPITAL,010401464249,False,MSHS-CA-237,Yes,,251643,BOSTON SCIENTIFIC CORP,BOSTON SCIENTIFIC CORP,1/EA,1,No, ,NO,4249, ENDOVASCULAR STENTS,7/31/2023 12:00:00 AM,CLOSED,8,2170,CLOSED,EACH,NF,7/31/2023 12:00:00 AM,MSIR026165,"RADIOLOGY REQ INTERFACE, INTERVENTIONAL",,,M 0146 INTERVENTIONAL RADIOLOGY,2170,2170,2170,STENTS,42295905,SURGICAL PRODUCTS,BOSTON SCIENTIFIC CORP,BSSCIS
BOSTON SCIENTIFIC CORP,2023,"INTERVENTIONAL RADIOLOGY, 01040146",MOUNT SINAI HOSPITAL,BOSTON SCIENTIFIC CORP,MEDICAL EQUIPMENT AND ACCESSORIES AND SUPPLIES,True,True,CLOSED,4249,"4249, ENDOVASCULAR STENTS",MOUNT SINAI HOSPITAL,Yes,M001719020,BOSTON SCIENTIFIC CORP,3/13/2023 12:00:00 AM,M1941482,PURCHASE ORDER,STENT ENDOPROSTHESIS 29MM 135CM 8MM WALLSTENT MONORAIL CAROTID METAL CLOSED CELL RECONSTRAINABLE FLEXIBLE RADIOPAQUE ACCEPTS 5FR SHEATH 7FR GUIDE CATHETERM001719020M001719020,PMMPOS,ENDOPROSTHESIS OR WALL STENTS OR TUBES,M001719020,INTERVENTIONAL RADIOLOGY,01040146,ENDOVASCULAR STENTS,MSHS-CA-237,,STENT ENDOPROSTHESIS 29MM 135CM 8MM WALLSTENT MONORAIL CAROTID METAL CLOSED CELL RECONSTRAINABLE FLEXIBLE RADIOPAQUE ACCEPTS 5FR SHEATH 7FR GUIDE CATHETER,4249,M001719020,1,,1,1,1,1,1,2170,2170,101-101-11-21050-00000000000-0-0,NF,MSH MAIN PURCHASING,MSH MAIN PURCHASING,"ENDOPROSTHESIS OR WALL STENTS OR TUBES 
 
BOSTON SCIENTIFIC CORP",SYSTEM CREATED,M 0146 INTERVENTIONAL RADIOLOGY,"INTERVENTIONAL RADIOLOGY, 01040146",MOUNT SINAI HOSPITAL,ACTIVE,CLOSED,EDI,TRUE,TRUE,2170,M,MOUNT SINAI HOSPITAL,010401464249,False,MSHS-CA-237,Yes,,251643,BOSTON SCIENTIFIC CORP,BOSTON SCIENTIFIC CORP,1/EA,1,No, ,NO,4249, ENDOVASCULAR STENTS,3/13/2023 12:00:00 AM,CLOSED,7,2170,CLOSED,EACH,NF,3/13/2023 12:00:00 AM,MSIR023736,"RADIOLOGY REQ INTERFACE, INTERVENTIONAL",,,M 0146 INTERVENTIONAL RADIOLOGY,2170,2170,2170,STENTS,42295905,SURGICAL PRODUCTS,BOSTON SCIENTIFIC CORP,BSSCIS
BOSTON SCIENTIFIC CORP,2023,"RADIOLOGY NEURO INTERVENTIONAL, 21052",MOUNT SINAI WEST,BOSTON SCIENTIFIC CORP,MEDICAL EQUIPMENT AND ACCESSORIES AND SUPPLIES,True,True,PROCESSED,903045,"903045, OPERATING RM IOL -ASU - OTHER",MOUNT SINAI WEST,Yes,M001719020,BOSTON SCIENTIFIC CORP,2/7/2023 12:00:00 AM,1366455,GOODS,STENT ENDOPROSTHESIS 29MM 135CM 8MM WALLSTENT MONORAIL CAROTID METAL CLOSED CELL RECONSTRAINABLE FLEXIBLE RADIOPAQUE ACCEPTS 5FR SHEATH 7FR GUIDE CATHETERM001719020M001719020,ORAPOS,ENDOPROSTHESIS OR WALL STENTS OR TUBES,M001719020,RADIOLOGY NEURO INTERVENTIONAL,21052,OPERATING RM IOL -ASU - OTHER,MSHS-CA-237,,STENT ENDOPROSTHESIS 29MM 135CM 8MM WALLSTENT MONORAIL CAROTID METAL CLOSED CELL RECONSTRAINABLE FLEXIBLE RADIOPAQUE ACCEPTS 5FR SHEATH 7FR GUIDE CATHETER,903045,M001719020,1,1,1,1,1,1,1,2170,2170,301-301-11-21052-00000000000-0-0,NF,PERNELL   JOURNEE,"PERNELL, JOURNEE","ENDOPROSTHESIS OR WALL STENTS OR TUBES 
 
BOSTON SCIENTIFIC CORP",SYSTEM CREATED,RH 9368 1109,"RADIOLOGY NEURO INTERVENTIONAL, 21052",MOUNT SINAI WEST,ACTIVE,CLOSED,EDI,TRUE,TRUE,2170,CHP,MOUNT SINAI WEST,1109-900150-01-9368-0000000000-0000-000-000,False,MSHS-CA-237,Yes,2170,8013950,BOSTON SCIENTIFIC CORP,BOSTON SCIENTIFIC CORP,EA1,1,No, ,NO,903045, OPERATING RM IOL -ASU - OTHER,2/7/2023 12:00:00 AM,CLOSED,3-1-1,2170,APPROVED,EACH,NF,2/7/2023 12:00:00 AM,3174147,"MCLEOD, KENRICK CHRISTOPHER",,,RH ROOSEVELT,2170,2170,2170,STENTS,42295905,SURGICAL PRODUCTS,BOSTON SCIENTIFIC CORP,3160
BOSTON SCIENTIFIC CORP,2025,"INTERVENTIONAL RADIOLOGY, 21050",MOUNT SINAI HOSPITAL,BOSTON SCIENTIFIC,IMPLANTS,True,True,CLOSED,903030,"903030, IMPLANTS",MOUNT SINAI HOSPITAL,Yes,M001719020,BOSTON SCIENTIFIC,4/7/2025 12:00:00 AM,M3081904,GOODS,STENT ENDOPROSTHESIS 29MM 135CM 8MM WALLSTENT MONORAIL CAROTID METAL CLOSED CELL RECONSTRAINABLE FLEXIBLE RADIOPAQUE ACCEPTS 5FR SHEATH 7FR GUIDE CATHETERM001719020M001719020,ORAPOS,IMPLANTS,M001719020,INTERVENTIONAL RADIOLOGY,21050,IMPLANTS,MSHS-CA-237,,STENT ENDOPROSTHESIS 29MM 135CM 8MM WALLSTENT MONORAIL CAROTID METAL CLOSED CELL RECONSTRAINABLE FLEXIBLE RADIOPAQUE ACCEPTS 5FR SHEATH 7FR GUIDE CATHETER,903030,M001719020,1,1,1,1,,,,2170,2170,NF,NF,BUCHANAN   MRS. STEPHANIE,"BUCHANAN, MRS. STEPHANIE","IMPLANTS 
 
BOSTON SCIENTIFIC",Y,21050 INTERVENTIONAL RADIOLOGY,"INTERVENTIONAL RADIOLOGY, 21050",MOUNT SINAI HOSPITAL,ACTIVE,CLOSED,EDI,TRUE,TRUE,2170,MOUNT SINAI HOSPITAL,MOUNT SINAI HOSPITAL,101-101-11-21050-903030-00000000000-000-0000-000-00000-00000----,False,MSHS-CA-237,Yes,2170,8013950,BOSTON SCIENTIFIC,BOSTON SCIENTIFIC,NF,1,No, ,NO,903030, IMPLANTS,4/7/2025 12:00:00 AM,CLOSED,2-1-1,2170,CLOSED FOR RECEIVING,EACH,NF,4/7/2025 12:00:00 AM,QS10529313,RODRIGUEZ MICHAEL,,,MOUNT SINAI HOSPITAL - RECVG MAIN,2170,2170,2170,NF,NF,NF,BOSTON SCIENTIFIC CORP,3160
BOSTON SCIENTIFIC CORP,2023,"RADIOLOGY NEURO INTERVENTIONAL, 21052",MOUNT SINAI WEST,BOSTON SCIENTIFIC CORP,MEDICAL EQUIPMENT AND ACCESSORIES AND SUPPLIES,True,True,PROCESSED,903045,"903045, OPERATING RM IOL -ASU - OTHER",MOUNT SINAI WEST,Yes,M001719020,BOSTON SCIENTIFIC CORP,12/12/2023 12:00:00 AM,1423322,GOODS,STENT ENDOPROSTHESIS 29MM 135CM 8MM WALLSTENT MONORAIL CAROTID METAL CLOSED CELL RECONSTRAINABLE FLEXIBLE RADIOPAQUE ACCEPTS 5FR SHEATH 7FR GUIDE CATHETERM001719020M001719020,ORAPOS,ENDOPROSTHESIS OR WALL STENTS OR TUBES,M001719020,RADIOLOGY NEURO INTERVENTIONAL,21052,OPERATING RM IOL -ASU - OTHER,MSHS-CA-237,,STENT ENDOPROSTHESIS 29MM 135CM 8MM WALLSTENT MONORAIL CAROTID METAL CLOSED CELL RECONSTRAINABLE FLEXIBLE RADIOPAQUE ACCEPTS 5FR SHEATH 7FR GUIDE CATHETER,903045,M001719020,1,1,1,1,1,1,1,2170,2170,301-301-11-21052-00000000000-0-0,NF,PERNELL   JOURNEE,"PERNELL, JOURNEE","ENDOPROSTHESIS OR WALL STENTS OR TUBES 
 
BOSTON SCIENTIFIC CORP",SYSTEM CREATED,RH 9368 1109,"RADIOLOGY NEURO INTERVENTIONAL, 21052",MOUNT SINAI WEST,ACTIVE,CLOSED,EDI,TRUE,TRUE,2170,CHP,MOUNT SINAI WEST,1109-900150-01-9368-0000000000-0000-000-000,False,MSHS-CA-237,Yes,2170,8013950,BOSTON SCIENTIFIC CORP,BOSTON SCIENTIFIC CORP,EA1,1,No, ,NO,903045, OPERATING RM IOL -ASU - OTHER,12/12/2023 12:00:00 AM,CLOSED,1-1-1,2170,APPROVED,EACH,NF,12/12/2023 12:00:00 AM,3294497,"MCLEOD, KENRICK CHRISTOPHER",,,RH ROOSEVELT,2170,2170,2170,STENTS,42295905,SURGICAL PRODUCTS,BOSTON SCIENTIFIC CORP,3160
BOSTON SCIENTIFIC CORP,2024,"RADIOLOGY NEURO INTERVENTIONAL, 21052",MOUNT SINAI WEST,BOSTON SCIENTIFIC CORP,MEDICAL EQUIPMENT AND ACCESSORIES AND SUPPLIES,True,True,CLOSED,903045,"903045, OPERATING RM IOL -ASU - OTHER",MOUNT SINAI WEST,Yes,M001719020,BOSTON SCIENTIFIC CORP,6/13/2024 12:00:00 AM,1455415,GOODS,STENT ENDOPROSTHESIS 29MM 135CM 8MM WALLSTENT MONORAIL CAROTID METAL CLOSED CELL RECONSTRAINABLE FLEXIBLE RADIOPAQUE ACCEPTS 5FR SHEATH 7FR GUIDE CATHETERM001719020M001719020,ORAPOS,ENDOPROSTHESIS OR WALL STENTS OR TUBES,M001719020,RADIOLOGY NEURO INTERVENTIONAL,21052,OPERATING RM IOL -ASU - OTHER,MSHS-CA-237,,STENT ENDOPROSTHESIS 29MM 135CM 8MM WALLSTENT MONORAIL CAROTID METAL CLOSED CELL RECONSTRAINABLE FLEXIBLE RADIOPAQUE ACCEPTS 5FR SHEATH 7FR GUIDE CATHETER,903045,M001719020,0,0,0,1,1,1,0,1,1,NF,NF,PERNELL   JOURNEE,"PERNELL, JOURNEE","ENDOPROSTHESIS OR WALL STENTS OR TUBES 
 
BOSTON SCIENTIFIC CORP",SYSTEM CREATED,1000 10TH AVE RM 4C-12 RAD NEURO INTRVNTNL,"RADIOLOGY NEURO INTERVENTIONAL, 21052",MOUNT SINAI WEST,NONCAT,CLOSED,EDI,TRUE,TRUE,1,CHP,MOUNT SINAI WEST,301-301-11-21052-903045-00000000000-000-0000-000-00000-00000----,False,MSHS-CA-237,Yes,0,8013950,BOSTON SCIENTIFIC CORP,BOSTON SCIENTIFIC CORP,EA1,1,No, ,NO,903045, OPERATING RM IOL -ASU - OTHER,6/13/2024 12:00:00 AM,CLOSED FOR RECEIVING,1-1-1,1,CLOSED FOR RECEIVING,EACH,NF,6/13/2024 12:00:00 AM,3361427,"MCLEOD, KENRICK CHRISTOPHER",,,MOUNT SINAI WEST - RECVG MAIN,1,0,1,STENTS,42295905,SURGICAL PRODUCTS,BOSTON SCIENTIFIC CORP,3160
BOSTON SCIENTIFIC CORP,2024,"RADIOLOGY NEURO INTERVENTIONAL, 21052",MOUNT SINAI WEST,BOSTON SCIENTIFIC CORP,MEDICAL EQUIPMENT AND ACCESSORIES AND SUPPLIES,True,True,CLOSED,903045,"903045, OPERATING RM IOL -ASU - OTHER",MOUNT SINAI WEST,Yes,M001719020,BOSTON SCIENTIFIC CORP,7/8/2024 12:00:00 AM,1459088,GOODS,STENT ENDOPROSTHESIS 29MM 135CM 8MM WALLSTENT MONORAIL CAROTID METAL CLOSED CELL RECONSTRAINABLE FLEXIBLE RADIOPAQUE ACCEPTS 5FR SHEATH 7FR GUIDE CATHETERM001719020M001719020,ORAPOS,ENDOPROSTHESIS OR WALL STENTS OR TUBES,M001719020,RADIOLOGY NEURO INTERVENTIONAL,21052,OPERATING RM IOL -ASU - OTHER,MSHS-CA-237,,STENT ENDOPROSTHESIS 29MM 135CM 8MM WALLSTENT MONORAIL CAROTID METAL CLOSED CELL RECONSTRAINABLE FLEXIBLE RADIOPAQUE ACCEPTS 5FR SHEATH 7FR GUIDE CATHETER,903045,M001719020,0,0,0,1,1,1,0,1,1,NF,NF,PERNELL   JOURNEE,"PERNELL, JOURNEE","ENDOPROSTHESIS OR WALL STENTS OR TUBES 
 
BOSTON SCIENTIFIC CORP",SYSTEM CREATED,1000 10TH AVE RM 4C-12 RAD NEURO INTRVNTNL,"RADIOLOGY NEURO INTERVENTIONAL, 21052",MOUNT SINAI WEST,NONCAT,CLOSED,EDI,TRUE,TRUE,1,CHP,MOUNT SINAI WEST,301-301-11-21052-903045-00000000000-000-0000-000-00000-00000----,False,MSHS-CA-237,Yes,0,8013950,BOSTON SCIENTIFIC CORP,BOSTON SCIENTIFIC CORP,NF,1,No, ,NO,903045, OPERATING RM IOL -ASU - OTHER,7/8/2024 12:00:00 AM,CLOSED FOR RECEIVING,1-1-1,1,CLOSED FOR RECEIVING,EACH,NF,7/8/2024 12:00:00 AM,3368955,"MCLEOD, KENRICK CHRISTOPHER",,,MOUNT SINAI WEST - RECVG MAIN,1,0,1,STENTS,42295905,SURGICAL PRODUCTS,BOSTON SCIENTIFIC CORP,3160
BOSTON SCIENTIFIC CORP,2024,"RADIOLOGY NEURO INTERVENTIONAL, 21052",MOUNT SINAI WEST,BOSTON SCIENTIFIC CORP,MEDICAL EQUIPMENT AND ACCESSORIES AND SUPPLIES,True,True,CLOSED,903045,"903045, OPERATING RM IOL -ASU - OTHER",MOUNT SINAI WEST,Yes,M001719020,BOSTON SCIENTIFIC CORP,7/2/2024 12:00:00 AM,1458471,GOODS,STENT ENDOPROSTHESIS 29MM 135CM 8MM WALLSTENT MONORAIL CAROTID METAL CLOSED CELL RECONSTRAINABLE FLEXIBLE RADIOPAQUE ACCEPTS 5FR SHEATH 7FR GUIDE CATHETERM001719020M001719020,ORAPOS,ENDOPROSTHESIS OR WALL STENTS OR TUBES,M001719020,RADIOLOGY NEURO INTERVENTIONAL,21052,OPERATING RM IOL -ASU - OTHER,MSHS-CA-237,,STENT ENDOPROSTHESIS 29MM 135CM 8MM WALLSTENT MONORAIL CAROTID METAL CLOSED CELL RECONSTRAINABLE FLEXIBLE RADIOPAQUE ACCEPTS 5FR SHEATH 7FR GUIDE CATHETER,903045,M001719020,0,0,0,1,1,1,0,1,1,NF,NF,PERNELL   JOURNEE,"PERNELL, JOURNEE","ENDOPROSTHESIS OR WALL STENTS OR TUBES 
 
BOSTON SCIENTIFIC CORP",SYSTEM CREATED,1000 10TH AVE RM 4C-12 RAD NEURO INTRVNTNL,"RADIOLOGY NEURO INTERVENTIONAL, 21052",MOUNT SINAI WEST,NONCAT,CLOSED,EDI,TRUE,TRUE,1,CHP,MOUNT SINAI WEST,301-301-11-21052-903045-00000000000-000-0000-000-00000-00000----,False,MSHS-CA-237,Yes,0,8013950,BOSTON SCIENTIFIC CORP,BOSTON SCIENTIFIC CORP,EA1,1,No, ,NO,903045, OPERATING RM IOL -ASU - OTHER,7/2/2024 12:00:00 AM,CLOSED FOR RECEIVING,1-1-1,1,CLOSED FOR RECEIVING,EACH,NF,7/2/2024 12:00:00 AM,3367561,"GETTES, DONTE",,,MOUNT SINAI WEST - RECVG MAIN,1,0,1,STENTS,42295905,SURGICAL PRODUCTS,BOSTON SCIENTIFIC CORP,3160
BOSTON SCIENTIFIC CORP,2024,"INTERVENTIONAL RADIOLOGY, 01040146",MOUNT SINAI HOSPITAL,BOSTON SCIENTIFIC CORP,MEDICAL EQUIPMENT AND ACCESSORIES AND SUPPLIES,True,True,CLOSED,4249,"4249, ENDOVASCULAR STENTS",MOUNT SINAI HOSPITAL,Yes,M001719020,BOSTON SCIENTIFIC CORP,2/21/2024 12:00:00 AM,M2069281,PURCHASE ORDER,STENT ENDOPROSTHESIS 29MM 135CM 8MM WALLSTENT MONORAIL CAROTID METAL CLOSED CELL RECONSTRAINABLE FLEXIBLE RADIOPAQUE ACCEPTS 5FR SHEATH 7FR GUIDE CATHETERM001719020M001719020,PMMPOS,ENDOPROSTHESIS OR WALL STENTS OR TUBES,M001719020,INTERVENTIONAL RADIOLOGY,01040146,ENDOVASCULAR STENTS,MSHS-CA-237,,STENT ENDOPROSTHESIS 29MM 135CM 8MM WALLSTENT MONORAIL CAROTID METAL CLOSED CELL RECONSTRAINABLE FLEXIBLE RADIOPAQUE ACCEPTS 5FR SHEATH 7FR GUIDE CATHETER,4249,M001719020,1,,1,1,1,1,1,2170,2170,101-101-11-21050-00000000000-0-0,NF,MSH MAIN PURCHASING,MSH MAIN PURCHASING,"ENDOPROSTHESIS OR WALL STENTS OR TUBES 
 
BOSTON SCIENTIFIC CORP",SYSTEM CREATED,M 0146 INTERVENTIONAL RADIOLOGY,"INTERVENTIONAL RADIOLOGY, 01040146",MOUNT SINAI HOSPITAL,ACTIVE,CLOSED,EDI,TRUE,TRUE,2170,M,MOUNT SINAI HOSPITAL,010401464249,False,MSHS-CA-237,Yes,,251643,BOSTON SCIENTIFIC CORP,BOSTON SCIENTIFIC CORP,1/EA,1,No, ,NO,4249, ENDOVASCULAR STENTS,2/21/2024 12:00:00 AM,CLOSED,3,2170,CLOSED,EACH,NF,2/21/2024 12:00:00 AM,MSIR029619,"RADIOLOGY REQ INTERFACE, INTERVENTIONAL",,,M 0146 INTERVENTIONAL RADIOLOGY,2170,2170,2170,STENTS,42295905,SURGICAL PRODUCTS,BOSTON SCIENTIFIC CORP,BSSCIS
BOSTON SCIENTIFIC CORP,2023,"INTERVENTIONAL RADIOLOGY, 01040146",MOUNT SINAI HOSPITAL,BOSTON SCIENTIFIC CORP,MEDICAL EQUIPMENT AND ACCESSORIES AND SUPPLIES,True,True,CLOSED,4249,"4249, ENDOVASCULAR STENTS",MOUNT SINAI HOSPITAL,Yes,M001719020,BOSTON SCIENTIFIC CORP,2/9/2023 12:00:00 AM,M1930348,PURCHASE ORDER,STENT ENDOPROSTHESIS 29MM 135CM 8MM WALLSTENT MONORAIL CAROTID METAL CLOSED CELL RECONSTRAINABLE FLEXIBLE RADIOPAQUE ACCEPTS 5FR SHEATH 7FR GUIDE CATHETERM001719020M001719020,PMMPOS,ENDOPROSTHESIS OR WALL STENTS OR TUBES,M001719020,INTERVENTIONAL RADIOLOGY,01040146,ENDOVASCULAR STENTS,MSHS-CA-237,,STENT ENDOPROSTHESIS 29MM 135CM 8MM WALLSTENT MONORAIL CAROTID METAL CLOSED CELL RECONSTRAINABLE FLEXIBLE RADIOPAQUE ACCEPTS 5FR SHEATH 7FR GUIDE CATHETER,4249,M001719020,1,,1,1,1,1,1,2170,2170,101-101-11-21050-00000000000-0-0,NF,MSH MAIN PURCHASING,MSH MAIN PURCHASING,"ENDOPROSTHESIS OR WALL STENTS OR TUBES 
 
BOSTON SCIENTIFIC CORP",SYSTEM CREATED,M 0146 INTERVENTIONAL RADIOLOGY,"INTERVENTIONAL RADIOLOGY, 01040146",MOUNT SINAI HOSPITAL,ACTIVE,CLOSED,EDI,TRUE,TRUE,2170,M,MOUNT SINAI HOSPITAL,010401464249,False,MSHS-CA-237,Yes,,251643,BOSTON SCIENTIFIC CORP,BOSTON SCIENTIFIC CORP,1/EA,1,No, ,NO,4249, ENDOVASCULAR STENTS,2/9/2023 12:00:00 AM,CLOSED,8,2170,CLOSED,EACH,NF,2/9/2023 12:00:00 AM,MSIR023270,"RADIOLOGY REQ INTERFACE, INTERVENTIONAL",,,M 0146 INTERVENTIONAL RADIOLOGY,2170,2170,2170,STENTS,42295905,SURGICAL PRODUCTS,BOSTON SCIENTIFIC CORP,BSSCIS
BOSTON SCIENTIFIC CORP,2023,"INTERVENTIONAL RADIOLOGY, 01040146",MOUNT SINAI HOSPITAL,BOSTON SCIENTIFIC CORP,MEDICAL EQUIPMENT AND ACCESSORIES AND SUPPLIES,True,True,CLOSED,4249,"4249, ENDOVASCULAR STENTS",MOUNT SINAI HOSPITAL,Yes,M001719020,BOSTON SCIENTIFIC CORP,3/7/2023 12:00:00 AM,M1939373,PURCHASE ORDER,STENT ENDOPROSTHESIS 29MM 135CM 8MM WALLSTENT MONORAIL CAROTID METAL CLOSED CELL RECONSTRAINABLE FLEXIBLE RADIOPAQUE ACCEPTS 5FR SHEATH 7FR GUIDE CATHETERM001719020M001719020,PMMPOS,ENDOPROSTHESIS OR WALL STENTS OR TUBES,M001719020,INTERVENTIONAL RADIOLOGY,01040146,ENDOVASCULAR STENTS,MSHS-CA-237,,STENT ENDOPROSTHESIS 29MM 135CM 8MM WALLSTENT MONORAIL CAROTID METAL CLOSED CELL RECONSTRAINABLE FLEXIBLE RADIOPAQUE ACCEPTS 5FR SHEATH 7FR GUIDE CATHETER,4249,M001719020,2,,2,2,1,2,2,4340,4340,101-101-11-21050-00000000000-0-0,NF,MSH MAIN PURCHASING,MSH MAIN PURCHASING,"ENDOPROSTHESIS OR WALL STENTS OR TUBES 
 
BOSTON SCIENTIFIC CORP",SYSTEM CREATED,M 0146 INTERVENTIONAL RADIOLOGY,"INTERVENTIONAL RADIOLOGY, 01040146",MOUNT SINAI HOSPITAL,ACTIVE,CLOSED,EDI,TRUE,TRUE,4340,M,MOUNT SINAI HOSPITAL,010401464249,False,MSHS-CA-237,Yes,,251643,BOSTON SCIENTIFIC CORP,BOSTON SCIENTIFIC CORP,1/EA,1,No, ,NO,4249, ENDOVASCULAR STENTS,3/7/2023 12:00:00 AM,CLOSED,6,2170,CLOSED,EACH,NF,3/7/2023 12:00:00 AM,MSIR023623,"RADIOLOGY REQ INTERFACE, INTERVENTIONAL",,,M 0146 INTERVENTIONAL RADIOLOGY,4340,4340,4340,STENTS,42295905,SURGICAL PRODUCTS,BOSTON SCIENTIFIC CORP,BSSCIS
BOSTON SCIENTIFIC CORP,2023,"INTERVENTIONAL RADIOLOGY, 01040146",MOUNT SINAI HOSPITAL,BOSTON SCIENTIFIC CORP,MEDICAL EQUIPMENT AND ACCESSORIES AND SUPPLIES,True,True,CLOSED,4249,"4249, ENDOVASCULAR STENTS",MOUNT SINAI HOSPITAL,Yes,M001719020,BOSTON SCIENTIFIC CORP,1/30/2023 12:00:00 AM,M1925985,PURCHASE ORDER,STENT ENDOPROSTHESIS 29MM 135CM 8MM WALLSTENT MONORAIL CAROTID METAL CLOSED CELL RECONSTRAINABLE FLEXIBLE RADIOPAQUE ACCEPTS 5FR SHEATH 7FR GUIDE CATHETERM001719020M001719020,PMMPOS,ENDOPROSTHESIS OR WALL STENTS OR TUBES,M001719020,INTERVENTIONAL RADIOLOGY,01040146,ENDOVASCULAR STENTS,MSHS-CA-237,,STENT ENDOPROSTHESIS 29MM 135CM 8MM WALLSTENT MONORAIL CAROTID METAL CLOSED CELL RECONSTRAINABLE FLEXIBLE RADIOPAQUE ACCEPTS 5FR SHEATH 7FR GUIDE CATHETER,4249,M001719020,1,,1,1,1,1,1,2170,2170,101-101-11-21050-00000000000-0-0,NF,MSH MAIN PURCHASING,MSH MAIN PURCHASING,"ENDOPROSTHESIS OR WALL STENTS OR TUBES 
 
BOSTON SCIENTIFIC CORP",SYSTEM CREATED,M 0146 INTERVENTIONAL RADIOLOGY,"INTERVENTIONAL RADIOLOGY, 01040146",MOUNT SINAI HOSPITAL,ACTIVE,CLOSED,EDI,TRUE,TRUE,2170,M,MOUNT SINAI HOSPITAL,010401464249,False,MSHS-CA-237,Yes,,251643,BOSTON SCIENTIFIC CORP,BOSTON SCIENTIFIC CORP,1/EA,1,No, ,NO,4249, ENDOVASCULAR STENTS,1/30/2023 12:00:00 AM,CLOSED,13,2170,CLOSED,EACH,NF,1/30/2023 12:00:00 AM,MSIR023061,"RADIOLOGY REQ INTERFACE, INTERVENTIONAL",,,M 0146 INTERVENTIONAL RADIOLOGY,2170,2170,2170,STENTS,42295905,SURGICAL PRODUCTS,BOSTON SCIENTIFIC CORP,BSSCIS
BOSTON SCIENTIFIC CORP,2025,"INTERVENTIONAL RADIOLOGY, 21050",MOUNT SINAI HOSPITAL,BOSTON SCIENTIFIC,IMPLANTS,True,True,CLOSED,903030,"903030, IMPLANTS",MOUNT SINAI HOSPITAL,Yes,M001719020,BOSTON SCIENTIFIC,3/16/2025 12:00:00 AM,M3071299,GOODS,STENT ENDOPROSTHESIS 29MM 135CM 8MM WALLSTENT MONORAIL CAROTID METAL CLOSED CELL RECONSTRAINABLE FLEXIBLE RADIOPAQUE ACCEPTS 5FR SHEATH 7FR GUIDE CATHETERM001719020M001719020,ORAPOS,IMPLANTS,M001719020,INTERVENTIONAL RADIOLOGY,21050,IMPLANTS,MSHS-CA-237,,STENT ENDOPROSTHESIS 29MM 135CM 8MM WALLSTENT MONORAIL CAROTID METAL CLOSED CELL RECONSTRAINABLE FLEXIBLE RADIOPAQUE ACCEPTS 5FR SHEATH 7FR GUIDE CATHETER,903030,M001719020,1,1,1,1,,,,2170,2170,NF,NF,BUCHANAN   MRS. STEPHANIE,"BUCHANAN, MRS. STEPHANIE","IMPLANTS 
 
BOSTON SCIENTIFIC",Y,21050 INTERVENTIONAL RADIOLOGY,"INTERVENTIONAL RADIOLOGY, 21050",MOUNT SINAI HOSPITAL,ACTIVE,CLOSED,EDI,TRUE,TRUE,2170,MOUNT SINAI HOSPITAL,MOUNT SINAI HOSPITAL,101-101-11-21050-903030-00000000000-000-0000-000-00000-00000----,False,MSHS-CA-237,Yes,2170,8013950,BOSTON SCIENTIFIC,BOSTON SCIENTIFIC,NF,1,No, ,NO,903030, IMPLANTS,3/14/2025 12:00:00 AM,CLOSED,2-1-1,2170,CLOSED,EACH,NF,3/14/2025 12:00:00 AM,QS10457027,RODRIGUEZ MICHAEL,,,MOUNT SINAI HOSPITAL - RECVG MAIN,2170,2170,2170,NF,NF,NF,BOSTON SCIENTIFIC CORP,3160
BOSTON SCIENTIFIC CORP,2024,"Cerebral Vascular Center, 3396",S NASSAU,BOSTON SCIENTIFIC CORPORATION,MED SURG SUPPLIES,True,True,CLOSED,,,S NASSAU,Yes,M001719020,BOSTON SCIENTIFIC CORPORATION,12/17/2024 12:00:00 AM,8358851,Non-Stock-Non-Stock_,CAROTID WALLSTENT 8X29X135M001719020M001719020,LAWPOS,MED SURG SUPPLIES,M001719020,Cerebral Vascular Center,3396,Med Surg Supplies,MSHS-CA-237,,CAROTID WALLSTENT 8X29X135,,M001719020,,1,,1,,,0,2170,2170,,,Isa Shachove,Isa Shachove,"MED SURG SUPPLIES 
 
BOSTON SCIENTIFIC CORPORATION",,MM - Store Room,"Cerebral Vascular Center, 3396",S NASSAU,,CLOSED,,FALSE,FALSE,2170,,S NASSAU,,False,MSHS-CA-237,Yes,2170,77877,BOSTON SCIENTIFIC CORPORATION,BOSTON SCIENTIFIC CORPORATION,,,No, ,NO,,,,CLOSED,1,2170,CLOSED,EA,NF,,,Christopher Nastri,,,STORE,2170,2170,2170,,,,BOSTON SCIENTIFIC CORP,4049
BOSTON SCIENTIFIC CORP,2025,"Cerebral Vascular Center, 3396",S NASSAU,BOSTON SCIENTIFIC CORPORATION,MED SURG SUPPLIES,True,True,CLOSED,,,S NASSAU,Yes,M001719020,BOSTON SCIENTIFIC CORPORATION,1/24/2025 12:00:00 AM,8362262,Non-Stock-Non-Stock_,CAROTID WALLSTENT 8X29X135M001719020M001719020,LAWPOS,MED SURG SUPPLIES,M001719020,Cerebral Vascular Center,3396,Med Surg Supplies,MSHS-CA-237,,CAROTID WALLSTENT 8X29X135,,M001719020,,3,,3,,,0,6510,6510,,,Isa Shachove,Isa Shachove,"MED SURG SUPPLIES 
 
BOSTON SCIENTIFIC CORPORATION",,MM - Store Room,"Cerebral Vascular Center, 3396",S NASSAU,,CLOSED,,FALSE,FALSE,6510,,S NASSAU,,False,MSHS-CA-237,Yes,6510,77877,BOSTON SCIENTIFIC CORPORATION,BOSTON SCIENTIFIC CORPORATION,,,No, ,NO,,,,CLOSED,1,2170,CLOSED,EA,NF,,,Christopher Nastri,,,STORE,6510,6510,6510,,,,BOSTON SCIENTIFIC CORP,4049
BOSTON SCIENTIFIC CORP,2024,"INTERVENTIONAL RADIOLOGY, 21050",MOUNT SINAI HOSPITAL,BOSTON SCIENTIFIC,IMPLANTS,True,True,CLOSED,903030,"903030, IMPLANTS",MOUNT SINAI HOSPITAL,Yes,M001719020,BOSTON SCIENTIFIC,12/30/2024 12:00:00 AM,M3035458,GOODS,STENT ENDOPROSTHESIS 29MM 135CM 8MM WALLSTENT MONORAIL CAROTID METAL CLOSED CELL RECONSTRAINABLE FLEXIBLE RADIOPAQUE ACCEPTS 5FR SHEATH 7FR GUIDE CATHETERM001719020M001719020,ORAPOS,IMPLANTS,M001719020,INTERVENTIONAL RADIOLOGY,21050,IMPLANTS,MSHS-CA-237,,STENT ENDOPROSTHESIS 29MM 135CM 8MM WALLSTENT MONORAIL CAROTID METAL CLOSED CELL RECONSTRAINABLE FLEXIBLE RADIOPAQUE ACCEPTS 5FR SHEATH 7FR GUIDE CATHETER,903030,M001719020,1,1,1,1,,,,2170,2170,NF,NF,VEGA WILLIAM,VEGA WILLIAM,"IMPLANTS 
 
BOSTON SCIENTIFIC",Y,21050 INTERVENTIONAL RADIOLOGY,"INTERVENTIONAL RADIOLOGY, 21050",MOUNT SINAI HOSPITAL,ACTIVE,CLOSED,EDI,TRUE,TRUE,2170,MOUNT SINAI HOSPITAL,MOUNT SINAI HOSPITAL,101-101-11-21050-903030-00000000000-000-0000-000-00000-00000----,False,MSHS-CA-237,Yes,2170,8013950,BOSTON SCIENTIFIC,BOSTON SCIENTIFIC,NF,1,No, ,NO,903030, IMPLANTS,12/30/2024 12:00:00 AM,CLOSED,6-1-1,2170,CLOSED,EACH,NF,12/30/2024 12:00:00 AM,QS10233954,BAUTISTA RONALD,,,MOUNT SINAI HOSPITAL - RECVG MAIN,2170,2170,2170,NF,NF,NF,BOSTON SCIENTIFIC CORP,3160
BOSTON SCIENTIFIC CORP,2024,"STROKE PROGRAM, 01301735",MOUNT SINAI QUEENS,BOSTON SCIENTIFIC CORP,MEDICAL EQUIPMENT AND ACCESSORIES AND SUPPLIES,True,True,CLOSED,4249,"4249, ENDOVASCULAR STENTS",MOUNT SINAI QUEENS,Yes,M001719020,BOSTON SCIENTIFIC CORP,7/2/2024 12:00:00 AM,Q2119474,PURCHASE ORDER,STENT ENDOPROSTHESIS 29MM 135CM 8MM WALLSTENT MONORAIL CAROTID METAL CLOSED CELL RECONSTRAINABLE FLEXIBLE RADIOPAQUE ACCEPTS 5FR SHEATH 7FR GUIDE CATHETERM001719020M001719020,PMMPOS,ENDOPROSTHESIS OR WALL STENTS OR TUBES,M001719020,STROKE PROGRAM,01301735,ENDOVASCULAR STENTS,MSHS-CA-237,,STENT ENDOPROSTHESIS 29MM 135CM 8MM WALLSTENT MONORAIL CAROTID METAL CLOSED CELL RECONSTRAINABLE FLEXIBLE RADIOPAQUE ACCEPTS 5FR SHEATH 7FR GUIDE CATHETER,4249,M001719020,1,,1,1,1,1,1,2170,2170,102-107-11-13055-00000000000-0-0,NF,MSQ MAIN PURCHASING,MSQ MAIN PURCHASING,"ENDOPROSTHESIS OR WALL STENTS OR TUBES 
 
BOSTON SCIENTIFIC CORP",SYSTEM CREATED,Q 1735 STROKE PROGRAM 25-10 30TH AVE,"STROKE PROGRAM, 01301735",MOUNT SINAI QUEENS,ACTIVE,CLOSED,EDI,TRUE,TRUE,2170,Q,MOUNT SINAI QUEENS,013017354249,False,MSHS-CA-237,Yes,,251643,BOSTON SCIENTIFIC CORP,BOSTON SCIENTIFIC CORP,1/EA,1,No, ,NO,4249, ENDOVASCULAR STENTS,7/2/2024 12:00:00 AM,CLOSED,3,2170,CLOSED,EACH,NF,7/2/2024 12:00:00 AM,MQSC-002269,QSIGHT QUEENS  REQ INTERFACE,,,Q 1735 STROKE PROGRAM 25-10 30TH AVE,2170,2170,2170,STENTS,42295905,SURGICAL PRODUCTS,BOSTON SCIENTIFIC CORP,BSSCIS
BOSTON SCIENTIFIC CORP,2024,"INTERVENTIONAL RADIOLOGY, 01040146",MOUNT SINAI HOSPITAL,BOSTON SCIENTIFIC CORP,MEDICAL EQUIPMENT AND ACCESSORIES AND SUPPLIES,True,True,CLOSED,4249,"4249, ENDOVASCULAR STENTS",MOUNT SINAI HOSPITAL,Yes,M001719020,BOSTON SCIENTIFIC CORP,4/29/2024 12:00:00 AM,M2096253,PURCHASE ORDER,STENT ENDOPROSTHESIS 29MM 135CM 8MM WALLSTENT MONORAIL CAROTID METAL CLOSED CELL RECONSTRAINABLE FLEXIBLE RADIOPAQUE ACCEPTS 5FR SHEATH 7FR GUIDE CATHETERM001719020M001719020,PMMPOS,ENDOPROSTHESIS OR WALL STENTS OR TUBES,M001719020,INTERVENTIONAL RADIOLOGY,01040146,ENDOVASCULAR STENTS,MSHS-CA-237,,STENT ENDOPROSTHESIS 29MM 135CM 8MM WALLSTENT MONORAIL CAROTID METAL CLOSED CELL RECONSTRAINABLE FLEXIBLE RADIOPAQUE ACCEPTS 5FR SHEATH 7FR GUIDE CATHETER,4249,M001719020,1,,1,1,1,1,1,2170,2170,101-101-11-21050-00000000000-0-0,NF,MSH MAIN PURCHASING,MSH MAIN PURCHASING,"ENDOPROSTHESIS OR WALL STENTS OR TUBES 
 
BOSTON SCIENTIFIC CORP",SYSTEM CREATED,M 0146 INTERVENTIONAL RADIOLOGY,"INTERVENTIONAL RADIOLOGY, 01040146",MOUNT SINAI HOSPITAL,ACTIVE,CLOSED,EDI,TRUE,TRUE,2170,M,MOUNT SINAI HOSPITAL,010401464249,False,MSHS-CA-237,Yes,,251643,BOSTON SCIENTIFIC CORP,BOSTON SCIENTIFIC CORP,1/EA,1,No, ,NO,4249, ENDOVASCULAR STENTS,4/29/2024 12:00:00 AM,CLOSED,3,2170,CLOSED,EACH,NF,4/29/2024 12:00:00 AM,MSIR030848,"RADIOLOGY REQ INTERFACE, INTERVENTIONAL",,,M 0146 INTERVENTIONAL RADIOLOGY,2170,2170,2170,STENTS,42295905,SURGICAL PRODUCTS,BOSTON SCIENTIFIC CORP,BSSCIS
BOSTON SCIENTIFIC CORP,2024,"INTERVENTIONAL RADIOLOGY, 01040146",MOUNT SINAI HOSPITAL,BOSTON SCIENTIFIC CORP,MEDICAL EQUIPMENT AND ACCESSORIES AND SUPPLIES,True,True,CLOSED,4249,"4249, ENDOVASCULAR STENTS",MOUNT SINAI HOSPITAL,Yes,M001719020,BOSTON SCIENTIFIC CORP,6/28/2024 12:00:00 AM,M2118484,PURCHASE ORDER,STENT ENDOPROSTHESIS 29MM 135CM 8MM WALLSTENT MONORAIL CAROTID METAL CLOSED CELL RECONSTRAINABLE FLEXIBLE RADIOPAQUE ACCEPTS 5FR SHEATH 7FR GUIDE CATHETERM001719020M001719020,PMMPOS,ENDOPROSTHESIS OR WALL STENTS OR TUBES,M001719020,INTERVENTIONAL RADIOLOGY,01040146,ENDOVASCULAR STENTS,MSHS-CA-237,,STENT ENDOPROSTHESIS 29MM 135CM 8MM WALLSTENT MONORAIL CAROTID METAL CLOSED CELL RECONSTRAINABLE FLEXIBLE RADIOPAQUE ACCEPTS 5FR SHEATH 7FR GUIDE CATHETER,4249,M001719020,1,,1,1,1,1,1,2170,2170,101-101-11-21050-00000000000-0-0,NF,MSH MAIN PURCHASING,MSH MAIN PURCHASING,"ENDOPROSTHESIS OR WALL STENTS OR TUBES 
 
BOSTON SCIENTIFIC CORP",SYSTEM CREATED,M 0146 INTERVENTIONAL RADIOLOGY,"INTERVENTIONAL RADIOLOGY, 01040146",MOUNT SINAI HOSPITAL,ACTIVE,CLOSED,EDI,TRUE,TRUE,2170,M,MOUNT SINAI HOSPITAL,010401464249,False,MSHS-CA-237,Yes,,251643,BOSTON SCIENTIFIC CORP,BOSTON SCIENTIFIC CORP,1/EA,1,No, ,NO,4249, ENDOVASCULAR STENTS,6/28/2024 12:00:00 AM,CLOSED,7,2170,CLOSED,EACH,NF,6/28/2024 12:00:00 AM,MSIR031702,"RADIOLOGY REQ INTERFACE, INTERVENTIONAL",,,M 0146 INTERVENTIONAL RADIOLOGY,2170,2170,2170,STENTS,42295905,SURGICAL PRODUCTS,BOSTON SCIENTIFIC CORP,BSSCIS
BOSTON SCIENTIFIC CORP,2024,"INTERVENTIONAL RADIOLOGY, 01040146",MOUNT SINAI HOSPITAL,BOSTON SCIENTIFIC CORP,MEDICAL EQUIPMENT AND ACCESSORIES AND SUPPLIES,True,True,CLOSED,4249,"4249, ENDOVASCULAR STENTS",MOUNT SINAI HOSPITAL,Yes,M001719020,BOSTON SCIENTIFIC CORP,9/17/2024 12:00:00 AM,M2147312,PURCHASE ORDER,STENT ENDOPROSTHESIS 29MM 135CM 8MM WALLSTENT MONORAIL CAROTID METAL CLOSED CELL RECONSTRAINABLE FLEXIBLE RADIOPAQUE ACCEPTS 5FR SHEATH 7FR GUIDE CATHETERM001719020M001719020,PMMPOS,ENDOPROSTHESIS OR WALL STENTS OR TUBES,M001719020,INTERVENTIONAL RADIOLOGY,01040146,ENDOVASCULAR STENTS,MSHS-CA-237,,STENT ENDOPROSTHESIS 29MM 135CM 8MM WALLSTENT MONORAIL CAROTID METAL CLOSED CELL RECONSTRAINABLE FLEXIBLE RADIOPAQUE ACCEPTS 5FR SHEATH 7FR GUIDE CATHETER,4249,M001719020,1,,1,1,1,1,1,2170,2170,101-101-11-21050-00000000000-0-0,NF,MSH MAIN PURCHASING,MSH MAIN PURCHASING,"ENDOPROSTHESIS OR WALL STENTS OR TUBES 
 
BOSTON SCIENTIFIC CORP",SYSTEM CREATED,M 0146 INTERVENTIONAL RADIOLOGY,"INTERVENTIONAL RADIOLOGY, 01040146",MOUNT SINAI HOSPITAL,ACTIVE,CLOSED,EDI,TRUE,TRUE,2170,M,MOUNT SINAI HOSPITAL,010401464249,False,MSHS-CA-237,Yes,,251643,BOSTON SCIENTIFIC CORP,BOSTON SCIENTIFIC CORP,1/EA,1,No, ,NO,4249, ENDOVASCULAR STENTS,9/17/2024 12:00:00 AM,CLOSED,8,2170,CLOSED,EACH,NF,9/17/2024 12:00:00 AM,MSIR032984,"RADIOLOGY REQ INTERFACE, INTERVENTIONAL",,,M 0146 INTERVENTIONAL RADIOLOGY,2170,2170,2170,STENTS,42295905,SURGICAL PRODUCTS,BOSTON SCIENTIFIC CORP,BSSCIS
BOSTON SCIENTIFIC CORP,2023,"INTERVENTIONAL RADIOLOGY, 01040146",MOUNT SINAI HOSPITAL,BOSTON SCIENTIFIC CORP,MEDICAL EQUIPMENT AND ACCESSORIES AND SUPPLIES,True,True,CLOSED,4249,"4249, ENDOVASCULAR STENTS",MOUNT SINAI HOSPITAL,Yes,M001719020,BOSTON SCIENTIFIC CORP,4/6/2023 12:00:00 AM,M1950845,PURCHASE ORDER,STENT ENDOPROSTHESIS 29MM 135CM 8MM WALLSTENT MONORAIL CAROTID METAL CLOSED CELL RECONSTRAINABLE FLEXIBLE RADIOPAQUE ACCEPTS 5FR SHEATH 7FR GUIDE CATHETERM001719020M001719020,PMMPOS,ENDOPROSTHESIS OR WALL STENTS OR TUBES,M001719020,INTERVENTIONAL RADIOLOGY,01040146,ENDOVASCULAR STENTS,MSHS-CA-237,,STENT ENDOPROSTHESIS 29MM 135CM 8MM WALLSTENT MONORAIL CAROTID METAL CLOSED CELL RECONSTRAINABLE FLEXIBLE RADIOPAQUE ACCEPTS 5FR SHEATH 7FR GUIDE CATHETER,4249,M001719020,1,,1,1,1,1,1,2170,2170,101-101-11-21050-00000000000-0-0,NF,MSH MAIN PURCHASING,MSH MAIN PURCHASING,"ENDOPROSTHESIS OR WALL STENTS OR TUBES 
 
BOSTON SCIENTIFIC CORP",SYSTEM CREATED,M 0146 INTERVENTIONAL RADIOLOGY,"INTERVENTIONAL RADIOLOGY, 01040146",MOUNT SINAI HOSPITAL,ACTIVE,CLOSED,EDI,TRUE,TRUE,2170,M,MOUNT SINAI HOSPITAL,010401464249,False,MSHS-CA-237,Yes,,251643,BOSTON SCIENTIFIC CORP,BOSTON SCIENTIFIC CORP,1/EA,1,No, ,NO,4249, ENDOVASCULAR STENTS,4/6/2023 12:00:00 AM,CLOSED,8,2170,CLOSED,EACH,NF,4/6/2023 12:00:00 AM,MSIR024163,"RADIOLOGY REQ INTERFACE, INTERVENTIONAL",,,M 0146 INTERVENTIONAL RADIOLOGY,2170,2170,2170,STENTS,42295905,SURGICAL PRODUCTS,BOSTON SCIENTIFIC CORP,BSSCIS
BOSTON SCIENTIFIC CORP,2023,"INTERVENTIONAL RADIOLOGY, 01040146",MOUNT SINAI HOSPITAL,BOSTON SCIENTIFIC CORP,MEDICAL EQUIPMENT AND ACCESSORIES AND SUPPLIES,True,True,CLOSED,4249,"4249, ENDOVASCULAR STENTS",MOUNT SINAI HOSPITAL,Yes,M001719020,BOSTON SCIENTIFIC CORP,1/31/2023 12:00:00 AM,M1926725,PURCHASE ORDER,STENT ENDOPROSTHESIS 29MM 135CM 8MM WALLSTENT MONORAIL CAROTID METAL CLOSED CELL RECONSTRAINABLE FLEXIBLE RADIOPAQUE ACCEPTS 5FR SHEATH 7FR GUIDE CATHETERM001719020M001719020,PMMPOS,ENDOPROSTHESIS OR WALL STENTS OR TUBES,M001719020,INTERVENTIONAL RADIOLOGY,01040146,ENDOVASCULAR STENTS,MSHS-CA-237,,STENT ENDOPROSTHESIS 29MM 135CM 8MM WALLSTENT MONORAIL CAROTID METAL CLOSED CELL RECONSTRAINABLE FLEXIBLE RADIOPAQUE ACCEPTS 5FR SHEATH 7FR GUIDE CATHETER,4249,M001719020,1,,1,1,1,1,1,2170,2170,101-101-11-21050-00000000000-0-0,NF,MSH MAIN PURCHASING,MSH MAIN PURCHASING,"ENDOPROSTHESIS OR WALL STENTS OR TUBES 
 
BOSTON SCIENTIFIC CORP",SYSTEM CREATED,M 0146 INTERVENTIONAL RADIOLOGY,"INTERVENTIONAL RADIOLOGY, 01040146",MOUNT SINAI HOSPITAL,ACTIVE,CLOSED,EDI,TRUE,TRUE,2170,M,MOUNT SINAI HOSPITAL,010401464249,False,MSHS-CA-237,Yes,,251643,BOSTON SCIENTIFIC CORP,BOSTON SCIENTIFIC CORP,1/EA,1,No, ,NO,4249, ENDOVASCULAR STENTS,1/31/2023 12:00:00 AM,CLOSED,2,2170,CLOSED,EACH,NF,1/31/2023 12:00:00 AM,MSIR023102,"RADIOLOGY REQ INTERFACE, INTERVENTIONAL",,,M 0146 INTERVENTIONAL RADIOLOGY,2170,2170,2170,STENTS,42295905,SURGICAL PRODUCTS,BOSTON SCIENTIFIC CORP,BSSCIS
BOSTON SCIENTIFIC CORP,2023,"CARDIOLOGY INTERVENTIONAL PROCEDURES, 12506",MOUNT SINAI BETH ISRAEL,BOSTON SCIENTIFIC CORP,MEDICAL EQUIPMENT AND ACCESSORIES AND SUPPLIES,True,True,PROCESSED,903045,"903045, OPERATING RM IOL -ASU - OTHER",MOUNT SINAI BETH ISRAEL,Yes,M001719020,BOSTON SCIENTIFIC CORP,5/8/2023 12:00:00 AM,1383143,GOODS,STENT ENDOPROSTHESIS 29MM 135CM 8MM WALLSTENT MONORAIL CAROTID METAL CLOSED CELL RECONSTRAINABLE FLEXIBLE RADIOPAQUE ACCEPTS 5FR SHEATH 7FR GUIDE CATHETERM001719020M001719020,ORAPOS,ENDOPROSTHESIS OR WALL STENTS OR TUBES,M001719020,CARDIOLOGY INTERVENTIONAL PROCEDURES,12506,OPERATING RM IOL -ASU - OTHER,MSHS-CA-237,,STENT ENDOPROSTHESIS 29MM 135CM 8MM WALLSTENT MONORAIL CAROTID METAL CLOSED CELL RECONSTRAINABLE FLEXIBLE RADIOPAQUE ACCEPTS 5FR SHEATH 7FR GUIDE CATHETER,903045,M001719020,1,1,1,1,1,1,1,2170,2170,401-404-11-12506-00000000000-0-0,NF,BANNERMAN   TRACEY,"BANNERMAN, TRACEY","ENDOPROSTHESIS OR WALL STENTS OR TUBES 
 
BOSTON SCIENTIFIC CORP",SYSTEM CREATED,PE 4099 4409,"CARDIOLOGY INTERVENTIONAL PROCEDURES, 12506",MOUNT SINAI BETH ISRAEL,ACTIVE,CLOSED,EDI,TRUE,TRUE,2170,CHP,MOUNT SINAI BETH ISRAEL,4409-900150-04-4099-0000000000-0000-000-000,False,MSHS-CA-237,Yes,2170,8013950,BOSTON SCIENTIFIC CORP,BOSTON SCIENTIFIC CORP,EA1,1,No, ,NO,903045, OPERATING RM IOL -ASU - OTHER,5/8/2023 12:00:00 AM,CLOSED,6-1-1,2170,APPROVED,EACH,NF,5/8/2023 12:00:00 AM,3209592,"RABELO, JOSE",,,MT SINAI BETH ISRAEL,2170,2170,2170,STENTS,42295905,SURGICAL PRODUCTS,BOSTON SCIENTIFIC CORP,3160
BOSTON SCIENTIFIC CORP,2024,"STROKE PROGRAM, 01301735",MOUNT SINAI QUEENS,BOSTON SCIENTIFIC CORP,MEDICAL EQUIPMENT AND ACCESSORIES AND SUPPLIES,True,True,CLOSED,4249,"4249, ENDOVASCULAR STENTS",MOUNT SINAI QUEENS,Yes,M001719020,BOSTON SCIENTIFIC CORP,8/23/2024 12:00:00 AM,Q2139199,PURCHASE ORDER,STENT ENDOPROSTHESIS 29MM 135CM 8MM WALLSTENT MONORAIL CAROTID METAL CLOSED CELL RECONSTRAINABLE FLEXIBLE RADIOPAQUE ACCEPTS 5FR SHEATH 7FR GUIDE CATHETERM001719020M001719020,PMMPOS,ENDOPROSTHESIS OR WALL STENTS OR TUBES,M001719020,STROKE PROGRAM,01301735,ENDOVASCULAR STENTS,MSHS-CA-237,,STENT ENDOPROSTHESIS 29MM 135CM 8MM WALLSTENT MONORAIL CAROTID METAL CLOSED CELL RECONSTRAINABLE FLEXIBLE RADIOPAQUE ACCEPTS 5FR SHEATH 7FR GUIDE CATHETER,4249,M001719020,1,,1,1,1,1,1,2170,2170,102-107-11-13055-00000000000-0-0,NF,MSQ MAIN PURCHASING,MSQ MAIN PURCHASING,"ENDOPROSTHESIS OR WALL STENTS OR TUBES 
 
BOSTON SCIENTIFIC CORP",SYSTEM CREATED,Q 1735 STROKE PROGRAM 25-10 30TH AVE,"STROKE PROGRAM, 01301735",MOUNT SINAI QUEENS,ACTIVE,CLOSED,EDI,TRUE,TRUE,2170,Q,MOUNT SINAI QUEENS,013017354249,False,MSHS-CA-237,Yes,,251643,BOSTON SCIENTIFIC CORP,BOSTON SCIENTIFIC CORP,1/EA,1,No, ,NO,4249, ENDOVASCULAR STENTS,8/23/2024 12:00:00 AM,CLOSED,1,2170,CLOSED,EACH,NF,8/23/2024 12:00:00 AM,MQSC-002350,QSIGHT QUEENS  REQ INTERFACE,,,Q 1735 STROKE PROGRAM 25-10 30TH AVE,2170,2170,2170,STENTS,42295905,SURGICAL PRODUCTS,BOSTON SCIENTIFIC CORP,BSSCIS
BOSTON SCIENTIFIC CORP,2024,"STROKE PROGRAM, 01301735",MOUNT SINAI QUEENS,BOSTON SCIENTIFIC CORP,MEDICAL EQUIPMENT AND ACCESSORIES AND SUPPLIES,True,True,CLOSED,4249,"4249, ENDOVASCULAR STENTS",MOUNT SINAI QUEENS,Yes,M001719020,BOSTON SCIENTIFIC CORP,5/6/2024 12:00:00 AM,Q2098599,PURCHASE ORDER,STENT ENDOPROSTHESIS 29MM 135CM 8MM WALLSTENT MONORAIL CAROTID METAL CLOSED CELL RECONSTRAINABLE FLEXIBLE RADIOPAQUE ACCEPTS 5FR SHEATH 7FR GUIDE CATHETERM001719020M001719020,PMMPOS,ENDOPROSTHESIS OR WALL STENTS OR TUBES,M001719020,STROKE PROGRAM,01301735,ENDOVASCULAR STENTS,MSHS-CA-237,,STENT ENDOPROSTHESIS 29MM 135CM 8MM WALLSTENT MONORAIL CAROTID METAL CLOSED CELL RECONSTRAINABLE FLEXIBLE RADIOPAQUE ACCEPTS 5FR SHEATH 7FR GUIDE CATHETER,4249,M001719020,1,,1,1,1,1,1,2170,2170,102-107-11-13055-00000000000-0-0,NF,MSQ MAIN PURCHASING,MSQ MAIN PURCHASING,"ENDOPROSTHESIS OR WALL STENTS OR TUBES 
 
BOSTON SCIENTIFIC CORP",SYSTEM CREATED,Q 1735 STROKE PROGRAM 25-10 30TH AVE,"STROKE PROGRAM, 01301735",MOUNT SINAI QUEENS,ACTIVE,CLOSED,EDI,TRUE,TRUE,2170,Q,MOUNT SINAI QUEENS,013017354249,False,MSHS-CA-237,Yes,,251643,BOSTON SCIENTIFIC CORP,BOSTON SCIENTIFIC CORP,1/EA,1,No, ,NO,4249, ENDOVASCULAR STENTS,5/6/2024 12:00:00 AM,CLOSED,1,2170,CLOSED,EACH,NF,5/6/2024 12:00:00 AM,MQSC-002190,QSIGHT QUEENS  REQ INTERFACE,,,Q 1735 STROKE PROGRAM 25-10 30TH AVE,2170,2170,2170,STENTS,42295905,SURGICAL PRODUCTS,BOSTON SCIENTIFIC CORP,BSSCIS
BOSTON SCIENTIFIC CORP,2024,"INTERVENTIONAL RADIOLOGY, 01040146",MOUNT SINAI HOSPITAL,BOSTON SCIENTIFIC CORP,MEDICAL EQUIPMENT AND ACCESSORIES AND SUPPLIES,True,True,CLOSED,4249,"4249, ENDOVASCULAR STENTS",MOUNT SINAI HOSPITAL,Yes,M001719020,BOSTON SCIENTIFIC CORP,8/12/2024 12:00:00 AM,M2134350,PURCHASE ORDER,STENT ENDOPROSTHESIS 29MM 135CM 8MM WALLSTENT MONORAIL CAROTID METAL CLOSED CELL RECONSTRAINABLE FLEXIBLE RADIOPAQUE ACCEPTS 5FR SHEATH 7FR GUIDE CATHETERM001719020M001719020,PMMPOS,ENDOPROSTHESIS OR WALL STENTS OR TUBES,M001719020,INTERVENTIONAL RADIOLOGY,01040146,ENDOVASCULAR STENTS,MSHS-CA-237,,STENT ENDOPROSTHESIS 29MM 135CM 8MM WALLSTENT MONORAIL CAROTID METAL CLOSED CELL RECONSTRAINABLE FLEXIBLE RADIOPAQUE ACCEPTS 5FR SHEATH 7FR GUIDE CATHETER,4249,M001719020,1,,1,1,1,1,1,2170,2170,101-101-11-21050-00000000000-0-0,NF,MSH MAIN PURCHASING,MSH MAIN PURCHASING,"ENDOPROSTHESIS OR WALL STENTS OR TUBES 
 
BOSTON SCIENTIFIC CORP",SYSTEM CREATED,M 0146 INTERVENTIONAL RADIOLOGY,"INTERVENTIONAL RADIOLOGY, 01040146",MOUNT SINAI HOSPITAL,ACTIVE,CLOSED,EDI,TRUE,TRUE,2170,M,MOUNT SINAI HOSPITAL,010401464249,False,MSHS-CA-237,Yes,,251643,BOSTON SCIENTIFIC CORP,BOSTON SCIENTIFIC CORP,1/EA,1,No, ,NO,4249, ENDOVASCULAR STENTS,8/12/2024 12:00:00 AM,CLOSED,7,2170,CLOSED,EACH,NF,8/12/2024 12:00:00 AM,MSIR032408,"RADIOLOGY REQ INTERFACE, INTERVENTIONAL",,,M 0146 INTERVENTIONAL RADIOLOGY,2170,2170,2170,STENTS,42295905,SURGICAL PRODUCTS,BOSTON SCIENTIFIC CORP,BSSCIS
BOSTON SCIENTIFIC CORP,2023,"INTERVENTIONAL RADIOLOGY, 01040146",MOUNT SINAI HOSPITAL,BOSTON SCIENTIFIC CORP,MEDICAL EQUIPMENT AND ACCESSORIES AND SUPPLIES,True,True,CLOSED,4249,"4249, ENDOVASCULAR STENTS",MOUNT SINAI HOSPITAL,Yes,M001719020,BOSTON SCIENTIFIC CORP,11/15/2023 12:00:00 AM,M2033101,PURCHASE ORDER,STENT ENDOPROSTHESIS 29MM 135CM 8MM WALLSTENT MONORAIL CAROTID METAL CLOSED CELL RECONSTRAINABLE FLEXIBLE RADIOPAQUE ACCEPTS 5FR SHEATH 7FR GUIDE CATHETERM001719020M001719020,PMMPOS,ENDOPROSTHESIS OR WALL STENTS OR TUBES,M001719020,INTERVENTIONAL RADIOLOGY,01040146,ENDOVASCULAR STENTS,MSHS-CA-237,,STENT ENDOPROSTHESIS 29MM 135CM 8MM WALLSTENT MONORAIL CAROTID METAL CLOSED CELL RECONSTRAINABLE FLEXIBLE RADIOPAQUE ACCEPTS 5FR SHEATH 7FR GUIDE CATHETER,4249,M001719020,1,,1,1,1,1,1,2170,2170,101-101-11-21050-00000000000-0-0,NF,MSH MAIN PURCHASING,MSH MAIN PURCHASING,"ENDOPROSTHESIS OR WALL STENTS OR TUBES 
 
BOSTON SCIENTIFIC CORP",SYSTEM CREATED,M 0146 INTERVENTIONAL RADIOLOGY,"INTERVENTIONAL RADIOLOGY, 01040146",MOUNT SINAI HOSPITAL,ACTIVE,CLOSED,EDI,TRUE,TRUE,2170,M,MOUNT SINAI HOSPITAL,010401464249,False,MSHS-CA-237,Yes,,251643,BOSTON SCIENTIFIC CORP,BOSTON SCIENTIFIC CORP,1/EA,1,No, ,NO,4249, ENDOVASCULAR STENTS,11/15/2023 12:00:00 AM,CLOSED,9,2170,CLOSED,EACH,NF,11/15/2023 12:00:00 AM,MSIR027977,"RADIOLOGY REQ INTERFACE, INTERVENTIONAL",,,M 0146 INTERVENTIONAL RADIOLOGY,2170,2170,2170,STENTS,42295905,SURGICAL PRODUCTS,BOSTON SCIENTIFIC CORP,BSSCIS
BOSTON SCIENTIFIC CORP,2024,"INTERVENTIONAL RADIOLOGY, 01040146",MOUNT SINAI HOSPITAL,BOSTON SCIENTIFIC CORP,MEDICAL EQUIPMENT AND ACCESSORIES AND SUPPLIES,True,True,CLOSED,4249,"4249, ENDOVASCULAR STENTS",MOUNT SINAI HOSPITAL,Yes,M001719020,BOSTON SCIENTIFIC CORP,7/29/2024 12:00:00 AM,M2129461,PURCHASE ORDER,STENT ENDOPROSTHESIS 29MM 135CM 8MM WALLSTENT MONORAIL CAROTID METAL CLOSED CELL RECONSTRAINABLE FLEXIBLE RADIOPAQUE ACCEPTS 5FR SHEATH 7FR GUIDE CATHETERM001719020M001719020,PMMPOS,ENDOPROSTHESIS OR WALL STENTS OR TUBES,M001719020,INTERVENTIONAL RADIOLOGY,01040146,ENDOVASCULAR STENTS,MSHS-CA-237,,STENT ENDOPROSTHESIS 29MM 135CM 8MM WALLSTENT MONORAIL CAROTID METAL CLOSED CELL RECONSTRAINABLE FLEXIBLE RADIOPAQUE ACCEPTS 5FR SHEATH 7FR GUIDE CATHETER,4249,M001719020,2,,2,2,1,2,2,4340,4340,101-101-11-21050-00000000000-0-0,NF,MSH MAIN PURCHASING,MSH MAIN PURCHASING,"ENDOPROSTHESIS OR WALL STENTS OR TUBES 
 
BOSTON SCIENTIFIC CORP",SYSTEM CREATED,M 0146 INTERVENTIONAL RADIOLOGY,"INTERVENTIONAL RADIOLOGY, 01040146",MOUNT SINAI HOSPITAL,ACTIVE,CLOSED,EDI,TRUE,TRUE,4340,M,MOUNT SINAI HOSPITAL,010401464249,False,MSHS-CA-237,Yes,,251643,BOSTON SCIENTIFIC CORP,BOSTON SCIENTIFIC CORP,1/EA,1,No, ,NO,4249, ENDOVASCULAR STENTS,7/29/2024 12:00:00 AM,CLOSED,12,2170,CLOSED,EACH,NF,7/29/2024 12:00:00 AM,MSIR032181,"RADIOLOGY REQ INTERFACE, INTERVENTIONAL",,,M 0146 INTERVENTIONAL RADIOLOGY,4340,4340,4340,STENTS,42295905,SURGICAL PRODUCTS,BOSTON SCIENTIFIC CORP,BSSCIS
BOSTON SCIENTIFIC CORP,2023,"INTERVENTIONAL RADIOLOGY, 01040146",MOUNT SINAI HOSPITAL,BOSTON SCIENTIFIC CORP,MEDICAL EQUIPMENT AND ACCESSORIES AND SUPPLIES,True,True,CLOSED,4249,"4249, ENDOVASCULAR STENTS",MOUNT SINAI HOSPITAL,Yes,M001719020,BOSTON SCIENTIFIC CORP,8/17/2023 12:00:00 AM,M1999596,PURCHASE ORDER,STENT ENDOPROSTHESIS 29MM 135CM 8MM WALLSTENT MONORAIL CAROTID METAL CLOSED CELL RECONSTRAINABLE FLEXIBLE RADIOPAQUE ACCEPTS 5FR SHEATH 7FR GUIDE CATHETERM001719020M001719020,PMMPOS,ENDOPROSTHESIS OR WALL STENTS OR TUBES,M001719020,INTERVENTIONAL RADIOLOGY,01040146,ENDOVASCULAR STENTS,MSHS-CA-237,,STENT ENDOPROSTHESIS 29MM 135CM 8MM WALLSTENT MONORAIL CAROTID METAL CLOSED CELL RECONSTRAINABLE FLEXIBLE RADIOPAQUE ACCEPTS 5FR SHEATH 7FR GUIDE CATHETER,4249,M001719020,1,,1,1,1,1,1,2170,2170,101-101-11-21050-00000000000-0-0,NF,MSH MAIN PURCHASING,MSH MAIN PURCHASING,"ENDOPROSTHESIS OR WALL STENTS OR TUBES 
 
BOSTON SCIENTIFIC CORP",SYSTEM CREATED,M 0146 INTERVENTIONAL RADIOLOGY,"INTERVENTIONAL RADIOLOGY, 01040146",MOUNT SINAI HOSPITAL,ACTIVE,CLOSED,EDI,TRUE,TRUE,2170,M,MOUNT SINAI HOSPITAL,010401464249,False,MSHS-CA-237,Yes,,251643,BOSTON SCIENTIFIC CORP,BOSTON SCIENTIFIC CORP,1/EA,1,No, ,NO,4249, ENDOVASCULAR STENTS,8/17/2023 12:00:00 AM,CLOSED,2,2170,CLOSED,EACH,NF,8/17/2023 12:00:00 AM,MSIR026518,"RADIOLOGY REQ INTERFACE, INTERVENTIONAL",,,M 0146 INTERVENTIONAL RADIOLOGY,2170,2170,2170,STENTS,42295905,SURGICAL PRODUCTS,BOSTON SCIENTIFIC CORP,BSSCIS
BOSTON SCIENTIFIC CORP,2023,"INTERVENTIONAL RADIOLOGY, 01040146",MOUNT SINAI HOSPITAL,BOSTON SCIENTIFIC CORP,ENDOVASCULAR STENTS,True,True,CLOSED,4249,"4249, ENDOVASCULAR STENTS",MOUNT SINAI HOSPITAL,Yes,M001719020,BOSTON SCIENTIFIC CORP,5/23/2023 12:00:00 AM,M1967819,PURCHASE ORDER,STENT ENDOPROSTHESIS 29MM 135CM 8MM WALLSTENT MONORAIL CAROTID METAL CLOSED CELL RECONSTRAINABLE FLEXIBLE RADIOPAQUE ACCEPTS 5FR SHEATH 7FR GUIDE CATHETERM001719020M001719020,PMMPOS,ENDOVASCULAR STENTS,M001719020,INTERVENTIONAL RADIOLOGY,01040146,ENDOVASCULAR STENTS,MSHS-CA-237,,STENT ENDOPROSTHESIS 29MM 135CM 8MM WALLSTENT MONORAIL CAROTID METAL CLOSED CELL RECONSTRAINABLE FLEXIBLE RADIOPAQUE ACCEPTS 5FR SHEATH 7FR GUIDE CATHETER,4249,M001719020,1,,1,1,1,1,1,2170,2170,101-101-11-21050-00000000000-0-0,NF,MSH MAIN PURCHASING,MSH MAIN PURCHASING,"ENDOVASCULAR STENTS 
 
BOSTON SCIENTIFIC CORP",SYSTEM CREATED,M 0146 INTERVENTIONAL RADIOLOGY,"INTERVENTIONAL RADIOLOGY, 01040146",MOUNT SINAI HOSPITAL,ACTIVE,CLOSED,EDI,TRUE,TRUE,2170,M,MOUNT SINAI HOSPITAL,010401464249,False,MSHS-CA-237,Yes,,251643,BOSTON SCIENTIFIC CORP,BOSTON SCIENTIFIC CORP,NF,1,No, ,NO,4249, ENDOVASCULAR STENTS,5/23/2023 12:00:00 AM,CLOSED,2,2170,CLOSED,EACH,NF,5/23/2023 12:00:00 AM,MSIR024984,"RADIOLOGY REQ INTERFACE, INTERVENTIONAL",,,M 0146 INTERVENTIONAL RADIOLOGY,2170,2170,2170,NF,NF,NF,BOSTON SCIENTIFIC CORP,BSSCIS
BOSTON SCIENTIFIC CORP,2024,"RADIOLOGY NEURO INTERVENTIONAL, 21052",MOUNT SINAI WEST,BOSTON SCIENTIFIC,IMPLANTS,True,True,CLOSED,903030,"903030, IMPLANTS",MOUNT SINAI WEST,Yes,M001719020,BOSTON SCIENTIFIC,11/5/2024 12:00:00 AM,W1007828,GOODS,STENT ENDOPROSTHESIS 29MM 135CM 8MM WALLSTENT MONORAIL CAROTID METAL CLOSED CELL RECONSTRAINABLE FLEXIBLE RADIOPAQUE ACCEPTS 5FR SHEATH 7FR GUIDE CATHETERM001719020M001719020,ORAPOS,IMPLANTS,M001719020,RADIOLOGY NEURO INTERVENTIONAL,21052,IMPLANTS,MSHS-CA-237,,STENT ENDOPROSTHESIS 29MM 135CM 8MM WALLSTENT MONORAIL CAROTID METAL CLOSED CELL RECONSTRAINABLE FLEXIBLE RADIOPAQUE ACCEPTS 5FR SHEATH 7FR GUIDE CATHETER,903030,M001719020,1,1,1,1,,,,2170,2170,NF,NF,PERNELL JOURNEE,PERNELL JOURNEE,"IMPLANTS 
 
BOSTON SCIENTIFIC",Y,1000 10TH AVE RM 4C-12 RAD NEURO INTRVNTNL,"RADIOLOGY NEURO INTERVENTIONAL, 21052",MOUNT SINAI WEST,ACTIVE,CLOSED,EDI,TRUE,TRUE,2170,MOUNT SINAI - WEST,MOUNT SINAI WEST,301-301-11-21052-903030-00000000000-000-0000-000-00000-00000----,False,MSHS-CA-237,Yes,2170,8013950,BOSTON SCIENTIFIC,BOSTON SCIENTIFIC,NF,1,No, ,NO,903030, IMPLANTS,11/5/2024 12:00:00 AM,CLOSED,1-1-1,2170,CLOSED,EACH,NF,11/5/2024 12:00:00 AM,W3233,MCLEOD KENRICK,,,MOUNT SINAI WEST - RECVG MAIN,2170,2170,2170,NF,NF,NF,BOSTON SCIENTIFIC CORP,3160
BOSTON SCIENTIFIC CORP,2025,"RADIOLOGY NEURO INTERVENTIONAL, 21052",MOUNT SINAI WEST,BOSTON SCIENTIFIC,IMPLANTS,True,True,CLOSED,903030,"903030, IMPLANTS",MOUNT SINAI WEST,Yes,M001719020,BOSTON SCIENTIFIC,2/3/2025 12:00:00 AM,W1030480,GOODS,STENT ENDOPROSTHESIS 29MM 135CM 8MM WALLSTENT MONORAIL CAROTID METAL CLOSED CELL RECONSTRAINABLE FLEXIBLE RADIOPAQUE ACCEPTS 5FR SHEATH 7FR GUIDE CATHETERM001719020M001719020,ORAPOS,IMPLANTS,M001719020,RADIOLOGY NEURO INTERVENTIONAL,21052,IMPLANTS,MSHS-CA-237,,STENT ENDOPROSTHESIS 29MM 135CM 8MM WALLSTENT MONORAIL CAROTID METAL CLOSED CELL RECONSTRAINABLE FLEXIBLE RADIOPAQUE ACCEPTS 5FR SHEATH 7FR GUIDE CATHETER,903030,M001719020,1,1,1,1,,,,2170,2170,NF,NF,PERNELL JOURNEE,PERNELL JOURNEE,"IMPLANTS 
 
BOSTON SCIENTIFIC",Y,1000 10TH AVE RM 4C-12 RAD NEURO INTRVNTNL,"RADIOLOGY NEURO INTERVENTIONAL, 21052",MOUNT SINAI WEST,ACTIVE,CLOSED,EDI,TRUE,TRUE,2170,MOUNT SINAI - WEST,MOUNT SINAI WEST,301-301-11-21052-903030-00000000000-000-0000-000-00000-00000----,False,MSHS-CA-237,Yes,2170,8013950,BOSTON SCIENTIFIC,BOSTON SCIENTIFIC,NF,1,No, ,NO,903030, IMPLANTS,2/3/2025 12:00:00 AM,CLOSED,1-1-1,2170,CLOSED,EACH,NF,2/3/2025 12:00:00 AM,W11488,MCLEOD KENRICK,,,MOUNT SINAI WEST - RECVG MAIN,2170,2170,2170,NF,NF,NF,BOSTON SCIENTIFIC CORP,3160
BOSTON SCIENTIFIC CORP,2025,"RADIOLOGY NEURO INTERVENTIONAL, 21052",MOUNT SINAI WEST,BOSTON SCIENTIFIC,IMPLANTS,True,True,CLOSED,903030,"903030, IMPLANTS",MOUNT SINAI WEST,Yes,M001719020,BOSTON SCIENTIFIC,1/23/2025 12:00:00 AM,W1027483,GOODS,STENT ENDOPROSTHESIS 29MM 135CM 8MM WALLSTENT MONORAIL CAROTID METAL CLOSED CELL RECONSTRAINABLE FLEXIBLE RADIOPAQUE ACCEPTS 5FR SHEATH 7FR GUIDE CATHETERM001719020M001719020,ORAPOS,IMPLANTS,M001719020,RADIOLOGY NEURO INTERVENTIONAL,21052,IMPLANTS,MSHS-CA-237,,STENT ENDOPROSTHESIS 29MM 135CM 8MM WALLSTENT MONORAIL CAROTID METAL CLOSED CELL RECONSTRAINABLE FLEXIBLE RADIOPAQUE ACCEPTS 5FR SHEATH 7FR GUIDE CATHETER,903030,M001719020,1,1,1,1,,,,2170,2170,NF,NF,PERNELL JOURNEE,PERNELL JOURNEE,"IMPLANTS 
 
BOSTON SCIENTIFIC",Y,1000 10TH AVE RM 4C-12 RAD NEURO INTRVNTNL,"RADIOLOGY NEURO INTERVENTIONAL, 21052",MOUNT SINAI WEST,ACTIVE,CLOSED,EDI,TRUE,TRUE,2170,MOUNT SINAI - WEST,MOUNT SINAI WEST,301-301-11-21052-903030-00000000000-000-0000-000-00000-00000----,False,MSHS-CA-237,Yes,2170,8013950,BOSTON SCIENTIFIC,BOSTON SCIENTIFIC,NF,1,No, ,NO,903030, IMPLANTS,1/23/2025 12:00:00 AM,CLOSED,1-1-1,2170,CLOSED,EACH,NF,1/23/2025 12:00:00 AM,W10414,MCLEOD KENRICK,,,MOUNT SINAI WEST - RECVG MAIN,2170,2170,2170,NF,NF,NF,BOSTON SCIENTIFIC CORP,3160
BOSTON SCIENTIFIC CORP,2024,"RADIOLOGY NEURO INTERVENTIONAL, 21052",MOUNT SINAI WEST,BOSTON SCIENTIFIC,IMPLANTS,True,True,CLOSED,903030,"903030, IMPLANTS",MOUNT SINAI WEST,Yes,M001719020,BOSTON SCIENTIFIC,10/30/2024 12:00:00 AM,W1006415,GOODS,STENT ENDOPROSTHESIS 29MM 135CM 8MM WALLSTENT MONORAIL CAROTID METAL CLOSED CELL RECONSTRAINABLE FLEXIBLE RADIOPAQUE ACCEPTS 5FR SHEATH 7FR GUIDE CATHETERM001719020M001719020,ORAPOS,IMPLANTS,M001719020,RADIOLOGY NEURO INTERVENTIONAL,21052,IMPLANTS,MSHS-CA-237,,STENT ENDOPROSTHESIS 29MM 135CM 8MM WALLSTENT MONORAIL CAROTID METAL CLOSED CELL RECONSTRAINABLE FLEXIBLE RADIOPAQUE ACCEPTS 5FR SHEATH 7FR GUIDE CATHETER,903030,M001719020,1,1,1,1,,,,2170,2170,NF,NF,PERNELL JOURNEE,PERNELL JOURNEE,"IMPLANTS 
 
BOSTON SCIENTIFIC",Y,1000 10TH AVE RM 4C-12 RAD NEURO INTRVNTNL,"RADIOLOGY NEURO INTERVENTIONAL, 21052",MOUNT SINAI WEST,ACTIVE,CLOSED,EDI,TRUE,TRUE,2170,MOUNT SINAI - WEST,MOUNT SINAI WEST,301-301-11-21052-903030-00000000000-000-0000-000-00000-00000----,False,MSHS-CA-237,Yes,2170,8013950,BOSTON SCIENTIFIC,BOSTON SCIENTIFIC,NF,1,No, ,NO,903030, IMPLANTS,10/30/2024 12:00:00 AM,CLOSED,2-1-1,2170,CLOSED,EACH,NF,10/30/2024 12:00:00 AM,W2577,MCLEOD KENRICK,,,MOUNT SINAI WEST - RECVG MAIN,2170,2170,2170,NF,NF,NF,BOSTON SCIENTIFIC CORP,3160
BOSTON SCIENTIFIC CORP,2024,"RADIOLOGY NEURO INTERVENTIONAL, 21052",MOUNT SINAI WEST,BOSTON SCIENTIFIC CORP,MEDICAL EQUIPMENT AND ACCESSORIES AND SUPPLIES,True,True,PROCESSED,903045,"903045, OPERATING RM IOL -ASU - OTHER",MOUNT SINAI WEST,Yes,M001719020,BOSTON SCIENTIFIC CORP,2/26/2024 12:00:00 AM,1435944,GOODS,STENT ENDOPROSTHESIS 29MM 135CM 8MM WALLSTENT MONORAIL CAROTID METAL CLOSED CELL RECONSTRAINABLE FLEXIBLE RADIOPAQUE ACCEPTS 5FR SHEATH 7FR GUIDE CATHETERM001719020M001719020,ORAPOS,ENDOPROSTHESIS OR WALL STENTS OR TUBES,M001719020,RADIOLOGY NEURO INTERVENTIONAL,21052,OPERATING RM IOL -ASU - OTHER,MSHS-CA-237,,STENT ENDOPROSTHESIS 29MM 135CM 8MM WALLSTENT MONORAIL CAROTID METAL CLOSED CELL RECONSTRAINABLE FLEXIBLE RADIOPAQUE ACCEPTS 5FR SHEATH 7FR GUIDE CATHETER,903045,M001719020,1,1,1,1,1,1,1,2170,2170,301-301-11-21052-00000000000-0-0,NF,PERNELL   JOURNEE,"PERNELL, JOURNEE","ENDOPROSTHESIS OR WALL STENTS OR TUBES 
 
BOSTON SCIENTIFIC CORP",SYSTEM CREATED,RH 9368 1109,"RADIOLOGY NEURO INTERVENTIONAL, 21052",MOUNT SINAI WEST,ACTIVE,CLOSED,EDI,TRUE,TRUE,2170,CHP,MOUNT SINAI WEST,1109-900150-01-9368-0000000000-0000-000-000,False,MSHS-CA-237,Yes,2170,8013950,BOSTON SCIENTIFIC CORP,BOSTON SCIENTIFIC CORP,EA1,1,No, ,NO,903045, OPERATING RM IOL -ASU - OTHER,2/26/2024 12:00:00 AM,CLOSED,1-1-1,2170,APPROVED,EACH,NF,2/26/2024 12:00:00 AM,3321196,"MCLEOD, KENRICK CHRISTOPHER",,,RH ROOSEVELT,2170,2170,2170,STENTS,42295905,SURGICAL PRODUCTS,BOSTON SCIENTIFIC CORP,3160
BOSTON SCIENTIFIC CORP,2023,"INTERVENTIONAL RADIOLOGY, 21050",MOUNT SINAI HOSPITAL,BOSTON SCIENTIFIC CORP,MEDICAL EQUIPMENT AND ACCESSORIES AND SUPPLIES,True,True,CLOSED,903023,"903023, ENDOVASCULAR STENTS",MOUNT SINAI HOSPITAL,Yes,M001719020,BOSTON SCIENTIFIC CORP,11/13/2023 12:00:00 AM,M2032390,PURCHASE ORDER,STENT ENDOPROSTHESIS 29MM 135CM 8MM WALLSTENT MONORAIL CAROTID METAL CLOSED CELL RECONSTRAINABLE FLEXIBLE RADIOPAQUE ACCEPTS 5FR SHEATH 7FR GUIDE CATHETERM001719020M001719020,PMMPOS,ENDOPROSTHESIS OR WALL STENTS OR TUBES,M001719020,INTERVENTIONAL RADIOLOGY,21050,ENDOVASCULAR STENTS,MSHS-CA-237,,STENT ENDOPROSTHESIS 29MM 135CM 8MM WALLSTENT MONORAIL CAROTID METAL CLOSED CELL RECONSTRAINABLE FLEXIBLE RADIOPAQUE ACCEPTS 5FR SHEATH 7FR GUIDE CATHETER,903023,M001719020,0,0,0,1,1,1,0,1,1,NF,NF,MSH MAIN PURCHASING,MSH MAIN PURCHASING,"ENDOPROSTHESIS OR WALL STENTS OR TUBES 
 
BOSTON SCIENTIFIC CORP",SYSTEM CREATED,21050 INTERVENTIONAL RADIOLOGY,"INTERVENTIONAL RADIOLOGY, 21050",MOUNT SINAI HOSPITAL,NONCAT,CLOSED,EDI,TRUE,TRUE,1,M,MOUNT SINAI HOSPITAL,101-101-11-21050-903023-00000000000-000-0000-000-00000-00000----,False,MSHS-CA-237,Yes,0,251643,BOSTON SCIENTIFIC CORP,BOSTON SCIENTIFIC CORP,1/EA,1,No, ,NO,903023, ENDOVASCULAR STENTS,11/13/2023 12:00:00 AM,CLOSED FOR RECEIVING,1,1,CLOSED FOR RECEIVING,EACH,NF,11/13/2023 12:00:00 AM,MSIR027926,"RADIOLOGY REQ INTERFACE, INTERVENTIONAL",,,MOUNT SINAI HOSPITAL - RECVG MAIN,1,0,1,STENTS,42295905,SURGICAL PRODUCTS,BOSTON SCIENTIFIC CORP,BSSCIS
BOSTON SCIENTIFIC CORP,2023,"STROKE PROGRAM, 01301735",MOUNT SINAI QUEENS,BOSTON SCIENTIFIC CORP,MEDICAL EQUIPMENT AND ACCESSORIES AND SUPPLIES,True,True,CLOSED,4249,"4249, ENDOVASCULAR STENTS",MOUNT SINAI QUEENS,Yes,M001719020,BOSTON SCIENTIFIC CORP,6/8/2023 12:00:00 AM,Q1973194,PURCHASE ORDER,STENT ENDOPROSTHESIS 29MM 135CM 8MM WALLSTENT MONORAIL CAROTID METAL CLOSED CELL RECONSTRAINABLE FLEXIBLE RADIOPAQUE ACCEPTS 5FR SHEATH 7FR GUIDE CATHETERM001719020M001719020,PMMPOS,ENDOPROSTHESIS OR WALL STENTS OR TUBES,M001719020,STROKE PROGRAM,01301735,ENDOVASCULAR STENTS,MSHS-CA-237,,STENT ENDOPROSTHESIS 29MM 135CM 8MM WALLSTENT MONORAIL CAROTID METAL CLOSED CELL RECONSTRAINABLE FLEXIBLE RADIOPAQUE ACCEPTS 5FR SHEATH 7FR GUIDE CATHETER,4249,M001719020,1,,1,1,1,1,1,2170,2170,102-107-11-13055-00000000000-0-0,NF,MSQ MAIN PURCHASING,MSQ MAIN PURCHASING,"ENDOPROSTHESIS OR WALL STENTS OR TUBES 
 
BOSTON SCIENTIFIC CORP",SYSTEM CREATED,Q 1735 STROKE PROGRAM 25-10 30TH AVE,"STROKE PROGRAM, 01301735",MOUNT SINAI QUEENS,ACTIVE,CLOSED,EDI,TRUE,TRUE,2170,Q,MOUNT SINAI QUEENS,013017354249,False,MSHS-CA-237,Yes,,251643,BOSTON SCIENTIFIC CORP,BOSTON SCIENTIFIC CORP,1/EA,1,No, ,NO,4249, ENDOVASCULAR STENTS,6/8/2023 12:00:00 AM,CLOSED,3,2170,CLOSED,EACH,NF,6/8/2023 12:00:00 AM,MQSC-001630,QSIGHT QUEENS  REQ INTERFACE,,,Q 1735 STROKE PROGRAM 25-10 30TH AVE,2170,2170,2170,STENTS,42295905,SURGICAL PRODUCTS,BOSTON SCIENTIFIC CORP,BSSCIS
BOSTON SCIENTIFIC CORP,2023,"INTERVENTIONAL RADIOLOGY, 01040146",MOUNT SINAI HOSPITAL,BOSTON SCIENTIFIC CORP,MEDICAL EQUIPMENT AND ACCESSORIES AND SUPPLIES,True,True,CLOSED,4249,"4249, ENDOVASCULAR STENTS",MOUNT SINAI HOSPITAL,Yes,M001719020,BOSTON SCIENTIFIC CORP,4/7/2023 12:00:00 AM,M1951135,PURCHASE ORDER,STENT ENDOPROSTHESIS 29MM 135CM 8MM WALLSTENT MONORAIL CAROTID METAL CLOSED CELL RECONSTRAINABLE FLEXIBLE RADIOPAQUE ACCEPTS 5FR SHEATH 7FR GUIDE CATHETERM001719020M001719020,PMMPOS,ENDOPROSTHESIS OR WALL STENTS OR TUBES,M001719020,INTERVENTIONAL RADIOLOGY,01040146,ENDOVASCULAR STENTS,MSHS-CA-237,,STENT ENDOPROSTHESIS 29MM 135CM 8MM WALLSTENT MONORAIL CAROTID METAL CLOSED CELL RECONSTRAINABLE FLEXIBLE RADIOPAQUE ACCEPTS 5FR SHEATH 7FR GUIDE CATHETER,4249,M001719020,1,,1,1,1,1,1,2170,2170,101-101-11-21050-00000000000-0-0,NF,MSH MAIN PURCHASING,MSH MAIN PURCHASING,"ENDOPROSTHESIS OR WALL STENTS OR TUBES 
 
BOSTON SCIENTIFIC CORP",SYSTEM CREATED,M 0146 INTERVENTIONAL RADIOLOGY,"INTERVENTIONAL RADIOLOGY, 01040146",MOUNT SINAI HOSPITAL,ACTIVE,CLOSED,EDI,TRUE,TRUE,2170,M,MOUNT SINAI HOSPITAL,010401464249,False,MSHS-CA-237,Yes,,251643,BOSTON SCIENTIFIC CORP,BOSTON SCIENTIFIC CORP,1/EA,1,No, ,NO,4249, ENDOVASCULAR STENTS,4/7/2023 12:00:00 AM,CLOSED,11,2170,CLOSED,EACH,NF,4/7/2023 12:00:00 AM,MSIR024148,"RADIOLOGY REQ INTERFACE, INTERVENTIONAL",,,M 0146 INTERVENTIONAL RADIOLOGY,2170,2170,2170,STENTS,42295905,SURGICAL PRODUCTS,BOSTON SCIENTIFIC CORP,BSSCIS
BOSTON SCIENTIFIC CORP,2024,"INTERVENTIONAL RADIOLOGY, 01040146",MOUNT SINAI HOSPITAL,BOSTON SCIENTIFIC CORP,MEDICAL EQUIPMENT AND ACCESSORIES AND SUPPLIES,True,True,CLOSED,4249,"4249, ENDOVASCULAR STENTS",MOUNT SINAI HOSPITAL,Yes,M001719020,BOSTON SCIENTIFIC CORP,2/5/2024 12:00:00 AM,M2063162,PURCHASE ORDER,STENT ENDOPROSTHESIS 29MM 135CM 8MM WALLSTENT MONORAIL CAROTID METAL CLOSED CELL RECONSTRAINABLE FLEXIBLE RADIOPAQUE ACCEPTS 5FR SHEATH 7FR GUIDE CATHETERM001719020M001719020,PMMPOS,ENDOPROSTHESIS OR WALL STENTS OR TUBES,M001719020,INTERVENTIONAL RADIOLOGY,01040146,ENDOVASCULAR STENTS,MSHS-CA-237,,STENT ENDOPROSTHESIS 29MM 135CM 8MM WALLSTENT MONORAIL CAROTID METAL CLOSED CELL RECONSTRAINABLE FLEXIBLE RADIOPAQUE ACCEPTS 5FR SHEATH 7FR GUIDE CATHETER,4249,M001719020,1,,1,1,1,1,1,2170,2170,101-101-11-21050-00000000000-0-0,NF,MSH MAIN PURCHASING,MSH MAIN PURCHASING,"ENDOPROSTHESIS OR WALL STENTS OR TUBES 
 
BOSTON SCIENTIFIC CORP",SYSTEM CREATED,M 0146 INTERVENTIONAL RADIOLOGY,"INTERVENTIONAL RADIOLOGY, 01040146",MOUNT SINAI HOSPITAL,ACTIVE,CLOSED,EDI,TRUE,TRUE,2170,M,MOUNT SINAI HOSPITAL,010401464249,False,MSHS-CA-237,Yes,,251643,BOSTON SCIENTIFIC CORP,BOSTON SCIENTIFIC CORP,1/EA,1,No, ,NO,4249, ENDOVASCULAR STENTS,2/5/2024 12:00:00 AM,CLOSED,4,2170,CLOSED,EACH,NF,2/5/2024 12:00:00 AM,MSIR029327,"RADIOLOGY REQ INTERFACE, INTERVENTIONAL",,,M 0146 INTERVENTIONAL RADIOLOGY,2170,2170,2170,STENTS,42295905,SURGICAL PRODUCTS,BOSTON SCIENTIFIC CORP,BSSCIS
BOSTON SCIENTIFIC CORP,2023,"INTERVENTIONAL RADIOLOGY, 01040146",MOUNT SINAI HOSPITAL,BOSTON SCIENTIFIC CORP,MEDICAL EQUIPMENT AND ACCESSORIES AND SUPPLIES,True,True,CLOSED,4249,"4249, ENDOVASCULAR STENTS",MOUNT SINAI HOSPITAL,Yes,M001719020,BOSTON SCIENTIFIC CORP,2/4/2023 12:00:00 AM,M1928537,PURCHASE ORDER,STENT ENDOPROSTHESIS 29MM 135CM 8MM WALLSTENT MONORAIL CAROTID METAL CLOSED CELL RECONSTRAINABLE FLEXIBLE RADIOPAQUE ACCEPTS 5FR SHEATH 7FR GUIDE CATHETERM001719020M001719020,PMMPOS,ENDOPROSTHESIS OR WALL STENTS OR TUBES,M001719020,INTERVENTIONAL RADIOLOGY,01040146,ENDOVASCULAR STENTS,MSHS-CA-237,,STENT ENDOPROSTHESIS 29MM 135CM 8MM WALLSTENT MONORAIL CAROTID METAL CLOSED CELL RECONSTRAINABLE FLEXIBLE RADIOPAQUE ACCEPTS 5FR SHEATH 7FR GUIDE CATHETER,4249,M001719020,1,,1,1,1,1,1,2170,2170,101-101-11-21050-00000000000-0-0,NF,MSH MAIN PURCHASING,MSH MAIN PURCHASING,"ENDOPROSTHESIS OR WALL STENTS OR TUBES 
 
BOSTON SCIENTIFIC CORP",SYSTEM CREATED,M 0146 INTERVENTIONAL RADIOLOGY,"INTERVENTIONAL RADIOLOGY, 01040146",MOUNT SINAI HOSPITAL,ACTIVE,CLOSED,EDI,TRUE,TRUE,2170,M,MOUNT SINAI HOSPITAL,010401464249,False,MSHS-CA-237,Yes,,251643,BOSTON SCIENTIFIC CORP,BOSTON SCIENTIFIC CORP,1/EA,1,No, ,NO,4249, ENDOVASCULAR STENTS,2/4/2023 12:00:00 AM,CLOSED,1,2170,CLOSED,EACH,NF,2/3/2023 12:00:00 AM,MSIR023186,"RADIOLOGY REQ INTERFACE, INTERVENTIONAL",,,M 0146 INTERVENTIONAL RADIOLOGY,2170,2170,2170,STENTS,42295905,SURGICAL PRODUCTS,BOSTON SCIENTIFIC CORP,BSSCIS
BOSTON SCIENTIFIC CORP,2023,"INTERVENTIONAL RADIOLOGY, 01040146",MOUNT SINAI HOSPITAL,BOSTON SCIENTIFIC CORP,MEDICAL EQUIPMENT AND ACCESSORIES AND SUPPLIES,True,True,CLOSED,4249,"4249, ENDOVASCULAR STENTS",MOUNT SINAI HOSPITAL,Yes,M001719020,BOSTON SCIENTIFIC CORP,9/7/2023 12:00:00 AM,M2006822,PURCHASE ORDER,STENT ENDOPROSTHESIS 29MM 135CM 8MM WALLSTENT MONORAIL CAROTID METAL CLOSED CELL RECONSTRAINABLE FLEXIBLE RADIOPAQUE ACCEPTS 5FR SHEATH 7FR GUIDE CATHETERM001719020M001719020,PMMPOS,ENDOPROSTHESIS OR WALL STENTS OR TUBES,M001719020,INTERVENTIONAL RADIOLOGY,01040146,ENDOVASCULAR STENTS,MSHS-CA-237,,STENT ENDOPROSTHESIS 29MM 135CM 8MM WALLSTENT MONORAIL CAROTID METAL CLOSED CELL RECONSTRAINABLE FLEXIBLE RADIOPAQUE ACCEPTS 5FR SHEATH 7FR GUIDE CATHETER,4249,M001719020,1,,1,1,1,1,1,2170,2170,101-101-11-21050-00000000000-0-0,NF,MSH MAIN PURCHASING,MSH MAIN PURCHASING,"ENDOPROSTHESIS OR WALL STENTS OR TUBES 
 
BOSTON SCIENTIFIC CORP",SYSTEM CREATED,M 0146 INTERVENTIONAL RADIOLOGY,"INTERVENTIONAL RADIOLOGY, 01040146",MOUNT SINAI HOSPITAL,ACTIVE,CLOSED,EDI,TRUE,TRUE,2170,M,MOUNT SINAI HOSPITAL,010401464249,False,MSHS-CA-237,Yes,,251643,BOSTON SCIENTIFIC CORP,BOSTON SCIENTIFIC CORP,1/EA,1,No, ,NO,4249, ENDOVASCULAR STENTS,9/7/2023 12:00:00 AM,CLOSED,8,2170,CLOSED,EACH,NF,9/7/2023 12:00:00 AM,MSIR026844,"RADIOLOGY REQ INTERFACE, INTERVENTIONAL",,,M 0146 INTERVENTIONAL RADIOLOGY,2170,2170,2170,STENTS,42295905,SURGICAL PRODUCTS,BOSTON SCIENTIFIC CORP,BSSCIS
BOSTON SCIENTIFIC CORP,2023,"INTERVENTIONAL RADIOLOGY, 01040146",MOUNT SINAI HOSPITAL,BOSTON SCIENTIFIC CORP,ENDOVASCULAR STENTS,True,True,CLOSED,4249,"4249, ENDOVASCULAR STENTS",MOUNT SINAI HOSPITAL,Yes,M001719020,BOSTON SCIENTIFIC CORP,5/22/2023 12:00:00 AM,M1967152,PURCHASE ORDER,STENT ENDOPROSTHESIS 29MM 135CM 8MM WALLSTENT MONORAIL CAROTID METAL CLOSED CELL RECONSTRAINABLE FLEXIBLE RADIOPAQUE ACCEPTS 5FR SHEATH 7FR GUIDE CATHETERM001719020M001719020,PMMPOS,ENDOVASCULAR STENTS,M001719020,INTERVENTIONAL RADIOLOGY,01040146,ENDOVASCULAR STENTS,MSHS-CA-237,,STENT ENDOPROSTHESIS 29MM 135CM 8MM WALLSTENT MONORAIL CAROTID METAL CLOSED CELL RECONSTRAINABLE FLEXIBLE RADIOPAQUE ACCEPTS 5FR SHEATH 7FR GUIDE CATHETER,4249,M001719020,1,,1,1,1,1,1,2170,2170,101-101-11-21050-00000000000-0-0,NF,MSH MAIN PURCHASING,MSH MAIN PURCHASING,"ENDOVASCULAR STENTS 
 
BOSTON SCIENTIFIC CORP",SYSTEM CREATED,M 0146 INTERVENTIONAL RADIOLOGY,"INTERVENTIONAL RADIOLOGY, 01040146",MOUNT SINAI HOSPITAL,ACTIVE,CLOSED,EDI,TRUE,TRUE,2170,M,MOUNT SINAI HOSPITAL,010401464249,False,MSHS-CA-237,Yes,,251643,BOSTON SCIENTIFIC CORP,BOSTON SCIENTIFIC CORP,NF,1,No, ,NO,4249, ENDOVASCULAR STENTS,5/22/2023 12:00:00 AM,CLOSED,5,2170,CLOSED,EACH,NF,5/22/2023 12:00:00 AM,MSIR024941,"RADIOLOGY REQ INTERFACE, INTERVENTIONAL",,,M 0146 INTERVENTIONAL RADIOLOGY,2170,2170,2170,NF,NF,NF,BOSTON SCIENTIFIC CORP,BSSCIS
BOSTON SCIENTIFIC CORP,2024,"Cerebral Vascular Center, 3396",S NASSAU,BOSTON SCIENTIFIC CORPORATION,MED SURG SUPPLIES,True,True,CLOSED,,,S NASSAU,Yes,M001719020,BOSTON SCIENTIFIC CORPORATION,9/24/2024 12:00:00 AM,8350577,Non-Stock-Non-Stock_,CAROTID WALLSTENT 8X29X135M001719020M001719020,LAWPOS,MED SURG SUPPLIES,M001719020,Cerebral Vascular Center,3396,Med Surg Supplies,MSHS-CA-237,,CAROTID WALLSTENT 8X29X135,,M001719020,,1,,1,,,0,2170,2170,,,Isa Shachove,Isa Shachove,"MED SURG SUPPLIES 
 
BOSTON SCIENTIFIC CORPORATION",,MM - Store Room,"Cerebral Vascular Center, 3396",S NASSAU,,CLOSED,,FALSE,FALSE,2170,,S NASSAU,,False,MSHS-CA-237,Yes,2170,77877,BOSTON SCIENTIFIC CORPORATION,BOSTON SCIENTIFIC CORPORATION,,,No, ,NO,,,,CLOSED,1,2170,CLOSED,EA,NF,,,Christopher Nastri,,,STORE,2170,2170,2170,,,,BOSTON SCIENTIFIC CORP,4049
BOSTON SCIENTIFIC CORP,2025,"INTERVENTIONAL RADIOLOGY, 21050",MOUNT SINAI HOSPITAL,BOSTON SCIENTIFIC,IMPLANTS,True,True,CLOSED,903030,"903030, IMPLANTS",MOUNT SINAI HOSPITAL,Yes,M001719020,BOSTON SCIENTIFIC,1/23/2025 12:00:00 AM,M3046492,GOODS,STENT ENDOPROSTHESIS 29MM 135CM 8MM WALLSTENT MONORAIL CAROTID METAL CLOSED CELL RECONSTRAINABLE FLEXIBLE RADIOPAQUE ACCEPTS 5FR SHEATH 7FR GUIDE CATHETERM001719020M001719020,ORAPOS,IMPLANTS,M001719020,INTERVENTIONAL RADIOLOGY,21050,IMPLANTS,MSHS-CA-237,,STENT ENDOPROSTHESIS 29MM 135CM 8MM WALLSTENT MONORAIL CAROTID METAL CLOSED CELL RECONSTRAINABLE FLEXIBLE RADIOPAQUE ACCEPTS 5FR SHEATH 7FR GUIDE CATHETER,903030,M001719020,1,1,1,1,,,,2170,2170,NF,NF,VEGA WILLIAM,VEGA WILLIAM,"IMPLANTS 
 
BOSTON SCIENTIFIC",Y,21050 INTERVENTIONAL RADIOLOGY,"INTERVENTIONAL RADIOLOGY, 21050",MOUNT SINAI HOSPITAL,ACTIVE,CLOSED,EDI,TRUE,TRUE,2170,MOUNT SINAI HOSPITAL,MOUNT SINAI HOSPITAL,101-101-11-21050-903030-00000000000-000-0000-000-00000-00000----,False,MSHS-CA-237,Yes,2170,8013950,BOSTON SCIENTIFIC,BOSTON SCIENTIFIC,NF,1,No, ,NO,903030, IMPLANTS,1/23/2025 12:00:00 AM,CLOSED,4-1-1,2170,CLOSED,EACH,NF,1/23/2025 12:00:00 AM,QS10302248,BAUTISTA RONALD,,,MOUNT SINAI HOSPITAL - RECVG MAIN,2170,2170,2170,NF,NF,NF,BOSTON SCIENTIFIC CORP,3160
BOSTON SCIENTIFIC CORP,2024,"RADIOLOGY NEURO INTERVENTIONAL, 21052",MOUNT SINAI WEST,BOSTON SCIENTIFIC CORP,MEDICAL EQUIPMENT AND ACCESSORIES AND SUPPLIES,True,True,PROCESSED,903045,"903045, OPERATING RM IOL -ASU - OTHER",MOUNT SINAI WEST,Yes,M001719020,BOSTON SCIENTIFIC CORP,1/2/2024 12:00:00 AM,1426546,GOODS,STENT ENDOPROSTHESIS 29MM 135CM 8MM WALLSTENT MONORAIL CAROTID METAL CLOSED CELL RECONSTRAINABLE FLEXIBLE RADIOPAQUE ACCEPTS 5FR SHEATH 7FR GUIDE CATHETERM001719020M001719020,ORAPOS,ENDOPROSTHESIS OR WALL STENTS OR TUBES,M001719020,RADIOLOGY NEURO INTERVENTIONAL,21052,OPERATING RM IOL -ASU - OTHER,MSHS-CA-237,,STENT ENDOPROSTHESIS 29MM 135CM 8MM WALLSTENT MONORAIL CAROTID METAL CLOSED CELL RECONSTRAINABLE FLEXIBLE RADIOPAQUE ACCEPTS 5FR SHEATH 7FR GUIDE CATHETER,903045,M001719020,1,1,1,1,1,1,1,2170,2170,301-301-11-21052-00000000000-0-0,NF,PERNELL   JOURNEE,"PERNELL, JOURNEE","ENDOPROSTHESIS OR WALL STENTS OR TUBES 
 
BOSTON SCIENTIFIC CORP",SYSTEM CREATED,RH 9368 1109,"RADIOLOGY NEURO INTERVENTIONAL, 21052",MOUNT SINAI WEST,ACTIVE,CLOSED,EDI,TRUE,TRUE,2170,CHP,MOUNT SINAI WEST,1109-900150-01-9368-0000000000-0000-000-000,False,MSHS-CA-237,Yes,2170,8013950,BOSTON SCIENTIFIC CORP,BOSTON SCIENTIFIC CORP,EA1,1,No, ,NO,903045, OPERATING RM IOL -ASU - OTHER,1/2/2024 12:00:00 AM,CLOSED,2-1-1,2170,APPROVED,EACH,NF,1/2/2024 12:00:00 AM,3301285,"MCLEOD, KENRICK CHRISTOPHER",,,RH ROOSEVELT,2170,2170,2170,STENTS,42295905,SURGICAL PRODUCTS,BOSTON SCIENTIFIC CORP,3160
BOSTON SCIENTIFIC CORP,2023,"RADIOLOGY NEURO INTERVENTIONAL, 21052",MOUNT SINAI WEST,BOSTON SCIENTIFIC CORP,MEDICAL EQUIPMENT AND ACCESSORIES AND SUPPLIES,True,True,PROCESSED,903045,"903045, OPERATING RM IOL -ASU - OTHER",MOUNT SINAI WEST,Yes,M001719020,BOSTON SCIENTIFIC CORP,3/7/2023 12:00:00 AM,1371689,GOODS,STENT ENDOPROSTHESIS 29MM 135CM 8MM WALLSTENT MONORAIL CAROTID METAL CLOSED CELL RECONSTRAINABLE FLEXIBLE RADIOPAQUE ACCEPTS 5FR SHEATH 7FR GUIDE CATHETERM001719020M001719020,ORAPOS,ENDOPROSTHESIS OR WALL STENTS OR TUBES,M001719020,RADIOLOGY NEURO INTERVENTIONAL,21052,OPERATING RM IOL -ASU - OTHER,MSHS-CA-237,,STENT ENDOPROSTHESIS 29MM 135CM 8MM WALLSTENT MONORAIL CAROTID METAL CLOSED CELL RECONSTRAINABLE FLEXIBLE RADIOPAQUE ACCEPTS 5FR SHEATH 7FR GUIDE CATHETER,903045,M001719020,1,1,1,1,1,1,1,2170,2170,301-301-11-21052-00000000000-0-0,NF,PERNELL   JOURNEE,"PERNELL, JOURNEE","ENDOPROSTHESIS OR WALL STENTS OR TUBES 
 
BOSTON SCIENTIFIC CORP",SYSTEM CREATED,RH 9368 1109,"RADIOLOGY NEURO INTERVENTIONAL, 21052",MOUNT SINAI WEST,ACTIVE,CLOSED,EDI,TRUE,TRUE,2170,CHP,MOUNT SINAI WEST,1109-900150-01-9368-0000000000-0000-000-000,False,MSHS-CA-237,Yes,2170,8013950,BOSTON SCIENTIFIC CORP,BOSTON SCIENTIFIC CORP,EA1,1,No, ,NO,903045, OPERATING RM IOL -ASU - OTHER,3/7/2023 12:00:00 AM,CLOSED,2-1-1,2170,APPROVED,EACH,NF,3/7/2023 12:00:00 AM,3185708,"MCLEOD, KENRICK CHRISTOPHER",,,RH ROOSEVELT,2170,2170,2170,STENTS,42295905,SURGICAL PRODUCTS,BOSTON SCIENTIFIC CORP,3160
BOSTON SCIENTIFIC CORP,2023,"CARDIOLOGY INTERVENTIONAL PROCEDURES, 12506",MOUNT SINAI BETH ISRAEL,BOSTON SCIENTIFIC CORP,MEDICAL EQUIPMENT AND ACCESSORIES AND SUPPLIES,True,True,PROCESSED,903045,"903045, OPERATING RM IOL -ASU - OTHER",MOUNT SINAI BETH ISRAEL,Yes,M001719020,BOSTON SCIENTIFIC CORP,11/15/2023 12:00:00 AM,1418823,GOODS,STENT ENDOPROSTHESIS 29MM 135CM 8MM WALLSTENT MONORAIL CAROTID METAL CLOSED CELL RECONSTRAINABLE FLEXIBLE RADIOPAQUE ACCEPTS 5FR SHEATH 7FR GUIDE CATHETERM001719020M001719020,ORAPOS,ENDOPROSTHESIS OR WALL STENTS OR TUBES,M001719020,CARDIOLOGY INTERVENTIONAL PROCEDURES,12506,OPERATING RM IOL -ASU - OTHER,MSHS-CA-237,,STENT ENDOPROSTHESIS 29MM 135CM 8MM WALLSTENT MONORAIL CAROTID METAL CLOSED CELL RECONSTRAINABLE FLEXIBLE RADIOPAQUE ACCEPTS 5FR SHEATH 7FR GUIDE CATHETER,903045,M001719020,0,0,0,1,1,1,0,2170,2170,401-404-11-12506-00000000000-0-0,NF,BANNERMAN   TRACEY,"BANNERMAN, TRACEY","ENDOPROSTHESIS OR WALL STENTS OR TUBES 
 
BOSTON SCIENTIFIC CORP",SYSTEM CREATED,PE 4099 4409,"CARDIOLOGY INTERVENTIONAL PROCEDURES, 12506",MOUNT SINAI BETH ISRAEL,ACTIVE,OPEN,EDI,TRUE,TRUE,2170,CHP,MOUNT SINAI BETH ISRAEL,4409-900150-04-4099-0000000000-0000-000-000,False,MSHS-CA-237,Yes,,8013950,BOSTON SCIENTIFIC CORP,BOSTON SCIENTIFIC CORP,EA1,1,No, ,NO,903045, OPERATING RM IOL -ASU - OTHER,11/15/2023 12:00:00 AM,OPEN,17-1-1,2170,APPROVED,EACH,NF,11/15/2023 12:00:00 AM,3285057,"RABELO, JOSE",,,MT SINAI BETH ISRAEL,2170,0,2170,STENTS,42295905,SURGICAL PRODUCTS,BOSTON SCIENTIFIC CORP,3160
BOSTON SCIENTIFIC CORP,2023,"INTERVENTIONAL RADIOLOGY, 01040146",MOUNT SINAI HOSPITAL,BOSTON SCIENTIFIC CORP,MEDICAL EQUIPMENT AND ACCESSORIES AND SUPPLIES,True,True,CLOSED,4249,"4249, ENDOVASCULAR STENTS",MOUNT SINAI HOSPITAL,Yes,M001719020,BOSTON SCIENTIFIC CORP,2/3/2023 12:00:00 AM,M1928400,PURCHASE ORDER,STENT ENDOPROSTHESIS 29MM 135CM 8MM WALLSTENT MONORAIL CAROTID METAL CLOSED CELL RECONSTRAINABLE FLEXIBLE RADIOPAQUE ACCEPTS 5FR SHEATH 7FR GUIDE CATHETERM001719020M001719020,PMMPOS,ENDOPROSTHESIS OR WALL STENTS OR TUBES,M001719020,INTERVENTIONAL RADIOLOGY,01040146,ENDOVASCULAR STENTS,MSHS-CA-237,,STENT ENDOPROSTHESIS 29MM 135CM 8MM WALLSTENT MONORAIL CAROTID METAL CLOSED CELL RECONSTRAINABLE FLEXIBLE RADIOPAQUE ACCEPTS 5FR SHEATH 7FR GUIDE CATHETER,4249,M001719020,1,,1,1,1,1,1,2170,2170,101-101-11-21050-00000000000-0-0,NF,MSH MAIN PURCHASING,MSH MAIN PURCHASING,"ENDOPROSTHESIS OR WALL STENTS OR TUBES 
 
BOSTON SCIENTIFIC CORP",SYSTEM CREATED,M 0146 INTERVENTIONAL RADIOLOGY,"INTERVENTIONAL RADIOLOGY, 01040146",MOUNT SINAI HOSPITAL,ACTIVE,CLOSED,EDI,TRUE,TRUE,2170,M,MOUNT SINAI HOSPITAL,010401464249,False,MSHS-CA-237,Yes,,251643,BOSTON SCIENTIFIC CORP,BOSTON SCIENTIFIC CORP,1/EA,1,No, ,NO,4249, ENDOVASCULAR STENTS,2/3/2023 12:00:00 AM,CLOSED,4,2170,CLOSED,EACH,NF,2/3/2023 12:00:00 AM,MSIR023175,"RADIOLOGY REQ INTERFACE, INTERVENTIONAL",,,M 0146 INTERVENTIONAL RADIOLOGY,2170,2170,2170,STENTS,42295905,SURGICAL PRODUCTS,BOSTON SCIENTIFIC CORP,BSSCIS
BOSTON SCIENTIFIC CORP,2024,"INTERVENTIONAL RADIOLOGY, 21050",MOUNT SINAI HOSPITAL,BOSTON SCIENTIFIC,IMPLANTS,True,True,CLOSED,903030,"903030, IMPLANTS",MOUNT SINAI HOSPITAL,Yes,M001719020,BOSTON SCIENTIFIC,11/8/2024 12:00:00 AM,M3013601,GOODS,STENT ENDOPROSTHESIS 29MM 135CM 8MM WALLSTENT MONORAIL CAROTID METAL CLOSED CELL RECONSTRAINABLE FLEXIBLE RADIOPAQUE ACCEPTS 5FR SHEATH 7FR GUIDE CATHETERM001719020M001719020,ORAPOS,IMPLANTS,M001719020,INTERVENTIONAL RADIOLOGY,21050,IMPLANTS,MSHS-CA-237,,STENT ENDOPROSTHESIS 29MM 135CM 8MM WALLSTENT MONORAIL CAROTID METAL CLOSED CELL RECONSTRAINABLE FLEXIBLE RADIOPAQUE ACCEPTS 5FR SHEATH 7FR GUIDE CATHETER,903030,M001719020,1,1,1,1,,,,2170,2170,NF,NF,VEGA WILLIAM,VEGA WILLIAM,"IMPLANTS 
 
BOSTON SCIENTIFIC",Y,21050 INTERVENTIONAL RADIOLOGY,"INTERVENTIONAL RADIOLOGY, 21050",MOUNT SINAI HOSPITAL,ACTIVE,CLOSED,EDI,TRUE,TRUE,2170,MOUNT SINAI HOSPITAL,MOUNT SINAI HOSPITAL,101-101-11-21050-903030-00000000000-000-0000-000-00000-00000----,False,MSHS-CA-237,Yes,2170,8013950,BOSTON SCIENTIFIC,BOSTON SCIENTIFIC,NF,1,No, ,NO,903030, IMPLANTS,11/8/2024 12:00:00 AM,CLOSED,3-1-1,2170,CLOSED,EACH,NF,11/8/2024 12:00:00 AM,QS10094890,RODRIGUEZ MICHAEL,,,MOUNT SINAI HOSPITAL - RECVG MAIN,2170,2170,2170,NF,NF,NF,BOSTON SCIENTIFIC CORP,3160
BOSTON SCIENTIFIC CORP,2024,"INTERVENTIONAL RADIOLOGY, 21050",MOUNT SINAI HOSPITAL,BOSTON SCIENTIFIC,IMPLANTS,True,True,CLOSED,903030,"903030, IMPLANTS",MOUNT SINAI HOSPITAL,Yes,M001719020,BOSTON SCIENTIFIC,10/29/2024 12:00:00 AM,M3008173,GOODS,STENT ENDOPROSTHESIS 29MM 135CM 8MM WALLSTENT MONORAIL CAROTID METAL CLOSED CELL RECONSTRAINABLE FLEXIBLE RADIOPAQUE ACCEPTS 5FR SHEATH 7FR GUIDE CATHETERM001719020M001719020,ORAPOS,IMPLANTS,M001719020,INTERVENTIONAL RADIOLOGY,21050,IMPLANTS,MSHS-CA-237,,STENT ENDOPROSTHESIS 29MM 135CM 8MM WALLSTENT MONORAIL CAROTID METAL CLOSED CELL RECONSTRAINABLE FLEXIBLE RADIOPAQUE ACCEPTS 5FR SHEATH 7FR GUIDE CATHETER,903030,M001719020,1,1,1,1,,,,2170,2170,NF,NF,VEGA WILLIAM,VEGA WILLIAM,"IMPLANTS 
 
BOSTON SCIENTIFIC",Y,21050 INTERVENTIONAL RADIOLOGY,"INTERVENTIONAL RADIOLOGY, 21050",MOUNT SINAI HOSPITAL,ACTIVE,CLOSED,EDI,TRUE,TRUE,2170,MOUNT SINAI HOSPITAL,MOUNT SINAI HOSPITAL,101-101-11-21050-903030-00000000000-000-0000-000-00000-00000----,False,MSHS-CA-237,Yes,2170,8013950,BOSTON SCIENTIFIC,BOSTON SCIENTIFIC,NF,1,No, ,NO,903030, IMPLANTS,10/29/2024 12:00:00 AM,CLOSED,1-1-1,2170,CLOSED,EACH,NF,10/29/2024 12:00:00 AM,QS10062126,RODRIGUEZ MICHAEL,,,MOUNT SINAI HOSPITAL - RECVG MAIN,2170,2170,2170,NF,NF,NF,BOSTON SCIENTIFIC CORP,3160
BOSTON SCIENTIFIC CORP,2024,"INTERVENTIONAL RADIOLOGY, 21050",MOUNT SINAI HOSPITAL,BOSTON SCIENTIFIC,IMPLANTS,True,True,CLOSED,903030,"903030, IMPLANTS",MOUNT SINAI HOSPITAL,Yes,M001719020,BOSTON SCIENTIFIC,10/29/2024 12:00:00 AM,M3008151,GOODS,STENT ENDOPROSTHESIS 29MM 135CM 8MM WALLSTENT MONORAIL CAROTID METAL CLOSED CELL RECONSTRAINABLE FLEXIBLE RADIOPAQUE ACCEPTS 5FR SHEATH 7FR GUIDE CATHETERM001719020M001719020,ORAPOS,IMPLANTS,M001719020,INTERVENTIONAL RADIOLOGY,21050,IMPLANTS,MSHS-CA-237,,STENT ENDOPROSTHESIS 29MM 135CM 8MM WALLSTENT MONORAIL CAROTID METAL CLOSED CELL RECONSTRAINABLE FLEXIBLE RADIOPAQUE ACCEPTS 5FR SHEATH 7FR GUIDE CATHETER,903030,M001719020,1,1,1,1,,,,2170,2170,NF,NF,VEGA WILLIAM,VEGA WILLIAM,"IMPLANTS 
 
BOSTON SCIENTIFIC",Y,21050 INTERVENTIONAL RADIOLOGY,"INTERVENTIONAL RADIOLOGY, 21050",MOUNT SINAI HOSPITAL,ACTIVE,CLOSED,EDI,TRUE,TRUE,2170,MOUNT SINAI HOSPITAL,MOUNT SINAI HOSPITAL,101-101-11-21050-903030-00000000000-000-0000-000-00000-00000----,False,MSHS-CA-237,Yes,2170,8013950,BOSTON SCIENTIFIC,BOSTON SCIENTIFIC,NF,1,No, ,NO,903030, IMPLANTS,10/29/2024 12:00:00 AM,CLOSED,1-1-1,2170,CLOSED,EACH,NF,10/29/2024 12:00:00 AM,QS10062074,RODRIGUEZ MICHAEL,,,MOUNT SINAI HOSPITAL - RECVG MAIN,2170,2170,2170,NF,NF,NF,BOSTON SCIENTIFIC CORP,3160
BOSTON SCIENTIFIC CORP,2024,"INTERVENTIONAL RADIOLOGY, 21050",MOUNT SINAI HOSPITAL,BOSTON SCIENTIFIC,IMPLANTS,True,True,CLOSED,903030,"903030, IMPLANTS",MOUNT SINAI HOSPITAL,Yes,M001719020,BOSTON SCIENTIFIC,11/26/2024 12:00:00 AM,M3021459,GOODS,STENT ENDOPROSTHESIS 29MM 135CM 8MM WALLSTENT MONORAIL CAROTID METAL CLOSED CELL RECONSTRAINABLE FLEXIBLE RADIOPAQUE ACCEPTS 5FR SHEATH 7FR GUIDE CATHETERM001719020M001719020,ORAPOS,IMPLANTS,M001719020,INTERVENTIONAL RADIOLOGY,21050,IMPLANTS,MSHS-CA-237,,STENT ENDOPROSTHESIS 29MM 135CM 8MM WALLSTENT MONORAIL CAROTID METAL CLOSED CELL RECONSTRAINABLE FLEXIBLE RADIOPAQUE ACCEPTS 5FR SHEATH 7FR GUIDE CATHETER,903030,M001719020,1,1,1,1,,,,2170,2170,NF,NF,VEGA WILLIAM,VEGA WILLIAM,"IMPLANTS 
 
BOSTON SCIENTIFIC",Y,21050 INTERVENTIONAL RADIOLOGY,"INTERVENTIONAL RADIOLOGY, 21050",MOUNT SINAI HOSPITAL,ACTIVE,CLOSED,EDI,TRUE,TRUE,2170,MOUNT SINAI HOSPITAL,MOUNT SINAI HOSPITAL,101-101-11-21050-903030-00000000000-000-0000-000-00000-00000----,False,MSHS-CA-237,Yes,2170,8013950,BOSTON SCIENTIFIC,BOSTON SCIENTIFIC,NF,1,No, ,NO,903030, IMPLANTS,11/26/2024 12:00:00 AM,CLOSED,9-1-1,2170,CLOSED,EACH,NF,11/26/2024 12:00:00 AM,QS10145492,RODRIGUEZ MICHAEL,,,MOUNT SINAI HOSPITAL - RECVG MAIN,2170,2170,2170,NF,NF,NF,BOSTON SCIENTIFIC CORP,3160
BOSTON SCIENTIFIC CORP,2024,"Cerebral Vascular Center, 3396",S NASSAU,BOSTON SCIENTIFIC CORPORATION,MED SURG SUPPLIES,True,True,CLOSED,,,S NASSAU,Yes,M001719020,BOSTON SCIENTIFIC CORPORATION,9/17/2024 12:00:00 AM,8349813,Non-Stock-Non-Stock_,CAROTID WALLSTENT 8X29X135M001719020M001719020,LAWPOS,MED SURG SUPPLIES,M001719020,Cerebral Vascular Center,3396,Med Surg Supplies,MSHS-CA-237,,CAROTID WALLSTENT 8X29X135,,M001719020,,1,,1,,,0,2170,2170,,,Isa Shachove,Isa Shachove,"MED SURG SUPPLIES 
 
BOSTON SCIENTIFIC CORPORATION",,MM - Store Room,"Cerebral Vascular Center, 3396",S NASSAU,,CLOSED,,FALSE,FALSE,2170,,S NASSAU,,False,MSHS-CA-237,Yes,2170,77877,BOSTON SCIENTIFIC CORPORATION,BOSTON SCIENTIFIC CORPORATION,,,No, ,NO,,,,CLOSED,1,2170,CLOSED,EA,NF,,,Christopher Nastri,,,STORE,2170,2170,2170,,,,BOSTON SCIENTIFIC CORP,4049
BOSTON SCIENTIFIC CORP,2023,"Cerebral Vascular Center, 3396",S NASSAU,BOSTON SCIENTIFIC CORPORATION,MED SURG SUPPLIES,True,True,CLOSED,,,S NASSAU,Yes,M001719020,BOSTON SCIENTIFIC CORPORATION,10/4/2023 12:00:00 AM,8302201,Non-Stock-Non-Stock_,CAROTID WALLSTENT 8X29X135M001719020406,LAWPOS,MED SURG SUPPLIES,406,Cerebral Vascular Center,3396,Med Surg Supplies,MSHS-CA-237,,CAROTID WALLSTENT 8X29X135,,M001719020,,1,,1,,,0,2170,2170,,,Isa Shachove,Isa Shachove,"MED SURG SUPPLIES 
 
BOSTON SCIENTIFIC CORPORATION",,MM - Store Room,"Cerebral Vascular Center, 3396",S NASSAU,,CLOSED,,FALSE,FALSE,2170,,S NASSAU,,False,MSHS-CA-237,Yes,2170,77877,BOSTON SCIENTIFIC CORPORATION,BOSTON SCIENTIFIC CORPORATION,,,No, ,NO,,,,CLOSED,1,2170,CLOSED,EA  ,NF,,,Rasdeep Sappal,,,STORE,2170,2170,2170,,,,BOSTON SCIENTIFIC CORP,4049
BOSTON SCIENTIFIC CORP,2023,"RADIOLOGY NEURO INTERVENTIONAL, 21052",MOUNT SINAI WEST,BOSTON SCIENTIFIC CORP,MEDICAL EQUIPMENT AND ACCESSORIES AND SUPPLIES,True,True,PROCESSED,903045,"903045, OPERATING RM IOL -ASU - OTHER",MOUNT SINAI WEST,Yes,M001719020,BOSTON SCIENTIFIC CORP,10/6/2023 12:00:00 AM,1411171,GOODS,STENT ENDOPROSTHESIS 29MM 135CM 8MM WALLSTENT MONORAIL CAROTID METAL CLOSED CELL RECONSTRAINABLE FLEXIBLE RADIOPAQUE ACCEPTS 5FR SHEATH 7FR GUIDE CATHETERM001719020M001719020,ORAPOS,ENDOPROSTHESIS OR WALL STENTS OR TUBES,M001719020,RADIOLOGY NEURO INTERVENTIONAL,21052,OPERATING RM IOL -ASU - OTHER,MSHS-CA-237,,STENT ENDOPROSTHESIS 29MM 135CM 8MM WALLSTENT MONORAIL CAROTID METAL CLOSED CELL RECONSTRAINABLE FLEXIBLE RADIOPAQUE ACCEPTS 5FR SHEATH 7FR GUIDE CATHETER,903045,M001719020,3,3,3,3,1,3,3,6510,6510,301-301-11-21052-00000000000-0-0,NF,PERNELL   JOURNEE,"PERNELL, JOURNEE","ENDOPROSTHESIS OR WALL STENTS OR TUBES 
 
BOSTON SCIENTIFIC CORP",SYSTEM CREATED,RH 9368 1109,"RADIOLOGY NEURO INTERVENTIONAL, 21052",MOUNT SINAI WEST,ACTIVE,CLOSED,EDI,TRUE,TRUE,6510,CHP,MOUNT SINAI WEST,1109-900150-01-9368-0000000000-0000-000-000,False,MSHS-CA-237,Yes,6510,8013950,BOSTON SCIENTIFIC CORP,BOSTON SCIENTIFIC CORP,EA1,1,No, ,NO,903045, OPERATING RM IOL -ASU - OTHER,10/6/2023 12:00:00 AM,CLOSED,1-1-1,2170,APPROVED,EACH,NF,10/6/2023 12:00:00 AM,3268944,"MCLEOD, KENRICK CHRISTOPHER",,,RH ROOSEVELT,6510,6510,6510,STENTS,42295905,SURGICAL PRODUCTS,BOSTON SCIENTIFIC CORP,3160
BOSTON SCIENTIFIC CORP,2024,"RADIOLOGY NEURO INTERVENTIONAL, 21052",MOUNT SINAI WEST,BOSTON SCIENTIFIC CORP,MEDICAL EQUIPMENT AND ACCESSORIES AND SUPPLIES,True,True,CLOSED,903045,"903045, OPERATING RM IOL -ASU - OTHER",MOUNT SINAI WEST,Yes,M001719020,BOSTON SCIENTIFIC CORP,8/22/2024 12:00:00 AM,1467337,GOODS,STENT ENDOPROSTHESIS 29MM 135CM 8MM WALLSTENT MONORAIL CAROTID METAL CLOSED CELL RECONSTRAINABLE FLEXIBLE RADIOPAQUE ACCEPTS 5FR SHEATH 7FR GUIDE CATHETERM001719020M001719020,ORAPOS,ENDOPROSTHESIS OR WALL STENTS OR TUBES,M001719020,RADIOLOGY NEURO INTERVENTIONAL,21052,OPERATING RM IOL -ASU - OTHER,MSHS-CA-237,MSHS-CA-237,STENT ENDOPROSTHESIS 29MM 135CM 8MM WALLSTENT MONORAIL CAROTID METAL CLOSED CELL RECONSTRAINABLE FLEXIBLE RADIOPAQUE ACCEPTS 5FR SHEATH 7FR GUIDE CATHETER,903045,M001719020,0,0,0,1,1,1,0,1,1,NF,NF,PERNELL   JOURNEE,"PERNELL, JOURNEE","ENDOPROSTHESIS OR WALL STENTS OR TUBES 
 
BOSTON SCIENTIFIC CORP",SYSTEM CREATED,1000 10TH AVE RM 4C-12 RAD NEURO INTRVNTNL,"RADIOLOGY NEURO INTERVENTIONAL, 21052",MOUNT SINAI WEST,NONCAT,CLOSED,EDI,TRUE,TRUE,1,CHP,MOUNT SINAI WEST,301-301-11-21052-903045-00000000000-000-0000-000-00000-00000----,False,MSHS-CA-237,Yes,0,8013950,BOSTON SCIENTIFIC CORP,BOSTON SCIENTIFIC CORP,NF,1,No, ,NO,903045, OPERATING RM IOL -ASU - OTHER,8/22/2024 12:00:00 AM,CLOSED FOR RECEIVING,1-1-1,1,CLOSED FOR RECEIVING,EACH,NF,8/22/2024 12:00:00 AM,3385934,"MCLEOD, KENRICK CHRISTOPHER",,,MOUNT SINAI WEST - RECVG MAIN,1,0,1,STENTS,42295905,SURGICAL PRODUCTS,BOSTON SCIENTIFIC CORP,3160
BOSTON SCIENTIFIC CORP,2025,"NEURO ENDOVASCULAR SURGERY, 13055",MOUNT SINAI QUEENS,BOSTON SCIENTIFIC,IMPLANTS,True,True,CLOSED,903030,"903030, IMPLANTS",MOUNT SINAI QUEENS,Yes,M001719020,BOSTON SCIENTIFIC,2/11/2025 12:00:00 AM,M3056114,GOODS,STENT ENDOPROSTHESIS 29MM 135CM 8MM WALLSTENT MONORAIL CAROTID METAL CLOSED CELL RECONSTRAINABLE FLEXIBLE RADIOPAQUE ACCEPTS 5FR SHEATH 7FR GUIDE CATHETERM001719020M001719020,ORAPOS,IMPLANTS,M001719020,NEURO ENDOVASCULAR SURGERY,13055,IMPLANTS,MSHS-CA-237,,STENT ENDOPROSTHESIS 29MM 135CM 8MM WALLSTENT MONORAIL CAROTID METAL CLOSED CELL RECONSTRAINABLE FLEXIBLE RADIOPAQUE ACCEPTS 5FR SHEATH 7FR GUIDE CATHETER,903030,M001719020,1,1,1,1,,,,2170,2170,NF,NF,GADSDEN CHONTE,GADSDEN CHONTE,"IMPLANTS 
 
BOSTON SCIENTIFIC",Y,13055 STROKE PROGRAM 25-10 30TH AVE,"NEURO ENDOVASCULAR SURGERY, 13055",MOUNT SINAI QUEENS,ACTIVE,CLOSED,EDI,TRUE,TRUE,2170,MOUNT SINAI QUEENS,MOUNT SINAI QUEENS,102-107-11-13055-903030-00000000000-000-0000-000-00000-00000----,False,MSHS-CA-237,Yes,2170,8013950,BOSTON SCIENTIFIC,BOSTON SCIENTIFIC,NF,1,No, ,NO,903030, IMPLANTS,2/11/2025 12:00:00 AM,CLOSED,3-1-1,2170,CLOSED FOR INVOICING,EACH,NF,2/11/2025 12:00:00 AM,QS10358639,HERNANDEZ LUIS,,,MOUNT SINAI QUEENS - RECVG MAIN,2170,2170,2170,NF,NF,NF,BOSTON SCIENTIFIC CORP,3160
BOSTON SCIENTIFIC CORP,2024,"NEURO ENDOVASCULAR SURGERY, 13055",MOUNT SINAI QUEENS,BOSTON SCIENTIFIC,IMPLANTS,True,True,CLOSED,903030,"903030, IMPLANTS",MOUNT SINAI QUEENS,Yes,M001719020,BOSTON SCIENTIFIC,12/10/2024 12:00:00 AM,M3027332,GOODS,STENT ENDOPROSTHESIS 29MM 135CM 8MM WALLSTENT MONORAIL CAROTID METAL CLOSED CELL RECONSTRAINABLE FLEXIBLE RADIOPAQUE ACCEPTS 5FR SHEATH 7FR GUIDE CATHETERM001719020M001719020,ORAPOS,IMPLANTS,M001719020,NEURO ENDOVASCULAR SURGERY,13055,IMPLANTS,MSHS-CA-237,,STENT ENDOPROSTHESIS 29MM 135CM 8MM WALLSTENT MONORAIL CAROTID METAL CLOSED CELL RECONSTRAINABLE FLEXIBLE RADIOPAQUE ACCEPTS 5FR SHEATH 7FR GUIDE CATHETER,903030,M001719020,1,1,1,1,,,,2170,2170,NF,NF,GADSDEN CHONTE,GADSDEN CHONTE,"IMPLANTS 
 
BOSTON SCIENTIFIC",Y,13055 STROKE PROGRAM 25-10 30TH AVE,"NEURO ENDOVASCULAR SURGERY, 13055",MOUNT SINAI QUEENS,ACTIVE,CLOSED,EDI,TRUE,TRUE,2170,MOUNT SINAI QUEENS,MOUNT SINAI QUEENS,102-107-11-13055-903030-00000000000-000-0000-000-00000-00000----,False,MSHS-CA-237,Yes,2170,8013950,BOSTON SCIENTIFIC,BOSTON SCIENTIFIC,NF,1,No, ,NO,903030, IMPLANTS,12/10/2024 12:00:00 AM,CLOSED,3-1-1,2170,CLOSED,EACH,NF,12/10/2024 12:00:00 AM,QS10181937,HERNANDEZ LUIS,,,MOUNT SINAI QUEENS - RECVG MAIN,2170,2170,2170,NF,NF,NF,BOSTON SCIENTIFIC CORP,3160
BOSTON SCIENTIFIC CORP,2025,"INTERVENTIONAL RADIOLOGY, 21050",MOUNT SINAI HOSPITAL,BOSTON SCIENTIFIC,IMPLANTS,True,True,CLOSED,903030,"903030, IMPLANTS",MOUNT SINAI HOSPITAL,Yes,M001719020,BOSTON SCIENTIFIC,3/11/2025 12:00:00 AM,M3069267,GOODS,STENT ENDOPROSTHESIS 29MM 135CM 8MM WALLSTENT MONORAIL CAROTID METAL CLOSED CELL RECONSTRAINABLE FLEXIBLE RADIOPAQUE ACCEPTS 5FR SHEATH 7FR GUIDE CATHETERM001719020M001719020,ORAPOS,IMPLANTS,M001719020,INTERVENTIONAL RADIOLOGY,21050,IMPLANTS,MSHS-CA-237,,STENT ENDOPROSTHESIS 29MM 135CM 8MM WALLSTENT MONORAIL CAROTID METAL CLOSED CELL RECONSTRAINABLE FLEXIBLE RADIOPAQUE ACCEPTS 5FR SHEATH 7FR GUIDE CATHETER,903030,M001719020,1,1,1,1,,,,2170,2170,NF,NF,BUCHANAN   MRS. STEPHANIE,"BUCHANAN, MRS. STEPHANIE","IMPLANTS 
 
BOSTON SCIENTIFIC",Y,21050 INTERVENTIONAL RADIOLOGY,"INTERVENTIONAL RADIOLOGY, 21050",MOUNT SINAI HOSPITAL,ACTIVE,CLOSED,EDI,TRUE,TRUE,2170,MOUNT SINAI HOSPITAL,MOUNT SINAI HOSPITAL,101-101-11-21050-903030-00000000000-000-0000-000-00000-00000----,False,MSHS-CA-237,Yes,2170,8013950,BOSTON SCIENTIFIC,BOSTON SCIENTIFIC,NF,1,No, ,NO,903030, IMPLANTS,3/11/2025 12:00:00 AM,CLOSED,4-1-1,2170,CLOSED,EACH,NF,3/11/2025 12:00:00 AM,QS10442993,RODRIGUEZ MICHAEL,,,MOUNT SINAI HOSPITAL - RECVG MAIN,2170,2170,2170,NF,NF,NF,BOSTON SCIENTIFIC CORP,3160
BOSTON SCIENTIFIC CORP,2024,"STROKE PROGRAM, 01301735",MOUNT SINAI QUEENS,BOSTON SCIENTIFIC CORP,MEDICAL EQUIPMENT AND ACCESSORIES AND SUPPLIES,True,True,CLOSED,4249,"4249, ENDOVASCULAR STENTS",MOUNT SINAI QUEENS,Yes,M001719020,BOSTON SCIENTIFIC CORP,8/30/2024 12:00:00 AM,Q2141374,PURCHASE ORDER,STENT ENDOPROSTHESIS 29MM 135CM 8MM WALLSTENT MONORAIL CAROTID METAL CLOSED CELL RECONSTRAINABLE FLEXIBLE RADIOPAQUE ACCEPTS 5FR SHEATH 7FR GUIDE CATHETERM001719020M001719020,PMMPOS,ENDOPROSTHESIS OR WALL STENTS OR TUBES,M001719020,STROKE PROGRAM,01301735,ENDOVASCULAR STENTS,MSHS-CA-237,,STENT ENDOPROSTHESIS 29MM 135CM 8MM WALLSTENT MONORAIL CAROTID METAL CLOSED CELL RECONSTRAINABLE FLEXIBLE RADIOPAQUE ACCEPTS 5FR SHEATH 7FR GUIDE CATHETER,4249,M001719020,1,,1,1,1,1,1,2170,2170,102-107-11-13055-00000000000-0-0,NF,MSQ MAIN PURCHASING,MSQ MAIN PURCHASING,"ENDOPROSTHESIS OR WALL STENTS OR TUBES 
 
BOSTON SCIENTIFIC CORP",SYSTEM CREATED,Q 1735 STROKE PROGRAM 25-10 30TH AVE,"STROKE PROGRAM, 01301735",MOUNT SINAI QUEENS,ACTIVE,CLOSED,EDI,TRUE,TRUE,2170,Q,MOUNT SINAI QUEENS,013017354249,False,MSHS-CA-237,Yes,,251643,BOSTON SCIENTIFIC CORP,BOSTON SCIENTIFIC CORP,1/EA,1,No, ,NO,4249, ENDOVASCULAR STENTS,8/30/2024 12:00:00 AM,CLOSED,2,2170,CLOSED,EACH,NF,8/30/2024 12:00:00 AM,MQSC-002358,QSIGHT QUEENS  REQ INTERFACE,,,Q 1735 STROKE PROGRAM 25-10 30TH AVE,2170,2170,2170,STENTS,42295905,SURGICAL PRODUCTS,BOSTON SCIENTIFIC CORP,BSSCIS
BOSTON SCIENTIFIC CORP,2024,"INTERVENTIONAL RADIOLOGY, 01040146",MOUNT SINAI HOSPITAL,BOSTON SCIENTIFIC CORP,MEDICAL EQUIPMENT AND ACCESSORIES AND SUPPLIES,True,True,CLOSED,4249,"4249, ENDOVASCULAR STENTS",MOUNT SINAI HOSPITAL,Yes,M001719020,BOSTON SCIENTIFIC CORP,7/15/2024 12:00:00 AM,M2123817,PURCHASE ORDER,STENT ENDOPROSTHESIS 29MM 135CM 8MM WALLSTENT MONORAIL CAROTID METAL CLOSED CELL RECONSTRAINABLE FLEXIBLE RADIOPAQUE ACCEPTS 5FR SHEATH 7FR GUIDE CATHETERM001719020M001719020,PMMPOS,ENDOPROSTHESIS OR WALL STENTS OR TUBES,M001719020,INTERVENTIONAL RADIOLOGY,01040146,ENDOVASCULAR STENTS,MSHS-CA-237,,STENT ENDOPROSTHESIS 29MM 135CM 8MM WALLSTENT MONORAIL CAROTID METAL CLOSED CELL RECONSTRAINABLE FLEXIBLE RADIOPAQUE ACCEPTS 5FR SHEATH 7FR GUIDE CATHETER,4249,M001719020,1,,1,1,1,1,1,2170,2170,101-101-11-21050-00000000000-0-0,NF,MSH MAIN PURCHASING,MSH MAIN PURCHASING,"ENDOPROSTHESIS OR WALL STENTS OR TUBES 
 
BOSTON SCIENTIFIC CORP",SYSTEM CREATED,M 0146 INTERVENTIONAL RADIOLOGY,"INTERVENTIONAL RADIOLOGY, 01040146",MOUNT SINAI HOSPITAL,ACTIVE,CLOSED,EDI,TRUE,TRUE,2170,M,MOUNT SINAI HOSPITAL,010401464249,False,MSHS-CA-237,Yes,,251643,BOSTON SCIENTIFIC CORP,BOSTON SCIENTIFIC CORP,1/EA,1,No, ,NO,4249, ENDOVASCULAR STENTS,7/15/2024 12:00:00 AM,CLOSED,7,2170,CLOSED,EACH,NF,7/15/2024 12:00:00 AM,MSIR031932,"RADIOLOGY REQ INTERFACE, INTERVENTIONAL",,,M 0146 INTERVENTIONAL RADIOLOGY,2170,2170,2170,STENTS,42295905,SURGICAL PRODUCTS,BOSTON SCIENTIFIC CORP,BSSCIS
BOSTON SCIENTIFIC CORP,2023,"INTERVENTIONAL RADIOLOGY, 01040146",MOUNT SINAI HOSPITAL,BOSTON SCIENTIFIC CORP,MEDICAL EQUIPMENT AND ACCESSORIES AND SUPPLIES,True,True,CLOSED,4249,"4249, ENDOVASCULAR STENTS",MOUNT SINAI HOSPITAL,Yes,M001719020,BOSTON SCIENTIFIC CORP,11/2/2023 12:00:00 AM,M2028612,PURCHASE ORDER,STENT ENDOPROSTHESIS 29MM 135CM 8MM WALLSTENT MONORAIL CAROTID METAL CLOSED CELL RECONSTRAINABLE FLEXIBLE RADIOPAQUE ACCEPTS 5FR SHEATH 7FR GUIDE CATHETERM001719020M001719020,PMMPOS,ENDOPROSTHESIS OR WALL STENTS OR TUBES,M001719020,INTERVENTIONAL RADIOLOGY,01040146,ENDOVASCULAR STENTS,MSHS-CA-237,,STENT ENDOPROSTHESIS 29MM 135CM 8MM WALLSTENT MONORAIL CAROTID METAL CLOSED CELL RECONSTRAINABLE FLEXIBLE RADIOPAQUE ACCEPTS 5FR SHEATH 7FR GUIDE CATHETER,4249,M001719020,1,,1,1,1,1,1,2170,2170,101-101-11-21050-00000000000-0-0,NF,MSH MAIN PURCHASING,MSH MAIN PURCHASING,"ENDOPROSTHESIS OR WALL STENTS OR TUBES 
 
BOSTON SCIENTIFIC CORP",SYSTEM CREATED,M 0146 INTERVENTIONAL RADIOLOGY,"INTERVENTIONAL RADIOLOGY, 01040146",MOUNT SINAI HOSPITAL,ACTIVE,CLOSED,EDI,TRUE,TRUE,2170,M,MOUNT SINAI HOSPITAL,010401464249,False,MSHS-CA-237,Yes,,251643,BOSTON SCIENTIFIC CORP,BOSTON SCIENTIFIC CORP,1/EA,1,No, ,NO,4249, ENDOVASCULAR STENTS,11/2/2023 12:00:00 AM,CLOSED,7,2170,CLOSED,EACH,NF,11/2/2023 12:00:00 AM,MSIR027753,"RADIOLOGY REQ INTERFACE, INTERVENTIONAL",,,M 0146 INTERVENTIONAL RADIOLOGY,2170,2170,2170,STENTS,42295905,SURGICAL PRODUCTS,BOSTON SCIENTIFIC CORP,BSSCIS
BOSTON SCIENTIFIC CORP,2024,"INTERVENTIONAL RADIOLOGY, 01040146",MOUNT SINAI HOSPITAL,BOSTON SCIENTIFIC CORP,MEDICAL EQUIPMENT AND ACCESSORIES AND SUPPLIES,True,True,CLOSED,4249,"4249, ENDOVASCULAR STENTS",MOUNT SINAI HOSPITAL,Yes,M001719020,BOSTON SCIENTIFIC CORP,8/13/2024 12:00:00 AM,M2134939,PURCHASE ORDER,STENT ENDOPROSTHESIS 29MM 135CM 8MM WALLSTENT MONORAIL CAROTID METAL CLOSED CELL RECONSTRAINABLE FLEXIBLE RADIOPAQUE ACCEPTS 5FR SHEATH 7FR GUIDE CATHETERM001719020M001719020,PMMPOS,ENDOPROSTHESIS OR WALL STENTS OR TUBES,M001719020,INTERVENTIONAL RADIOLOGY,01040146,ENDOVASCULAR STENTS,MSHS-CA-237,,STENT ENDOPROSTHESIS 29MM 135CM 8MM WALLSTENT MONORAIL CAROTID METAL CLOSED CELL RECONSTRAINABLE FLEXIBLE RADIOPAQUE ACCEPTS 5FR SHEATH 7FR GUIDE CATHETER,4249,M001719020,1,,1,1,1,1,1,2170,2170,101-101-11-21050-00000000000-0-0,NF,MSH MAIN PURCHASING,MSH MAIN PURCHASING,"ENDOPROSTHESIS OR WALL STENTS OR TUBES 
 
BOSTON SCIENTIFIC CORP",SYSTEM CREATED,M 0146 INTERVENTIONAL RADIOLOGY,"INTERVENTIONAL RADIOLOGY, 01040146",MOUNT SINAI HOSPITAL,ACTIVE,CLOSED,EDI,TRUE,TRUE,2170,M,MOUNT SINAI HOSPITAL,010401464249,False,MSHS-CA-237,Yes,,251643,BOSTON SCIENTIFIC CORP,BOSTON SCIENTIFIC CORP,1/EA,1,No, ,NO,4249, ENDOVASCULAR STENTS,8/13/2024 12:00:00 AM,CLOSED,2,2170,CLOSED,EACH,NF,8/13/2024 12:00:00 AM,MSIR032444,"RADIOLOGY REQ INTERFACE, INTERVENTIONAL",,,M 0146 INTERVENTIONAL RADIOLOGY,2170,2170,2170,STENTS,42295905,SURGICAL PRODUCTS,BOSTON SCIENTIFIC CORP,BSSCIS
BOSTON SCIENTIFIC CORP,2023,"INTERVENTIONAL RADIOLOGY, 01040146",MOUNT SINAI HOSPITAL,BOSTON SCIENTIFIC CORP,MEDICAL EQUIPMENT AND ACCESSORIES AND SUPPLIES,True,True,CLOSED,4249,"4249, ENDOVASCULAR STENTS",MOUNT SINAI HOSPITAL,Yes,M001719020,BOSTON SCIENTIFIC CORP,12/21/2023 12:00:00 AM,M2046866,PURCHASE ORDER,STENT ENDOPROSTHESIS 29MM 135CM 8MM WALLSTENT MONORAIL CAROTID METAL CLOSED CELL RECONSTRAINABLE FLEXIBLE RADIOPAQUE ACCEPTS 5FR SHEATH 7FR GUIDE CATHETERM001719020M001719020,PMMPOS,ENDOPROSTHESIS OR WALL STENTS OR TUBES,M001719020,INTERVENTIONAL RADIOLOGY,01040146,ENDOVASCULAR STENTS,MSHS-CA-237,,STENT ENDOPROSTHESIS 29MM 135CM 8MM WALLSTENT MONORAIL CAROTID METAL CLOSED CELL RECONSTRAINABLE FLEXIBLE RADIOPAQUE ACCEPTS 5FR SHEATH 7FR GUIDE CATHETER,4249,M001719020,1,,1,1,1,1,1,2170,2170,101-101-11-21050-00000000000-0-0,NF,MSH MAIN PURCHASING,MSH MAIN PURCHASING,"ENDOPROSTHESIS OR WALL STENTS OR TUBES 
 
BOSTON SCIENTIFIC CORP",SYSTEM CREATED,M 0146 INTERVENTIONAL RADIOLOGY,"INTERVENTIONAL RADIOLOGY, 01040146",MOUNT SINAI HOSPITAL,ACTIVE,CLOSED,EDI,TRUE,TRUE,2170,M,MOUNT SINAI HOSPITAL,010401464249,False,MSHS-CA-237,Yes,,251643,BOSTON SCIENTIFIC CORP,BOSTON SCIENTIFIC CORP,1/EA,1,No, ,NO,4249, ENDOVASCULAR STENTS,12/21/2023 12:00:00 AM,CLOSED,3,2170,CLOSED,EACH,NF,12/21/2023 12:00:00 AM,MSIR028672,"RADIOLOGY REQ INTERFACE, INTERVENTIONAL",,,M 0146 INTERVENTIONAL RADIOLOGY,2170,2170,2170,STENTS,42295905,SURGICAL PRODUCTS,BOSTON SCIENTIFIC CORP,BSSCIS
BOSTON SCIENTIFIC CORP,2024,"INTERVENTIONAL RADIOLOGY, 01040146",MOUNT SINAI HOSPITAL,BOSTON SCIENTIFIC CORP,MEDICAL EQUIPMENT AND ACCESSORIES AND SUPPLIES,True,True,CLOSED,4249,"4249, ENDOVASCULAR STENTS",MOUNT SINAI HOSPITAL,Yes,M001719020,BOSTON SCIENTIFIC CORP,8/8/2024 12:00:00 AM,M2133524,PURCHASE ORDER,STENT ENDOPROSTHESIS 29MM 135CM 8MM WALLSTENT MONORAIL CAROTID METAL CLOSED CELL RECONSTRAINABLE FLEXIBLE RADIOPAQUE ACCEPTS 5FR SHEATH 7FR GUIDE CATHETERM001719020M001719020,PMMPOS,ENDOPROSTHESIS OR WALL STENTS OR TUBES,M001719020,INTERVENTIONAL RADIOLOGY,01040146,ENDOVASCULAR STENTS,MSHS-CA-237,,STENT ENDOPROSTHESIS 29MM 135CM 8MM WALLSTENT MONORAIL CAROTID METAL CLOSED CELL RECONSTRAINABLE FLEXIBLE RADIOPAQUE ACCEPTS 5FR SHEATH 7FR GUIDE CATHETER,4249,M001719020,1,,1,1,1,1,1,2170,2170,101-101-11-21050-00000000000-0-0,NF,MSH MAIN PURCHASING,MSH MAIN PURCHASING,"ENDOPROSTHESIS OR WALL STENTS OR TUBES 
 
BOSTON SCIENTIFIC CORP",SYSTEM CREATED,M 0146 INTERVENTIONAL RADIOLOGY,"INTERVENTIONAL RADIOLOGY, 01040146",MOUNT SINAI HOSPITAL,ACTIVE,CLOSED,EDI,TRUE,TRUE,2170,M,MOUNT SINAI HOSPITAL,010401464249,False,MSHS-CA-237,Yes,,251643,BOSTON SCIENTIFIC CORP,BOSTON SCIENTIFIC CORP,1/EA,1,No, ,NO,4249, ENDOVASCULAR STENTS,8/8/2024 12:00:00 AM,CLOSED,1,2170,CLOSED,EACH,NF,8/8/2024 12:00:00 AM,MSIR032371,"RADIOLOGY REQ INTERFACE, INTERVENTIONAL",,,M 0146 INTERVENTIONAL RADIOLOGY,2170,2170,2170,STENTS,42295905,SURGICAL PRODUCTS,BOSTON SCIENTIFIC CORP,BSSCIS
BOSTON SCIENTIFIC CORP,2023,"INTERVENTIONAL RADIOLOGY, 01040146",MOUNT SINAI HOSPITAL,BOSTON SCIENTIFIC CORP,MEDICAL EQUIPMENT AND ACCESSORIES AND SUPPLIES,True,True,CLOSED,4249,"4249, ENDOVASCULAR STENTS",MOUNT SINAI HOSPITAL,Yes,M001719020,BOSTON SCIENTIFIC CORP,6/26/2023 12:00:00 AM,M1979345,PURCHASE ORDER,STENT ENDOPROSTHESIS 29MM 135CM 8MM WALLSTENT MONORAIL CAROTID METAL CLOSED CELL RECONSTRAINABLE FLEXIBLE RADIOPAQUE ACCEPTS 5FR SHEATH 7FR GUIDE CATHETERM001719020M001719020,PMMPOS,ENDOPROSTHESIS OR WALL STENTS OR TUBES,M001719020,INTERVENTIONAL RADIOLOGY,01040146,ENDOVASCULAR STENTS,MSHS-CA-237,,STENT ENDOPROSTHESIS 29MM 135CM 8MM WALLSTENT MONORAIL CAROTID METAL CLOSED CELL RECONSTRAINABLE FLEXIBLE RADIOPAQUE ACCEPTS 5FR SHEATH 7FR GUIDE CATHETER,4249,M001719020,1,,1,1,1,1,1,2170,2170,101-101-11-21050-00000000000-0-0,NF,MSH MAIN PURCHASING,MSH MAIN PURCHASING,"ENDOPROSTHESIS OR WALL STENTS OR TUBES 
 
BOSTON SCIENTIFIC CORP",SYSTEM CREATED,M 0146 INTERVENTIONAL RADIOLOGY,"INTERVENTIONAL RADIOLOGY, 01040146",MOUNT SINAI HOSPITAL,ACTIVE,CLOSED,EDI,TRUE,TRUE,2170,M,MOUNT SINAI HOSPITAL,010401464249,False,MSHS-CA-237,Yes,,251643,BOSTON SCIENTIFIC CORP,BOSTON SCIENTIFIC CORP,1/EA,1,No, ,NO,4249, ENDOVASCULAR STENTS,6/26/2023 12:00:00 AM,CLOSED,6,2170,CLOSED,EACH,NF,6/26/2023 12:00:00 AM,MSIR025542,"RADIOLOGY REQ INTERFACE, INTERVENTIONAL",,,M 0146 INTERVENTIONAL RADIOLOGY,2170,2170,2170,STENTS,42295905,SURGICAL PRODUCTS,BOSTON SCIENTIFIC CORP,BSSCIS
BOSTON SCIENTIFIC CORP,2023,"INTERVENTIONAL RADIOLOGY, 01040146",MOUNT SINAI HOSPITAL,BOSTON SCIENTIFIC CORP,MEDICAL EQUIPMENT AND ACCESSORIES AND SUPPLIES,True,True,CLOSED,4249,"4249, ENDOVASCULAR STENTS",MOUNT SINAI HOSPITAL,Yes,M001719020,BOSTON SCIENTIFIC CORP,8/30/2023 12:00:00 AM,M2003955,PURCHASE ORDER,STENT ENDOPROSTHESIS 29MM 135CM 8MM WALLSTENT MONORAIL CAROTID METAL CLOSED CELL RECONSTRAINABLE FLEXIBLE RADIOPAQUE ACCEPTS 5FR SHEATH 7FR GUIDE CATHETERM001719020M001719020,PMMPOS,ENDOPROSTHESIS OR WALL STENTS OR TUBES,M001719020,INTERVENTIONAL RADIOLOGY,01040146,ENDOVASCULAR STENTS,MSHS-CA-237,,STENT ENDOPROSTHESIS 29MM 135CM 8MM WALLSTENT MONORAIL CAROTID METAL CLOSED CELL RECONSTRAINABLE FLEXIBLE RADIOPAQUE ACCEPTS 5FR SHEATH 7FR GUIDE CATHETER,4249,M001719020,2,,2,2,1,2,2,4340,4340,101-101-11-21050-00000000000-0-0,NF,MSH MAIN PURCHASING,MSH MAIN PURCHASING,"ENDOPROSTHESIS OR WALL STENTS OR TUBES 
 
BOSTON SCIENTIFIC CORP",SYSTEM CREATED,M 0146 INTERVENTIONAL RADIOLOGY,"INTERVENTIONAL RADIOLOGY, 01040146",MOUNT SINAI HOSPITAL,ACTIVE,CLOSED,EDI,TRUE,TRUE,4340,M,MOUNT SINAI HOSPITAL,010401464249,False,MSHS-CA-237,Yes,,251643,BOSTON SCIENTIFIC CORP,BOSTON SCIENTIFIC CORP,1/EA,1,No, ,NO,4249, ENDOVASCULAR STENTS,8/30/2023 12:00:00 AM,CLOSED,10,2170,CLOSED,EACH,NF,8/30/2023 12:00:00 AM,MSIR026699,"RADIOLOGY REQ INTERFACE, INTERVENTIONAL",,,M 0146 INTERVENTIONAL RADIOLOGY,4340,4340,4340,STENTS,42295905,SURGICAL PRODUCTS,BOSTON SCIENTIFIC CORP,BSSCIS
BOSTON SCIENTIFIC CORP,2023,"STROKE PROGRAM, 01301735",MOUNT SINAI QUEENS,BOSTON SCIENTIFIC CORP,MEDICAL EQUIPMENT AND ACCESSORIES AND SUPPLIES,True,True,CLOSED,4249,"4249, ENDOVASCULAR STENTS",MOUNT SINAI QUEENS,Yes,M001719020,BOSTON SCIENTIFIC CORP,6/12/2023 12:00:00 AM,Q1974492,PURCHASE ORDER,STENT ENDOPROSTHESIS 29MM 135CM 8MM WALLSTENT MONORAIL CAROTID METAL CLOSED CELL RECONSTRAINABLE FLEXIBLE RADIOPAQUE ACCEPTS 5FR SHEATH 7FR GUIDE CATHETERM001719020M001719020,PMMPOS,ENDOPROSTHESIS OR WALL STENTS OR TUBES,M001719020,STROKE PROGRAM,01301735,ENDOVASCULAR STENTS,MSHS-CA-237,,STENT ENDOPROSTHESIS 29MM 135CM 8MM WALLSTENT MONORAIL CAROTID METAL CLOSED CELL RECONSTRAINABLE FLEXIBLE RADIOPAQUE ACCEPTS 5FR SHEATH 7FR GUIDE CATHETER,4249,M001719020,1,,1,1,1,1,1,2170,2170,102-107-11-13055-00000000000-0-0,NF,MSQ MAIN PURCHASING,MSQ MAIN PURCHASING,"ENDOPROSTHESIS OR WALL STENTS OR TUBES 
 
BOSTON SCIENTIFIC CORP",SYSTEM CREATED,Q 1735 STROKE PROGRAM 25-10 30TH AVE,"STROKE PROGRAM, 01301735",MOUNT SINAI QUEENS,ACTIVE,CLOSED,EDI,TRUE,TRUE,2170,Q,MOUNT SINAI QUEENS,013017354249,False,MSHS-CA-237,Yes,,251643,BOSTON SCIENTIFIC CORP,BOSTON SCIENTIFIC CORP,1/EA,1,No, ,NO,4249, ENDOVASCULAR STENTS,6/12/2023 12:00:00 AM,CLOSED,4,2170,CLOSED,EACH,NF,6/12/2023 12:00:00 AM,MQSC-001641,QSIGHT QUEENS  REQ INTERFACE,,,Q 1735 STROKE PROGRAM 25-10 30TH AVE,2170,2170,2170,STENTS,42295905,SURGICAL PRODUCTS,BOSTON SCIENTIFIC CORP,BSSCIS
BOSTON SCIENTIFIC CORP,2024,"STROKE PROGRAM, 01301735",MOUNT SINAI QUEENS,BOSTON SCIENTIFIC CORP,MEDICAL EQUIPMENT AND ACCESSORIES AND SUPPLIES,True,True,CLOSED,4249,"4249, ENDOVASCULAR STENTS",MOUNT SINAI QUEENS,Yes,M001719020,BOSTON SCIENTIFIC CORP,1/31/2024 12:00:00 AM,Q2060933,PURCHASE ORDER,STENT ENDOPROSTHESIS 29MM 135CM 8MM WALLSTENT MONORAIL CAROTID METAL CLOSED CELL RECONSTRAINABLE FLEXIBLE RADIOPAQUE ACCEPTS 5FR SHEATH 7FR GUIDE CATHETERM001719020M001719020,PMMPOS,ENDOPROSTHESIS OR WALL STENTS OR TUBES,M001719020,STROKE PROGRAM,01301735,ENDOVASCULAR STENTS,MSHS-CA-237,,STENT ENDOPROSTHESIS 29MM 135CM 8MM WALLSTENT MONORAIL CAROTID METAL CLOSED CELL RECONSTRAINABLE FLEXIBLE RADIOPAQUE ACCEPTS 5FR SHEATH 7FR GUIDE CATHETER,4249,M001719020,1,,1,1,1,1,1,2170,2170,102-107-11-13055-00000000000-0-0,NF,MSQ MAIN PURCHASING,MSQ MAIN PURCHASING,"ENDOPROSTHESIS OR WALL STENTS OR TUBES 
 
BOSTON SCIENTIFIC CORP",SYSTEM CREATED,Q 1735 STROKE PROGRAM 25-10 30TH AVE,"STROKE PROGRAM, 01301735",MOUNT SINAI QUEENS,ACTIVE,CLOSED,EDI,TRUE,TRUE,2170,Q,MOUNT SINAI QUEENS,013017354249,False,MSHS-CA-237,Yes,,251643,BOSTON SCIENTIFIC CORP,BOSTON SCIENTIFIC CORP,1/EA,1,No, ,NO,4249, ENDOVASCULAR STENTS,1/31/2024 12:00:00 AM,CLOSED,2,2170,CLOSED,EACH,NF,1/31/2024 12:00:00 AM,MQSC-001987,QSIGHT QUEENS  REQ INTERFACE,,,Q 1735 STROKE PROGRAM 25-10 30TH AVE,2170,2170,2170,STENTS,42295905,SURGICAL PRODUCTS,BOSTON SCIENTIFIC CORP,BSSCIS
BOSTON SCIENTIFIC CORP,2024,"STROKE PROGRAM, 01301735",MOUNT SINAI QUEENS,BOSTON SCIENTIFIC CORP,MEDICAL EQUIPMENT AND ACCESSORIES AND SUPPLIES,True,True,CLOSED,4249,"4249, ENDOVASCULAR STENTS",MOUNT SINAI QUEENS,Yes,M001719020,BOSTON SCIENTIFIC CORP,4/2/2024 12:00:00 AM,Q2086015,PURCHASE ORDER,STENT ENDOPROSTHESIS 29MM 135CM 8MM WALLSTENT MONORAIL CAROTID METAL CLOSED CELL RECONSTRAINABLE FLEXIBLE RADIOPAQUE ACCEPTS 5FR SHEATH 7FR GUIDE CATHETERM001719020M001719020,PMMPOS,ENDOPROSTHESIS OR WALL STENTS OR TUBES,M001719020,STROKE PROGRAM,01301735,ENDOVASCULAR STENTS,MSHS-CA-237,,STENT ENDOPROSTHESIS 29MM 135CM 8MM WALLSTENT MONORAIL CAROTID METAL CLOSED CELL RECONSTRAINABLE FLEXIBLE RADIOPAQUE ACCEPTS 5FR SHEATH 7FR GUIDE CATHETER,4249,M001719020,1,,1,1,1,1,1,2170,2170,102-107-11-13055-00000000000-0-0,NF,MSQ MAIN PURCHASING,MSQ MAIN PURCHASING,"ENDOPROSTHESIS OR WALL STENTS OR TUBES 
 
BOSTON SCIENTIFIC CORP",SYSTEM CREATED,Q 1735 STROKE PROGRAM 25-10 30TH AVE,"STROKE PROGRAM, 01301735",MOUNT SINAI QUEENS,ACTIVE,CLOSED,EDI,TRUE,TRUE,2170,Q,MOUNT SINAI QUEENS,013017354249,False,MSHS-CA-237,Yes,,251643,BOSTON SCIENTIFIC CORP,BOSTON SCIENTIFIC CORP,1/EA,1,No, ,NO,4249, ENDOVASCULAR STENTS,4/2/2024 12:00:00 AM,CLOSED,2,2170,CLOSED,EACH,NF,4/2/2024 12:00:00 AM,MQSC-002118,QSIGHT QUEENS  REQ INTERFACE,,,Q 1735 STROKE PROGRAM 25-10 30TH AVE,2170,2170,2170,STENTS,42295905,SURGICAL PRODUCTS,BOSTON SCIENTIFIC CORP,BSSCIS
BOSTON SCIENTIFIC CORP,2023,"STROKE PROGRAM, 01301735",MOUNT SINAI QUEENS,BOSTON SCIENTIFIC CORP,MEDICAL EQUIPMENT AND ACCESSORIES AND SUPPLIES,True,True,CLOSED,4249,"4249, ENDOVASCULAR STENTS",MOUNT SINAI QUEENS,Yes,M001719020,BOSTON SCIENTIFIC CORP,1/9/2023 12:00:00 AM,Q1918612,PURCHASE ORDER,STENT ENDOPROSTHESIS 29MM 135CM 8MM WALLSTENT MONORAIL CAROTID METAL CLOSED CELL RECONSTRAINABLE FLEXIBLE RADIOPAQUE ACCEPTS 5FR SHEATH 7FR GUIDE CATHETERM001719020M001719020,PMMPOS,ENDOPROSTHESIS OR WALL STENTS OR TUBES,M001719020,STROKE PROGRAM,01301735,ENDOVASCULAR STENTS,MSHS-CA-237,,STENT ENDOPROSTHESIS 29MM 135CM 8MM WALLSTENT MONORAIL CAROTID METAL CLOSED CELL RECONSTRAINABLE FLEXIBLE RADIOPAQUE ACCEPTS 5FR SHEATH 7FR GUIDE CATHETER,4249,M001719020,1,,1,1,1,1,1,2170,2170,102-107-11-13055-00000000000-0-0,NF,MSQ MAIN PURCHASING,MSQ MAIN PURCHASING,"ENDOPROSTHESIS OR WALL STENTS OR TUBES 
 
BOSTON SCIENTIFIC CORP",SYSTEM CREATED,Q 1735 STROKE PROGRAM 25-10 30TH AVE,"STROKE PROGRAM, 01301735",MOUNT SINAI QUEENS,ACTIVE,CLOSED,EDI,TRUE,TRUE,2170,Q,MOUNT SINAI QUEENS,013017354249,False,MSHS-CA-237,Yes,,251643,BOSTON SCIENTIFIC CORP,BOSTON SCIENTIFIC CORP,1/EA,1,No, ,NO,4249, ENDOVASCULAR STENTS,1/9/2023 12:00:00 AM,CLOSED,3,2170,CLOSED,EACH,NF,1/9/2023 12:00:00 AM,MQSC-001384,QSIGHT QUEENS  REQ INTERFACE,,,Q 1735 STROKE PROGRAM 25-10 30TH AVE,2170,2170,2170,STENTS,42295905,SURGICAL PRODUCTS,BOSTON SCIENTIFIC CORP,BSSCIS
BOSTON SCIENTIFIC CORP,2024,"STROKE PROGRAM, 01301735",MOUNT SINAI QUEENS,BOSTON SCIENTIFIC CORP,MEDICAL EQUIPMENT AND ACCESSORIES AND SUPPLIES,True,True,CLOSED,4249,"4249, ENDOVASCULAR STENTS",MOUNT SINAI QUEENS,Yes,M001719020,BOSTON SCIENTIFIC CORP,3/6/2024 12:00:00 AM,Q2075109,PURCHASE ORDER,STENT ENDOPROSTHESIS 29MM 135CM 8MM WALLSTENT MONORAIL CAROTID METAL CLOSED CELL RECONSTRAINABLE FLEXIBLE RADIOPAQUE ACCEPTS 5FR SHEATH 7FR GUIDE CATHETERM001719020M001719020,PMMPOS,ENDOPROSTHESIS OR WALL STENTS OR TUBES,M001719020,STROKE PROGRAM,01301735,ENDOVASCULAR STENTS,MSHS-CA-237,,STENT ENDOPROSTHESIS 29MM 135CM 8MM WALLSTENT MONORAIL CAROTID METAL CLOSED CELL RECONSTRAINABLE FLEXIBLE RADIOPAQUE ACCEPTS 5FR SHEATH 7FR GUIDE CATHETER,4249,M001719020,1,,1,1,1,1,1,2170,2170,102-107-11-13055-00000000000-0-0,NF,MSQ MAIN PURCHASING,MSQ MAIN PURCHASING,"ENDOPROSTHESIS OR WALL STENTS OR TUBES 
 
BOSTON SCIENTIFIC CORP",SYSTEM CREATED,Q 1735 STROKE PROGRAM 25-10 30TH AVE,"STROKE PROGRAM, 01301735",MOUNT SINAI QUEENS,ACTIVE,CLOSED,EDI,TRUE,TRUE,2170,Q,MOUNT SINAI QUEENS,013017354249,False,MSHS-CA-237,Yes,,251643,BOSTON SCIENTIFIC CORP,BOSTON SCIENTIFIC CORP,1/EA,1,No, ,NO,4249, ENDOVASCULAR STENTS,3/6/2024 12:00:00 AM,CLOSED,3,2170,CLOSED,EACH,NF,3/6/2024 12:00:00 AM,MQSC-002068,QSIGHT QUEENS  REQ INTERFACE,,,Q 1735 STROKE PROGRAM 25-10 30TH AVE,2170,2170,2170,STENTS,42295905,SURGICAL PRODUCTS,BOSTON SCIENTIFIC CORP,BSSCIS
BOSTON SCIENTIFIC CORP,2023,"RADIOLOGY NEURO INTERVENTIONAL, 21052",MOUNT SINAI WEST,BOSTON SCIENTIFIC CORP,MEDICAL EQUIPMENT AND ACCESSORIES AND SUPPLIES,True,True,PROCESSED,903045,"903045, OPERATING RM IOL -ASU - OTHER",MOUNT SINAI WEST,Yes,M001719020,BOSTON SCIENTIFIC CORP,9/12/2023 12:00:00 AM,1406576,GOODS,STENT ENDOPROSTHESIS 29MM 135CM 8MM WALLSTENT MONORAIL CAROTID METAL CLOSED CELL RECONSTRAINABLE FLEXIBLE RADIOPAQUE ACCEPTS 5FR SHEATH 7FR GUIDE CATHETERM001719020M001719020,ORAPOS,ENDOPROSTHESIS OR WALL STENTS OR TUBES,M001719020,RADIOLOGY NEURO INTERVENTIONAL,21052,OPERATING RM IOL -ASU - OTHER,MSHS-CA-237,,STENT ENDOPROSTHESIS 29MM 135CM 8MM WALLSTENT MONORAIL CAROTID METAL CLOSED CELL RECONSTRAINABLE FLEXIBLE RADIOPAQUE ACCEPTS 5FR SHEATH 7FR GUIDE CATHETER,903045,M001719020,1,1,1,1,1,1,1,2170,2170,301-301-11-21052-00000000000-0-0,NF,PERNELL   JOURNEE,"PERNELL, JOURNEE","ENDOPROSTHESIS OR WALL STENTS OR TUBES 
 
BOSTON SCIENTIFIC CORP",BUYER CREATED,RH 9368 1109,"RADIOLOGY NEURO INTERVENTIONAL, 21052",MOUNT SINAI WEST,ACTIVE,CLOSED,EDI,TRUE,TRUE,2170,CHP,MOUNT SINAI WEST,1109-900150-01-9368-0000000000-0000-000-000,False,MSHS-CA-237,Yes,2170,8013950,BOSTON SCIENTIFIC CORP,BOSTON SCIENTIFIC CORP,EA1,1,No, ,NO,903045, OPERATING RM IOL -ASU - OTHER,9/12/2023 12:00:00 AM,CLOSED,3-1-1,2170,APPROVED,EACH,NF,9/12/2023 12:00:00 AM,3259152,"VANDUYNE, RUSSELL",,,RH ROOSEVELT,2170,2170,2170,STENTS,42295905,SURGICAL PRODUCTS,BOSTON SCIENTIFIC CORP,3160
BOSTON SCIENTIFIC CORP,2023,"INTERVENTIONAL RADIOLOGY, 01040146",MOUNT SINAI HOSPITAL,BOSTON SCIENTIFIC CORP,MEDICAL EQUIPMENT AND ACCESSORIES AND SUPPLIES,True,True,CLOSED,4249,"4249, ENDOVASCULAR STENTS",MOUNT SINAI HOSPITAL,Yes,M001719020,BOSTON SCIENTIFIC CORP,6/5/2023 12:00:00 AM,M1971824,PURCHASE ORDER,STENT ENDOPROSTHESIS 29MM 135CM 8MM WALLSTENT MONORAIL CAROTID METAL CLOSED CELL RECONSTRAINABLE FLEXIBLE RADIOPAQUE ACCEPTS 5FR SHEATH 7FR GUIDE CATHETERM001719020M001719020,PMMPOS,ENDOPROSTHESIS OR WALL STENTS OR TUBES,M001719020,INTERVENTIONAL RADIOLOGY,01040146,ENDOVASCULAR STENTS,MSHS-CA-237,,STENT ENDOPROSTHESIS 29MM 135CM 8MM WALLSTENT MONORAIL CAROTID METAL CLOSED CELL RECONSTRAINABLE FLEXIBLE RADIOPAQUE ACCEPTS 5FR SHEATH 7FR GUIDE CATHETER,4249,M001719020,1,,1,1,1,1,1,2170,2170,101-101-11-21050-00000000000-0-0,NF,MSH MAIN PURCHASING,MSH MAIN PURCHASING,"ENDOPROSTHESIS OR WALL STENTS OR TUBES 
 
BOSTON SCIENTIFIC CORP",SYSTEM CREATED,M 0146 INTERVENTIONAL RADIOLOGY,"INTERVENTIONAL RADIOLOGY, 01040146",MOUNT SINAI HOSPITAL,ACTIVE,CLOSED,EDI,TRUE,TRUE,2170,M,MOUNT SINAI HOSPITAL,010401464249,False,MSHS-CA-237,Yes,,251643,BOSTON SCIENTIFIC CORP,BOSTON SCIENTIFIC CORP,1/EA,1,No, ,NO,4249, ENDOVASCULAR STENTS,6/5/2023 12:00:00 AM,CLOSED,2,2170,CLOSED,EACH,NF,6/5/2023 12:00:00 AM,MSIR025180,"RADIOLOGY REQ INTERFACE, INTERVENTIONAL",,,M 0146 INTERVENTIONAL RADIOLOGY,2170,2170,2170,STENTS,42295905,SURGICAL PRODUCTS,BOSTON SCIENTIFIC CORP,BSSCIS
BOSTON SCIENTIFIC CORP,2023,"INTERVENTIONAL RADIOLOGY, 01040146",MOUNT SINAI HOSPITAL,BOSTON SCIENTIFIC CORP,MEDICAL EQUIPMENT AND ACCESSORIES AND SUPPLIES,True,True,CLOSED,4249,"4249, ENDOVASCULAR STENTS",MOUNT SINAI HOSPITAL,Yes,M001719020,BOSTON SCIENTIFIC CORP,11/22/2023 12:00:00 AM,M2035812,PURCHASE ORDER,STENT ENDOPROSTHESIS 29MM 135CM 8MM WALLSTENT MONORAIL CAROTID METAL CLOSED CELL RECONSTRAINABLE FLEXIBLE RADIOPAQUE ACCEPTS 5FR SHEATH 7FR GUIDE CATHETERM001719020M001719020,PMMPOS,ENDOPROSTHESIS OR WALL STENTS OR TUBES,M001719020,INTERVENTIONAL RADIOLOGY,01040146,ENDOVASCULAR STENTS,MSHS-CA-237,,STENT ENDOPROSTHESIS 29MM 135CM 8MM WALLSTENT MONORAIL CAROTID METAL CLOSED CELL RECONSTRAINABLE FLEXIBLE RADIOPAQUE ACCEPTS 5FR SHEATH 7FR GUIDE CATHETER,4249,M001719020,2,,2,2,1,2,2,4340,4340,101-101-11-21050-00000000000-0-0,NF,MSH MAIN PURCHASING,MSH MAIN PURCHASING,"ENDOPROSTHESIS OR WALL STENTS OR TUBES 
 
BOSTON SCIENTIFIC CORP",SYSTEM CREATED,M 0146 INTERVENTIONAL RADIOLOGY,"INTERVENTIONAL RADIOLOGY, 01040146",MOUNT SINAI HOSPITAL,ACTIVE,CLOSED,EDI,TRUE,TRUE,4340,M,MOUNT SINAI HOSPITAL,010401464249,False,MSHS-CA-237,Yes,,251643,BOSTON SCIENTIFIC CORP,BOSTON SCIENTIFIC CORP,1/EA,1,No, ,NO,4249, ENDOVASCULAR STENTS,11/22/2023 12:00:00 AM,CLOSED,8,2170,CLOSED,EACH,NF,11/22/2023 12:00:00 AM,MSIR028118,"RADIOLOGY REQ INTERFACE, INTERVENTIONAL",,,M 0146 INTERVENTIONAL RADIOLOGY,4340,4340,4340,STENTS,42295905,SURGICAL PRODUCTS,BOSTON SCIENTIFIC CORP,BSSCIS
BOSTON SCIENTIFIC CORP,2023,"INTERVENTIONAL RADIOLOGY, 01040146",MOUNT SINAI HOSPITAL,BOSTON SCIENTIFIC CORP,ENDOVASCULAR STENTS,True,True,CLOSED,4249,"4249, ENDOVASCULAR STENTS",MOUNT SINAI HOSPITAL,Yes,M001719020,BOSTON SCIENTIFIC CORP,4/4/2023 12:00:00 AM,M1949683,PURCHASE ORDER,STENT ENDOPROSTHESIS 29MM 135CM 8MM WALLSTENT MONORAIL CAROTID METAL CLOSED CELL RECONSTRAINABLE FLEXIBLE RADIOPAQUE ACCEPTS 5FR SHEATH 7FR GUIDE CATHETERM001719020M001719020,PMMPOS,ENDOVASCULAR STENTS,M001719020,INTERVENTIONAL RADIOLOGY,01040146,ENDOVASCULAR STENTS,MSHS-CA-237,,STENT ENDOPROSTHESIS 29MM 135CM 8MM WALLSTENT MONORAIL CAROTID METAL CLOSED CELL RECONSTRAINABLE FLEXIBLE RADIOPAQUE ACCEPTS 5FR SHEATH 7FR GUIDE CATHETER,4249,M001719020,1,,1,1,1,1,1,2170,2170,101-101-11-21050-00000000000-0-0,NF,MSH MAIN PURCHASING,MSH MAIN PURCHASING,"ENDOVASCULAR STENTS 
 
BOSTON SCIENTIFIC CORP",SYSTEM CREATED,M 0146 INTERVENTIONAL RADIOLOGY,"INTERVENTIONAL RADIOLOGY, 01040146",MOUNT SINAI HOSPITAL,ACTIVE,CLOSED,EDI,TRUE,TRUE,2170,M,MOUNT SINAI HOSPITAL,010401464249,False,MSHS-CA-237,Yes,,251643,BOSTON SCIENTIFIC CORP,BOSTON SCIENTIFIC CORP,NF,1,No, ,NO,4249, ENDOVASCULAR STENTS,4/4/2023 12:00:00 AM,CLOSED,4,2170,CLOSED,EACH,NF,4/4/2023 12:00:00 AM,MSIR024123,"RADIOLOGY REQ INTERFACE, INTERVENTIONAL",,,M 0146 INTERVENTIONAL RADIOLOGY,2170,2170,2170,NF,NF,NF,BOSTON SCIENTIFIC CORP,BSSCIS
BOSTON SCIENTIFIC CORP,2025,"Cerebral Vascular Center, 3396",S NASSAU,BOSTON SCIENTIFIC CORPORATION,MED SURG SUPPLIES,True,True,CLOSED,,,S NASSAU,Yes,M001719020,BOSTON SCIENTIFIC CORPORATION,3/27/2025 12:00:00 AM,8368619,Non-Stock-Non-Stock_,CAROTID WALLSTENT 8X29X135M001719020M001719020,LAWPOS,MED SURG SUPPLIES,M001719020,Cerebral Vascular Center,3396,Med Surg Supplies,MSHS-CA-237,,CAROTID WALLSTENT 8X29X135,,M001719020,,1,,1,,,0,2170,2170,,,Isa Shachove,Isa Shachove,"MED SURG SUPPLIES 
 
BOSTON SCIENTIFIC CORPORATION",,MM - Store Room,"Cerebral Vascular Center, 3396",S NASSAU,,CLOSED,,FALSE,FALSE,2170,,S NASSAU,,False,MSHS-CA-237,Yes,,77877,BOSTON SCIENTIFIC CORPORATION,BOSTON SCIENTIFIC CORPORATION,,,No, ,NO,,,,CLOSED,1,2170,CLOSED,EA,NF,,,Christopher Nastri,,,STORE,2170,2170,2170,,,,BOSTON SCIENTIFIC CORP,4049
BOSTON SCIENTIFIC CORP,2025,"INTERVENTIONAL RADIOLOGY, 21050",MOUNT SINAI HOSPITAL,BOSTON SCIENTIFIC,IMPLANTS,True,True,CLOSED,903030,"903030, IMPLANTS",MOUNT SINAI HOSPITAL,Yes,M001719020,BOSTON SCIENTIFIC,5/13/2025 12:00:00 AM,M3098622,GOODS,STENT ENDOPROSTHESIS 29MM 135CM 8MM WALLSTENT MONORAIL CAROTID METAL CLOSED CELL RECONSTRAINABLE FLEXIBLE RADIOPAQUE ACCEPTS 5FR SHEATH 7FR GUIDE CATHETERM001719020M001719020,ORAPOS,IMPLANTS,M001719020,INTERVENTIONAL RADIOLOGY,21050,IMPLANTS,MSHS-CA-237,,STENT ENDOPROSTHESIS 29MM 135CM 8MM WALLSTENT MONORAIL CAROTID METAL CLOSED CELL RECONSTRAINABLE FLEXIBLE RADIOPAQUE ACCEPTS 5FR SHEATH 7FR GUIDE CATHETER,903030,M001719020,1,1,1,1,,,,2170,2170,NF,NF,BUCHANAN   MRS. STEPHANIE,"BUCHANAN, MRS. STEPHANIE","IMPLANTS 
 
BOSTON SCIENTIFIC",Y,21050 INTERVENTIONAL RADIOLOGY,"INTERVENTIONAL RADIOLOGY, 21050",MOUNT SINAI HOSPITAL,ACTIVE,CLOSED,EDI,TRUE,TRUE,2170,MOUNT SINAI HOSPITAL,MOUNT SINAI HOSPITAL,101-101-11-21050-903030-00000000000-000-0000-000-00000-00000----,False,MSHS-CA-237,Yes,2170,8013950,BOSTON SCIENTIFIC,BOSTON SCIENTIFIC,NF,1,No, ,NO,903030, IMPLANTS,5/13/2025 12:00:00 AM,CLOSED,1-1-1,2170,CLOSED,EACH,NF,5/13/2025 12:00:00 AM,QS10644480,RODRIGUEZ MICHAEL,,,MOUNT SINAI HOSPITAL - RECVG MAIN,2170,2170,2170,NF,NF,NF,BOSTON SCIENTIFIC CORP,3160
BOSTON SCIENTIFIC CORP,2024,"STROKE PROGRAM, 01301735",MOUNT SINAI QUEENS,BOSTON SCIENTIFIC CORP,MEDICAL EQUIPMENT AND ACCESSORIES AND SUPPLIES,True,True,CLOSED,4249,"4249, ENDOVASCULAR STENTS",MOUNT SINAI QUEENS,Yes,M001719030,BOSTON SCIENTIFIC CORP,4/11/2024 12:00:00 AM,Q2089616,PURCHASE ORDER,STENT ENDOPROSTHESIS 36MM 135CM 8MM WALLSTENT MONORAIL CAROTID METAL CLOSED CELL RECONSTRAINABLE FLEXIBLE RADIOPAQUE ACCEPTS 5FR SHEATH 7FR GUIDE CATHETERM001719030M001719030,PMMPOS,ENDOPROSTHESIS OR WALL STENTS OR TUBES,M001719030,STROKE PROGRAM,01301735,ENDOVASCULAR STENTS,MSHS-CA-237,,STENT ENDOPROSTHESIS 36MM 135CM 8MM WALLSTENT MONORAIL CAROTID METAL CLOSED CELL RECONSTRAINABLE FLEXIBLE RADIOPAQUE ACCEPTS 5FR SHEATH 7FR GUIDE CATHETER,4249,M001719030,1,,1,1,1,1,1,2170,2170,102-107-11-13055-00000000000-0-0,NF,MSQ MAIN PURCHASING,MSQ MAIN PURCHASING,"ENDOPROSTHESIS OR WALL STENTS OR TUBES 
 
BOSTON SCIENTIFIC CORP",SYSTEM CREATED,Q 1735 STROKE PROGRAM 25-10 30TH AVE,"STROKE PROGRAM, 01301735",MOUNT SINAI QUEENS,ACTIVE,CLOSED,EDI,TRUE,TRUE,2170,Q,MOUNT SINAI QUEENS,013017354249,False,MSHS-CA-237,Yes,,251644,BOSTON SCIENTIFIC CORP,BOSTON SCIENTIFIC CORP,1/EA,1,No, ,NO,4249, ENDOVASCULAR STENTS,4/11/2024 12:00:00 AM,CLOSED,2,2170,CLOSED,EACH,NF,4/11/2024 12:00:00 AM,MQSC-002150,QSIGHT QUEENS  REQ INTERFACE,,,Q 1735 STROKE PROGRAM 25-10 30TH AVE,2170,2170,2170,STENTS,42295905,SURGICAL PRODUCTS,BOSTON SCIENTIFIC CORP,BSSCIS
BOSTON SCIENTIFIC CORP,2024,"RADIOLOGY NEURO INTERVENTIONAL, 21052",MOUNT SINAI WEST,BOSTON SCIENTIFIC CORP,MEDICAL EQUIPMENT AND ACCESSORIES AND SUPPLIES,True,True,PROCESSED,903030,"903030, IMPLANTS",MOUNT SINAI WEST,Yes,M001719030,BOSTON SCIENTIFIC CORP,1/9/2024 12:00:00 AM,1427755,GOODS,STENT ENDOPROSTHESIS 36MM 135CM 8MM WALLSTENT MONORAIL CAROTID METAL CLOSED CELL RECONSTRAINABLE FLEXIBLE RADIOPAQUE ACCEPTS 5FR SHEATH 7FR GUIDE CATHETERM001719030M001719030,ORAPOS,ENDOPROSTHESIS OR WALL STENTS OR TUBES,M001719030,RADIOLOGY NEURO INTERVENTIONAL,21052,IMPLANTS,MSHS-CA-237,,STENT ENDOPROSTHESIS 36MM 135CM 8MM WALLSTENT MONORAIL CAROTID METAL CLOSED CELL RECONSTRAINABLE FLEXIBLE RADIOPAQUE ACCEPTS 5FR SHEATH 7FR GUIDE CATHETER,903030,M001719030,0,0,0,1,1,1,0,2170,2170,301-301-11-21052-00000000000-0-0,NF,PERNELL   JOURNEE,"PERNELL, JOURNEE","ENDOPROSTHESIS OR WALL STENTS OR TUBES 
 
BOSTON SCIENTIFIC CORP",SYSTEM CREATED,RH 9368 1109,"RADIOLOGY NEURO INTERVENTIONAL, 21052",MOUNT SINAI WEST,ACTIVE,OPEN,EDI,TRUE,TRUE,2170,CHP,MOUNT SINAI WEST,1109-900152-01-9368-0000000000-0000-000-000,False,MSHS-CA-237,Yes,,2023678,BOSTON SCIENTIFIC CORP,BOSTON SCIENTIFIC CORP,EA1,1,No, ,NO,903030, IMPLANTS,1/9/2024 12:00:00 AM,OPEN,3-1-1,2170,APPROVED,EACH,NF,1/9/2024 12:00:00 AM,3303894,"MCLEOD, KENRICK CHRISTOPHER",,,RH ROOSEVELT,2170,0,2170,STENTS,42295905,SURGICAL PRODUCTS,BOSTON SCIENTIFIC CORP,3160
BOSTON SCIENTIFIC CORP,2025,"Cerebral Vascular Center, 3396",S NASSAU,BOSTON SCIENTIFIC CORPORATION,MED SURG SUPPLIES,True,True,CLOSED,,,S NASSAU,Yes,M001719030,BOSTON SCIENTIFIC CORPORATION,3/6/2025 12:00:00 AM,8366501,Non-Stock-Non-Stock_,CAROTID WALLSTENT 8X36X135M001719030407,LAWPOS,MED SURG SUPPLIES,407,Cerebral Vascular Center,3396,Med Surg Supplies,MSHS-CA-237,,CAROTID WALLSTENT 8X36X135,,M001719030,,1,,1,,,0,2170,2170,,,Isa Shachove,Isa Shachove,"MED SURG SUPPLIES 
 
BOSTON SCIENTIFIC CORPORATION",,MM - Store Room,"Cerebral Vascular Center, 3396",S NASSAU,,CLOSED,,FALSE,FALSE,2170,,S NASSAU,,False,MSHS-CA-237,Yes,,77878,BOSTON SCIENTIFIC CORPORATION,BOSTON SCIENTIFIC CORPORATION,,,No, ,NO,,,,CLOSED,2,2170,CLOSED,EA,NF,,,Christopher Nastri,,,STORE,2170,2170,2170,,,,BOSTON SCIENTIFIC CORP,4049
BOSTON SCIENTIFIC CORP,2023,"STROKE PROGRAM, 01301735",MOUNT SINAI QUEENS,BOSTON SCIENTIFIC CORP,MEDICAL EQUIPMENT AND ACCESSORIES AND SUPPLIES,True,True,CLOSED,4249,"4249, ENDOVASCULAR STENTS",MOUNT SINAI QUEENS,Yes,M001719030,BOSTON SCIENTIFIC CORP,6/12/2023 12:00:00 AM,Q1974492,PURCHASE ORDER,STENT ENDOPROSTHESIS 36MM 135CM 8MM WALLSTENT MONORAIL CAROTID METAL CLOSED CELL RECONSTRAINABLE FLEXIBLE RADIOPAQUE ACCEPTS 5FR SHEATH 7FR GUIDE CATHETERM001719030M001719030,PMMPOS,ENDOPROSTHESIS OR WALL STENTS OR TUBES,M001719030,STROKE PROGRAM,01301735,ENDOVASCULAR STENTS,MSHS-CA-237,,STENT ENDOPROSTHESIS 36MM 135CM 8MM WALLSTENT MONORAIL CAROTID METAL CLOSED CELL RECONSTRAINABLE FLEXIBLE RADIOPAQUE ACCEPTS 5FR SHEATH 7FR GUIDE CATHETER,4249,M001719030,1,,1,1,1,1,1,2170,2170,102-107-11-13055-00000000000-0-0,NF,MSQ MAIN PURCHASING,MSQ MAIN PURCHASING,"ENDOPROSTHESIS OR WALL STENTS OR TUBES 
 
BOSTON SCIENTIFIC CORP",SYSTEM CREATED,Q 1735 STROKE PROGRAM 25-10 30TH AVE,"STROKE PROGRAM, 01301735",MOUNT SINAI QUEENS,ACTIVE,CLOSED,EDI,TRUE,TRUE,2170,Q,MOUNT SINAI QUEENS,013017354249,False,MSHS-CA-237,Yes,,251644,BOSTON SCIENTIFIC CORP,BOSTON SCIENTIFIC CORP,1/EA,1,No, ,NO,4249, ENDOVASCULAR STENTS,6/12/2023 12:00:00 AM,CLOSED,5,2170,CLOSED,EACH,NF,6/12/2023 12:00:00 AM,MQSC-001641,QSIGHT QUEENS  REQ INTERFACE,,,Q 1735 STROKE PROGRAM 25-10 30TH AVE,2170,2170,2170,STENTS,42295905,SURGICAL PRODUCTS,BOSTON SCIENTIFIC CORP,BSSCIS
BOSTON SCIENTIFIC CORP,2024,"STROKE PROGRAM, 01301735",MOUNT SINAI QUEENS,BOSTON SCIENTIFIC CORP,MEDICAL EQUIPMENT AND ACCESSORIES AND SUPPLIES,True,True,CLOSED,4249,"4249, ENDOVASCULAR STENTS",MOUNT SINAI QUEENS,Yes,M001719030,BOSTON SCIENTIFIC CORP,1/22/2024 12:00:00 AM,Q2057021,PURCHASE ORDER,STENT ENDOPROSTHESIS 36MM 135CM 8MM WALLSTENT MONORAIL CAROTID METAL CLOSED CELL RECONSTRAINABLE FLEXIBLE RADIOPAQUE ACCEPTS 5FR SHEATH 7FR GUIDE CATHETERM001719030M001719030,PMMPOS,ENDOPROSTHESIS OR WALL STENTS OR TUBES,M001719030,STROKE PROGRAM,01301735,ENDOVASCULAR STENTS,MSHS-CA-237,,STENT ENDOPROSTHESIS 36MM 135CM 8MM WALLSTENT MONORAIL CAROTID METAL CLOSED CELL RECONSTRAINABLE FLEXIBLE RADIOPAQUE ACCEPTS 5FR SHEATH 7FR GUIDE CATHETER,4249,M001719030,1,,1,1,1,1,1,2170,2170,102-107-11-13055-00000000000-0-0,NF,MSQ MAIN PURCHASING,MSQ MAIN PURCHASING,"ENDOPROSTHESIS OR WALL STENTS OR TUBES 
 
BOSTON SCIENTIFIC CORP",SYSTEM CREATED,Q 1735 STROKE PROGRAM 25-10 30TH AVE,"STROKE PROGRAM, 01301735",MOUNT SINAI QUEENS,ACTIVE,CLOSED,EDI,TRUE,TRUE,2170,Q,MOUNT SINAI QUEENS,013017354249,False,MSHS-CA-237,Yes,,251644,BOSTON SCIENTIFIC CORP,BOSTON SCIENTIFIC CORP,1/EA,1,No, ,NO,4249, ENDOVASCULAR STENTS,1/22/2024 12:00:00 AM,CLOSED,2,2170,CLOSED,EACH,NF,1/22/2024 12:00:00 AM,MQSC-001975,QSIGHT QUEENS  REQ INTERFACE,,,Q 1735 STROKE PROGRAM 25-10 30TH AVE,2170,2170,2170,STENTS,42295905,SURGICAL PRODUCTS,BOSTON SCIENTIFIC CORP,BSSCIS
BOSTON SCIENTIFIC CORP,2023,"INTERVENTIONAL RADIOLOGY, 01040146",MOUNT SINAI HOSPITAL,BOSTON SCIENTIFIC CORP,MEDICAL EQUIPMENT AND ACCESSORIES AND SUPPLIES,True,True,CLOSED,4249,"4249, ENDOVASCULAR STENTS",MOUNT SINAI HOSPITAL,Yes,M001719030,BOSTON SCIENTIFIC CORP,1/18/2023 12:00:00 AM,M1921462,PURCHASE ORDER,STENT ENDOPROSTHESIS 36MM 135CM 8MM WALLSTENT MONORAIL CAROTID METAL CLOSED CELL RECONSTRAINABLE FLEXIBLE RADIOPAQUE ACCEPTS 5FR SHEATH 7FR GUIDE CATHETERM001719030M001719030,PMMPOS,ENDOPROSTHESIS OR WALL STENTS OR TUBES,M001719030,INTERVENTIONAL RADIOLOGY,01040146,ENDOVASCULAR STENTS,MSHS-CA-237,,STENT ENDOPROSTHESIS 36MM 135CM 8MM WALLSTENT MONORAIL CAROTID METAL CLOSED CELL RECONSTRAINABLE FLEXIBLE RADIOPAQUE ACCEPTS 5FR SHEATH 7FR GUIDE CATHETER,4249,M001719030,1,,1,1,1,1,1,2170,2170,101-101-11-21050-00000000000-0-0,NF,MSH MAIN PURCHASING,MSH MAIN PURCHASING,"ENDOPROSTHESIS OR WALL STENTS OR TUBES 
 
BOSTON SCIENTIFIC CORP",SYSTEM CREATED,M 0146 INTERVENTIONAL RADIOLOGY,"INTERVENTIONAL RADIOLOGY, 01040146",MOUNT SINAI HOSPITAL,ACTIVE,CLOSED,EDI,TRUE,TRUE,2170,M,MOUNT SINAI HOSPITAL,010401464249,False,MSHS-CA-237,Yes,,251644,BOSTON SCIENTIFIC CORP,BOSTON SCIENTIFIC CORP,1/EA,1,No, ,NO,4249, ENDOVASCULAR STENTS,1/18/2023 12:00:00 AM,CLOSED,10,2170,CLOSED,EACH,NF,1/18/2023 12:00:00 AM,MSIR022879,"RADIOLOGY REQ INTERFACE, INTERVENTIONAL",,,M 0146 INTERVENTIONAL RADIOLOGY,2170,2170,2170,STENTS,42295905,SURGICAL PRODUCTS,BOSTON SCIENTIFIC CORP,BSSCIS
BOSTON SCIENTIFIC CORP,2024,"INTERVENTIONAL RADIOLOGY, 01040146",MOUNT SINAI HOSPITAL,BOSTON SCIENTIFIC CORP,MEDICAL EQUIPMENT AND ACCESSORIES AND SUPPLIES,True,True,CLOSED,4249,"4249, ENDOVASCULAR STENTS",MOUNT SINAI HOSPITAL,Yes,M001719030,BOSTON SCIENTIFIC CORP,6/6/2024 12:00:00 AM,M2110339,PURCHASE ORDER,STENT ENDOPROSTHESIS 36MM 135CM 8MM WALLSTENT MONORAIL CAROTID METAL CLOSED CELL RECONSTRAINABLE FLEXIBLE RADIOPAQUE ACCEPTS 5FR SHEATH 7FR GUIDE CATHETERM001719030M001719030,PMMPOS,ENDOPROSTHESIS OR WALL STENTS OR TUBES,M001719030,INTERVENTIONAL RADIOLOGY,01040146,ENDOVASCULAR STENTS,MSHS-CA-237,,STENT ENDOPROSTHESIS 36MM 135CM 8MM WALLSTENT MONORAIL CAROTID METAL CLOSED CELL RECONSTRAINABLE FLEXIBLE RADIOPAQUE ACCEPTS 5FR SHEATH 7FR GUIDE CATHETER,4249,M001719030,1,,1,1,1,1,1,2170,2170,101-101-11-21050-00000000000-0-0,NF,MSH MAIN PURCHASING,MSH MAIN PURCHASING,"ENDOPROSTHESIS OR WALL STENTS OR TUBES 
 
BOSTON SCIENTIFIC CORP",SYSTEM CREATED,M 0146 INTERVENTIONAL RADIOLOGY,"INTERVENTIONAL RADIOLOGY, 01040146",MOUNT SINAI HOSPITAL,ACTIVE,CLOSED,EDI,TRUE,TRUE,2170,M,MOUNT SINAI HOSPITAL,010401464249,False,MSHS-CA-237,Yes,,251644,BOSTON SCIENTIFIC CORP,BOSTON SCIENTIFIC CORP,1/EA,1,No, ,NO,4249, ENDOVASCULAR STENTS,6/6/2024 12:00:00 AM,CLOSED,6,2170,CLOSED,EACH,NF,6/6/2024 12:00:00 AM,MSIR031408,"RADIOLOGY REQ INTERFACE, INTERVENTIONAL",,,M 0146 INTERVENTIONAL RADIOLOGY,2170,2170,2170,STENTS,42295905,SURGICAL PRODUCTS,BOSTON SCIENTIFIC CORP,BSSCIS
BOSTON SCIENTIFIC CORP,2023,"INTERVENTIONAL RADIOLOGY, 01040146",MOUNT SINAI HOSPITAL,BOSTON SCIENTIFIC CORP,MEDICAL EQUIPMENT AND ACCESSORIES AND SUPPLIES,True,True,CLOSED,4249,"4249, ENDOVASCULAR STENTS",MOUNT SINAI HOSPITAL,Yes,M001719030,BOSTON SCIENTIFIC CORP,11/13/2023 12:00:00 AM,M2032390,PURCHASE ORDER,STENT ENDOPROSTHESIS 36MM 135CM 8MM WALLSTENT MONORAIL CAROTID METAL CLOSED CELL RECONSTRAINABLE FLEXIBLE RADIOPAQUE ACCEPTS 5FR SHEATH 7FR GUIDE CATHETERM001719030M001719030,PMMPOS,ENDOPROSTHESIS OR WALL STENTS OR TUBES,M001719030,INTERVENTIONAL RADIOLOGY,01040146,ENDOVASCULAR STENTS,MSHS-CA-237,,STENT ENDOPROSTHESIS 36MM 135CM 8MM WALLSTENT MONORAIL CAROTID METAL CLOSED CELL RECONSTRAINABLE FLEXIBLE RADIOPAQUE ACCEPTS 5FR SHEATH 7FR GUIDE CATHETER,4249,M001719030,1,,1,1,1,1,1,2170,2170,101-101-11-21050-00000000000-0-0,NF,MSH MAIN PURCHASING,MSH MAIN PURCHASING,"ENDOPROSTHESIS OR WALL STENTS OR TUBES 
 
BOSTON SCIENTIFIC CORP",SYSTEM CREATED,M 0146 INTERVENTIONAL RADIOLOGY,"INTERVENTIONAL RADIOLOGY, 01040146",MOUNT SINAI HOSPITAL,ACTIVE,CLOSED,EDI,TRUE,TRUE,2170,M,MOUNT SINAI HOSPITAL,010401464249,False,MSHS-CA-237,Yes,,251644,BOSTON SCIENTIFIC CORP,BOSTON SCIENTIFIC CORP,1/EA,1,No, ,NO,4249, ENDOVASCULAR STENTS,11/13/2023 12:00:00 AM,CLOSED,2,2170,CLOSED,EACH,NF,11/13/2023 12:00:00 AM,MSIR027926,"RADIOLOGY REQ INTERFACE, INTERVENTIONAL",,,M 0146 INTERVENTIONAL RADIOLOGY,2170,2170,2170,STENTS,42295905,SURGICAL PRODUCTS,BOSTON SCIENTIFIC CORP,BSSCIS
BOSTON SCIENTIFIC CORP,2025,"RADIOLOGY NEURO INTERVENTIONAL, 21052",MOUNT SINAI WEST,BOSTON SCIENTIFIC,IMPLANTS,True,True,CLOSED,903030,"903030, IMPLANTS",MOUNT SINAI WEST,Yes,M001719030,BOSTON SCIENTIFIC,1/2/2025 12:00:00 AM,W1022027,GOODS,STENT ENDOPROSTHESIS 36MM WALLSTENT MONORAIL 8MM DELIVERY SYSTEM FLEXIBLE METAL ACCEPTS 5FR SHEATH 7FR GUIDE CATHETERM001719030M001719030,ORAPOS,IMPLANTS,M001719030,RADIOLOGY NEURO INTERVENTIONAL,21052,IMPLANTS,MSHS-CA-237,,STENT ENDOPROSTHESIS 36MM WALLSTENT MONORAIL 8MM DELIVERY SYSTEM FLEXIBLE METAL ACCEPTS 5FR SHEATH 7FR GUIDE CATHETER,903030,M001719030,1,1,1,1,,,,2170,2170,NF,NF,PERNELL JOURNEE,PERNELL JOURNEE,"IMPLANTS 
 
BOSTON SCIENTIFIC",Y,1000 10TH AVE RM 4C-12 RAD NEURO INTRVNTNL,"RADIOLOGY NEURO INTERVENTIONAL, 21052",MOUNT SINAI WEST,ACTIVE,CLOSED,EDI,TRUE,TRUE,2170,MOUNT SINAI - WEST,MOUNT SINAI WEST,301-301-11-21052-903030-00000000000-000-0000-000-00000-00000----,False,MSHS-CA-237,Yes,2170,2023678,BOSTON SCIENTIFIC,BOSTON SCIENTIFIC,NF,1,No, ,NO,903030, IMPLANTS,1/2/2025 12:00:00 AM,CLOSED,1-1-1,2170,CLOSED,EACH,NF,1/2/2025 12:00:00 AM,QS10240858,MCLEOD KENRICK,,,MOUNT SINAI WEST - RECVG MAIN,2170,2170,2170,NF,NF,NF,BOSTON SCIENTIFIC CORP,3160
BOSTON SCIENTIFIC CORP,2024,"RADIOLOGY NEURO INTERVENTIONAL, 21052",MOUNT SINAI WEST,BOSTON SCIENTIFIC,IMPLANTS,True,True,CLOSED,903030,"903030, IMPLANTS",MOUNT SINAI WEST,Yes,M001719030,BOSTON SCIENTIFIC,10/30/2024 12:00:00 AM,W1006415,GOODS,STENT ENDOPROSTHESIS 36MM WALLSTENT MONORAIL 8MM DELIVERY SYSTEM FLEXIBLE METAL ACCEPTS 5FR SHEATH 7FR GUIDE CATHETERM001719030M001719030,ORAPOS,IMPLANTS,M001719030,RADIOLOGY NEURO INTERVENTIONAL,21052,IMPLANTS,MSHS-CA-237,,STENT ENDOPROSTHESIS 36MM WALLSTENT MONORAIL 8MM DELIVERY SYSTEM FLEXIBLE METAL ACCEPTS 5FR SHEATH 7FR GUIDE CATHETER,903030,M001719030,1,1,1,1,,,,2170,2170,NF,NF,PERNELL JOURNEE,PERNELL JOURNEE,"IMPLANTS 
 
BOSTON SCIENTIFIC",Y,1000 10TH AVE RM 4C-12 RAD NEURO INTRVNTNL,"RADIOLOGY NEURO INTERVENTIONAL, 21052",MOUNT SINAI WEST,ACTIVE,CLOSED,EDI,TRUE,TRUE,2170,MOUNT SINAI - WEST,MOUNT SINAI WEST,301-301-11-21052-903030-00000000000-000-0000-000-00000-00000----,False,MSHS-CA-237,Yes,2170,2023678,BOSTON SCIENTIFIC,BOSTON SCIENTIFIC,NF,1,No, ,NO,903030, IMPLANTS,10/30/2024 12:00:00 AM,CLOSED,3-1-1,2170,CLOSED,EACH,NF,10/30/2024 12:00:00 AM,W2577,MCLEOD KENRICK,,,MOUNT SINAI WEST - RECVG MAIN,2170,2170,2170,NF,NF,NF,BOSTON SCIENTIFIC CORP,3160
BOSTON SCIENTIFIC CORP,2024,"INTERVENTIONAL RADIOLOGY, 01040146",MOUNT SINAI HOSPITAL,BOSTON SCIENTIFIC CORP,MEDICAL EQUIPMENT AND ACCESSORIES AND SUPPLIES,True,True,CLOSED,4249,"4249, ENDOVASCULAR STENTS",MOUNT SINAI HOSPITAL,Yes,M001719030,BOSTON SCIENTIFIC CORP,9/16/2024 12:00:00 AM,M2146610,PURCHASE ORDER,STENT ENDOPROSTHESIS 36MM 135CM 8MM WALLSTENT MONORAIL CAROTID METAL CLOSED CELL RECONSTRAINABLE FLEXIBLE RADIOPAQUE ACCEPTS 5FR SHEATH 7FR GUIDE CATHETERM001719030M001719030,PMMPOS,ENDOPROSTHESIS OR WALL STENTS OR TUBES,M001719030,INTERVENTIONAL RADIOLOGY,01040146,ENDOVASCULAR STENTS,MSHS-CA-237,,STENT ENDOPROSTHESIS 36MM 135CM 8MM WALLSTENT MONORAIL CAROTID METAL CLOSED CELL RECONSTRAINABLE FLEXIBLE RADIOPAQUE ACCEPTS 5FR SHEATH 7FR GUIDE CATHETER,4249,M001719030,1,,1,1,1,1,1,2170,2170,101-101-11-21050-00000000000-0-0,NF,GADSDEN   CHONTE,"GADSDEN, CHONTE","ENDOPROSTHESIS OR WALL STENTS OR TUBES 
 
BOSTON SCIENTIFIC CORP",BUYER CREATED,M 0146 INTERVENTIONAL RADIOLOGY,"INTERVENTIONAL RADIOLOGY, 01040146",MOUNT SINAI HOSPITAL,ACTIVE,CLOSED,EDI,TRUE,TRUE,2170,M,MOUNT SINAI HOSPITAL,010401464249,False,MSHS-CA-237,Yes,,251644,BOSTON SCIENTIFIC CORP,BOSTON SCIENTIFIC CORP,1/EA,1,No, ,NO,4249, ENDOVASCULAR STENTS,9/16/2024 12:00:00 AM,CLOSED,3,2170,CLOSED,EACH,NF,9/16/2024 12:00:00 AM,MSIR032957,"RADIOLOGY REQ INTERFACE, INTERVENTIONAL",,,M 0146 INTERVENTIONAL RADIOLOGY,2170,2170,2170,STENTS,42295905,SURGICAL PRODUCTS,BOSTON SCIENTIFIC CORP,BSSCIS
BOSTON SCIENTIFIC CORP,2023,"INTERVENTIONAL RADIOLOGY, 01040146",MOUNT SINAI HOSPITAL,BOSTON SCIENTIFIC CORP,ENDOVASCULAR STENTS,True,True,CLOSED,4249,"4249, ENDOVASCULAR STENTS",MOUNT SINAI HOSPITAL,Yes,M001719030,BOSTON SCIENTIFIC CORP,5/3/2023 12:00:00 AM,M1960286,PURCHASE ORDER,STENT ENDOPROSTHESIS 36MM 135CM 8MM WALLSTENT MONORAIL CAROTID METAL CLOSED CELL RECONSTRAINABLE FLEXIBLE RADIOPAQUE ACCEPTS 5FR SHEATH 7FR GUIDE CATHETERM001719030M001719030,PMMPOS,ENDOVASCULAR STENTS,M001719030,INTERVENTIONAL RADIOLOGY,01040146,ENDOVASCULAR STENTS,MSHS-CA-237,,STENT ENDOPROSTHESIS 36MM 135CM 8MM WALLSTENT MONORAIL CAROTID METAL CLOSED CELL RECONSTRAINABLE FLEXIBLE RADIOPAQUE ACCEPTS 5FR SHEATH 7FR GUIDE CATHETER,4249,M001719030,1,,1,1,1,1,1,2170,2170,101-101-11-21050-00000000000-0-0,NF,MSH MAIN PURCHASING,MSH MAIN PURCHASING,"ENDOVASCULAR STENTS 
 
BOSTON SCIENTIFIC CORP",SYSTEM CREATED,M 0146 INTERVENTIONAL RADIOLOGY,"INTERVENTIONAL RADIOLOGY, 01040146",MOUNT SINAI HOSPITAL,ACTIVE,CLOSED,EDI,TRUE,TRUE,2170,M,MOUNT SINAI HOSPITAL,010401464249,False,MSHS-CA-237,Yes,,251644,BOSTON SCIENTIFIC CORP,BOSTON SCIENTIFIC CORP,NF,1,No, ,NO,4249, ENDOVASCULAR STENTS,5/3/2023 12:00:00 AM,CLOSED,6,2170,CLOSED,EACH,NF,5/3/2023 12:00:00 AM,MSIR024620,"RADIOLOGY REQ INTERFACE, INTERVENTIONAL",,,M 0146 INTERVENTIONAL RADIOLOGY,2170,2170,2170,NF,NF,NF,BOSTON SCIENTIFIC CORP,BSSCIS
BOSTON SCIENTIFIC CORP,2025,"RADIOLOGY NEURO INTERVENTIONAL, 21052",MOUNT SINAI WEST,BOSTON SCIENTIFIC,IMPLANTS,True,True,CLOSED,903030,"903030, IMPLANTS",MOUNT SINAI WEST,Yes,M001719030,BOSTON SCIENTIFIC,5/23/2025 12:00:00 AM,W1061810,GOODS,STENT ENDOPROSTHESIS 36MM WALLSTENT MONORAIL 8MM DELIVERY SYSTEM FLEXIBLE METAL ACCEPTS 5FR SHEATH 7FR GUIDE CATHETERM001719030M001719030,ORAPOS,IMPLANTS,M001719030,RADIOLOGY NEURO INTERVENTIONAL,21052,IMPLANTS,MSHS-CA-237,,STENT ENDOPROSTHESIS 36MM WALLSTENT MONORAIL 8MM DELIVERY SYSTEM FLEXIBLE METAL ACCEPTS 5FR SHEATH 7FR GUIDE CATHETER,903030,M001719030,1,1,1,1,,,,2170,2170,NF,NF,PERNELL JOURNEE,PERNELL JOURNEE,"IMPLANTS 
 
BOSTON SCIENTIFIC",Y,1000 10TH AVE RM 4C-12 RAD NEURO INTRVNTNL,"RADIOLOGY NEURO INTERVENTIONAL, 21052",MOUNT SINAI WEST,ACTIVE,CLOSED,EDI,TRUE,TRUE,2170,MOUNT SINAI - WEST,MOUNT SINAI WEST,301-301-11-21052-903030-00000000000-000-0000-000-00000-00000----,False,MSHS-CA-237,Yes,2170,2023678,BOSTON SCIENTIFIC,BOSTON SCIENTIFIC,NF,1,No, ,NO,903030, IMPLANTS,5/23/2025 12:00:00 AM,CLOSED,1-1-1,2170,CLOSED,EACH,NF,5/23/2025 12:00:00 AM,QS10682060,MCLEOD KENRICK,,,MOUNT SINAI WEST - RECVG MAIN,2170,2170,2170,NF,NF,NF,BOSTON SCIENTIFIC CORP,3160
BOSTON SCIENTIFIC CORP,2025,"RADIOLOGY NEURO INTERVENTIONAL, 21052",MOUNT SINAI WEST,BOSTON SCIENTIFIC,IMPLANTS,True,True,CLOSED,903030,"903030, IMPLANTS",MOUNT SINAI WEST,Yes,M001719030,BOSTON SCIENTIFIC,6/9/2025 12:00:00 AM,W1065236,GOODS,STENT ENDOPROSTHESIS 36MM WALLSTENT MONORAIL 8MM DELIVERY SYSTEM FLEXIBLE METAL ACCEPTS 5FR SHEATH 7FR GUIDE CATHETERM001719030M001719030,ORAPOS,IMPLANTS,M001719030,RADIOLOGY NEURO INTERVENTIONAL,21052,IMPLANTS,MSHS-CA-237,,STENT ENDOPROSTHESIS 36MM WALLSTENT MONORAIL 8MM DELIVERY SYSTEM FLEXIBLE METAL ACCEPTS 5FR SHEATH 7FR GUIDE CATHETER,903030,M001719030,1,1,1,1,,,,2170,2170,NF,NF,PERNELL JOURNEE,PERNELL JOURNEE,"IMPLANTS 
 
BOSTON SCIENTIFIC",Y,1000 10TH AVE RM 4C-12 RAD NEURO INTRVNTNL,"RADIOLOGY NEURO INTERVENTIONAL, 21052",MOUNT SINAI WEST,ACTIVE,CLOSED,EDI,TRUE,TRUE,2170,MOUNT SINAI - WEST,MOUNT SINAI WEST,301-301-11-21052-903030-00000000000-000-0000-000-00000-00000----,False,MSHS-CA-237,Yes,2170,2023678,BOSTON SCIENTIFIC,BOSTON SCIENTIFIC,NF,1,No, ,NO,903030, IMPLANTS,6/9/2025 12:00:00 AM,CLOSED,2-1-1,2170,CLOSED,EACH,NF,6/9/2025 12:00:00 AM,QS10726355,MELENDEZ RAFAEL,,,MOUNT SINAI WEST - RECVG MAIN,2170,2170,2170,NF,NF,NF,BOSTON SCIENTIFIC CORP,3160
BOSTON SCIENTIFIC CORP,2023,"INTERVENTIONAL RADIOLOGY, 01040146",MOUNT SINAI HOSPITAL,BOSTON SCIENTIFIC CORP,MEDICAL EQUIPMENT AND ACCESSORIES AND SUPPLIES,True,True,OPEN,4249,"4249, ENDOVASCULAR STENTS",MOUNT SINAI HOSPITAL,Yes,M001719030,BOSTON SCIENTIFIC CORP,12/22/2023 12:00:00 AM,M2047176,PURCHASE ORDER,STENT ENDOPROSTHESIS 36MM 135CM 8MM WALLSTENT MONORAIL CAROTID METAL CLOSED CELL RECONSTRAINABLE FLEXIBLE RADIOPAQUE ACCEPTS 5FR SHEATH 7FR GUIDE CATHETERM001719030M001719030,PMMPOS,ENDOPROSTHESIS OR WALL STENTS OR TUBES,M001719030,INTERVENTIONAL RADIOLOGY,01040146,ENDOVASCULAR STENTS,MSHS-CA-237,,STENT ENDOPROSTHESIS 36MM 135CM 8MM WALLSTENT MONORAIL CAROTID METAL CLOSED CELL RECONSTRAINABLE FLEXIBLE RADIOPAQUE ACCEPTS 5FR SHEATH 7FR GUIDE CATHETER,4249,M001719030,1,,1,1,1,1,1,2170,2170,101-101-11-21050-00000000000-0-0,NF,MSH MAIN PURCHASING,MSH MAIN PURCHASING,"ENDOPROSTHESIS OR WALL STENTS OR TUBES 
 
BOSTON SCIENTIFIC CORP",SYSTEM CREATED,M 0146 INTERVENTIONAL RADIOLOGY,"INTERVENTIONAL RADIOLOGY, 01040146",MOUNT SINAI HOSPITAL,ACTIVE,CLOSED,EDI,TRUE,TRUE,2170,M,MOUNT SINAI HOSPITAL,010401464249,False,MSHS-CA-237,Yes,,251644,BOSTON SCIENTIFIC CORP,BOSTON SCIENTIFIC CORP,1/EA,1,No, ,NO,4249, ENDOVASCULAR STENTS,12/22/2023 12:00:00 AM,CLOSED,13,2170,OPEN,EACH,NF,12/22/2023 12:00:00 AM,MSIR028685,"RADIOLOGY REQ INTERFACE, INTERVENTIONAL",,,M 0146 INTERVENTIONAL RADIOLOGY,2170,2170,2170,STENTS,42295905,SURGICAL PRODUCTS,BOSTON SCIENTIFIC CORP,BSSCIS
BOSTON SCIENTIFIC CORP,2024,"STROKE PROGRAM, 01301735",MOUNT SINAI QUEENS,BOSTON SCIENTIFIC CORP,MEDICAL EQUIPMENT AND ACCESSORIES AND SUPPLIES,True,True,CLOSED,4249,"4249, ENDOVASCULAR STENTS",MOUNT SINAI QUEENS,Yes,M001719030,BOSTON SCIENTIFIC CORP,5/16/2024 12:00:00 AM,Q2103095,PURCHASE ORDER,STENT ENDOPROSTHESIS 36MM 135CM 8MM WALLSTENT MONORAIL CAROTID METAL CLOSED CELL RECONSTRAINABLE FLEXIBLE RADIOPAQUE ACCEPTS 5FR SHEATH 7FR GUIDE CATHETERM001719030M001719030,PMMPOS,ENDOPROSTHESIS OR WALL STENTS OR TUBES,M001719030,STROKE PROGRAM,01301735,ENDOVASCULAR STENTS,MSHS-CA-237,,STENT ENDOPROSTHESIS 36MM 135CM 8MM WALLSTENT MONORAIL CAROTID METAL CLOSED CELL RECONSTRAINABLE FLEXIBLE RADIOPAQUE ACCEPTS 5FR SHEATH 7FR GUIDE CATHETER,4249,M001719030,1,,1,1,1,1,1,2170,2170,102-107-11-13055-00000000000-0-0,NF,MSQ MAIN PURCHASING,MSQ MAIN PURCHASING,"ENDOPROSTHESIS OR WALL STENTS OR TUBES 
 
BOSTON SCIENTIFIC CORP",SYSTEM CREATED,Q 1735 STROKE PROGRAM 25-10 30TH AVE,"STROKE PROGRAM, 01301735",MOUNT SINAI QUEENS,ACTIVE,CLOSED,EDI,TRUE,TRUE,2170,Q,MOUNT SINAI QUEENS,013017354249,False,MSHS-CA-237,Yes,,251644,BOSTON SCIENTIFIC CORP,BOSTON SCIENTIFIC CORP,1/EA,1,No, ,NO,4249, ENDOVASCULAR STENTS,5/16/2024 12:00:00 AM,CLOSED,4,2170,CLOSED,EACH,NF,5/16/2024 12:00:00 AM,MQSC-002214,QSIGHT QUEENS  REQ INTERFACE,,,Q 1735 STROKE PROGRAM 25-10 30TH AVE,2170,2170,2170,STENTS,42295905,SURGICAL PRODUCTS,BOSTON SCIENTIFIC CORP,BSSCIS
BOSTON SCIENTIFIC CORP,2023,"INTERVENTIONAL RADIOLOGY, 01040146",MOUNT SINAI HOSPITAL,BOSTON SCIENTIFIC CORP,MEDICAL EQUIPMENT AND ACCESSORIES AND SUPPLIES,True,True,CLOSED,4249,"4249, ENDOVASCULAR STENTS",MOUNT SINAI HOSPITAL,Yes,M001719030,BOSTON SCIENTIFIC CORP,1/3/2023 12:00:00 AM,M1916901,PURCHASE ORDER,STENT ENDOPROSTHESIS 36MM 135CM 8MM WALLSTENT MONORAIL CAROTID METAL CLOSED CELL RECONSTRAINABLE FLEXIBLE RADIOPAQUE ACCEPTS 5FR SHEATH 7FR GUIDE CATHETERM001719030M001719030,PMMPOS,ENDOPROSTHESIS OR WALL STENTS OR TUBES,M001719030,INTERVENTIONAL RADIOLOGY,01040146,ENDOVASCULAR STENTS,MSHS-CA-237,,STENT ENDOPROSTHESIS 36MM 135CM 8MM WALLSTENT MONORAIL CAROTID METAL CLOSED CELL RECONSTRAINABLE FLEXIBLE RADIOPAQUE ACCEPTS 5FR SHEATH 7FR GUIDE CATHETER,4249,M001719030,1,,1,1,1,1,1,2170,2170,101-101-11-21050-00000000000-0-0,NF,MSH MAIN PURCHASING,MSH MAIN PURCHASING,"ENDOPROSTHESIS OR WALL STENTS OR TUBES 
 
BOSTON SCIENTIFIC CORP",SYSTEM CREATED,M 0146 INTERVENTIONAL RADIOLOGY,"INTERVENTIONAL RADIOLOGY, 01040146",MOUNT SINAI HOSPITAL,ACTIVE,CLOSED,EDI,TRUE,TRUE,2170,M,MOUNT SINAI HOSPITAL,010401464249,False,MSHS-CA-237,Yes,,251644,BOSTON SCIENTIFIC CORP,BOSTON SCIENTIFIC CORP,1/EA,1,No, ,NO,4249, ENDOVASCULAR STENTS,1/3/2023 12:00:00 AM,CLOSED,11,2170,CLOSED,EACH,NF,1/3/2023 12:00:00 AM,MSIR022697,"RADIOLOGY REQ INTERFACE, INTERVENTIONAL",,,M 0146 INTERVENTIONAL RADIOLOGY,2170,2170,2170,STENTS,42295905,SURGICAL PRODUCTS,BOSTON SCIENTIFIC CORP,BSSCIS
BOSTON SCIENTIFIC CORP,2023,"RADIOLOGY NEURO INTERVENTIONAL, 21052",MOUNT SINAI WEST,BOSTON SCIENTIFIC CORP,MEDICAL EQUIPMENT AND ACCESSORIES AND SUPPLIES,True,True,PROCESSED,903030,"903030, IMPLANTS",MOUNT SINAI WEST,Yes,M001719030,BOSTON SCIENTIFIC CORP,10/27/2023 12:00:00 AM,1415314,GOODS,STENT ENDOPROSTHESIS 36MM 135CM 8MM WALLSTENT MONORAIL CAROTID METAL CLOSED CELL RECONSTRAINABLE FLEXIBLE RADIOPAQUE ACCEPTS 5FR SHEATH 7FR GUIDE CATHETERM001719030M001719030,ORAPOS,ENDOPROSTHESIS OR WALL STENTS OR TUBES,M001719030,RADIOLOGY NEURO INTERVENTIONAL,21052,IMPLANTS,MSHS-CA-237,,STENT ENDOPROSTHESIS 36MM 135CM 8MM WALLSTENT MONORAIL CAROTID METAL CLOSED CELL RECONSTRAINABLE FLEXIBLE RADIOPAQUE ACCEPTS 5FR SHEATH 7FR GUIDE CATHETER,903030,M001719030,0,0,0,1,1,1,0,2170,2170,301-301-11-21052-00000000000-0-0,NF,PERNELL   JOURNEE,"PERNELL, JOURNEE","ENDOPROSTHESIS OR WALL STENTS OR TUBES 
 
BOSTON SCIENTIFIC CORP",SYSTEM CREATED,RH 9368 1109,"RADIOLOGY NEURO INTERVENTIONAL, 21052",MOUNT SINAI WEST,ACTIVE,OPEN,EDI,TRUE,TRUE,2170,CHP,MOUNT SINAI WEST,1109-900152-01-9368-0000000000-0000-000-000,False,MSHS-CA-237,Yes,,2023678,BOSTON SCIENTIFIC CORP,BOSTON SCIENTIFIC CORP,EA1,1,No, ,NO,903030, IMPLANTS,10/27/2023 12:00:00 AM,OPEN,2-1-1,2170,APPROVED,EACH,NF,10/27/2023 12:00:00 AM,3277555,"MCLEOD, KENRICK CHRISTOPHER",,,RH ROOSEVELT,2170,0,2170,STENTS,42295905,SURGICAL PRODUCTS,BOSTON SCIENTIFIC CORP,3160
BOSTON SCIENTIFIC CORP,2023,"STROKE PROGRAM, 01301735",MOUNT SINAI QUEENS,BOSTON SCIENTIFIC CORP,MEDICAL EQUIPMENT AND ACCESSORIES AND SUPPLIES,True,True,CLOSED,4249,"4249, ENDOVASCULAR STENTS",MOUNT SINAI QUEENS,Yes,M001719030,BOSTON SCIENTIFIC CORP,1/10/2023 12:00:00 AM,Q1919081,PURCHASE ORDER,STENT ENDOPROSTHESIS 36MM 135CM 8MM WALLSTENT MONORAIL CAROTID METAL CLOSED CELL RECONSTRAINABLE FLEXIBLE RADIOPAQUE ACCEPTS 5FR SHEATH 7FR GUIDE CATHETERM001719030M001719030,PMMPOS,ENDOPROSTHESIS OR WALL STENTS OR TUBES,M001719030,STROKE PROGRAM,01301735,ENDOVASCULAR STENTS,MSHS-CA-237,,STENT ENDOPROSTHESIS 36MM 135CM 8MM WALLSTENT MONORAIL CAROTID METAL CLOSED CELL RECONSTRAINABLE FLEXIBLE RADIOPAQUE ACCEPTS 5FR SHEATH 7FR GUIDE CATHETER,4249,M001719030,2,,2,2,1,2,2,4340,4340,102-107-11-13055-00000000000-0-0,NF,MSQ MAIN PURCHASING,MSQ MAIN PURCHASING,"ENDOPROSTHESIS OR WALL STENTS OR TUBES 
 
BOSTON SCIENTIFIC CORP",SYSTEM CREATED,Q 1735 STROKE PROGRAM 25-10 30TH AVE,"STROKE PROGRAM, 01301735",MOUNT SINAI QUEENS,ACTIVE,CLOSED,EDI,TRUE,TRUE,4340,Q,MOUNT SINAI QUEENS,013017354249,False,MSHS-CA-237,Yes,,251644,BOSTON SCIENTIFIC CORP,BOSTON SCIENTIFIC CORP,1/EA,1,No, ,NO,4249, ENDOVASCULAR STENTS,1/10/2023 12:00:00 AM,CLOSED,1,2170,CLOSED,EACH,NF,1/10/2023 12:00:00 AM,MQSC-001390,QSIGHT QUEENS  REQ INTERFACE,,,Q 1735 STROKE PROGRAM 25-10 30TH AVE,4340,4340,4340,STENTS,42295905,SURGICAL PRODUCTS,BOSTON SCIENTIFIC CORP,BSSCIS
BOSTON SCIENTIFIC CORP,2025,"INTERVENTIONAL RADIOLOGY, 21050",MOUNT SINAI HOSPITAL,BOSTON SCIENTIFIC,IMPLANTS,True,True,CLOSED,903030,"903030, IMPLANTS",MOUNT SINAI HOSPITAL,Yes,M001719030,BOSTON SCIENTIFIC,3/21/2025 12:00:00 AM,M3074705,GOODS,STENT ENDOPROSTHESIS 36MM WALLSTENT MONORAIL 8MM DELIVERY SYSTEM FLEXIBLE METAL ACCEPTS 5FR SHEATH 7FR GUIDE CATHETERM001719030M001719030,ORAPOS,IMPLANTS,M001719030,INTERVENTIONAL RADIOLOGY,21050,IMPLANTS,MSHS-CA-237,,STENT ENDOPROSTHESIS 36MM WALLSTENT MONORAIL 8MM DELIVERY SYSTEM FLEXIBLE METAL ACCEPTS 5FR SHEATH 7FR GUIDE CATHETER,903030,M001719030,1,1,1,1,,,,2170,2170,NF,NF,BUCHANAN   MRS. STEPHANIE,"BUCHANAN, MRS. STEPHANIE","IMPLANTS 
 
BOSTON SCIENTIFIC",Y,21050 INTERVENTIONAL RADIOLOGY,"INTERVENTIONAL RADIOLOGY, 21050",MOUNT SINAI HOSPITAL,ACTIVE,CLOSED,EDI,TRUE,TRUE,2170,MOUNT SINAI HOSPITAL,MOUNT SINAI HOSPITAL,101-101-11-21050-903030-00000000000-000-0000-000-00000-00000----,False,MSHS-CA-237,Yes,2170,2023678,BOSTON SCIENTIFIC,BOSTON SCIENTIFIC,NF,1,No, ,NO,903030, IMPLANTS,3/21/2025 12:00:00 AM,CLOSED,8-1-1,2170,CLOSED,EACH,NF,3/21/2025 12:00:00 AM,QS10480154,BAUTISTA RONALD,,,MOUNT SINAI HOSPITAL - RECVG MAIN,2170,2170,2170,NF,NF,NF,BOSTON SCIENTIFIC CORP,3160
BOSTON SCIENTIFIC CORP,2025,"INTERVENTIONAL RADIOLOGY, 21050",MOUNT SINAI HOSPITAL,BOSTON SCIENTIFIC,IMPLANTS,True,True,CLOSED,903030,"903030, IMPLANTS",MOUNT SINAI HOSPITAL,Yes,M001719030,BOSTON SCIENTIFIC,5/30/2025 12:00:00 AM,M3105732,GOODS,STENT ENDOPROSTHESIS 36MM WALLSTENT MONORAIL 8MM DELIVERY SYSTEM FLEXIBLE METAL ACCEPTS 5FR SHEATH 7FR GUIDE CATHETERM001719030M001719030,ORAPOS,IMPLANTS,M001719030,INTERVENTIONAL RADIOLOGY,21050,IMPLANTS,MSHS-CA-237,,STENT ENDOPROSTHESIS 36MM WALLSTENT MONORAIL 8MM DELIVERY SYSTEM FLEXIBLE METAL ACCEPTS 5FR SHEATH 7FR GUIDE CATHETER,903030,M001719030,1,1,1,1,,,,2170,2170,NF,NF,BUCHANAN   MRS. STEPHANIE,"BUCHANAN, MRS. STEPHANIE","IMPLANTS 
 
BOSTON SCIENTIFIC",Y,21050 INTERVENTIONAL RADIOLOGY,"INTERVENTIONAL RADIOLOGY, 21050",MOUNT SINAI HOSPITAL,ACTIVE,CLOSED,EDI,TRUE,TRUE,2170,MOUNT SINAI HOSPITAL,MOUNT SINAI HOSPITAL,101-101-11-21050-903030-00000000000-000-0000-000-00000-00000----,False,MSHS-CA-237,Yes,2170,2023678,BOSTON SCIENTIFIC,BOSTON SCIENTIFIC,NF,1,No, ,NO,903030, IMPLANTS,5/30/2025 12:00:00 AM,CLOSED,3-1-1,2170,CLOSED,EACH,NF,5/30/2025 12:00:00 AM,QS10697641,RODRIGUEZ MICHAEL,,,MOUNT SINAI HOSPITAL - RECVG MAIN,2170,2170,2170,NF,NF,NF,BOSTON SCIENTIFIC CORP,3160
BOSTON SCIENTIFIC CORP,2024,"RADIOLOGY NEURO INTERVENTIONAL, 21052",MOUNT SINAI WEST,BOSTON SCIENTIFIC CORP,MEDICAL EQUIPMENT AND ACCESSORIES AND SUPPLIES,True,True,CLOSED,903030,"903030, IMPLANTS",MOUNT SINAI WEST,Yes,M001719030,BOSTON SCIENTIFIC CORP,7/25/2024 12:00:00 AM,1462329,GOODS,STENT ENDOPROSTHESIS 36MM WALLSTENT MONORAIL 8MM DELIVERY SYSTEM FLEXIBLE METAL ACCEPTS 5FR SHEATH 7FR GUIDE CATHETERM001719030M001719030,ORAPOS,ENDOPROSTHESIS OR WALL STENTS OR TUBES,M001719030,RADIOLOGY NEURO INTERVENTIONAL,21052,IMPLANTS,MSHS-CA-237,,STENT ENDOPROSTHESIS 36MM WALLSTENT MONORAIL 8MM DELIVERY SYSTEM FLEXIBLE METAL ACCEPTS 5FR SHEATH 7FR GUIDE CATHETER,903030,M001719030,0,0,0,1,1,1,0,1,1,NF,NF,PERNELL   JOURNEE,"PERNELL, JOURNEE","ENDOPROSTHESIS OR WALL STENTS OR TUBES 
 
BOSTON SCIENTIFIC CORP",SYSTEM CREATED,1000 10TH AVE RM 4C-12 RAD NEURO INTRVNTNL,"RADIOLOGY NEURO INTERVENTIONAL, 21052",MOUNT SINAI WEST,NONCAT,CLOSED,EDI,TRUE,TRUE,1,CHP,MOUNT SINAI WEST,301-301-11-21052-903030-00000000000-000-0000-000-00000-00000----,False,MSHS-CA-237,Yes,0,2023678,BOSTON SCIENTIFIC CORP,BOSTON SCIENTIFIC CORP,EA1,1,No, ,NO,903030, IMPLANTS,7/25/2024 12:00:00 AM,CLOSED FOR RECEIVING,1-1-1,1,CLOSED FOR RECEIVING,EACH,NF,7/25/2024 12:00:00 AM,3375469,"MCLEOD, KENRICK CHRISTOPHER",,,MOUNT SINAI WEST - RECVG MAIN,1,0,1,STENTS,42295905,SURGICAL PRODUCTS,BOSTON SCIENTIFIC CORP,3160
BOSTON SCIENTIFIC CORP,2025,"INTERVENTIONAL RADIOLOGY, 21050",MOUNT SINAI HOSPITAL,BOSTON SCIENTIFIC,IMPLANTS,True,True,OPEN,903030,"903030, IMPLANTS",MOUNT SINAI HOSPITAL,Yes,M001719030,BOSTON SCIENTIFIC,7/3/2025 12:00:00 AM,M3120846,GOODS,STENT ENDOPROSTHESIS 36MM WALLSTENT MONORAIL 8MM DELIVERY SYSTEM FLEXIBLE METAL ACCEPTS 5FR SHEATH 7FR GUIDE CATHETERM001719030M001719030,ORAPOS,IMPLANTS,M001719030,INTERVENTIONAL RADIOLOGY,21050,IMPLANTS,MSHS-CA-237,,STENT ENDOPROSTHESIS 36MM WALLSTENT MONORAIL 8MM DELIVERY SYSTEM FLEXIBLE METAL ACCEPTS 5FR SHEATH 7FR GUIDE CATHETER,903030,M001719030,0,0,0,1,,,0,0,0,NF,NF,BUCHANAN   MRS. STEPHANIE,"BUCHANAN, MRS. STEPHANIE","IMPLANTS 
 
BOSTON SCIENTIFIC",Y,21050 INTERVENTIONAL RADIOLOGY,"INTERVENTIONAL RADIOLOGY, 21050",MOUNT SINAI HOSPITAL,ACTIVE,OPEN,EDI,TRUE,TRUE,2170,MOUNT SINAI HOSPITAL,MOUNT SINAI HOSPITAL,101-101-11-21050-903030-00000000000-000-0000-000-00000-00000----,False,MSHS-CA-237,Yes,0,2023678,BOSTON SCIENTIFIC,BOSTON SCIENTIFIC,NF,1,No, ,NO,903030, IMPLANTS,7/3/2025 12:00:00 AM,OPEN,1-1-1,2170,OPEN,EACH,NF,7/3/2025 12:00:00 AM,QS10804862,RODRIGUEZ MICHAEL,,,MOUNT SINAI HOSPITAL - RECVG MAIN,0,0,0,NF,NF,NF,BOSTON SCIENTIFIC CORP,3160
BOSTON SCIENTIFIC CORP,2024,"STROKE PROGRAM, 01301735",MOUNT SINAI QUEENS,BOSTON SCIENTIFIC CORP,MEDICAL EQUIPMENT AND ACCESSORIES AND SUPPLIES,True,True,CLOSED,4249,"4249, ENDOVASCULAR STENTS",MOUNT SINAI QUEENS,Yes,M001719030,BOSTON SCIENTIFIC CORP,5/13/2024 12:00:00 AM,Q2101518,PURCHASE ORDER,STENT ENDOPROSTHESIS 36MM 135CM 8MM WALLSTENT MONORAIL CAROTID METAL CLOSED CELL RECONSTRAINABLE FLEXIBLE RADIOPAQUE ACCEPTS 5FR SHEATH 7FR GUIDE CATHETERM001719030M001719030,PMMPOS,ENDOPROSTHESIS OR WALL STENTS OR TUBES,M001719030,STROKE PROGRAM,01301735,ENDOVASCULAR STENTS,MSHS-CA-237,,STENT ENDOPROSTHESIS 36MM 135CM 8MM WALLSTENT MONORAIL CAROTID METAL CLOSED CELL RECONSTRAINABLE FLEXIBLE RADIOPAQUE ACCEPTS 5FR SHEATH 7FR GUIDE CATHETER,4249,M001719030,1,,1,1,1,1,1,2170,2170,102-107-11-13055-00000000000-0-0,NF,MSQ MAIN PURCHASING,MSQ MAIN PURCHASING,"ENDOPROSTHESIS OR WALL STENTS OR TUBES 
 
BOSTON SCIENTIFIC CORP",SYSTEM CREATED,Q 1735 STROKE PROGRAM 25-10 30TH AVE,"STROKE PROGRAM, 01301735",MOUNT SINAI QUEENS,ACTIVE,CLOSED,EDI,TRUE,TRUE,2170,Q,MOUNT SINAI QUEENS,013017354249,False,MSHS-CA-237,Yes,,251644,BOSTON SCIENTIFIC CORP,BOSTON SCIENTIFIC CORP,1/EA,1,No, ,NO,4249, ENDOVASCULAR STENTS,5/13/2024 12:00:00 AM,CLOSED,2,2170,CLOSED,EACH,NF,5/13/2024 12:00:00 AM,MQSC-002204,QSIGHT QUEENS  REQ INTERFACE,,,Q 1735 STROKE PROGRAM 25-10 30TH AVE,2170,2170,2170,STENTS,42295905,SURGICAL PRODUCTS,BOSTON SCIENTIFIC CORP,BSSCIS
BOSTON SCIENTIFIC CORP,2023,"INTERVENTIONAL RADIOLOGY, 01040146",MOUNT SINAI HOSPITAL,BOSTON SCIENTIFIC CORP,MEDICAL EQUIPMENT AND ACCESSORIES AND SUPPLIES,True,True,CLOSED,4249,"4249, ENDOVASCULAR STENTS",MOUNT SINAI HOSPITAL,Yes,M001719030,BOSTON SCIENTIFIC CORP,7/18/2023 12:00:00 AM,M1987237,PURCHASE ORDER,STENT ENDOPROSTHESIS 36MM 135CM 8MM WALLSTENT MONORAIL CAROTID METAL CLOSED CELL RECONSTRAINABLE FLEXIBLE RADIOPAQUE ACCEPTS 5FR SHEATH 7FR GUIDE CATHETERM001719030M001719030,PMMPOS,ENDOPROSTHESIS OR WALL STENTS OR TUBES,M001719030,INTERVENTIONAL RADIOLOGY,01040146,ENDOVASCULAR STENTS,MSHS-CA-237,,STENT ENDOPROSTHESIS 36MM 135CM 8MM WALLSTENT MONORAIL CAROTID METAL CLOSED CELL RECONSTRAINABLE FLEXIBLE RADIOPAQUE ACCEPTS 5FR SHEATH 7FR GUIDE CATHETER,4249,M001719030,1,,1,1,1,1,1,2170,2170,101-101-11-21050-00000000000-0-0,NF,MSH MAIN PURCHASING,MSH MAIN PURCHASING,"ENDOPROSTHESIS OR WALL STENTS OR TUBES 
 
BOSTON SCIENTIFIC CORP",SYSTEM CREATED,M 0146 INTERVENTIONAL RADIOLOGY,"INTERVENTIONAL RADIOLOGY, 01040146",MOUNT SINAI HOSPITAL,ACTIVE,CLOSED,EDI,TRUE,TRUE,2170,M,MOUNT SINAI HOSPITAL,010401464249,False,MSHS-CA-237,Yes,,251644,BOSTON SCIENTIFIC CORP,BOSTON SCIENTIFIC CORP,1/EA,1,No, ,NO,4249, ENDOVASCULAR STENTS,7/18/2023 12:00:00 AM,CLOSED,8,2170,CLOSED,EACH,NF,7/18/2023 12:00:00 AM,MSIR025922,"RADIOLOGY REQ INTERFACE, INTERVENTIONAL",,,M 0146 INTERVENTIONAL RADIOLOGY,2170,2170,2170,STENTS,42295905,SURGICAL PRODUCTS,BOSTON SCIENTIFIC CORP,BSSCIS
BOSTON SCIENTIFIC CORP,2023,"INTERVENTIONAL RADIOLOGY, 01040146",MOUNT SINAI HOSPITAL,BOSTON SCIENTIFIC CORP,MEDICAL EQUIPMENT AND ACCESSORIES AND SUPPLIES,True,True,CLOSED,4249,"4249, ENDOVASCULAR STENTS",MOUNT SINAI HOSPITAL,Yes,M001719030,BOSTON SCIENTIFIC CORP,2/7/2023 12:00:00 AM,M1929596,PURCHASE ORDER,STENT ENDOPROSTHESIS 36MM 135CM 8MM WALLSTENT MONORAIL CAROTID METAL CLOSED CELL RECONSTRAINABLE FLEXIBLE RADIOPAQUE ACCEPTS 5FR SHEATH 7FR GUIDE CATHETERM001719030M001719030,PMMPOS,ENDOPROSTHESIS OR WALL STENTS OR TUBES,M001719030,INTERVENTIONAL RADIOLOGY,01040146,ENDOVASCULAR STENTS,MSHS-CA-237,,STENT ENDOPROSTHESIS 36MM 135CM 8MM WALLSTENT MONORAIL CAROTID METAL CLOSED CELL RECONSTRAINABLE FLEXIBLE RADIOPAQUE ACCEPTS 5FR SHEATH 7FR GUIDE CATHETER,4249,M001719030,1,,1,1,1,1,1,2170,2170,101-101-11-21050-00000000000-0-0,NF,MSH MAIN PURCHASING,MSH MAIN PURCHASING,"ENDOPROSTHESIS OR WALL STENTS OR TUBES 
 
BOSTON SCIENTIFIC CORP",SYSTEM CREATED,M 0146 INTERVENTIONAL RADIOLOGY,"INTERVENTIONAL RADIOLOGY, 01040146",MOUNT SINAI HOSPITAL,ACTIVE,CLOSED,EDI,TRUE,TRUE,2170,M,MOUNT SINAI HOSPITAL,010401464249,False,MSHS-CA-237,Yes,,251644,BOSTON SCIENTIFIC CORP,BOSTON SCIENTIFIC CORP,1/EA,1,No, ,NO,4249, ENDOVASCULAR STENTS,2/7/2023 12:00:00 AM,CLOSED,9,2170,CLOSED,EACH,NF,2/7/2023 12:00:00 AM,MSIR023228,"RADIOLOGY REQ INTERFACE, INTERVENTIONAL",,,M 0146 INTERVENTIONAL RADIOLOGY,2170,2170,2170,STENTS,42295905,SURGICAL PRODUCTS,BOSTON SCIENTIFIC CORP,BSSCIS
BOSTON SCIENTIFIC CORP,2023,"RADIOLOGY NEURO INTERVENTIONAL, 21052",MOUNT SINAI WEST,BOSTON SCIENTIFIC CORP,MEDICAL EQUIPMENT AND ACCESSORIES AND SUPPLIES,True,True,PROCESSED,903030,"903030, IMPLANTS",MOUNT SINAI WEST,Yes,M001719030,BOSTON SCIENTIFIC CORP,11/8/2023 12:00:00 AM,1417357,GOODS,STENT ENDOPROSTHESIS 36MM 135CM 8MM WALLSTENT MONORAIL CAROTID METAL CLOSED CELL RECONSTRAINABLE FLEXIBLE RADIOPAQUE ACCEPTS 5FR SHEATH 7FR GUIDE CATHETERM001719030M001719030,ORAPOS,ENDOPROSTHESIS OR WALL STENTS OR TUBES,M001719030,RADIOLOGY NEURO INTERVENTIONAL,21052,IMPLANTS,MSHS-CA-237,,STENT ENDOPROSTHESIS 36MM 135CM 8MM WALLSTENT MONORAIL CAROTID METAL CLOSED CELL RECONSTRAINABLE FLEXIBLE RADIOPAQUE ACCEPTS 5FR SHEATH 7FR GUIDE CATHETER,903030,M001719030,0,0,0,1,1,1,0,2170,2170,301-301-11-21052-00000000000-0-0,NF,PERNELL   JOURNEE,"PERNELL, JOURNEE","ENDOPROSTHESIS OR WALL STENTS OR TUBES 
 
BOSTON SCIENTIFIC CORP",SYSTEM CREATED,RH 9368 1109,"RADIOLOGY NEURO INTERVENTIONAL, 21052",MOUNT SINAI WEST,ACTIVE,OPEN,EDI,TRUE,TRUE,2170,CHP,MOUNT SINAI WEST,1109-900152-01-9368-0000000000-0000-000-000,False,MSHS-CA-237,Yes,,2023678,BOSTON SCIENTIFIC CORP,BOSTON SCIENTIFIC CORP,EA1,1,No, ,NO,903030, IMPLANTS,11/8/2023 12:00:00 AM,OPEN,2-1-1,2170,APPROVED,EACH,NF,11/8/2023 12:00:00 AM,3282009,"MCLEOD, KENRICK CHRISTOPHER",,,RH ROOSEVELT,2170,0,2170,STENTS,42295905,SURGICAL PRODUCTS,BOSTON SCIENTIFIC CORP,3160
BOSTON SCIENTIFIC CORP,2024,"RADIOLOGY NEURO INTERVENTIONAL, 21052",MOUNT SINAI WEST,BOSTON SCIENTIFIC CORP,MEDICAL EQUIPMENT AND ACCESSORIES AND SUPPLIES,True,True,PROCESSED,903030,"903030, IMPLANTS",MOUNT SINAI WEST,Yes,M001719030,BOSTON SCIENTIFIC CORP,2/7/2024 12:00:00 AM,1432919,GOODS,STENT ENDOPROSTHESIS 36MM 135CM 8MM WALLSTENT MONORAIL CAROTID METAL CLOSED CELL RECONSTRAINABLE FLEXIBLE RADIOPAQUE ACCEPTS 5FR SHEATH 7FR GUIDE CATHETERM001719030M001719030,ORAPOS,ENDOPROSTHESIS OR WALL STENTS OR TUBES,M001719030,RADIOLOGY NEURO INTERVENTIONAL,21052,IMPLANTS,MSHS-CA-237,,STENT ENDOPROSTHESIS 36MM 135CM 8MM WALLSTENT MONORAIL CAROTID METAL CLOSED CELL RECONSTRAINABLE FLEXIBLE RADIOPAQUE ACCEPTS 5FR SHEATH 7FR GUIDE CATHETER,903030,M001719030,1,1,1,1,1,1,1,2170,2170,301-301-11-21052-00000000000-0-0,NF,PERNELL   JOURNEE,"PERNELL, JOURNEE","ENDOPROSTHESIS OR WALL STENTS OR TUBES 
 
BOSTON SCIENTIFIC CORP",SYSTEM CREATED,RH 9368 1109,"RADIOLOGY NEURO INTERVENTIONAL, 21052",MOUNT SINAI WEST,ACTIVE,CLOSED,EDI,TRUE,TRUE,2170,CHP,MOUNT SINAI WEST,1109-900152-01-9368-0000000000-0000-000-000,False,MSHS-CA-237,Yes,2170,2023678,BOSTON SCIENTIFIC CORP,BOSTON SCIENTIFIC CORP,EA1,1,No, ,NO,903030, IMPLANTS,2/7/2024 12:00:00 AM,CLOSED,2-1-1,2170,APPROVED,EACH,NF,2/7/2024 12:00:00 AM,3314841,"MCLEOD, KENRICK CHRISTOPHER",,,RH ROOSEVELT,2170,2170,2170,STENTS,42295905,SURGICAL PRODUCTS,BOSTON SCIENTIFIC CORP,3160
BOSTON SCIENTIFIC CORP,2025,"RADIOLOGY NEURO INTERVENTIONAL, 21052",MOUNT SINAI WEST,BOSTON SCIENTIFIC,IMPLANTS,True,True,CLOSED,903030,"903030, IMPLANTS",MOUNT SINAI WEST,Yes,M001719030,BOSTON SCIENTIFIC,5/29/2025 12:00:00 AM,W1062619,GOODS,STENT ENDOPROSTHESIS 36MM WALLSTENT MONORAIL 8MM DELIVERY SYSTEM FLEXIBLE METAL ACCEPTS 5FR SHEATH 7FR GUIDE CATHETERM001719030M001719030,ORAPOS,IMPLANTS,M001719030,RADIOLOGY NEURO INTERVENTIONAL,21052,IMPLANTS,MSHS-CA-237,,STENT ENDOPROSTHESIS 36MM WALLSTENT MONORAIL 8MM DELIVERY SYSTEM FLEXIBLE METAL ACCEPTS 5FR SHEATH 7FR GUIDE CATHETER,903030,M001719030,1,1,1,1,,,,2170,2170,NF,NF,PERNELL JOURNEE,PERNELL JOURNEE,"IMPLANTS 
 
BOSTON SCIENTIFIC",Y,1000 10TH AVE RM 4C-12 RAD NEURO INTRVNTNL,"RADIOLOGY NEURO INTERVENTIONAL, 21052",MOUNT SINAI WEST,ACTIVE,CLOSED,EDI,TRUE,TRUE,2170,MOUNT SINAI - WEST,MOUNT SINAI WEST,301-301-11-21052-903030-00000000000-000-0000-000-00000-00000----,False,MSHS-CA-237,Yes,2170,2023678,BOSTON SCIENTIFIC,BOSTON SCIENTIFIC,NF,1,No, ,NO,903030, IMPLANTS,5/29/2025 12:00:00 AM,CLOSED,1-1-1,2170,CLOSED,EACH,NF,5/29/2025 12:00:00 AM,QS10694172,MELENDEZ RAFAEL,,,MOUNT SINAI WEST - RECVG MAIN,2170,2170,2170,NF,NF,NF,BOSTON SCIENTIFIC CORP,3160
BOSTON SCIENTIFIC CORP,2025,"RADIOLOGY NEURO INTERVENTIONAL, 21052",MOUNT SINAI WEST,BOSTON SCIENTIFIC,IMPLANTS,True,True,CLOSED,903030,"903030, IMPLANTS",MOUNT SINAI WEST,Yes,M001719030,BOSTON SCIENTIFIC,6/2/2025 12:00:00 AM,W1063344,GOODS,STENT ENDOPROSTHESIS 36MM WALLSTENT MONORAIL 8MM DELIVERY SYSTEM FLEXIBLE METAL ACCEPTS 5FR SHEATH 7FR GUIDE CATHETERM001719030M001719030,ORAPOS,IMPLANTS,M001719030,RADIOLOGY NEURO INTERVENTIONAL,21052,IMPLANTS,MSHS-CA-237,,STENT ENDOPROSTHESIS 36MM WALLSTENT MONORAIL 8MM DELIVERY SYSTEM FLEXIBLE METAL ACCEPTS 5FR SHEATH 7FR GUIDE CATHETER,903030,M001719030,1,1,1,1,,,,2170,2170,NF,NF,PERNELL JOURNEE,PERNELL JOURNEE,"IMPLANTS 
 
BOSTON SCIENTIFIC",Y,1000 10TH AVE RM 4C-12 RAD NEURO INTRVNTNL,"RADIOLOGY NEURO INTERVENTIONAL, 21052",MOUNT SINAI WEST,ACTIVE,CLOSED,EDI,TRUE,TRUE,2170,MOUNT SINAI - WEST,MOUNT SINAI WEST,301-301-11-21052-903030-00000000000-000-0000-000-00000-00000----,False,MSHS-CA-237,Yes,2170,2023678,BOSTON SCIENTIFIC,BOSTON SCIENTIFIC,NF,1,No, ,NO,903030, IMPLANTS,6/2/2025 12:00:00 AM,CLOSED,4-1-1,2170,CLOSED,EACH,NF,6/2/2025 12:00:00 AM,QS10704080,MELENDEZ RAFAEL,,,MOUNT SINAI WEST - RECVG MAIN,2170,2170,2170,NF,NF,NF,BOSTON SCIENTIFIC CORP,3160
BOSTON SCIENTIFIC CORP,2023,"INTERVENTIONAL RADIOLOGY, 01040146",MOUNT SINAI HOSPITAL,BOSTON SCIENTIFIC CORP,MEDICAL EQUIPMENT AND ACCESSORIES AND SUPPLIES,True,True,CLOSED,4249,"4249, ENDOVASCULAR STENTS",MOUNT SINAI HOSPITAL,Yes,M001719030,BOSTON SCIENTIFIC CORP,4/21/2023 12:00:00 AM,M1956147,PURCHASE ORDER,STENT ENDOPROSTHESIS 36MM 135CM 8MM WALLSTENT MONORAIL CAROTID METAL CLOSED CELL RECONSTRAINABLE FLEXIBLE RADIOPAQUE ACCEPTS 5FR SHEATH 7FR GUIDE CATHETERM001719030M001719030,PMMPOS,ENDOPROSTHESIS OR WALL STENTS OR TUBES,M001719030,INTERVENTIONAL RADIOLOGY,01040146,ENDOVASCULAR STENTS,MSHS-CA-237,,STENT ENDOPROSTHESIS 36MM 135CM 8MM WALLSTENT MONORAIL CAROTID METAL CLOSED CELL RECONSTRAINABLE FLEXIBLE RADIOPAQUE ACCEPTS 5FR SHEATH 7FR GUIDE CATHETER,4249,M001719030,2,,2,2,1,2,2,4340,4340,101-101-11-21050-00000000000-0-0,NF,MSH MAIN PURCHASING,MSH MAIN PURCHASING,"ENDOPROSTHESIS OR WALL STENTS OR TUBES 
 
BOSTON SCIENTIFIC CORP",SYSTEM CREATED,M 0146 INTERVENTIONAL RADIOLOGY,"INTERVENTIONAL RADIOLOGY, 01040146",MOUNT SINAI HOSPITAL,ACTIVE,CLOSED,EDI,TRUE,TRUE,4340,M,MOUNT SINAI HOSPITAL,010401464249,False,MSHS-CA-237,Yes,,251644,BOSTON SCIENTIFIC CORP,BOSTON SCIENTIFIC CORP,1/EA,1,No, ,NO,4249, ENDOVASCULAR STENTS,4/21/2023 12:00:00 AM,CLOSED,3,2170,CLOSED,EACH,NF,4/21/2023 12:00:00 AM,MSIR024426,"RADIOLOGY REQ INTERFACE, INTERVENTIONAL",,,M 0146 INTERVENTIONAL RADIOLOGY,4340,4340,4340,STENTS,42295905,SURGICAL PRODUCTS,BOSTON SCIENTIFIC CORP,BSSCIS
BOSTON SCIENTIFIC CORP,2023,"INTERVENTIONAL RADIOLOGY, 01040146",MOUNT SINAI HOSPITAL,BOSTON SCIENTIFIC CORP,MEDICAL EQUIPMENT AND ACCESSORIES AND SUPPLIES,True,True,CLOSED,4249,"4249, ENDOVASCULAR STENTS",MOUNT SINAI HOSPITAL,Yes,M001719030,BOSTON SCIENTIFIC CORP,10/16/2023 12:00:00 AM,M2021036,PURCHASE ORDER,STENT ENDOPROSTHESIS 36MM 135CM 8MM WALLSTENT MONORAIL CAROTID METAL CLOSED CELL RECONSTRAINABLE FLEXIBLE RADIOPAQUE ACCEPTS 5FR SHEATH 7FR GUIDE CATHETERM001719030M001719030,PMMPOS,ENDOPROSTHESIS OR WALL STENTS OR TUBES,M001719030,INTERVENTIONAL RADIOLOGY,01040146,ENDOVASCULAR STENTS,MSHS-CA-237,,STENT ENDOPROSTHESIS 36MM 135CM 8MM WALLSTENT MONORAIL CAROTID METAL CLOSED CELL RECONSTRAINABLE FLEXIBLE RADIOPAQUE ACCEPTS 5FR SHEATH 7FR GUIDE CATHETER,4249,M001719030,1,,1,1,1,1,1,2170,2170,101-101-11-21050-00000000000-0-0,NF,MSH MAIN PURCHASING,MSH MAIN PURCHASING,"ENDOPROSTHESIS OR WALL STENTS OR TUBES 
 
BOSTON SCIENTIFIC CORP",SYSTEM CREATED,M 0146 INTERVENTIONAL RADIOLOGY,"INTERVENTIONAL RADIOLOGY, 01040146",MOUNT SINAI HOSPITAL,ACTIVE,CLOSED,EDI,TRUE,TRUE,2170,M,MOUNT SINAI HOSPITAL,010401464249,False,MSHS-CA-237,Yes,,251644,BOSTON SCIENTIFIC CORP,BOSTON SCIENTIFIC CORP,1/EA,1,No, ,NO,4249, ENDOVASCULAR STENTS,10/16/2023 12:00:00 AM,CLOSED,9,2170,CLOSED,EACH,NF,10/16/2023 12:00:00 AM,MSIR027439,"RADIOLOGY REQ INTERFACE, INTERVENTIONAL",,,M 0146 INTERVENTIONAL RADIOLOGY,2170,2170,2170,STENTS,42295905,SURGICAL PRODUCTS,BOSTON SCIENTIFIC CORP,BSSCIS
BOSTON SCIENTIFIC CORP,2024,"INTERVENTIONAL RADIOLOGY, 01040146",MOUNT SINAI HOSPITAL,BOSTON SCIENTIFIC CORP,MEDICAL EQUIPMENT AND ACCESSORIES AND SUPPLIES,True,True,CLOSED,4249,"4249, ENDOVASCULAR STENTS",MOUNT SINAI HOSPITAL,Yes,M001719030,BOSTON SCIENTIFIC CORP,2/27/2024 12:00:00 AM,M2071559,PURCHASE ORDER,STENT ENDOPROSTHESIS 36MM 135CM 8MM WALLSTENT MONORAIL CAROTID METAL CLOSED CELL RECONSTRAINABLE FLEXIBLE RADIOPAQUE ACCEPTS 5FR SHEATH 7FR GUIDE CATHETERM001719030M001719030,PMMPOS,ENDOPROSTHESIS OR WALL STENTS OR TUBES,M001719030,INTERVENTIONAL RADIOLOGY,01040146,ENDOVASCULAR STENTS,MSHS-CA-237,,STENT ENDOPROSTHESIS 36MM 135CM 8MM WALLSTENT MONORAIL CAROTID METAL CLOSED CELL RECONSTRAINABLE FLEXIBLE RADIOPAQUE ACCEPTS 5FR SHEATH 7FR GUIDE CATHETER,4249,M001719030,1,,1,1,1,1,1,2170,2170,101-101-11-21050-00000000000-0-0,NF,MSH MAIN PURCHASING,MSH MAIN PURCHASING,"ENDOPROSTHESIS OR WALL STENTS OR TUBES 
 
BOSTON SCIENTIFIC CORP",SYSTEM CREATED,M 0146 INTERVENTIONAL RADIOLOGY,"INTERVENTIONAL RADIOLOGY, 01040146",MOUNT SINAI HOSPITAL,ACTIVE,CLOSED,EDI,TRUE,TRUE,2170,M,MOUNT SINAI HOSPITAL,010401464249,False,MSHS-CA-237,Yes,,251644,BOSTON SCIENTIFIC CORP,BOSTON SCIENTIFIC CORP,1/EA,1,No, ,NO,4249, ENDOVASCULAR STENTS,2/27/2024 12:00:00 AM,CLOSED,3,2170,CLOSED,EACH,NF,2/27/2024 12:00:00 AM,MSIR029714,"RADIOLOGY REQ INTERFACE, INTERVENTIONAL",,,M 0146 INTERVENTIONAL RADIOLOGY,2170,2170,2170,STENTS,42295905,SURGICAL PRODUCTS,BOSTON SCIENTIFIC CORP,BSSCIS
BOSTON SCIENTIFIC CORP,2024,"RADIOLOGY NEURO INTERVENTIONAL, 21052",MOUNT SINAI WEST,BOSTON SCIENTIFIC,IMPLANTS,True,True,CLOSED,903030,"903030, IMPLANTS",MOUNT SINAI WEST,Yes,M001719030,BOSTON SCIENTIFIC,12/31/2024 12:00:00 AM,W1021687,GOODS,STENT ENDOPROSTHESIS 36MM WALLSTENT MONORAIL 8MM DELIVERY SYSTEM FLEXIBLE METAL ACCEPTS 5FR SHEATH 7FR GUIDE CATHETERM001719030M001719030,ORAPOS,IMPLANTS,M001719030,RADIOLOGY NEURO INTERVENTIONAL,21052,IMPLANTS,MSHS-CA-237,,STENT ENDOPROSTHESIS 36MM WALLSTENT MONORAIL 8MM DELIVERY SYSTEM FLEXIBLE METAL ACCEPTS 5FR SHEATH 7FR GUIDE CATHETER,903030,M001719030,1,1,1,1,,,,2170,2170,NF,NF,PERNELL JOURNEE,PERNELL JOURNEE,"IMPLANTS 
 
BOSTON SCIENTIFIC",Y,1000 10TH AVE RM 4C-12 RAD NEURO INTRVNTNL,"RADIOLOGY NEURO INTERVENTIONAL, 21052",MOUNT SINAI WEST,ACTIVE,CLOSED,EDI,TRUE,TRUE,2170,MOUNT SINAI - WEST,MOUNT SINAI WEST,301-301-11-21052-903030-00000000000-000-0000-000-00000-00000----,False,MSHS-CA-237,Yes,2170,2023678,BOSTON SCIENTIFIC,BOSTON SCIENTIFIC,NF,1,No, ,NO,903030, IMPLANTS,12/31/2024 12:00:00 AM,CLOSED,2-1-1,2170,CLOSED,EACH,NF,12/31/2024 12:00:00 AM,W8356,GETTES DONTE,,,MOUNT SINAI WEST - RECVG MAIN,2170,2170,2170,NF,NF,NF,BOSTON SCIENTIFIC CORP,3160
BOSTON SCIENTIFIC CORP,2025,"RADIOLOGY NEURO INTERVENTIONAL, 21052",MOUNT SINAI WEST,BOSTON SCIENTIFIC,IMPLANTS,True,True,CLOSED,903030,"903030, IMPLANTS",MOUNT SINAI WEST,Yes,M001719030,BOSTON SCIENTIFIC,5/10/2025 12:00:00 AM,W1057653,GOODS,STENT ENDOPROSTHESIS 36MM WALLSTENT MONORAIL 8MM DELIVERY SYSTEM FLEXIBLE METAL ACCEPTS 5FR SHEATH 7FR GUIDE CATHETERM001719030M001719030,ORAPOS,IMPLANTS,M001719030,RADIOLOGY NEURO INTERVENTIONAL,21052,IMPLANTS,MSHS-CA-237,,STENT ENDOPROSTHESIS 36MM WALLSTENT MONORAIL 8MM DELIVERY SYSTEM FLEXIBLE METAL ACCEPTS 5FR SHEATH 7FR GUIDE CATHETER,903030,M001719030,1,1,1,1,,,,2170,2170,NF,NF,PERNELL JOURNEE,PERNELL JOURNEE,"IMPLANTS 
 
BOSTON SCIENTIFIC",Y,1000 10TH AVE RM 4C-12 RAD NEURO INTRVNTNL,"RADIOLOGY NEURO INTERVENTIONAL, 21052",MOUNT SINAI WEST,ACTIVE,CLOSED,EDI,TRUE,TRUE,2170,MOUNT SINAI - WEST,MOUNT SINAI WEST,301-301-11-21052-903030-00000000000-000-0000-000-00000-00000----,False,MSHS-CA-237,Yes,2170,2023678,BOSTON SCIENTIFIC,BOSTON SCIENTIFIC,NF,1,No, ,NO,903030, IMPLANTS,5/9/2025 12:00:00 AM,CLOSED,3-1-1,2170,CLOSED,EACH,NF,5/9/2025 12:00:00 AM,QS10634713,MELENDEZ RAFAEL,,,MOUNT SINAI WEST - RECVG MAIN,2170,2170,2170,NF,NF,NF,BOSTON SCIENTIFIC CORP,3160
BOSTON SCIENTIFIC CORP,2023,"INTERVENTIONAL RADIOLOGY, 01040146",MOUNT SINAI HOSPITAL,BOSTON SCIENTIFIC CORP,MEDICAL EQUIPMENT AND ACCESSORIES AND SUPPLIES,True,True,CLOSED,4229,"4229, IMPLANTS",MOUNT SINAI HOSPITAL,Yes,M001719040,BOSTON SCIENTIFIC CORP,9/8/2023 12:00:00 AM,M2007206,PURCHASE ORDER,STENT ENDOPROSTHESIS 24MM 135CM 10MM WALLSTENT MONORAIL CAROTID METAL CLOSED CELL RECONSTRAINABLE FLEXIBLE RADIOPAQUE ACCEPTS 6FR SHEATH 8FR GUIDE CATHETERM001719040M001719040,PMMPOS,ENDOPROSTHESIS OR WALL STENTS OR TUBES,M001719040,INTERVENTIONAL RADIOLOGY,01040146,IMPLANTS,MSHS-CA-237,,STENT ENDOPROSTHESIS 24MM 135CM 10MM WALLSTENT MONORAIL CAROTID METAL CLOSED CELL RECONSTRAINABLE FLEXIBLE RADIOPAQUE ACCEPTS 6FR SHEATH 8FR GUIDE CATHETER,4229,M001719040,1,,1,1,1,1,1,2170,2170,101-101-11-21050-00000000000-0-0,NF,MSH MAIN PURCHASING,MSH MAIN PURCHASING,"ENDOPROSTHESIS OR WALL STENTS OR TUBES 
 
BOSTON SCIENTIFIC CORP",SYSTEM CREATED,M 0146 INTERVENTIONAL RADIOLOGY,"INTERVENTIONAL RADIOLOGY, 01040146",MOUNT SINAI HOSPITAL,ACTIVE,CLOSED,EDI,TRUE,TRUE,2170,M,MOUNT SINAI HOSPITAL,010401464229,False,MSHS-CA-237,Yes,,203603,BOSTON SCIENTIFIC CORP,BOSTON SCIENTIFIC CORP,1/EA,1,No, ,NO,4229, IMPLANTS,9/8/2023 12:00:00 AM,CLOSED,3,2170,CLOSED,EACH,NF,9/8/2023 12:00:00 AM,MSIR026856,"RADIOLOGY REQ INTERFACE, INTERVENTIONAL",,,M 0146 INTERVENTIONAL RADIOLOGY,2170,2170,2170,STENTS,42295905,SURGICAL PRODUCTS,BOSTON SCIENTIFIC CORP,BSSCIS
BOSTON SCIENTIFIC CORP,2025,"INTERVENTIONAL RADIOLOGY, 21050",MOUNT SINAI HOSPITAL,BOSTON SCIENTIFIC,IMPLANTS,True,True,CLOSED,903030,"903030, IMPLANTS",MOUNT SINAI HOSPITAL,Yes,M001719040,BOSTON SCIENTIFIC,6/10/2025 12:00:00 AM,M3110641,GOODS,STENT ENDOPROSTHESIS 24MM 135CM 10MM WALLSTENT MONORAIL CAROTID METAL CLOSED CELL RECONSTRAINABLE FLEXIBLE RADIOPAQUE ACCEPTS 6FR SHEATH 8FR GUIDE CATHETERM001719040M001719040,ORAPOS,IMPLANTS,M001719040,INTERVENTIONAL RADIOLOGY,21050,IMPLANTS,MSHS-CA-237,,STENT ENDOPROSTHESIS 24MM 135CM 10MM WALLSTENT MONORAIL CAROTID METAL CLOSED CELL RECONSTRAINABLE FLEXIBLE RADIOPAQUE ACCEPTS 6FR SHEATH 8FR GUIDE CATHETER,903030,M001719040,1,1,1,1,,,,2170,2170,NF,NF,BUCHANAN   MRS. STEPHANIE,"BUCHANAN, MRS. STEPHANIE","IMPLANTS 
 
BOSTON SCIENTIFIC",Y,21050 INTERVENTIONAL RADIOLOGY,"INTERVENTIONAL RADIOLOGY, 21050",MOUNT SINAI HOSPITAL,ACTIVE,CLOSED,EDI,TRUE,TRUE,2170,MOUNT SINAI HOSPITAL,MOUNT SINAI HOSPITAL,101-101-11-21050-903030-00000000000-000-0000-000-00000-00000----,False,MSHS-CA-237,Yes,2170,2023679,BOSTON SCIENTIFIC,BOSTON SCIENTIFIC,NF,1,No, ,NO,903030, IMPLANTS,6/10/2025 12:00:00 AM,CLOSED,2-1-1,2170,CLOSED,EACH,NF,6/10/2025 12:00:00 AM,QS10732064,RODRIGUEZ MICHAEL,,,MOUNT SINAI HOSPITAL - RECVG MAIN,2170,2170,2170,NF,NF,NF,BOSTON SCIENTIFIC CORP,3160
BOSTON SCIENTIFIC CORP,2024,"INTERVENTIONAL RADIOLOGY, 01040146",MOUNT SINAI HOSPITAL,BOSTON SCIENTIFIC CORP,MEDICAL EQUIPMENT AND ACCESSORIES AND SUPPLIES,True,True,CLOSED,4229,"4229, IMPLANTS",MOUNT SINAI HOSPITAL,Yes,M001719040,BOSTON SCIENTIFIC CORP,7/3/2024 12:00:00 AM,M2120031,PURCHASE ORDER,STENT ENDOPROSTHESIS 24MM 135CM 10MM WALLSTENT MONORAIL CAROTID METAL CLOSED CELL RECONSTRAINABLE FLEXIBLE RADIOPAQUE ACCEPTS 6FR SHEATH 8FR GUIDE CATHETERM001719040M001719040,PMMPOS,ENDOPROSTHESIS OR WALL STENTS OR TUBES,M001719040,INTERVENTIONAL RADIOLOGY,01040146,IMPLANTS,MSHS-CA-237,,STENT ENDOPROSTHESIS 24MM 135CM 10MM WALLSTENT MONORAIL CAROTID METAL CLOSED CELL RECONSTRAINABLE FLEXIBLE RADIOPAQUE ACCEPTS 6FR SHEATH 8FR GUIDE CATHETER,4229,M001719040,1,,1,1,1,1,1,2170,2170,101-101-11-21050-00000000000-0-0,NF,MSH MAIN PURCHASING,MSH MAIN PURCHASING,"ENDOPROSTHESIS OR WALL STENTS OR TUBES 
 
BOSTON SCIENTIFIC CORP",SYSTEM CREATED,M 0146 INTERVENTIONAL RADIOLOGY,"INTERVENTIONAL RADIOLOGY, 01040146",MOUNT SINAI HOSPITAL,ACTIVE,CLOSED,EDI,TRUE,TRUE,2170,M,MOUNT SINAI HOSPITAL,010401464229,False,MSHS-CA-237,Yes,,203603,BOSTON SCIENTIFIC CORP,BOSTON SCIENTIFIC CORP,1/EA,1,No, ,NO,4229, IMPLANTS,7/3/2024 12:00:00 AM,CLOSED,3,2170,CLOSED,EACH,NF,7/3/2024 12:00:00 AM,MSIR031767,"RADIOLOGY REQ INTERFACE, INTERVENTIONAL",,,M 0146 INTERVENTIONAL RADIOLOGY,2170,2170,2170,STENTS,42295905,SURGICAL PRODUCTS,BOSTON SCIENTIFIC CORP,BSSCIS
BOSTON SCIENTIFIC CORP,2024,"INTERVENTIONAL RADIOLOGY, 01040146",MOUNT SINAI HOSPITAL,BOSTON SCIENTIFIC CORP,MEDICAL EQUIPMENT AND ACCESSORIES AND SUPPLIES,True,True,CLOSED,4229,"4229, IMPLANTS",MOUNT SINAI HOSPITAL,Yes,M001719040,BOSTON SCIENTIFIC CORP,6/11/2024 12:00:00 AM,M2111933,PURCHASE ORDER,STENT ENDOPROSTHESIS 24MM 135CM 10MM WALLSTENT MONORAIL CAROTID METAL CLOSED CELL RECONSTRAINABLE FLEXIBLE RADIOPAQUE ACCEPTS 6FR SHEATH 8FR GUIDE CATHETERM001719040M001719040,PMMPOS,ENDOPROSTHESIS OR WALL STENTS OR TUBES,M001719040,INTERVENTIONAL RADIOLOGY,01040146,IMPLANTS,MSHS-CA-237,,STENT ENDOPROSTHESIS 24MM 135CM 10MM WALLSTENT MONORAIL CAROTID METAL CLOSED CELL RECONSTRAINABLE FLEXIBLE RADIOPAQUE ACCEPTS 6FR SHEATH 8FR GUIDE CATHETER,4229,M001719040,1,,1,1,1,1,1,2170,2170,101-101-11-21050-00000000000-0-0,NF,MSH MAIN PURCHASING,MSH MAIN PURCHASING,"ENDOPROSTHESIS OR WALL STENTS OR TUBES 
 
BOSTON SCIENTIFIC CORP",SYSTEM CREATED,M 0146 INTERVENTIONAL RADIOLOGY,"INTERVENTIONAL RADIOLOGY, 01040146",MOUNT SINAI HOSPITAL,ACTIVE,CLOSED,EDI,TRUE,TRUE,2170,M,MOUNT SINAI HOSPITAL,010401464229,False,MSHS-CA-237,Yes,,203603,BOSTON SCIENTIFIC CORP,BOSTON SCIENTIFIC CORP,1/EA,1,No, ,NO,4229, IMPLANTS,6/11/2024 12:00:00 AM,CLOSED,1,2170,CLOSED,EACH,NF,6/11/2024 12:00:00 AM,MSIR031471,"RADIOLOGY REQ INTERFACE, INTERVENTIONAL",,,M 0146 INTERVENTIONAL RADIOLOGY,2170,2170,2170,STENTS,42295905,SURGICAL PRODUCTS,BOSTON SCIENTIFIC CORP,BSSCIS
BOSTON SCIENTIFIC CORP,2024,"Cerebral Vascular Center, 3396",S NASSAU,BOSTON SCIENTIFIC CORPORATION,MED SURG SUPPLIES,True,True,CLOSED,,,S NASSAU,Yes,M001719040,BOSTON SCIENTIFIC CORPORATION,11/7/2024 12:00:00 AM,8355036,Non-Stock-Non-Stock_,CAROTID WALLSTENT 10X24X135M001719040408,LAWPOS,MED SURG SUPPLIES,408,Cerebral Vascular Center,3396,Med Surg Supplies,MSHS-CA-237,,CAROTID WALLSTENT 10X24X135,,M001719040,,1,,1,,,0,2170,2170,,,Isa Shachove,Isa Shachove,"MED SURG SUPPLIES 
 
BOSTON SCIENTIFIC CORPORATION",,MM - Store Room,"Cerebral Vascular Center, 3396",S NASSAU,,CLOSED,,FALSE,FALSE,2170,,S NASSAU,,False,MSHS-CA-237,Yes,2170,77879,BOSTON SCIENTIFIC CORPORATION,BOSTON SCIENTIFIC CORPORATION,,,No, ,NO,,,,CLOSED,1,2170,CLOSED,EA,NF,,,Christopher Nastri,,,STORE,2170,2170,2170,,,,BOSTON SCIENTIFIC CORP,4049
BOSTON SCIENTIFIC CORP,2025,"RADIOLOGY NEURO INTERVENTIONAL, 21052",MOUNT SINAI WEST,BOSTON SCIENTIFIC,IMPLANTS,True,True,CLOSED,903030,"903030, IMPLANTS",MOUNT SINAI WEST,Yes,M001719040,BOSTON SCIENTIFIC,5/20/2025 12:00:00 AM,W1060385,GOODS,STENT ENDOPROSTHESIS 24MM 135CM 10MM WALLSTENT MONORAIL CAROTID METAL CLOSED CELL RECONSTRAINABLE FLEXIBLE RADIOPAQUE ACCEPTS 6FR SHEATH 8FR GUIDE CATHETERM001719040M001719040,ORAPOS,IMPLANTS,M001719040,RADIOLOGY NEURO INTERVENTIONAL,21052,IMPLANTS,MSHS-CA-237,,STENT ENDOPROSTHESIS 24MM 135CM 10MM WALLSTENT MONORAIL CAROTID METAL CLOSED CELL RECONSTRAINABLE FLEXIBLE RADIOPAQUE ACCEPTS 6FR SHEATH 8FR GUIDE CATHETER,903030,M001719040,1,1,1,1,,,,2170,2170,NF,NF,PERNELL JOURNEE,PERNELL JOURNEE,"IMPLANTS 
 
BOSTON SCIENTIFIC",Y,1000 10TH AVE RM 4C-12 RAD NEURO INTRVNTNL,"RADIOLOGY NEURO INTERVENTIONAL, 21052",MOUNT SINAI WEST,ACTIVE,CLOSED,EDI,TRUE,TRUE,2170,MOUNT SINAI - WEST,MOUNT SINAI WEST,301-301-11-21052-903030-00000000000-000-0000-000-00000-00000----,False,MSHS-CA-237,Yes,2170,2023679,BOSTON SCIENTIFIC,BOSTON SCIENTIFIC,NF,1,No, ,NO,903030, IMPLANTS,5/20/2025 12:00:00 AM,CLOSED,2-1-1,2170,CLOSED,EACH,NF,5/20/2025 12:00:00 AM,QS10666877,MCLEOD KENRICK,,,MOUNT SINAI WEST - RECVG MAIN,2170,2170,2170,NF,NF,NF,BOSTON SCIENTIFIC CORP,3160
BOSTON SCIENTIFIC CORP,2025,"INTERVENTIONAL RADIOLOGY, 21050",MOUNT SINAI HOSPITAL,BOSTON SCIENTIFIC,IMPLANTS,True,True,CLOSED,903030,"903030, IMPLANTS",MOUNT SINAI HOSPITAL,Yes,M001719040,BOSTON SCIENTIFIC,6/10/2025 12:00:00 AM,M3110540,GOODS,STENT ENDOPROSTHESIS 24MM 135CM 10MM WALLSTENT MONORAIL CAROTID METAL CLOSED CELL RECONSTRAINABLE FLEXIBLE RADIOPAQUE ACCEPTS 6FR SHEATH 8FR GUIDE CATHETERM001719040M001719040,ORAPOS,IMPLANTS,M001719040,INTERVENTIONAL RADIOLOGY,21050,IMPLANTS,MSHS-CA-237,,STENT ENDOPROSTHESIS 24MM 135CM 10MM WALLSTENT MONORAIL CAROTID METAL CLOSED CELL RECONSTRAINABLE FLEXIBLE RADIOPAQUE ACCEPTS 6FR SHEATH 8FR GUIDE CATHETER,903030,M001719040,1,1,1,1,,,,2170,2170,NF,NF,BUCHANAN   MRS. STEPHANIE,"BUCHANAN, MRS. STEPHANIE","IMPLANTS 
 
BOSTON SCIENTIFIC",Y,21050 INTERVENTIONAL RADIOLOGY,"INTERVENTIONAL RADIOLOGY, 21050",MOUNT SINAI HOSPITAL,ACTIVE,CLOSED,EDI,TRUE,TRUE,2170,MOUNT SINAI HOSPITAL,MOUNT SINAI HOSPITAL,101-101-11-21050-903030-00000000000-000-0000-000-00000-00000----,False,MSHS-CA-237,Yes,2170,2023679,BOSTON SCIENTIFIC,BOSTON SCIENTIFIC,NF,1,No, ,NO,903030, IMPLANTS,6/10/2025 12:00:00 AM,CLOSED,1-1-1,2170,CLOSED,EACH,NF,6/10/2025 12:00:00 AM,QS10731517,RODRIGUEZ MICHAEL,,,MOUNT SINAI HOSPITAL - RECVG MAIN,2170,2170,2170,NF,NF,NF,BOSTON SCIENTIFIC CORP,3160
BOSTON SCIENTIFIC CORP,2023,"INTERVENTIONAL RADIOLOGY, 01040146",MOUNT SINAI HOSPITAL,BOSTON SCIENTIFIC CORP,MEDICAL EQUIPMENT AND ACCESSORIES AND SUPPLIES,True,True,CLOSED,4229,"4229, IMPLANTS",MOUNT SINAI HOSPITAL,Yes,M001719040,BOSTON SCIENTIFIC CORP,9/12/2023 12:00:00 AM,M2008152,PURCHASE ORDER,STENT ENDOPROSTHESIS 24MM 135CM 10MM WALLSTENT MONORAIL CAROTID METAL CLOSED CELL RECONSTRAINABLE FLEXIBLE RADIOPAQUE ACCEPTS 6FR SHEATH 8FR GUIDE CATHETERM001719040M001719040,PMMPOS,ENDOPROSTHESIS OR WALL STENTS OR TUBES,M001719040,INTERVENTIONAL RADIOLOGY,01040146,IMPLANTS,MSHS-CA-237,,STENT ENDOPROSTHESIS 24MM 135CM 10MM WALLSTENT MONORAIL CAROTID METAL CLOSED CELL RECONSTRAINABLE FLEXIBLE RADIOPAQUE ACCEPTS 6FR SHEATH 8FR GUIDE CATHETER,4229,M001719040,2,,2,2,1,2,2,4340,4340,101-101-11-21050-00000000000-0-0,NF,MSH MAIN PURCHASING,MSH MAIN PURCHASING,"ENDOPROSTHESIS OR WALL STENTS OR TUBES 
 
BOSTON SCIENTIFIC CORP",SYSTEM CREATED,M 0146 INTERVENTIONAL RADIOLOGY,"INTERVENTIONAL RADIOLOGY, 01040146",MOUNT SINAI HOSPITAL,ACTIVE,CLOSED,EDI,TRUE,TRUE,4340,M,MOUNT SINAI HOSPITAL,010401464229,False,MSHS-CA-237,Yes,,203603,BOSTON SCIENTIFIC CORP,BOSTON SCIENTIFIC CORP,1/EA,1,No, ,NO,4229, IMPLANTS,9/12/2023 12:00:00 AM,CLOSED,2,2170,CLOSED,EACH,NF,9/12/2023 12:00:00 AM,MSIR026920,"RADIOLOGY REQ INTERFACE, INTERVENTIONAL",,,M 0146 INTERVENTIONAL RADIOLOGY,4340,4340,4340,STENTS,42295905,SURGICAL PRODUCTS,BOSTON SCIENTIFIC CORP,BSSCIS
BOSTON SCIENTIFIC CORP,2024,"INTERVENTIONAL RADIOLOGY, 01040146",MOUNT SINAI HOSPITAL,BOSTON SCIENTIFIC CORP,MEDICAL EQUIPMENT AND ACCESSORIES AND SUPPLIES,True,True,CLOSED,4229,"4229, IMPLANTS",MOUNT SINAI HOSPITAL,Yes,M001719040,BOSTON SCIENTIFIC CORP,5/14/2024 12:00:00 AM,M2101981,PURCHASE ORDER,STENT ENDOPROSTHESIS 24MM 135CM 10MM WALLSTENT MONORAIL CAROTID METAL CLOSED CELL RECONSTRAINABLE FLEXIBLE RADIOPAQUE ACCEPTS 6FR SHEATH 8FR GUIDE CATHETERM001719040M001719040,PMMPOS,ENDOPROSTHESIS OR WALL STENTS OR TUBES,M001719040,INTERVENTIONAL RADIOLOGY,01040146,IMPLANTS,MSHS-CA-237,,STENT ENDOPROSTHESIS 24MM 135CM 10MM WALLSTENT MONORAIL CAROTID METAL CLOSED CELL RECONSTRAINABLE FLEXIBLE RADIOPAQUE ACCEPTS 6FR SHEATH 8FR GUIDE CATHETER,4229,M001719040,1,,1,1,1,1,1,2170,2170,101-101-11-21050-00000000000-0-0,NF,MSH MAIN PURCHASING,MSH MAIN PURCHASING,"ENDOPROSTHESIS OR WALL STENTS OR TUBES 
 
BOSTON SCIENTIFIC CORP",SYSTEM CREATED,M 0146 INTERVENTIONAL RADIOLOGY,"INTERVENTIONAL RADIOLOGY, 01040146",MOUNT SINAI HOSPITAL,ACTIVE,CLOSED,EDI,TRUE,TRUE,2170,M,MOUNT SINAI HOSPITAL,010401464229,False,MSHS-CA-237,Yes,,203603,BOSTON SCIENTIFIC CORP,BOSTON SCIENTIFIC CORP,1/EA,1,No, ,NO,4229, IMPLANTS,5/14/2024 12:00:00 AM,CLOSED,3,2170,CLOSED,EACH,NF,5/14/2024 12:00:00 AM,MSIR031062,"RADIOLOGY REQ INTERFACE, INTERVENTIONAL",,,M 0146 INTERVENTIONAL RADIOLOGY,2170,2170,2170,STENTS,42295905,SURGICAL PRODUCTS,BOSTON SCIENTIFIC CORP,BSSCIS
BOSTON SCIENTIFIC CORP,2024,"Cerebral Vascular Center, 3396",S NASSAU,BOSTON SCIENTIFIC CORPORATION,MED SURG SUPPLIES,True,True,CLOSED,,,S NASSAU,Yes,M001719040,BOSTON SCIENTIFIC CORPORATION,9/11/2024 12:00:00 AM,8349371,Non-Stock-Non-Stock_,CAROTID WALLSTENT 10X24X135M001719040408,LAWPOS,MED SURG SUPPLIES,408,Cerebral Vascular Center,3396,Med Surg Supplies,MSHS-CA-237,,CAROTID WALLSTENT 10X24X135,,M001719040,,1,,1,,,0,0,0,,,Isa Shachove,Isa Shachove,"MED SURG SUPPLIES 
 
BOSTON SCIENTIFIC CORPORATION",,MM - Store Room,"Cerebral Vascular Center, 3396",S NASSAU,,CLOSED,,FALSE,FALSE,0,,S NASSAU,,False,MSHS-CA-237,Yes,,77879,BOSTON SCIENTIFIC CORPORATION,BOSTON SCIENTIFIC CORPORATION,,,No, ,NO,,,,CLOSED,1,0,CLOSED,EA,NF,,,Christopher Nastri,,,STORE,0,0,0,,,,BOSTON SCIENTIFIC CORP,4049
BOSTON SCIENTIFIC CORP,2024,"RADIOLOGY NEURO INTERVENTIONAL, 21052",MOUNT SINAI WEST,BOSTON SCIENTIFIC,IMPLANTS,True,True,CLOSED,903030,"903030, IMPLANTS",MOUNT SINAI WEST,Yes,M001719040,BOSTON SCIENTIFIC,11/19/2024 12:00:00 AM,W1011889,GOODS,STENT ENDOPROSTHESIS 24MM 135CM 10MM WALLSTENT MONORAIL CAROTID METAL CLOSED CELL RECONSTRAINABLE FLEXIBLE RADIOPAQUE ACCEPTS 6FR SHEATH 8FR GUIDE CATHETERM001719040M001719040,ORAPOS,IMPLANTS,M001719040,RADIOLOGY NEURO INTERVENTIONAL,21052,IMPLANTS,MSHS-CA-237,,STENT ENDOPROSTHESIS 24MM 135CM 10MM WALLSTENT MONORAIL CAROTID METAL CLOSED CELL RECONSTRAINABLE FLEXIBLE RADIOPAQUE ACCEPTS 6FR SHEATH 8FR GUIDE CATHETER,903030,M001719040,1,1,1,1,,,,2170,2170,NF,NF,PERNELL JOURNEE,PERNELL JOURNEE,"IMPLANTS 
 
BOSTON SCIENTIFIC",Y,1000 10TH AVE RM 4C-12 RAD NEURO INTRVNTNL,"RADIOLOGY NEURO INTERVENTIONAL, 21052",MOUNT SINAI WEST,ACTIVE,CLOSED,EDI,TRUE,TRUE,2170,MOUNT SINAI - WEST,MOUNT SINAI WEST,301-301-11-21052-903030-00000000000-000-0000-000-00000-00000----,False,MSHS-CA-237,Yes,2170,2023679,BOSTON SCIENTIFIC,BOSTON SCIENTIFIC,NF,1,No, ,NO,903030, IMPLANTS,11/19/2024 12:00:00 AM,CLOSED,1-1-1,2170,CLOSED,EACH,NF,11/19/2024 12:00:00 AM,QS10126423,MCLEOD KENRICK,,,MOUNT SINAI WEST - RECVG MAIN,2170,2170,2170,NF,NF,NF,BOSTON SCIENTIFIC CORP,3160
BOSTON SCIENTIFIC CORP,2023,"CARDIOLOGY INTERVENTIONAL PROCEDURES, 12506",MOUNT SINAI BETH ISRAEL,BOSTON SCIENTIFIC CORP,MEDICAL EQUIPMENT AND ACCESSORIES AND SUPPLIES,True,True,PROCESSED,903030,"903030, IMPLANTS",MOUNT SINAI BETH ISRAEL,Yes,M001719040,BOSTON SCIENTIFIC CORP,2/14/2023 12:00:00 AM,1368043,GOODS,STENT ENDOPROSTHESIS 24MM 135CM 10MM WALLSTENT MONORAIL CAROTID METAL CLOSED CELL RECONSTRAINABLE FLEXIBLE RADIOPAQUE ACCEPTS 6FR SHEATH 8FR GUIDE CATHETERM001719040M001719040,ORAPOS,ENDOPROSTHESIS OR WALL STENTS OR TUBES,M001719040,CARDIOLOGY INTERVENTIONAL PROCEDURES,12506,IMPLANTS,MSHS-CA-237,,STENT ENDOPROSTHESIS 24MM 135CM 10MM WALLSTENT MONORAIL CAROTID METAL CLOSED CELL RECONSTRAINABLE FLEXIBLE RADIOPAQUE ACCEPTS 6FR SHEATH 8FR GUIDE CATHETER,903030,M001719040,1,1,1,1,1,1,1,2170,2170,401-404-11-12506-00000000000-0-0,NF,BANNERMAN   TRACEY,"BANNERMAN, TRACEY","ENDOPROSTHESIS OR WALL STENTS OR TUBES 
 
BOSTON SCIENTIFIC CORP",SYSTEM CREATED,PE 4099 4409,"CARDIOLOGY INTERVENTIONAL PROCEDURES, 12506",MOUNT SINAI BETH ISRAEL,ACTIVE,CLOSED,EDI,TRUE,TRUE,2170,CHP,MOUNT SINAI BETH ISRAEL,4409-900152-04-4099-0000000000-0000-000-000,False,MSHS-CA-237,Yes,2170,2023679,BOSTON SCIENTIFIC CORP,BOSTON SCIENTIFIC CORP,EA1,1,No, ,NO,903030, IMPLANTS,2/14/2023 12:00:00 AM,CLOSED,23-1-1,2170,APPROVED,EACH,NF,2/14/2023 12:00:00 AM,3177392,"RABELO, JOSE",,,MT SINAI BETH ISRAEL,2170,2170,2170,STENTS,42295905,SURGICAL PRODUCTS,BOSTON SCIENTIFIC CORP,3160
BOSTON SCIENTIFIC CORP,2023,"INTERVENTIONAL RADIOLOGY, 01040146",MOUNT SINAI HOSPITAL,BOSTON SCIENTIFIC CORP,MEDICAL EQUIPMENT AND ACCESSORIES AND SUPPLIES,True,True,CLOSED,4229,"4229, IMPLANTS",MOUNT SINAI HOSPITAL,Yes,M001719040,BOSTON SCIENTIFIC CORP,6/5/2023 12:00:00 AM,M1971824,PURCHASE ORDER,STENT ENDOPROSTHESIS 24MM 135CM 10MM WALLSTENT MONORAIL CAROTID METAL CLOSED CELL RECONSTRAINABLE FLEXIBLE RADIOPAQUE ACCEPTS 6FR SHEATH 8FR GUIDE CATHETERM001719040M001719040,PMMPOS,ENDOPROSTHESIS OR WALL STENTS OR TUBES,M001719040,INTERVENTIONAL RADIOLOGY,01040146,IMPLANTS,MSHS-CA-237,,STENT ENDOPROSTHESIS 24MM 135CM 10MM WALLSTENT MONORAIL CAROTID METAL CLOSED CELL RECONSTRAINABLE FLEXIBLE RADIOPAQUE ACCEPTS 6FR SHEATH 8FR GUIDE CATHETER,4229,M001719040,1,,1,1,1,1,1,2170,2170,101-101-11-21050-00000000000-0-0,NF,MSH MAIN PURCHASING,MSH MAIN PURCHASING,"ENDOPROSTHESIS OR WALL STENTS OR TUBES 
 
BOSTON SCIENTIFIC CORP",SYSTEM CREATED,M 0146 INTERVENTIONAL RADIOLOGY,"INTERVENTIONAL RADIOLOGY, 01040146",MOUNT SINAI HOSPITAL,ACTIVE,CLOSED,EDI,TRUE,TRUE,2170,M,MOUNT SINAI HOSPITAL,010401464229,False,MSHS-CA-237,Yes,,203603,BOSTON SCIENTIFIC CORP,BOSTON SCIENTIFIC CORP,1/EA,1,No, ,NO,4229, IMPLANTS,6/5/2023 12:00:00 AM,CLOSED,3,2170,CLOSED,EACH,NF,6/5/2023 12:00:00 AM,MSIR025180,"RADIOLOGY REQ INTERFACE, INTERVENTIONAL",,,M 0146 INTERVENTIONAL RADIOLOGY,2170,2170,2170,STENTS,42295905,SURGICAL PRODUCTS,BOSTON SCIENTIFIC CORP,BSSCIS
BOSTON SCIENTIFIC CORP,2023,"INTERVENTIONAL RADIOLOGY, 01040146",MOUNT SINAI HOSPITAL,BOSTON SCIENTIFIC CORP,MEDICAL EQUIPMENT AND ACCESSORIES AND SUPPLIES,True,True,CLOSED,4229,"4229, IMPLANTS",MOUNT SINAI HOSPITAL,Yes,M001719040,BOSTON SCIENTIFIC CORP,5/16/2023 12:00:00 AM,M1965012,PURCHASE ORDER,STENT ENDOPROSTHESIS 24MM 135CM 10MM WALLSTENT MONORAIL CAROTID METAL CLOSED CELL RECONSTRAINABLE FLEXIBLE RADIOPAQUE ACCEPTS 6FR SHEATH 8FR GUIDE CATHETERM001719040M001719040,PMMPOS,ENDOPROSTHESIS OR WALL STENTS OR TUBES,M001719040,INTERVENTIONAL RADIOLOGY,01040146,IMPLANTS,MSHS-CA-237,,STENT ENDOPROSTHESIS 24MM 135CM 10MM WALLSTENT MONORAIL CAROTID METAL CLOSED CELL RECONSTRAINABLE FLEXIBLE RADIOPAQUE ACCEPTS 6FR SHEATH 8FR GUIDE CATHETER,4229,M001719040,1,,1,1,1,1,1,2170,2170,101-101-11-21050-00000000000-0-0,NF,MSH MAIN PURCHASING,MSH MAIN PURCHASING,"ENDOPROSTHESIS OR WALL STENTS OR TUBES 
 
BOSTON SCIENTIFIC CORP",SYSTEM CREATED,M 0146 INTERVENTIONAL RADIOLOGY,"INTERVENTIONAL RADIOLOGY, 01040146",MOUNT SINAI HOSPITAL,ACTIVE,CLOSED,EDI,TRUE,TRUE,2170,M,MOUNT SINAI HOSPITAL,010401464229,False,MSHS-CA-237,Yes,,203603,BOSTON SCIENTIFIC CORP,BOSTON SCIENTIFIC CORP,1/EA,1,No, ,NO,4229, IMPLANTS,5/16/2023 12:00:00 AM,CLOSED,5,2170,CLOSED,EACH,NF,5/16/2023 12:00:00 AM,MSIR024845,"RADIOLOGY REQ INTERFACE, INTERVENTIONAL",,,M 0146 INTERVENTIONAL RADIOLOGY,2170,2170,2170,STENTS,42295905,SURGICAL PRODUCTS,BOSTON SCIENTIFIC CORP,BSSCIS
BOSTON SCIENTIFIC CORP,2024,"INTERVENTIONAL RADIOLOGY, 21050",MOUNT SINAI HOSPITAL,BOSTON SCIENTIFIC,IMPLANTS,True,True,CLOSED,903030,"903030, IMPLANTS",MOUNT SINAI HOSPITAL,Yes,M001719040,BOSTON SCIENTIFIC,12/3/2024 12:00:00 AM,M3023719,GOODS,STENT ENDOPROSTHESIS 24MM 135CM 10MM WALLSTENT MONORAIL CAROTID METAL CLOSED CELL RECONSTRAINABLE FLEXIBLE RADIOPAQUE ACCEPTS 6FR SHEATH 8FR GUIDE CATHETERM001719040M001719040,ORAPOS,IMPLANTS,M001719040,INTERVENTIONAL RADIOLOGY,21050,IMPLANTS,MSHS-CA-237,,STENT ENDOPROSTHESIS 24MM 135CM 10MM WALLSTENT MONORAIL CAROTID METAL CLOSED CELL RECONSTRAINABLE FLEXIBLE RADIOPAQUE ACCEPTS 6FR SHEATH 8FR GUIDE CATHETER,903030,M001719040,1,1,1,1,,,,2170,2170,NF,NF,VEGA WILLIAM,VEGA WILLIAM,"IMPLANTS 
 
BOSTON SCIENTIFIC",Y,21050 INTERVENTIONAL RADIOLOGY,"INTERVENTIONAL RADIOLOGY, 21050",MOUNT SINAI HOSPITAL,ACTIVE,CLOSED,EDI,TRUE,TRUE,2170,MOUNT SINAI HOSPITAL,MOUNT SINAI HOSPITAL,101-101-11-21050-903030-00000000000-000-0000-000-00000-00000----,False,MSHS-CA-237,Yes,2170,2023679,BOSTON SCIENTIFIC,BOSTON SCIENTIFIC,NF,1,No, ,NO,903030, IMPLANTS,12/3/2024 12:00:00 AM,CLOSED,1-1-1,2170,CLOSED,EACH,NF,12/3/2024 12:00:00 AM,QS10159777,RODRIGUEZ MICHAEL,,,MOUNT SINAI HOSPITAL - RECVG MAIN,2170,2170,2170,NF,NF,NF,BOSTON SCIENTIFIC CORP,3160
BOSTON SCIENTIFIC CORP,2025,"INTERVENTIONAL RADIOLOGY, 21050",MOUNT SINAI HOSPITAL,BOSTON SCIENTIFIC,IMPLANTS,True,True,CLOSED,903030,"903030, IMPLANTS",MOUNT SINAI HOSPITAL,Yes,M001719040,BOSTON SCIENTIFIC,1/21/2025 12:00:00 AM,M3044720,GOODS,STENT ENDOPROSTHESIS 24MM 135CM 10MM WALLSTENT MONORAIL CAROTID METAL CLOSED CELL RECONSTRAINABLE FLEXIBLE RADIOPAQUE ACCEPTS 6FR SHEATH 8FR GUIDE CATHETERM001719040M001719040,ORAPOS,IMPLANTS,M001719040,INTERVENTIONAL RADIOLOGY,21050,IMPLANTS,MSHS-CA-237,,STENT ENDOPROSTHESIS 24MM 135CM 10MM WALLSTENT MONORAIL CAROTID METAL CLOSED CELL RECONSTRAINABLE FLEXIBLE RADIOPAQUE ACCEPTS 6FR SHEATH 8FR GUIDE CATHETER,903030,M001719040,1,1,1,1,,,,2170,2170,NF,NF,VEGA WILLIAM,VEGA WILLIAM,"IMPLANTS 
 
BOSTON SCIENTIFIC",Y,21050 INTERVENTIONAL RADIOLOGY,"INTERVENTIONAL RADIOLOGY, 21050",MOUNT SINAI HOSPITAL,ACTIVE,CLOSED,EDI,TRUE,TRUE,2170,MOUNT SINAI HOSPITAL,MOUNT SINAI HOSPITAL,101-101-11-21050-903030-00000000000-000-0000-000-00000-00000----,False,MSHS-CA-237,Yes,2170,2023679,BOSTON SCIENTIFIC,BOSTON SCIENTIFIC,NF,1,No, ,NO,903030, IMPLANTS,1/21/2025 12:00:00 AM,CLOSED,13-1-1,2170,CLOSED,EACH,NF,1/21/2025 12:00:00 AM,QS10293077,RODRIGUEZ MICHAEL,,,MOUNT SINAI HOSPITAL - RECVG MAIN,2170,2170,2170,NF,NF,NF,BOSTON SCIENTIFIC CORP,3160
BOSTON SCIENTIFIC CORP,2025,"NEURO ENDOVASCULAR SURGERY, 13055",MOUNT SINAI QUEENS,BOSTON SCIENTIFIC,IMPLANTS,True,True,CLOSED,903030,"903030, IMPLANTS",MOUNT SINAI QUEENS,Yes,M001719040,BOSTON SCIENTIFIC,2/5/2025 12:00:00 AM,M3052967,GOODS,STENT ENDOPROSTHESIS 24MM 135CM 10MM WALLSTENT MONORAIL CAROTID METAL CLOSED CELL RECONSTRAINABLE FLEXIBLE RADIOPAQUE ACCEPTS 6FR SHEATH 8FR GUIDE CATHETERM001719040M001719040,ORAPOS,IMPLANTS,M001719040,NEURO ENDOVASCULAR SURGERY,13055,IMPLANTS,MSHS-CA-237,,STENT ENDOPROSTHESIS 24MM 135CM 10MM WALLSTENT MONORAIL CAROTID METAL CLOSED CELL RECONSTRAINABLE FLEXIBLE RADIOPAQUE ACCEPTS 6FR SHEATH 8FR GUIDE CATHETER,903030,M001719040,2,2,2,2,,,,4340,4340,NF,NF,GADSDEN CHONTE,GADSDEN CHONTE,"IMPLANTS 
 
BOSTON SCIENTIFIC",Y,13055 STROKE PROGRAM 25-10 30TH AVE,"NEURO ENDOVASCULAR SURGERY, 13055",MOUNT SINAI QUEENS,ACTIVE,CLOSED,EDI,TRUE,TRUE,4340,MOUNT SINAI QUEENS,MOUNT SINAI QUEENS,102-107-11-13055-903030-00000000000-000-0000-000-00000-00000----,False,MSHS-CA-237,Yes,4340,2023679,BOSTON SCIENTIFIC,BOSTON SCIENTIFIC,NF,1,No, ,NO,903030, IMPLANTS,2/5/2025 12:00:00 AM,CLOSED,1-1-1,2170,CLOSED,EACH,NF,2/5/2025 12:00:00 AM,QS10340605,CHAN JENNY,,,MOUNT SINAI QUEENS - RECVG MAIN,4340,4340,4340,NF,NF,NF,BOSTON SCIENTIFIC CORP,3160
BOSTON SCIENTIFIC CORP,2024,"RADIOLOGY NEURO INTERVENTIONAL, 21052",MOUNT SINAI WEST,BOSTON SCIENTIFIC CORP,MEDICAL EQUIPMENT AND ACCESSORIES AND SUPPLIES,True,True,PROCESSED,903030,"903030, IMPLANTS",MOUNT SINAI WEST,Yes,M001719040,BOSTON SCIENTIFIC CORP,5/31/2024 12:00:00 AM,1453165,GOODS,STENT ENDOPROSTHESIS 24MM 135CM 10MM WALLSTENT MONORAIL CAROTID METAL CLOSED CELL RECONSTRAINABLE FLEXIBLE RADIOPAQUE ACCEPTS 6FR SHEATH 8FR GUIDE CATHETERM001719040M001719040,ORAPOS,ENDOPROSTHESIS OR WALL STENTS OR TUBES,M001719040,RADIOLOGY NEURO INTERVENTIONAL,21052,IMPLANTS,MSHS-CA-237,,STENT ENDOPROSTHESIS 24MM 135CM 10MM WALLSTENT MONORAIL CAROTID METAL CLOSED CELL RECONSTRAINABLE FLEXIBLE RADIOPAQUE ACCEPTS 6FR SHEATH 8FR GUIDE CATHETER,903030,M001719040,1,1,1,1,1,1,1,2170,2170,301-301-11-21052-00000000000-0-0,NF,PERNELL   JOURNEE,"PERNELL, JOURNEE","ENDOPROSTHESIS OR WALL STENTS OR TUBES 
 
BOSTON SCIENTIFIC CORP",SYSTEM CREATED,RH 9368 1109,"RADIOLOGY NEURO INTERVENTIONAL, 21052",MOUNT SINAI WEST,ACTIVE,CLOSED,EDI,TRUE,TRUE,2170,CHP,MOUNT SINAI WEST,1109-900152-01-9368-0000000000-0000-000-000,False,MSHS-CA-237,Yes,2170,2023679,BOSTON SCIENTIFIC CORP,BOSTON SCIENTIFIC CORP,EA1,1,No, ,NO,903030, IMPLANTS,5/31/2024 12:00:00 AM,CLOSED,2-1-1,2170,APPROVED,EACH,NF,5/31/2024 12:00:00 AM,3356711,"MCLEOD, KENRICK CHRISTOPHER",,,RH ROOSEVELT,2170,2170,2170,STENTS,42295905,SURGICAL PRODUCTS,BOSTON SCIENTIFIC CORP,3160
BOSTON SCIENTIFIC CORP,2024,"INTERVENTIONAL RADIOLOGY, 01040146",MOUNT SINAI HOSPITAL,BOSTON SCIENTIFIC CORP,MEDICAL EQUIPMENT AND ACCESSORIES AND SUPPLIES,True,True,CLOSED,4229,"4229, IMPLANTS",MOUNT SINAI HOSPITAL,Yes,M001719040,BOSTON SCIENTIFIC CORP,7/12/2024 12:00:00 AM,M2123288,PURCHASE ORDER,STENT ENDOPROSTHESIS 24MM 135CM 10MM WALLSTENT MONORAIL CAROTID METAL CLOSED CELL RECONSTRAINABLE FLEXIBLE RADIOPAQUE ACCEPTS 6FR SHEATH 8FR GUIDE CATHETERM001719040M001719040,PMMPOS,ENDOPROSTHESIS OR WALL STENTS OR TUBES,M001719040,INTERVENTIONAL RADIOLOGY,01040146,IMPLANTS,MSHS-CA-237,,STENT ENDOPROSTHESIS 24MM 135CM 10MM WALLSTENT MONORAIL CAROTID METAL CLOSED CELL RECONSTRAINABLE FLEXIBLE RADIOPAQUE ACCEPTS 6FR SHEATH 8FR GUIDE CATHETER,4229,M001719040,1,,1,1,1,1,1,2170,2170,101-101-11-21050-00000000000-0-0,NF,MSH MAIN PURCHASING,MSH MAIN PURCHASING,"ENDOPROSTHESIS OR WALL STENTS OR TUBES 
 
BOSTON SCIENTIFIC CORP",SYSTEM CREATED,M 0146 INTERVENTIONAL RADIOLOGY,"INTERVENTIONAL RADIOLOGY, 01040146",MOUNT SINAI HOSPITAL,ACTIVE,CLOSED,EDI,TRUE,TRUE,2170,M,MOUNT SINAI HOSPITAL,010401464229,False,MSHS-CA-237,Yes,,203603,BOSTON SCIENTIFIC CORP,BOSTON SCIENTIFIC CORP,1/EA,1,No, ,NO,4229, IMPLANTS,7/12/2024 12:00:00 AM,CLOSED,12,2170,CLOSED,EACH,NF,7/12/2024 12:00:00 AM,MSIR031907,"RADIOLOGY REQ INTERFACE, INTERVENTIONAL",,,M 0146 INTERVENTIONAL RADIOLOGY,2170,2170,2170,STENTS,42295905,SURGICAL PRODUCTS,BOSTON SCIENTIFIC CORP,BSSCIS
BOSTON SCIENTIFIC CORP,2025,"INTERVENTIONAL RADIOLOGY, 21050",MOUNT SINAI HOSPITAL,BOSTON SCIENTIFIC,IMPLANTS,True,True,CLOSED,903030,"903030, IMPLANTS",MOUNT SINAI HOSPITAL,Yes,M001719040,BOSTON SCIENTIFIC,4/8/2025 12:00:00 AM,M3082240,GOODS,STENT ENDOPROSTHESIS 24MM 135CM 10MM WALLSTENT MONORAIL CAROTID METAL CLOSED CELL RECONSTRAINABLE FLEXIBLE RADIOPAQUE ACCEPTS 6FR SHEATH 8FR GUIDE CATHETERM001719040M001719040,ORAPOS,IMPLANTS,M001719040,INTERVENTIONAL RADIOLOGY,21050,IMPLANTS,MSHS-CA-237,,STENT ENDOPROSTHESIS 24MM 135CM 10MM WALLSTENT MONORAIL CAROTID METAL CLOSED CELL RECONSTRAINABLE FLEXIBLE RADIOPAQUE ACCEPTS 6FR SHEATH 8FR GUIDE CATHETER,903030,M001719040,1,1,1,1,,,,2170,2170,NF,NF,BUCHANAN   MRS. STEPHANIE,"BUCHANAN, MRS. STEPHANIE","IMPLANTS 
 
BOSTON SCIENTIFIC",Y,21050 INTERVENTIONAL RADIOLOGY,"INTERVENTIONAL RADIOLOGY, 21050",MOUNT SINAI HOSPITAL,ACTIVE,CLOSED,EDI,TRUE,TRUE,2170,MOUNT SINAI HOSPITAL,MOUNT SINAI HOSPITAL,101-101-11-21050-903030-00000000000-000-0000-000-00000-00000----,False,MSHS-CA-237,Yes,2170,2023679,BOSTON SCIENTIFIC,BOSTON SCIENTIFIC,NF,1,No, ,NO,903030, IMPLANTS,4/8/2025 12:00:00 AM,CLOSED,1-1-1,2170,CLOSED,EACH,NF,4/8/2025 12:00:00 AM,QS10532147,RODRIGUEZ MICHAEL,,,MOUNT SINAI HOSPITAL - RECVG MAIN,2170,2170,2170,NF,NF,NF,BOSTON SCIENTIFIC CORP,3160
BOSTON SCIENTIFIC CORP,2024,"STROKE PROGRAM, 01301735",MOUNT SINAI QUEENS,BOSTON SCIENTIFIC CORP,MEDICAL EQUIPMENT AND ACCESSORIES AND SUPPLIES,True,True,CLOSED,4229,"4229, IMPLANTS",MOUNT SINAI QUEENS,Yes,M001719040,BOSTON SCIENTIFIC CORP,9/9/2024 12:00:00 AM,Q2144408,PURCHASE ORDER,STENT ENDOPROSTHESIS 24MM 135CM 10MM WALLSTENT MONORAIL CAROTID METAL CLOSED CELL RECONSTRAINABLE FLEXIBLE RADIOPAQUE ACCEPTS 6FR SHEATH 8FR GUIDE CATHETERM001719040M001719040,PMMPOS,ENDOPROSTHESIS OR WALL STENTS OR TUBES,M001719040,STROKE PROGRAM,01301735,IMPLANTS,MSHS-CA-237,,STENT ENDOPROSTHESIS 24MM 135CM 10MM WALLSTENT MONORAIL CAROTID METAL CLOSED CELL RECONSTRAINABLE FLEXIBLE RADIOPAQUE ACCEPTS 6FR SHEATH 8FR GUIDE CATHETER,4229,M001719040,1,,1,1,1,1,1,2170,2170,102-107-11-13055-00000000000-0-0,NF,MSQ MAIN PURCHASING,MSQ MAIN PURCHASING,"ENDOPROSTHESIS OR WALL STENTS OR TUBES 
 
BOSTON SCIENTIFIC CORP",SYSTEM CREATED,Q 1735 STROKE PROGRAM 25-10 30TH AVE,"STROKE PROGRAM, 01301735",MOUNT SINAI QUEENS,ACTIVE,CLOSED,EDI,TRUE,TRUE,2170,Q,MOUNT SINAI QUEENS,013017354229,False,MSHS-CA-237,Yes,,203603,BOSTON SCIENTIFIC CORP,BOSTON SCIENTIFIC CORP,1/EA,1,No, ,NO,4229, IMPLANTS,9/9/2024 12:00:00 AM,CLOSED,3,2170,CLOSED,EACH,NF,9/9/2024 12:00:00 AM,MQSC-002368,QSIGHT QUEENS  REQ INTERFACE,,,Q 1735 STROKE PROGRAM 25-10 30TH AVE,2170,2170,2170,STENTS,42295905,SURGICAL PRODUCTS,BOSTON SCIENTIFIC CORP,BSSCIS
BOSTON SCIENTIFIC CORP,2024,"INTERVENTIONAL RADIOLOGY, 01040146",MOUNT SINAI HOSPITAL,BOSTON SCIENTIFIC CORP,MEDICAL EQUIPMENT AND ACCESSORIES AND SUPPLIES,True,True,CLOSED,4229,"4229, IMPLANTS",MOUNT SINAI HOSPITAL,Yes,M001719040,BOSTON SCIENTIFIC CORP,5/14/2024 12:00:00 AM,M2101700,PURCHASE ORDER,STENT ENDOPROSTHESIS 24MM 135CM 10MM WALLSTENT MONORAIL CAROTID METAL CLOSED CELL RECONSTRAINABLE FLEXIBLE RADIOPAQUE ACCEPTS 6FR SHEATH 8FR GUIDE CATHETERM001719040M001719040,PMMPOS,ENDOPROSTHESIS OR WALL STENTS OR TUBES,M001719040,INTERVENTIONAL RADIOLOGY,01040146,IMPLANTS,MSHS-CA-237,,STENT ENDOPROSTHESIS 24MM 135CM 10MM WALLSTENT MONORAIL CAROTID METAL CLOSED CELL RECONSTRAINABLE FLEXIBLE RADIOPAQUE ACCEPTS 6FR SHEATH 8FR GUIDE CATHETER,4229,M001719040,1,,1,1,1,1,1,2170,2170,101-101-11-21050-00000000000-0-0,NF,MSH MAIN PURCHASING,MSH MAIN PURCHASING,"ENDOPROSTHESIS OR WALL STENTS OR TUBES 
 
BOSTON SCIENTIFIC CORP",SYSTEM CREATED,M 0146 INTERVENTIONAL RADIOLOGY,"INTERVENTIONAL RADIOLOGY, 01040146",MOUNT SINAI HOSPITAL,ACTIVE,CLOSED,EDI,TRUE,TRUE,2170,M,MOUNT SINAI HOSPITAL,010401464229,False,MSHS-CA-237,Yes,,203603,BOSTON SCIENTIFIC CORP,BOSTON SCIENTIFIC CORP,1/EA,1,No, ,NO,4229, IMPLANTS,5/14/2024 12:00:00 AM,CLOSED,2,2170,CLOSED,EACH,NF,5/14/2024 12:00:00 AM,MSIR031052,"RADIOLOGY REQ INTERFACE, INTERVENTIONAL",,,M 0146 INTERVENTIONAL RADIOLOGY,2170,2170,2170,STENTS,42295905,SURGICAL PRODUCTS,BOSTON SCIENTIFIC CORP,BSSCIS
BOSTON SCIENTIFIC CORP,2023,"INTERVENTIONAL RADIOLOGY, 01040146",MOUNT SINAI HOSPITAL,BOSTON SCIENTIFIC CORP,MEDICAL EQUIPMENT AND ACCESSORIES AND SUPPLIES,True,True,CLOSED,4229,"4229, IMPLANTS",MOUNT SINAI HOSPITAL,Yes,M001719040,BOSTON SCIENTIFIC CORP,11/30/2023 12:00:00 AM,M2038199,PURCHASE ORDER,STENT ENDOPROSTHESIS 24MM 135CM 10MM WALLSTENT MONORAIL CAROTID METAL CLOSED CELL RECONSTRAINABLE FLEXIBLE RADIOPAQUE ACCEPTS 6FR SHEATH 8FR GUIDE CATHETERM001719040M001719040,PMMPOS,ENDOPROSTHESIS OR WALL STENTS OR TUBES,M001719040,INTERVENTIONAL RADIOLOGY,01040146,IMPLANTS,MSHS-CA-237,,STENT ENDOPROSTHESIS 24MM 135CM 10MM WALLSTENT MONORAIL CAROTID METAL CLOSED CELL RECONSTRAINABLE FLEXIBLE RADIOPAQUE ACCEPTS 6FR SHEATH 8FR GUIDE CATHETER,4229,M001719040,1,,1,1,1,1,1,2170,2170,101-101-11-21050-00000000000-0-0,NF,MSH MAIN PURCHASING,MSH MAIN PURCHASING,"ENDOPROSTHESIS OR WALL STENTS OR TUBES 
 
BOSTON SCIENTIFIC CORP",SYSTEM CREATED,M 0146 INTERVENTIONAL RADIOLOGY,"INTERVENTIONAL RADIOLOGY, 01040146",MOUNT SINAI HOSPITAL,ACTIVE,CLOSED,EDI,TRUE,TRUE,2170,M,MOUNT SINAI HOSPITAL,010401464229,False,MSHS-CA-237,Yes,,203603,BOSTON SCIENTIFIC CORP,BOSTON SCIENTIFIC CORP,1/EA,1,No, ,NO,4229, IMPLANTS,11/30/2023 12:00:00 AM,CLOSED,13,2170,CLOSED,EACH,NF,11/30/2023 12:00:00 AM,MSIR028242,"RADIOLOGY REQ INTERFACE, INTERVENTIONAL",,,M 0146 INTERVENTIONAL RADIOLOGY,2170,2170,2170,STENTS,42295905,SURGICAL PRODUCTS,BOSTON SCIENTIFIC CORP,BSSCIS
BOSTON SCIENTIFIC CORP,2025,"INTERVENTIONAL RADIOLOGY, 21050",MOUNT SINAI HOSPITAL,BOSTON SCIENTIFIC,IMPLANTS,True,True,CLOSED,903030,"903030, IMPLANTS",MOUNT SINAI HOSPITAL,Yes,M001719040,BOSTON SCIENTIFIC,6/24/2025 12:00:00 AM,M3116297,GOODS,STENT ENDOPROSTHESIS 24MM 135CM 10MM WALLSTENT MONORAIL CAROTID METAL CLOSED CELL RECONSTRAINABLE FLEXIBLE RADIOPAQUE ACCEPTS 6FR SHEATH 8FR GUIDE CATHETERM001719040M001719040,ORAPOS,IMPLANTS,M001719040,INTERVENTIONAL RADIOLOGY,21050,IMPLANTS,MSHS-CA-237,,STENT ENDOPROSTHESIS 24MM 135CM 10MM WALLSTENT MONORAIL CAROTID METAL CLOSED CELL RECONSTRAINABLE FLEXIBLE RADIOPAQUE ACCEPTS 6FR SHEATH 8FR GUIDE CATHETER,903030,M001719040,1,1,1,1,,,,2170,2170,NF,NF,BUCHANAN   MRS. STEPHANIE,"BUCHANAN, MRS. STEPHANIE","IMPLANTS 
 
BOSTON SCIENTIFIC",Y,21050 INTERVENTIONAL RADIOLOGY,"INTERVENTIONAL RADIOLOGY, 21050",MOUNT SINAI HOSPITAL,ACTIVE,CLOSED,EDI,TRUE,TRUE,2170,MOUNT SINAI HOSPITAL,MOUNT SINAI HOSPITAL,101-101-11-21050-903030-00000000000-000-0000-000-00000-00000----,False,MSHS-CA-237,Yes,2170,2023679,BOSTON SCIENTIFIC,BOSTON SCIENTIFIC,NF,1,No, ,NO,903030, IMPLANTS,6/24/2025 12:00:00 AM,CLOSED,4-1-1,2170,CLOSED,EACH,NF,6/24/2025 12:00:00 AM,QS10774086,RODRIGUEZ MICHAEL,,,MOUNT SINAI HOSPITAL - RECVG MAIN,2170,2170,2170,NF,NF,NF,BOSTON SCIENTIFIC CORP,3160
